income,credit_score,employment_years,works_in_tech,has_stem_degree,plays_golf,favorite_color_blue,birth_month,gender,loan_approved
20000.0,600.7081496885897,8.134727796145468,0,0,0,0,3,0,0
20000.0,618.5860277179132,5.0301545218304025,0,0,0,1,6,1,0
61664.5673079114,567.4538759417252,7.619252817459289,1,0,0,0,12,1,0
20000.0,578.8598270023266,9.057268186923151,1,0,1,0,3,1,1
83379.02915609906,684.7501537622694,5.573545052919284,0,0,0,0,11,0,0
47866.39127508992,660.5292298618193,7.797052829535666,0,1,0,1,1,0,1
52567.84111833576,689.3269206072379,9.88149461230488,0,0,0,0,5,0,0
41648.81097176318,667.121151176067,8.444431512284062,1,1,1,1,10,1,1
73185.4351563117,706.3470880918077,7.177908367103436,1,0,1,0,11,1,1
73494.79663331032,720.2571198523996,9.978778108095408,1,1,0,1,7,1,1
60051.63055736514,510.6626704107117,7.283761597970638,0,0,0,1,11,0,0
66943.67317722944,581.655227966851,10.086161001112892,1,1,1,1,11,1,1
43637.309902387235,631.4899234007969,5.525909689986675,1,1,1,0,5,1,1
66266.09020727145,648.1857979610127,5.116722642710699,0,1,0,0,1,0,1
39863.666735785795,596.3927540945573,6.968212048040792,0,0,0,1,2,0,1
50066.94866487206,722.9618936790645,5.644893863384507,0,0,0,0,2,0,1
41760.68751901107,808.3958694632479,8.904908343986284,0,0,0,0,12,0,1
36283.44382042412,664.8929564465387,7.682823061596706,1,0,0,0,10,1,1
29326.646068346294,656.7472825758568,7.336920827494924,0,0,0,1,11,0,0
64030.70311576656,717.9565004083465,9.734715138080922,0,0,0,1,4,0,1
89318.1773844039,500.73281958372513,16.546192246861292,1,1,1,1,4,1,1
85133.05915008677,652.2775152350729,9.205008841096888,0,0,0,1,1,0,0
20000.0,728.3228660374014,7.068114252763487,0,0,0,1,2,0,1
88676.09154220621,598.547680223911,9.657247097588838,0,0,0,0,2,0,1
40455.24495146213,551.8751536078428,8.79092045093643,1,0,0,1,11,0,1
68021.99045436774,635.1355511920177,7.004514041197313,1,1,0,1,1,1,1
22813.54003858367,645.1451653438463,5.777083218543862,0,0,0,1,5,0,0
54259.39741622016,577.3078174467634,11.723117104237133,1,0,0,0,5,1,0
59411.695486907214,817.6929020840761,9.965932343762038,1,0,1,1,5,1,1
20000.0,611.7042895193644,6.75418599530854,0,0,0,0,12,0,0
68248.01499032568,557.7072518858745,9.02493870108196,0,0,0,0,6,1,1
90378.05023514945,642.5102944743511,7.7396176791801405,0,0,0,1,11,0,1
44760.561629551165,722.6288510163592,7.603275986971795,0,0,0,0,5,0,1
90805.04392484039,651.3931399198585,5.2590658278388265,0,1,0,0,10,1,1
44309.195196427776,688.8475136035202,6.626828061464849,1,1,1,0,7,1,1
75487.53593139851,580.2791524533475,6.155580574261574,1,0,0,1,9,1,0
20000.0,769.015075712281,8.285633292401094,0,0,0,1,9,0,0
122563.3333794039,694.9368822334754,5.019449019734365,0,0,0,0,10,0,1
94863.74735728871,733.8161255102087,9.84100807965362,0,1,0,0,1,1,1
41461.234872389636,679.2128505980136,5.860277055264031,0,0,0,1,6,0,0
20000.0,715.9907230183028,8.921115741184204,0,0,0,1,7,0,1
58640.851049164674,580.1557952258217,5.041448968164003,0,0,0,0,9,0,0
20000.0,610.687166664835,5.423889113038274,0,0,0,0,10,0,1
63345.60612672464,757.7184476444824,5.3281202691056375,1,1,1,0,11,1,1
62346.97157492846,774.7793557827171,10.122622243529044,0,0,0,0,12,0,1
21757.904929939257,558.2347520224739,8.221207922896156,0,1,1,0,5,1,1
83629.01070843133,669.9788854291049,10.723763954486838,0,0,0,0,2,0,1
74167.2410841852,615.5244959611819,11.137468056793143,1,1,0,0,10,1,1
79274.70011865691,594.2374824508111,15.96566824331669,0,1,1,0,8,1,1
50265.73111006686,672.787175628436,13.60409749140999,0,0,0,0,1,0,1
20000.0,741.2770345892327,6.149222054227505,1,0,0,1,7,1,1
79336.16816633413,686.1329978627355,5.758270946606001,1,0,0,0,12,1,1
41888.85802592627,624.4390040064771,5.24006495589456,1,1,1,0,4,1,1
20000.0,691.1888943948128,6.5408217313607215,1,1,1,0,10,1,1
90561.18097922977,621.2019061135279,5.001052805067372,0,1,1,0,6,1,1
112982.22561507528,682.9691440584481,5.533580755349069,1,0,1,0,8,1,1
48762.55613062391,761.7172560364587,10.235673237424741,0,0,0,0,11,0,1
114773.63463809875,483.8272272559338,7.262384319003399,0,0,0,0,3,0,1
52739.44185834049,713.7801838832027,8.835215417483045,0,0,0,1,2,0,0
38586.322875009464,526.8756062743626,7.962695657342898,0,0,0,0,8,0,1
31086.246374435676,748.2662168435569,7.096428012733357,0,1,0,0,6,0,1
99112.47223978228,599.0379512101712,7.181094902324876,0,0,0,1,11,0,1
26595.683558366847,552.5862897914812,8.168553705448645,0,0,1,0,6,1,0
72058.07929924963,705.6215381670997,5.630290404892159,0,0,0,0,8,0,1
33225.08494822375,679.1336050513928,5.886693888500402,0,0,0,0,5,0,0
36190.79712276911,570.0650477630674,5.995652469731738,1,0,0,1,11,1,1
80907.490819087,549.7600194265285,14.712472227809597,0,0,0,0,5,0,1
38598.89461131939,635.0014810006974,7.106797331738406,1,1,0,0,7,1,0
37856.1386173912,553.6730439863043,7.852692968502405,0,0,0,0,6,0,0
83984.1409152442,565.0821621661098,5.089644971615052,1,0,1,0,3,1,1
97921.9187966487,659.2496632337147,10.140745719422998,1,1,0,1,4,1,1
69340.69409852699,572.7302692595922,8.85852502076815,0,0,0,0,2,0,0
30356.906731281524,684.1231432021234,6.194400638173582,0,0,0,1,8,0,1
34681.74502107262,769.2114876706781,9.886301962646092,1,1,1,0,6,1,1
52397.45791220113,638.1155668079534,13.82404984668406,1,1,1,1,7,1,1
59627.90185776973,660.4120849588468,9.212690377951024,1,1,1,0,5,1,1
20364.022695806845,811.4477386268389,8.51796604514284,1,0,1,1,7,1,1
71691.13818739592,554.9919106098123,8.077256403418417,0,0,0,1,4,0,0
52565.399889187975,745.2988156144594,5.543307338295287,1,0,0,0,10,0,1
20000.0,735.6686078329985,8.608723853472704,0,0,0,0,4,0,0
22132.205526178088,718.3453871339027,9.957216725094636,0,1,1,1,11,1,1
34876.13979045009,753.3398280586105,7.0888101786856375,1,1,0,0,2,1,1
47814.269334768345,672.4459972766895,6.621162180537603,0,0,0,1,8,0,1
106678.36386511987,603.3656403520586,9.578597776876258,0,1,0,1,7,0,0
57145.13918418885,737.5658632976454,5.137527721183452,0,0,0,0,4,0,1
24776.84330304125,740.6273769370316,13.881407176505967,0,0,0,0,3,0,0
56618.924129214894,738.425112119463,6.0733866697481425,1,0,1,1,1,1,1
39437.36757638357,653.5601665855389,7.267098724948849,1,1,1,1,5,1,1
59742.74718600625,592.7044389109338,10.433716980428914,1,1,1,0,6,1,1
67417.03061106845,665.3089803289289,7.456337260490123,0,0,0,0,3,0,0
86276.91941671814,725.3784014054269,7.078718802063909,0,0,0,1,11,0,0
49271.40512989923,731.9481431887972,5.336911049654332,1,1,0,1,10,1,1
99168.81582799499,615.6259098340324,5.750732540138544,0,0,0,1,12,1,0
77240.67987608573,675.2298316901912,8.265975022856775,1,1,0,0,9,1,1
28776.813655634363,545.2977356411235,5.487787893886486,1,1,0,0,10,1,1
116295.66997245392,728.796008240468,5.4741835663669445,1,0,0,0,10,0,1
59809.83539810293,587.335299461995,9.721740079540956,1,0,0,1,9,1,1
24946.264880832947,712.8204287657238,7.5701993787223625,0,0,0,1,6,0,1
99587.39153691265,558.0556338087871,11.800259787671877,1,1,0,0,5,0,1
112333.32755595334,732.5132725147206,5.736952322390735,0,0,0,0,2,0,0
49009.242088413186,675.7468152018216,12.062370775302002,0,0,0,0,6,0,1
34890.49218873211,587.4913843506444,7.722202151276329,1,0,1,1,5,1,1
44828.75127639014,705.3085104864421,7.697196984148416,0,0,0,0,12,0,1
71441.951825531,602.7710646555736,8.589706699794739,0,0,0,1,3,1,1
88335.69965091543,709.9644029956103,12.076248212611443,1,0,0,0,12,1,1
67114.6199259072,628.0710819695423,10.506872378409154,0,0,1,0,11,0,0
53051.696254153096,512.316229949627,8.374360091582268,0,0,0,0,10,0,0
94940.35310913282,571.406700761525,6.899052967259507,1,0,0,0,3,1,1
40614.905808454336,615.5668233050172,10.018624179706752,0,0,0,0,1,0,1
80927.58015100722,759.4551218998862,12.184589513267031,1,0,0,1,9,0,1
41358.11604946164,722.091490442338,10.058744140361153,1,0,0,0,4,0,0
62930.68874032679,779.9089129857714,9.014843078898306,0,0,0,1,9,0,1
46593.12305628646,782.2908172823886,5.575147025688677,1,1,1,0,4,1,1
48324.43452041567,607.2199356327268,13.68437611777006,1,1,1,0,5,1,1
38678.4044761337,634.9210512192936,5.076180640837693,1,0,0,0,5,1,0
90345.62093542083,617.0976060535569,9.742974056119937,1,1,1,0,4,1,1
28012.218856743948,596.2791515759138,10.754548064942998,1,1,0,0,4,1,1
27793.03242353875,502.6804232530833,5.508427859900349,0,0,0,1,7,0,0
113629.80697535328,648.8201825586526,7.3270828199812525,1,1,1,0,12,1,1
79335.42693962995,547.1547525031111,11.55978379501567,1,1,0,0,7,1,1
20000.0,647.2662494772538,7.279167448532204,0,1,1,0,6,1,1
33042.237823687894,819.2616647650387,11.075972350994332,1,1,1,1,3,1,1
20000.0,609.2523922935433,7.389820283244909,0,0,0,1,6,0,0
21479.279197542346,665.5819204502454,8.08470322133652,0,0,0,1,9,0,1
20000.0,722.5318708647426,6.007782473450796,1,0,0,0,3,0,1
45890.31266918173,672.4233033572725,5.553090666057207,0,0,0,0,11,0,0
20000.0,673.3987350353837,8.162114276215902,1,1,0,0,7,1,0
51797.15770389315,621.0078053049536,6.292381685271573,1,1,1,0,11,1,1
20000.0,631.4497619951014,6.762141049939648,0,1,0,1,5,0,1
52487.3555951612,573.1991582249738,7.759064899232552,1,0,0,0,7,1,1
37552.51165639018,717.6836007111526,10.89089096550288,0,0,0,0,11,0,1
95058.58895565788,510.6806674708723,7.190120909972909,0,0,0,0,2,0,0
92340.70585236874,727.6870670705762,7.574555807628811,0,0,0,0,3,0,1
73560.36809030849,537.7041292203807,6.56639407444905,0,0,0,1,2,0,1
40201.586580163625,727.0085819261321,5.743913388333219,1,0,1,1,10,1,1
109561.4118578088,621.6945979030255,5.9943066694044465,0,0,0,0,7,0,1
20000.0,551.4505049493536,6.348955650003909,1,1,0,1,9,1,0
20000.0,696.3438916063709,7.567213807370023,1,1,0,0,12,1,1
47486.50700332806,724.301402806062,5.121005481246287,0,0,0,1,3,0,1
117621.14326763358,614.953708151717,8.170579976722564,1,1,0,0,11,1,1
43929.832793897374,707.6488438943146,8.042281828106194,1,1,0,0,11,1,1
44502.64270372154,467.193240426452,5.133615472833345,1,0,0,0,12,0,0
20000.0,544.3522968202719,10.763345515083923,1,0,0,1,7,0,1
78377.88755811135,753.3927144374983,13.541179000318753,0,0,0,0,10,0,0
78595.28762988062,632.1064580641668,6.191588701841894,0,0,0,0,7,0,1
73672.2560419973,501.0229338840922,8.317895195510815,0,0,0,0,3,0,1
31123.37981457913,594.0907055646405,6.724248517585811,0,0,1,1,11,1,1
28798.796948809828,576.1279621979935,8.102473235455736,1,1,0,0,12,1,1
20000.0,636.723061482166,5.532743089980029,0,0,0,0,5,0,0
52516.17505282801,620.3399212953882,6.513606111848366,1,1,0,0,12,0,1
20000.0,664.3145383150529,12.007683241093218,0,0,1,0,6,1,1
20000.0,644.442715870994,8.801262631274577,0,0,0,0,12,0,1
37289.27849267972,758.7791404029615,10.38918760075132,0,0,0,0,5,0,1
35325.314744473515,683.9638879775736,5.096191076476264,1,1,0,0,8,0,1
33860.64413534135,686.6137288954869,8.289443756459525,0,1,1,1,9,1,1
63993.33790520784,743.2125699115618,5.366600310404567,0,0,0,0,12,0,1
52371.43406450838,618.8984999656335,10.878365469734906,0,1,1,1,12,1,1
41355.31908466647,549.0498045313212,5.290248261025094,1,1,1,0,6,1,1
55490.387849344464,746.5576259705799,10.589957361443176,0,0,0,0,11,0,1
20254.188766861036,660.867339848649,12.994486101015756,1,1,1,0,2,1,1
53158.358717290335,661.1480966319143,11.67324447825806,0,0,0,0,2,0,1
54518.07478533901,599.3336062775811,6.914017896603437,1,1,0,0,4,1,1
20000.0,600.6515733517138,7.177027400166967,0,1,1,0,10,1,0
79870.81263111086,717.7377871016674,10.958591369166328,1,1,0,0,3,1,1
23556.988843190135,728.7724638510089,11.606939774903822,1,0,0,0,7,0,1
52709.29397619305,712.7058724597326,6.4344048609272315,1,1,1,0,12,1,1
84932.35221605812,713.436928435638,5.944279318460135,0,0,0,1,12,0,1
77770.30273141609,695.5223629807807,7.969100932828059,1,0,0,0,4,0,1
51030.00165706506,660.5218184062526,7.770560900403531,0,1,0,0,3,0,1
39125.02991353795,635.9696252543215,9.80549497405916,0,1,1,0,2,1,1
78425.35725726702,746.8259079953243,9.841394603988428,1,1,1,1,4,1,1
70240.8493342586,620.1023303607653,9.597672305088082,1,0,0,0,5,0,1
31449.0493986761,679.5983371104597,7.97012837521247,1,1,0,1,4,1,1
26153.19058994929,585.6789601636602,7.208069937287246,0,0,0,0,10,0,0
20000.0,597.256077051964,7.537992602911618,0,1,0,0,9,1,1
54620.95525050762,631.1076345714218,7.795781632939599,0,0,0,1,1,0,0
47519.06764944804,585.684929861827,11.819793691022568,0,1,1,1,9,1,1
84085.74123927628,713.828146038264,11.326804694899597,0,1,0,1,8,0,1
60771.652804411,542.1572598763977,5.227229586861833,1,1,1,0,9,1,1
90026.87582518072,657.9383698704859,6.989313721460886,0,0,0,1,11,0,1
29079.073162514876,660.6006477473745,5.80898097540168,0,0,0,0,3,0,0
84144.50992902854,505.1360337344255,6.721770815236276,0,0,0,0,9,0,0
34132.50862686035,614.7180943581113,11.451350104030542,1,1,1,0,9,1,1
73327.88185376817,670.4559630438514,11.181214163872433,1,1,1,0,2,1,1
20000.0,684.2982394635254,14.015743665176965,1,0,0,0,3,0,1
57054.058980985654,633.6554233119867,9.93113708854672,1,0,0,0,8,1,1
20000.0,704.1510563584573,8.075887567594071,1,1,0,0,7,1,1
41985.87542174736,641.2546994211167,7.638898682937756,1,1,1,0,2,1,1
63210.61981633741,651.0922329660045,5.952024762921803,1,0,1,0,10,1,1
34370.94346306713,670.1323095189243,5.006709268534401,0,0,0,0,9,0,0
20000.0,724.1599702987335,10.257384454866095,0,0,0,0,2,0,1
75383.55407887802,595.9425598067575,6.611131065780366,0,1,0,0,1,1,1
46896.116304592295,611.0542501985362,7.103655205151206,1,1,0,0,9,1,1
35312.880589079854,596.4882806616628,5.670619740469999,1,0,0,0,4,1,0
51256.8776346283,623.4241827086453,8.170660267360338,0,0,0,1,11,0,1
129100.07425836766,764.0987406463812,6.209290989725092,0,0,0,0,6,0,1
84605.08549344631,695.8180255463858,5.176090930982721,0,1,0,0,11,1,1
84877.2100456352,559.5128203864926,7.972336688745084,1,1,1,0,5,1,0
63066.38956977092,601.964242752906,5.45428696840653,1,1,0,0,4,1,1
54994.558177314415,679.8213779421121,9.318130815119822,1,1,1,0,4,1,1
20000.0,577.4793775253784,5.1605560239478185,1,1,1,0,3,1,0
29630.589606106038,591.9727967348194,5.355645431859598,0,0,0,1,4,0,0
35582.767603925764,757.5967732939318,14.618073538425255,0,0,0,0,4,0,1
20000.0,600.929949722145,5.921358156402015,1,1,1,1,7,1,1
20000.0,726.3733452823509,9.70352081841837,1,0,0,0,9,1,0
20000.0,750.425855162475,6.994557302066778,0,0,0,1,12,0,1
48850.28492907882,591.3230327064829,7.548638974203979,0,0,0,1,10,0,0
74562.97912546448,578.8029954754287,6.70535927066127,1,0,1,0,4,1,1
83203.23555872985,627.9094330815068,7.196088348487663,0,0,0,1,6,0,1
62443.53386237723,562.90978234611,7.3642677453402445,1,0,0,0,6,0,1
21098.10976404293,659.6827102802193,5.918863357647073,1,1,1,1,5,1,1
20000.0,633.547847051729,11.137147901214632,1,1,1,0,11,1,1
20000.0,678.8464012709042,7.900299748026006,0,1,0,1,5,1,1
20000.0,761.7554764986257,10.885462813012666,0,0,0,1,9,0,0
23334.20905892976,715.3987984616256,5.900797716732822,1,1,0,1,12,1,1
45207.5450602524,689.1391820329885,8.37330541290387,0,0,0,0,2,0,1
20000.0,492.7161269625666,6.406193903217529,0,0,0,0,6,0,0
60169.27681004784,685.47007856819,9.397556910917293,0,1,0,0,9,1,1
43031.79491601582,787.8102128563639,8.13823146955681,0,1,1,1,3,1,1
50316.371352230766,409.15819869491867,11.411075912301104,1,1,1,1,4,1,0
84207.51658013614,705.15060343805,10.558434215075305,1,0,0,0,6,1,1
20000.0,637.2513140194828,8.743468806985842,1,1,0,0,7,1,1
62561.13734877105,582.0163997581644,8.346613487383818,0,0,0,0,3,0,1
49580.8031457178,714.0902867129563,5.096903444241872,1,0,0,0,8,0,1
39995.41157090914,786.7764720485865,6.083261132198385,0,0,0,0,9,0,0
76557.6896259788,712.0184583070203,7.360173485109455,0,0,0,0,2,0,1
76370.42463671022,620.3046438990779,6.411232001332529,1,1,0,0,11,1,1
21605.276120347156,574.5224140473475,5.539897154203456,0,0,0,0,7,0,0
44535.182484262274,661.5702107031635,10.83164427267731,1,0,0,1,12,1,1
58436.35047752196,719.8535433905271,8.850000011733032,1,0,1,0,7,1,1
41809.79755932246,619.0357579013018,7.163648444039225,0,1,1,1,3,1,0
67550.63996863394,626.7693606679362,8.019986072505798,1,1,0,1,2,1,1
58435.76053730826,850.0,10.011243781534606,1,1,1,0,9,1,1
104976.83721068037,736.2921556767781,5.028056735389997,1,0,0,0,7,0,1
20000.0,742.0102942714906,8.114685390559528,1,0,0,0,4,0,1
46326.920307578075,533.1771275152951,6.963079296012158,1,0,0,0,11,1,1
22744.92465463427,593.4249056565232,7.017852334188267,0,0,0,1,12,0,0
68123.22366317132,655.9745311563391,6.152197888020263,0,0,0,1,10,0,1
20000.0,569.908995369188,9.301317618878398,1,1,1,1,5,1,1
60389.381306746596,778.0317839111435,8.255724442389276,0,0,0,0,7,0,1
31098.547059549768,762.8249845272517,8.066427644656843,1,1,0,0,9,1,1
27975.144016369577,607.3163730092757,5.741372413467654,0,0,1,0,5,1,0
20000.0,792.7134885285988,5.6093501861608015,1,0,0,0,7,1,1
36047.721613969814,649.6598322624046,5.010491269260399,0,0,0,0,1,0,1
82535.01590872777,850.0,5.182243026301642,0,0,0,0,5,0,1
49244.339494115615,661.5748904420029,5.836524418926576,1,1,1,0,11,1,1
68830.41253623423,696.0954200262738,7.068419354829915,0,1,0,1,8,0,1
99939.25465898825,761.9922752935647,6.772639943391704,1,1,0,1,2,1,1
57912.66754467727,752.2106679846247,11.287051892908861,0,1,1,0,8,1,1
33236.01283812978,690.8585652908715,5.526248743636971,1,0,0,0,5,1,1
64017.5664554837,638.7087744444931,11.02327759736306,0,0,0,1,8,0,0
33671.11561057124,691.1306159994496,7.542308813822826,0,0,0,0,2,0,1
34867.319501084916,584.7052662499108,8.070666227401134,1,1,1,0,8,1,0
20000.0,662.1706975091292,7.4431155905667845,0,0,0,0,5,0,1
77787.72473253177,561.2553974001604,5.467035821338864,0,0,0,0,4,0,0
38419.92273051682,507.5294687935759,13.445761188488984,1,1,1,0,9,1,0
55462.94737447586,654.0341411311555,8.891159256368105,0,1,1,1,12,1,0
20000.0,750.9822312537337,7.838694961005608,0,0,1,1,3,1,1
63078.42889146417,724.0643713276847,9.600341046950104,0,0,0,0,3,1,1
27141.762855947487,643.4470163419513,10.946176561348398,0,0,0,0,8,0,0
45748.73834894527,789.7591758540398,9.8964371719071,0,1,1,0,11,1,1
76334.78093717378,604.4750887322741,8.552176806553767,1,1,1,0,2,1,1
73722.77936697588,496.57338705615814,10.917217777673839,0,0,0,0,3,0,0
49339.097824491786,475.43189646392307,10.978311484116944,1,0,1,0,12,1,1
20000.0,555.5047247523427,5.684844847382855,1,1,1,1,8,1,0
139784.31710181924,715.3299794609783,6.453607932917697,0,1,1,0,9,1,1
102375.76910819407,599.2157853226091,8.421847456765992,1,1,1,0,11,1,1
71680.24474664895,686.8766913485841,14.57576426537632,1,1,0,1,1,1,1
27403.886552270877,781.7026706867182,12.263830784928778,0,0,0,0,8,0,1
46592.23514894106,561.9922429937756,5.450148256778374,0,0,0,1,10,0,1
33697.38710670449,688.2799785436712,8.664377608068584,1,1,1,0,7,1,1
87915.67817289165,693.1170458124577,5.240948950766363,1,0,1,1,2,1,1
57875.08672555501,581.1409609221517,6.968500203918696,0,1,0,0,1,1,1
26475.084249205014,758.3368740196066,14.2856730344646,1,1,1,0,7,1,1
35877.34702625654,626.9834355560419,6.53952949120284,1,0,0,0,8,1,0
83635.64427709713,619.2997615269593,8.391044845374715,1,1,0,0,1,1,1
98002.93540461434,818.9290574734378,6.1549293868547785,1,1,0,0,4,1,1
95849.94690458736,691.8213393893375,11.54736437090703,1,1,1,1,3,1,1
72710.96195161932,724.0232439748398,5.245699575506452,0,1,1,0,5,1,1
42421.2539359209,758.3914345217471,8.274969303446019,1,1,0,0,9,1,1
20000.0,597.9620800432626,8.621677004693751,1,1,1,1,12,1,1
58914.80071424665,749.9856877642943,11.08277709326687,0,0,0,1,1,0,1
49945.137234676986,609.8484708001864,7.4748104876285195,0,0,0,0,3,0,0
54199.462889640614,606.4301288529363,9.45205777574254,0,0,0,0,2,0,0
51616.920410996194,628.2400022153491,13.48057253665138,0,0,0,1,1,1,1
20000.0,600.2348132044036,10.896193566971714,0,0,0,1,12,0,0
66722.25670553558,715.772514612573,8.069488644905903,0,0,0,0,6,0,1
68966.4894209555,671.3768524116044,8.332685481683633,1,1,0,0,6,1,1
70470.16346178978,610.7020468306309,7.322018708872033,0,1,0,1,9,0,1
78397.3101072016,703.9604026523857,8.670313541637324,1,0,0,0,11,1,1
68121.54934764869,627.9854050090923,9.34296928386772,0,0,0,0,12,0,1
37699.117653832676,623.7543703708259,7.109412973840861,1,0,0,0,8,0,1
47874.89456251729,653.8947107921235,5.8104863834237985,1,0,1,0,2,1,1
52733.746017601305,687.0768284532974,10.44044804202725,0,0,0,1,11,0,1
53230.983473198554,681.1878119501936,9.421353352040466,0,0,0,0,9,0,1
79946.52967915189,620.9400654197735,11.46166777707465,1,0,1,0,6,1,1
69310.06259067473,717.7688965951522,8.155372994402047,1,1,1,0,9,1,1
112320.3031870986,632.2084679136275,10.198561497237883,0,0,0,0,7,0,1
116194.06939654016,597.6012409113025,7.924371330380272,1,1,0,0,8,1,1
52389.48747841775,532.5582680986118,5.227656653640705,0,1,0,1,10,0,1
20000.0,728.6542784799217,11.82115573845634,1,0,1,0,7,0,1
87104.973983818,650.9912060955206,9.612133662051793,1,1,0,0,8,1,1
33788.70983038837,666.8697886808412,12.650992823405552,0,0,1,0,9,1,1
25955.482345069795,733.6642332559612,11.571242323146476,1,1,0,0,6,1,1
38046.641750318995,611.8075014721747,9.203268243346812,1,0,0,1,10,1,1
36600.70859556181,540.0480601220697,12.680246718266229,1,0,1,0,7,1,1
68368.09430316178,655.5824561772175,6.162444338899659,1,1,1,0,2,1,1
20000.0,674.6369241664237,5.1874512474513,0,0,0,0,7,0,1
20000.0,628.9720747071701,8.633118239131953,1,0,1,0,1,1,1
60294.7566259225,767.8990062460936,6.15779125878953,0,0,0,1,11,0,1
68688.32091239924,451.1066745822915,6.492872717506657,0,0,0,0,10,0,0
69246.24934808037,739.6045310319827,6.941814485542771,0,0,0,0,4,0,0
26388.911632001033,713.292292029138,11.267191829939934,1,1,0,0,10,0,1
20652.0305220128,686.5416622160368,5.93176708848088,1,0,0,0,12,1,1
34800.95498636242,383.1278760424723,5.367667288277905,1,1,1,1,3,1,0
57196.18256854175,752.7111026616215,6.751384716450723,1,0,0,0,4,1,1
94564.3210781765,567.8852711491292,9.007259182249555,1,1,0,0,12,0,1
20000.0,609.384641729329,8.602123413173722,0,0,0,0,5,0,0
43378.137291249004,636.3525868167945,7.473507682026799,0,0,0,0,10,0,1
20000.0,682.593442772158,8.526654593636188,0,0,0,0,4,0,0
20000.0,701.154243375404,6.308464625162467,1,1,0,1,4,1,1
79008.6993603445,721.4272443455437,6.729918292985516,0,1,1,0,8,1,1
66338.73723498016,715.2682808062813,8.414592186456813,1,1,1,0,2,1,1
63483.005478417865,670.23417633705,8.747280174297032,0,0,0,0,1,0,1
77630.7751919298,683.2738127246073,5.123983078623628,1,1,0,1,8,1,1
35608.43309701592,562.7397027342203,6.471603917309059,1,0,1,0,12,1,1
37020.87450999415,589.9178554544782,6.433880520373852,0,1,0,0,11,1,1
115571.91850167722,721.6368178939865,6.230806482135748,1,1,0,0,7,1,1
42602.86837221277,716.9767589382946,9.661440399373685,0,0,0,0,12,0,1
72053.96339162273,707.9039533155536,8.984532622743677,0,1,0,0,2,0,1
50191.44622889945,608.8466590674778,9.511542130589806,0,0,0,1,3,0,0
20000.0,722.8393705554956,7.902737259402287,0,1,1,0,1,1,1
20000.0,557.1004438015714,6.641449278993402,1,0,0,1,11,0,1
32630.473401802858,736.1887847889818,9.537562141484841,1,0,0,0,6,0,1
81683.03755009967,629.1303359003288,9.864266075705627,0,0,0,0,4,0,1
73648.7496990801,784.7336325072506,8.07665998811489,0,0,0,0,8,0,1
77422.31492672101,528.2846326347612,11.753628736977834,0,0,1,0,3,1,0
20388.614631910543,791.0723236734817,7.632149564769716,1,1,1,0,1,1,1
98476.17470366941,621.082853666923,7.107155485694492,0,0,0,0,10,0,0
21053.20099440847,619.6416595190605,9.331507178207982,0,0,0,0,1,0,0
56384.73196009906,665.5871055188478,5.609195493185786,0,0,0,0,6,0,1
49689.4313027679,594.2336869759442,10.417360187967354,0,0,0,0,7,0,1
44783.78539056241,644.2136798958154,13.846921401584853,0,0,0,0,8,0,0
90157.76414886821,590.9898987783316,9.112646957064765,0,0,0,0,1,0,1
28846.684395021184,593.9149175216651,5.37820382089031,0,0,0,0,5,0,0
20000.0,688.9508760240458,7.797239494065439,1,0,1,0,5,1,1
50599.864586192576,577.8747603757188,5.060284877128848,0,1,1,0,6,1,1
38005.1979714042,588.5444611995614,12.34399345590017,0,0,0,0,9,0,0
151321.48757247938,540.1767000202873,7.618501656848178,1,0,0,1,3,0,1
70295.22429319925,609.6855456030928,8.806366382612868,1,0,0,0,11,1,1
37719.78274344127,754.9281623779137,7.707164167323491,0,1,1,0,1,1,1
20000.0,582.3253087917625,12.174685730557776,0,1,1,0,3,1,0
20000.0,591.4693387850207,9.488598971418634,0,0,0,0,8,1,0
20000.0,665.5137557185228,6.763539205766589,0,0,0,0,10,0,0
53448.25315277395,620.3362852960379,8.249371801805431,0,0,0,0,11,0,0
92819.85954784308,828.252354667972,12.568453943623425,0,0,1,1,3,1,1
83650.67427163757,636.9977628258995,7.912734852358118,0,0,0,0,7,0,0
56872.84494939138,676.8174676973897,8.758497264808671,1,0,1,0,9,1,1
40304.97002892546,725.5015027839457,13.958988750749132,1,1,0,0,8,1,1
58064.370692364624,723.9662292690281,8.060947015117597,1,1,0,0,11,1,1
34440.860075462726,668.6630065245904,10.696294570668341,0,0,0,0,11,0,1
101550.91987291627,637.1098010651199,12.880021425784129,1,0,1,0,5,1,0
44324.2945617476,811.9222829103405,10.305272867438314,0,0,0,0,11,0,1
47409.86425259819,642.0191779748586,9.028196190449368,1,1,1,1,11,1,1
20000.0,614.6647916457216,7.863786957537509,1,1,1,1,8,1,1
44136.954604317085,598.3320809364785,8.95841817102938,0,1,0,1,1,0,1
75094.52413894824,511.8557437834595,6.220953089009605,1,0,1,1,2,1,1
20000.0,715.729260178973,5.720661494916329,0,1,1,0,12,1,0
27478.389965215614,462.1545282319339,5.8083476257517175,1,0,0,0,3,0,0
73781.33053200995,649.5421727276064,6.390395083899143,0,0,0,0,4,0,0
20000.0,633.6111492582892,5.905337665562704,0,0,0,0,1,0,0
81734.03022625756,829.1972153785158,5.456504297436402,0,0,0,0,8,0,1
34035.683294806935,503.4679017029099,7.014232501650824,0,0,0,0,4,0,0
38342.953385263914,577.9117370412514,6.407278359517448,0,0,1,0,7,1,0
20000.0,639.112283305468,6.255372127618269,0,0,0,0,10,0,0
61341.387812836496,634.1976530024665,12.591543350736728,0,0,0,0,2,0,0
123796.1595508814,606.0364327351964,6.52500379869481,1,0,0,0,6,1,1
73444.91718381896,643.5209672478267,5.736662071219919,0,0,0,0,9,0,1
24071.442141783926,549.2349816904207,5.955297303748165,1,0,0,1,7,1,1
84068.61756474429,678.5754303195952,8.857742577258879,0,0,0,1,7,0,1
40499.613621972516,464.28117263379374,9.366340612708804,0,1,0,0,3,0,1
91234.54944282677,647.9384515298194,5.414306087100272,1,0,1,0,7,1,1
74200.2920649309,601.9714644589142,15.031304144220268,0,0,0,0,12,1,1
20000.0,731.3030354205308,6.086127666889581,1,0,1,0,9,1,1
20000.0,790.4248856506644,9.290908120397443,0,1,1,0,7,1,1
78331.55668506169,623.5158264999714,7.9045697453892725,0,1,0,1,2,1,1
54549.718164350525,761.2580743313144,5.707350461141248,0,0,1,0,7,0,1
20000.0,624.7106975495672,7.11562229753441,0,0,0,0,10,0,0
30992.31453518562,572.7098781496728,8.437608790934732,1,0,0,0,9,1,1
20000.0,789.6722905748495,8.885943993072406,1,0,0,0,7,1,1
47348.80137420812,691.6621155787205,9.181034759382616,1,1,1,1,1,1,1
116320.69178047293,650.3550818087851,6.1718611754523724,0,0,0,0,7,0,1
74148.00172196978,704.9741980078919,6.233406483064636,0,0,0,1,1,0,1
115712.5100356527,671.9372028104134,8.407198068154495,1,1,1,0,12,1,1
76471.91269369941,644.4624473646786,5.622741027830514,0,0,0,1,2,0,1
80824.38030058076,543.8852138153603,8.739791349871908,1,0,1,0,9,1,0
109222.36063235071,628.3570610270987,7.0871674996366325,1,1,0,1,3,1,1
61317.897780266794,699.8604338766778,10.259782858571576,1,0,0,0,8,0,1
44383.18035479359,640.1782859450551,6.358422012767364,1,1,1,0,1,1,1
80979.72549866037,722.1860608904309,6.011086638631599,0,1,0,0,9,1,1
93615.20711365654,680.6924019093431,9.451821352842678,0,1,0,0,12,0,1
35601.06071863373,579.7490945531674,5.5601722868475685,1,1,0,1,10,1,1
28352.927529799123,544.4662433734301,8.820053960448238,1,1,0,0,6,1,1
54165.680972926406,637.4257200055865,7.218764193959515,1,0,0,1,1,1,0
74944.96600794986,608.061724151633,7.193212003583035,0,0,0,0,7,0,0
73942.73145984685,676.9057447697348,6.327732760920272,1,1,1,1,12,1,1
20000.0,592.5489872989816,9.083623534099546,1,1,0,0,5,0,1
107348.18201189965,600.7686139396098,6.42468163720801,0,0,0,0,5,0,0
30765.052118094485,734.245577407593,11.91930191972043,0,1,1,0,9,1,1
42048.05009334262,661.8562374902318,5.859148673867572,0,0,0,1,6,0,0
22920.369200365407,593.7818347658166,6.813905618576273,0,0,0,0,9,0,0
130949.86507811263,651.4113446988016,11.426502874851252,1,1,1,1,12,1,1
57262.12010863902,760.3128994401346,8.540409434881543,0,0,1,1,2,1,1
24470.74757955305,673.5029350619778,9.922353760709424,1,0,1,0,4,1,1
75917.70649887338,697.4360647540103,8.146868418835854,1,1,1,1,6,1,1
73074.073379301,589.8212370778047,11.691450548049982,0,0,0,1,3,0,0
44368.189292603485,732.113550170768,5.838796616852865,0,0,0,0,10,0,1
75218.2013835015,835.4481808371041,7.126121452273037,0,1,0,0,12,0,1
25241.24117507407,586.6825885989717,7.022077463598894,1,0,1,0,10,1,1
35212.45175152243,555.4484820502408,11.215187785759845,1,1,0,0,3,1,1
20000.0,664.0433795068119,7.610211615810428,1,1,1,0,12,1,1
20000.0,720.0404039875528,5.879515859033297,0,1,1,1,10,1,1
104228.92417012058,642.688826235979,6.363074597696233,0,0,0,0,10,0,1
99242.85883166944,565.743488316587,5.301468960161052,0,0,0,0,1,0,1
51973.65945946887,641.3132670575689,15.017267208467235,0,0,1,0,5,0,0
99887.94341569513,697.8473818221963,5.123244460789253,1,1,0,0,6,1,1
45197.765401750854,617.4374538443153,8.41884261042824,0,0,1,1,4,0,1
42697.69092296276,698.5804014203937,9.617988907572476,1,1,1,0,9,1,1
51695.31945396669,743.1768628191928,10.010580029252187,0,0,0,1,6,0,1
46252.352140293035,669.2184500616358,8.437018015912315,1,0,0,0,3,0,1
43544.110293194586,647.7641782977366,7.654347836796381,1,0,0,1,7,0,1
84301.94321448659,716.3475140181025,7.718765317034512,1,1,0,1,5,1,1
54504.069618686095,581.5119338050215,10.066770946332689,1,0,1,0,9,1,1
71374.45293301414,573.6232133045662,7.420798401207286,0,0,0,1,11,0,1
80941.41575831993,628.6742172056812,7.522979467054126,0,0,0,1,5,0,1
61645.573869642,610.6496436148426,6.701702556955574,0,1,0,0,11,1,1
20891.860222752835,585.732641976762,6.997131763384175,0,0,0,0,7,0,0
20000.0,796.437477999902,7.185060980049874,1,1,1,1,6,1,1
54463.419044219154,823.7594567595434,6.072594735772746,1,0,0,1,12,1,1
44862.31085525196,621.7035966195534,7.74473422601883,0,0,0,0,10,0,0
52621.74286760365,657.3375159798692,8.69018531379233,1,0,0,0,3,0,1
49518.378822542414,634.9725743948967,14.816361004256535,1,1,1,0,10,1,1
127507.20980499701,738.5999392094525,7.8275686924804315,0,0,0,0,7,0,1
20000.0,754.4516449472037,5.662362019349879,1,0,0,0,4,0,1
20000.0,507.81889610482824,7.440312976055884,1,1,1,1,6,1,0
59971.30500558829,688.0808640052501,10.88461104790018,1,1,1,1,6,1,1
38707.323362354146,545.4542927071082,13.146313195341373,1,1,0,0,3,1,1
59482.03609189854,790.6617726300223,5.206973392835889,1,1,0,0,2,1,1
67516.49066852004,685.2198424168319,11.595143862919809,0,0,0,0,3,0,1
88523.14085536692,584.1320369309891,5.554229665723919,1,0,0,0,8,0,1
20000.0,630.6942889649717,6.445341546766182,0,1,0,0,1,1,1
33298.46306428511,626.8818193387074,5.0974713699833725,1,1,1,0,11,1,1
62862.83776642292,692.0090354308652,13.71682044763508,0,0,0,1,3,0,1
73113.9078706168,733.3530083341982,8.007616906612533,0,1,0,0,6,1,1
115803.48650865158,558.1434166422632,8.734301006801557,0,0,0,0,12,0,1
78671.11913341601,797.1003600729691,5.112415615608413,0,0,0,0,12,0,1
48296.34212341168,778.4552086256674,6.329747644619763,0,0,0,1,7,0,1
23286.92741172015,579.9741145927164,9.22535546631538,0,0,0,0,12,0,0
33071.30441842943,655.8241435489847,8.036546489370238,0,1,0,0,10,0,1
32218.915311286804,786.8646835291453,8.271235188577416,0,1,0,1,12,0,1
69657.00885541282,748.6334869341987,11.043783069360284,0,0,0,0,4,0,1
57709.92336757491,623.0605575961683,5.304534215359113,1,0,0,0,8,1,1
20000.0,715.1471851654298,5.328623437961421,1,0,1,0,11,1,0
36922.95592728701,850.0,5.004087608810779,0,1,1,0,8,1,1
76326.42660354261,658.4127985480969,8.05857847065115,0,0,0,0,4,1,0
60549.87064922177,599.3881398847984,7.500450471484164,0,0,0,0,4,0,1
67059.33848038311,663.7935881673119,9.513786641476443,0,0,0,0,11,0,0
61487.651301717895,669.7241676397855,6.764342460002993,1,0,1,0,5,1,1
98792.92203826578,608.0370608799922,8.82698430630914,0,0,0,0,3,0,1
57081.291914731104,685.3300054251374,12.80278757768043,1,1,1,0,6,1,1
38419.31606387906,549.6479152217998,8.657665608448841,0,1,0,0,9,0,0
22527.348765993185,596.7572906393057,5.629196288640761,1,1,1,0,2,1,1
57488.28374629135,710.6595820923839,7.527726873417767,1,0,0,0,3,0,1
20000.0,509.6103318766199,7.838600820707283,1,1,1,0,10,1,1
44471.329945018646,722.2534073595821,7.356641755722652,1,0,0,0,11,1,1
43824.80420235968,489.04149074354376,5.2908302509451515,1,0,0,0,1,1,1
20000.0,511.49403368989476,8.138511651833396,0,0,0,0,6,0,0
22152.024840320122,610.0817005555292,5.001676815782772,1,1,0,1,11,1,1
74289.72590444723,672.949107425548,5.247748086070603,0,1,0,1,11,1,1
56921.35247224888,756.021088250191,5.8994414555312815,1,0,0,0,3,1,0
53053.65001121983,654.6098210527676,6.997427328618956,1,0,0,0,1,1,1
59190.42601796068,630.2757113939208,8.57696348527972,1,1,1,0,7,1,1
52778.82763846771,696.3664998387843,7.969608271376785,0,0,1,0,12,0,1
87285.87688574943,580.3280943625653,13.1811196706642,0,1,1,0,6,1,1
53702.87545110946,661.1532127477125,7.442257193557012,1,0,0,1,10,1,1
20000.0,554.0442993635712,6.993657287229853,1,0,0,1,10,1,0
98903.89894623231,656.6072413500331,8.618605236440759,0,0,0,0,7,0,1
61110.20801986537,639.6130939320477,8.811781042846466,1,0,1,0,7,0,1
32322.38807614797,585.6585662840466,8.25994753724044,1,1,1,0,2,1,1
20000.0,663.2032509230191,8.238946746088285,0,0,1,0,4,1,1
61877.42662874136,662.6839722527715,8.039655975570456,1,1,0,0,5,0,1
46484.83985076874,744.0363209871308,6.396633535149122,1,1,0,0,9,1,1
97224.40358097226,521.549327754977,9.23900485946545,0,0,0,0,11,0,1
39622.781579995164,643.9160873842366,8.119541417328325,0,0,0,1,11,0,0
24878.576309525994,589.1790080237216,9.934686622036995,0,0,0,0,8,0,0
76873.88654707785,719.5809646541034,6.091829318026807,0,1,0,0,8,0,1
77758.45678150494,710.3129652153707,5.791359736908047,1,1,1,0,9,1,1
55059.541028305866,690.6303876054897,5.40722574890504,0,0,0,0,7,0,1
70290.71143024725,593.693339354443,6.583215336646536,1,1,1,0,11,1,1
48869.386377732866,720.8376466352076,6.677039789483964,1,1,1,0,6,1,1
57015.95303027741,527.5895257005335,5.619124816039087,1,0,0,0,9,1,1
84949.72647691768,511.1751437125783,9.008553512359407,1,0,1,0,5,1,0
68759.5500206451,547.930320007846,9.032088246666707,0,0,0,0,5,0,1
44921.76685002126,647.3220151738475,6.434197998553647,1,0,1,1,3,1,1
90570.87637778452,704.0131520790635,6.58988055887603,1,1,0,0,9,1,1
20000.0,411.91740207923806,9.021585855217499,1,0,0,0,2,0,0
111562.19934265804,755.8194265503829,8.69685877165866,0,0,0,0,10,1,1
20000.0,660.4889756942747,6.33789367372642,1,1,0,0,3,1,1
31187.21525683112,524.578212192818,5.906648811984446,0,1,0,0,4,1,1
48772.47394414793,658.0757576231665,10.310113303878186,1,0,0,0,12,1,1
45605.57987815516,737.4020331742736,13.286543418448478,1,0,1,1,1,1,0
80192.33120079665,697.9552812245007,14.708269582219652,0,0,0,0,2,0,1
20000.0,737.9258450043172,8.121594313617393,1,1,1,1,5,1,1
57823.004524491895,540.7002696482311,9.90434552467639,1,0,0,0,6,1,1
32653.637053407383,616.8795811889277,5.367253534950362,0,1,0,1,6,0,0
58854.2293801225,576.0246215581175,11.415078371252424,0,0,0,1,3,0,0
48056.83220606371,787.4064164035454,6.344932345601546,0,0,0,0,4,0,1
52788.06958048933,701.1490274789304,5.399048675069595,0,1,0,0,11,1,1
33502.25502606963,850.0,14.997078158474327,1,0,0,0,9,1,1
34698.08149711753,612.5912373266218,8.514423893706732,0,0,0,0,1,0,0
58618.17542082281,592.0260630654157,5.082082678299771,0,1,0,1,9,1,1
78311.46517268133,638.573868912388,5.7946650108159155,0,0,0,0,8,0,0
32051.619974064568,760.2685777138039,9.859334855749537,0,0,0,1,4,1,1
23936.973662812707,620.7104248499722,7.915086114705115,0,0,0,0,4,1,0
68403.8049701551,659.9550078325556,7.213788069003278,1,1,0,0,5,1,1
49024.88320826932,657.7352562309455,10.53284291893343,0,0,0,0,11,0,1
74914.94401957856,653.1597408961752,5.534918894894157,1,0,0,0,10,0,0
22826.08359886557,597.8081231630017,9.951814125956222,0,0,0,0,2,0,0
20000.0,639.0167145671707,6.541878516447283,0,0,0,0,7,0,1
34009.87754520997,635.5917918918914,6.341946972663908,0,1,1,1,2,1,1
27009.42172204952,649.394827226028,13.080605796711055,1,1,0,0,7,1,1
47636.347997591,725.4813454522166,8.287651105671586,1,0,1,0,12,1,1
30894.643571888315,790.8502427699594,13.21680733436416,0,0,0,0,5,1,0
72230.50854009348,582.7652189864234,7.396647670183729,1,0,0,1,7,1,1
41355.49212732451,618.6405100169828,10.057904838188271,1,0,0,0,1,1,1
54514.23496321703,583.999048127505,7.443363557425132,1,1,1,0,9,1,1
54729.03675322832,664.9681229777818,6.111282006037853,0,1,0,0,4,1,0
55848.65277236562,606.9320433991219,7.0623473814140745,0,0,0,0,10,0,0
49276.1266863508,669.1837466993591,5.402772063976038,0,0,0,0,11,0,1
65318.02071230941,738.290152835583,6.5260498040043196,0,0,0,0,8,0,1
26130.345985225773,447.9334651356313,8.273561018907948,1,1,1,0,6,1,0
91982.53779961649,689.3423911680553,9.545080757875027,1,1,1,1,4,1,1
42903.878498943945,613.1850360881697,8.543486457562004,0,0,0,0,10,0,1
20000.0,686.8337814387511,7.129272565849467,0,0,0,1,8,1,0
55642.20070975319,578.282444979984,5.917125528229645,1,1,0,1,9,1,1
24464.58552657545,745.70087906455,9.149101522559281,0,1,0,0,5,0,1
69960.03603526625,723.0624494432227,5.349365824100192,0,0,1,0,10,0,1
116288.16728127132,695.4681718834114,6.9383884100343405,0,1,1,0,8,1,1
26402.837253264497,713.4580574248079,5.5664040503205285,1,1,1,1,4,1,1
59971.169996719545,590.3503626262261,9.461737014115105,1,1,0,0,10,1,1
20000.0,600.4300996248568,5.069078104022596,1,0,0,1,4,1,0
63617.156883240415,710.1948960653983,5.523128440766144,1,1,1,0,9,1,1
23428.586006009304,588.5816685785111,8.03969288536523,1,1,0,0,7,1,1
31254.961446965528,765.650803732647,9.27435227857386,1,1,0,1,5,1,1
20000.0,624.1127142975174,13.161643460593442,1,0,0,0,7,1,1
71964.53678164206,690.1515511888498,5.7050552606819895,0,0,0,0,12,0,1
80219.13072419788,817.9399615404072,6.415400006353522,0,0,0,0,1,0,1
50701.55643975523,593.5021316745539,5.717539225268191,0,0,0,0,11,0,0
24067.19883992841,655.5009400675826,5.112083602907164,1,0,1,0,2,1,1
97685.69108311587,734.3346531709846,8.515089514331219,1,0,0,0,4,1,1
27487.696167360315,726.1021911101225,6.835222306110035,1,0,1,1,10,1,1
20000.0,623.7747751808513,6.114563368634316,0,0,0,0,2,0,0
63751.67029871205,608.6615649982517,5.316145778455327,0,0,0,0,6,0,0
20000.0,631.3491253963958,9.87925871667737,0,0,0,0,2,0,1
79658.26380497524,765.8286212921091,5.6075889001910175,0,0,0,1,8,0,1
38565.86909979743,627.6715314912043,5.2549732693368245,1,1,1,0,11,1,1
68111.39721632589,656.2492553986772,11.548168857281096,0,0,0,1,7,0,1
92045.01039656474,615.857082326126,6.192462630513843,0,0,0,0,5,0,1
20000.0,706.443885183679,5.8000449597778685,1,1,1,0,10,1,1
33021.88607322783,662.4420030066925,8.674470421558969,0,0,0,0,11,0,1
47729.8678202881,569.7252951393417,8.349938901241712,1,0,1,0,12,1,1
96126.5395710303,572.4940708772004,10.502961547504665,1,1,1,1,1,1,1
30248.518461786636,490.11155467555943,12.055480928229112,0,0,0,0,11,0,1
32164.889121529784,583.4942872699507,5.1155851505947005,1,1,0,1,8,1,1
64344.217266674255,713.5156642905738,7.15770424583752,1,1,1,0,4,1,1
32683.13822868287,755.9008430409814,11.508477697561553,1,0,1,0,4,1,0
54575.776486928495,704.8446690573747,8.182523491072592,0,1,0,0,4,0,1
20000.0,694.3705760512545,5.327876818655344,1,1,1,0,1,1,1
116429.8982766979,639.877916037708,10.70737527846281,0,0,1,0,10,0,1
20000.0,711.993164393119,10.283968754197279,0,0,0,0,10,0,0
40347.41888029375,672.9022578465507,6.345027815832891,0,0,0,0,2,0,1
49025.56892473716,794.35591775897,5.9949194131966,1,1,1,0,11,1,1
107380.64403070387,642.1243748658601,7.307169951703825,0,0,0,0,7,0,1
20000.0,757.4406466988905,5.114920119551405,0,0,0,0,1,0,1
109511.12406436254,719.9291265454287,10.563482363617123,1,0,1,1,5,1,1
72715.30463306067,708.8354628963327,8.753038014792985,1,0,0,1,9,0,1
62512.85973269738,489.0806939630544,10.43305114184091,0,1,0,1,8,0,1
20460.989389461338,724.3351649238168,6.971697212096016,0,0,0,0,8,0,0
67134.2372611422,639.7993616872677,9.737409268494977,0,0,0,0,5,0,1
28295.401327406,614.4858804452086,5.7696722832697205,0,0,0,0,4,0,0
87999.83759595237,531.3669567057669,12.327615305100629,1,0,0,1,10,0,1
20868.13912676801,649.5530292825454,10.711080739648585,1,1,0,0,2,1,1
46605.24516631748,652.6841277454594,12.349666587735914,0,1,0,0,1,0,1
33341.80735960485,545.7598462548157,10.114805883084024,0,0,0,1,2,0,0
20374.31112719016,532.1375861685046,8.106065696719433,1,1,0,0,7,1,1
72239.59450723743,688.9295584102489,9.676094756877472,0,0,0,1,6,0,1
66063.762422289,719.7364104849102,11.615257509286934,0,1,1,0,7,1,1
86270.30596702991,665.2226327937938,5.043361358900962,0,0,0,0,10,0,1
20000.0,742.066771974749,7.820402197666256,0,0,0,0,3,0,0
81925.12107023131,643.0892012518801,8.816136154891549,0,0,0,1,5,0,0
125163.46716070682,645.6518980479838,6.897904682975238,0,0,0,1,3,0,1
36450.767324691595,576.6377577007368,6.087614801262366,0,0,0,0,9,0,0
106854.45836326909,525.1806417957026,6.422708980499022,0,0,0,1,8,0,0
42105.161838205204,798.3729707087668,5.433942247356597,0,0,0,0,7,0,1
20000.0,740.5039240199796,8.242427104383207,1,0,0,0,6,0,1
40831.02672779613,538.5989946289217,6.721459451338054,0,0,0,1,4,0,1
81446.11903025827,662.4601526265025,6.505217694056117,0,0,0,0,4,0,1
24854.705530054056,641.9962951117067,12.426545246613774,0,0,0,1,2,0,1
31989.840229805388,628.0806021469565,10.996126421927974,1,0,0,0,12,1,1
67806.18296879572,617.2785721748048,7.744329157777287,1,1,0,1,11,1,1
50091.803502157185,680.5015317574383,6.430234582921042,0,1,0,0,6,0,1
67538.68857460222,715.454042037718,12.66636667487639,1,1,0,0,6,1,1
57134.88622275008,682.1912935222564,5.0452663335432195,1,1,1,0,10,1,1
64388.75958654719,640.3585300496645,5.401047843448796,0,0,0,0,2,0,1
37030.96442571377,637.4218626487104,5.594408290190648,1,1,0,0,7,1,1
56951.92826091178,724.9451453538134,17.055173130871985,0,1,1,0,10,1,1
22178.80982912199,687.075595049285,7.524473495173732,0,0,0,0,4,0,0
88653.00867510165,655.8151570428347,8.282656907826771,0,0,0,1,6,0,1
30971.75849548059,647.1278961919913,7.092929808837509,1,0,0,1,11,1,1
83865.42462648169,677.6216407689831,7.714555970670345,1,1,1,1,12,1,1
42991.791170514036,612.5321049152441,8.22267761272372,0,0,0,0,12,0,0
56059.97032271964,715.7231053846568,5.657283747723209,1,0,0,0,6,0,1
35151.06347327898,563.9313150529706,8.500972870306875,0,0,0,0,7,0,0
20000.0,617.0834792186814,12.843850493686858,0,0,0,0,12,0,0
20000.0,698.8884876356819,5.603195562536399,1,1,1,0,3,1,1
20000.0,559.3693749316582,6.124500916273805,0,0,0,0,5,0,0
40282.73440352234,524.1593165880399,9.206224735241651,0,1,0,0,5,0,0
56356.37536486652,655.0462140343392,10.586612663737366,1,0,1,0,4,1,1
80311.3793984979,514.2833476442823,8.533030157568197,0,0,0,1,10,0,1
36627.27620609453,546.0957156758511,6.811828358152301,0,0,0,1,10,0,0
23541.177071984777,710.5275294805145,7.701693087365047,1,0,0,1,12,1,1
20000.0,633.6171793915412,5.528128041658878,1,1,0,1,10,1,1
64401.90853712312,752.8389559767188,8.817328051947147,1,1,0,0,11,1,1
91495.8354598803,553.6148527250036,7.162779311581579,1,1,0,0,7,1,1
87989.90803868866,642.4838107494172,7.68595886282709,1,0,1,0,5,0,0
71297.98244441712,681.9667642566208,6.337543023587902,0,0,0,0,3,0,0
69156.29951802797,556.3588055896873,5.245395061324947,1,0,1,0,4,1,1
100928.71339128024,732.54095235997,7.306292275784476,0,0,0,0,2,0,1
59962.44384250432,690.8543106532832,9.38094970364789,0,0,0,0,12,0,1
69383.89028072514,521.2570330650053,6.988258426512746,0,0,0,1,3,0,0
40376.48414444003,646.980656303312,5.295729400703627,0,0,0,0,5,0,0
20000.0,680.8765389006907,10.900356885877185,0,0,0,0,1,0,0
29484.532985012713,602.7954661177554,6.696051725008635,0,0,0,1,12,0,0
49725.22884396034,531.6108075592949,5.351320522370955,0,0,0,0,12,0,0
51823.56117503909,672.2767031557928,9.77863964049947,0,0,1,1,4,0,1
107788.5756456618,826.899436022605,6.250369419202125,1,0,0,0,12,1,1
52438.31502773206,619.0412720673847,9.983609400436888,1,1,1,1,5,1,1
85365.30332076931,775.5392945027767,5.838640050790916,1,1,1,1,5,1,1
36947.68275271052,589.8168942590826,7.266277216360361,1,1,0,0,8,1,0
40649.723427042976,667.2436508007961,7.208714220229453,0,0,0,0,3,0,0
20000.0,711.7218024700895,6.351621305448917,0,0,0,1,9,0,1
27730.159613702846,649.3269067222908,15.842266486317083,1,1,1,1,4,1,1
65809.44174091259,626.1811480895014,19.766498004791217,0,0,0,0,11,1,1
50226.805411823996,708.0902017080299,5.569453166363719,1,1,0,0,10,1,1
78288.15859691701,801.3164092215377,5.356766041234317,0,0,0,1,5,0,1
55437.61845035151,674.0469539711305,11.165639887988128,0,0,0,0,2,0,0
39426.38805086775,608.7151858775723,10.858277063846447,0,0,0,1,2,0,0
114448.90591360877,634.8198754192254,5.367795830692129,0,0,0,0,11,0,1
47182.89293860858,850.0,6.34468532924656,0,0,0,0,9,1,1
84890.02909115911,660.7925693070503,7.808456556707009,0,1,0,0,9,1,1
37963.72380365967,602.4469041137622,5.9497506292730415,0,0,0,0,2,0,0
71287.98438150699,558.3945666813968,9.743768812672538,1,1,1,0,1,1,1
77840.46977455061,503.92791247099154,15.017866436320196,1,1,1,0,1,1,1
56254.75911726742,679.0867419076952,5.40088939751282,0,0,0,1,12,0,1
20000.0,702.3713594259602,7.135898682436512,0,0,0,1,9,0,0
50547.57382568339,618.2643056027835,10.05028689644914,1,0,0,1,12,0,0
86913.80143279926,648.8023665575237,8.312232896422502,0,0,0,0,5,0,1
65824.42499083192,556.3630632569101,11.302306996719953,0,0,1,0,3,0,1
63375.1662568774,660.6342771862,7.467875357826331,0,0,0,1,1,0,0
20000.0,688.51962564537,10.640551900069926,0,1,0,0,4,0,0
28386.347879748235,607.186858626589,5.536354742333324,0,0,0,0,11,0,1
62340.72893454317,785.2362135668671,8.735897288074487,1,1,0,0,3,1,1
62311.49830360676,583.0314938602471,6.3517332624090965,0,0,0,0,5,0,1
86440.00340398707,672.6781283215186,11.759679338027286,0,0,1,0,10,1,1
45653.99734561717,717.8653775763685,12.671545302374016,0,1,0,0,8,0,1
62174.72260021443,643.8168399880494,5.948700000078622,1,1,1,0,7,1,1
50491.22725793881,634.9218544884407,7.165541482361093,0,0,0,0,11,0,0
20391.717904953293,535.6907079640271,9.242835465266076,0,0,0,1,5,0,0
20000.0,758.5873196573027,7.177705489941958,1,1,1,1,10,1,1
62930.2907639023,636.4085438665924,6.748972870394175,1,1,0,0,3,1,1
55218.41625238434,692.989233994786,7.096277611104352,0,0,0,0,5,1,0
31454.74873699493,703.8176390288113,11.749424700710849,0,0,0,0,12,0,1
20000.0,599.7361206385798,10.560381652997908,0,0,0,0,11,0,1
68892.18543226214,634.1977116567028,14.529469435046076,1,0,1,0,11,1,1
42022.39777413344,756.7585880594803,6.289835831220003,0,1,1,0,1,1,1
66706.24167104436,560.6241867407643,5.982733925565327,1,1,0,1,3,1,1
105921.45591235274,820.2334459805805,10.053309036471637,0,0,0,0,2,1,1
20000.0,590.410177177898,7.997831891447318,0,1,0,0,1,0,1
29011.975738929086,555.638603468759,7.332433069652751,1,1,1,0,5,1,0
43718.731600642604,660.5847216550827,5.308768134240152,0,0,0,1,1,0,1
93644.78522439951,826.6678611471897,6.840110004414409,0,1,0,0,2,0,1
20000.0,497.1227251526236,6.3456394771754265,0,0,0,0,1,0,0
108075.83077041814,638.7187425208247,8.858777229161522,1,1,1,0,10,1,1
54075.67704698871,688.1012013805245,8.291484292558568,0,0,0,0,8,0,1
47119.98014798425,652.6919966828425,8.13553680904119,0,0,1,0,8,0,1
44058.20710343281,680.5537336002408,5.011881249288622,1,1,0,0,1,1,1
36912.10903459914,592.557353426218,11.224540721895771,0,0,0,0,7,0,0
81443.50277807465,602.0222523254895,9.989714460088372,1,1,0,0,3,1,1
20000.0,638.126188227264,5.542097190116809,0,0,0,0,3,0,0
60362.42544931561,559.6089529677799,5.51070017765566,1,0,0,1,2,0,0
38474.550028790734,646.4250878847848,5.760926137026794,0,0,1,0,2,1,1
27135.99654457706,618.9003765062799,5.180174137332435,0,0,0,0,10,0,0
127579.25527051688,612.3963851876105,15.075800827552854,1,0,0,0,6,0,1
62571.5220426038,675.6405130078911,5.506953735963494,0,0,0,0,5,0,1
68397.96633983431,504.3472405440557,6.516318597949104,0,0,0,1,6,0,0
84133.30342005988,631.6727917293478,5.404527141446039,1,0,0,0,10,1,1
20000.0,835.3883012491889,9.07982017004132,0,0,0,1,3,0,1
102568.75727366094,563.11122509395,5.19851355750986,0,1,0,0,7,1,1
20000.0,752.8400397187531,7.738913434544983,0,0,0,0,11,0,1
26937.007698844383,654.3724896730159,6.584183857608865,1,0,1,0,10,1,1
36229.04980463299,601.7633752894866,6.161662307370577,0,0,0,0,4,1,0
67451.70094911518,544.3486672376155,5.443503195527808,1,0,1,1,2,1,1
56561.54798424463,661.1745572228185,11.395688456768305,0,0,0,1,7,0,1
44995.557779048206,766.2717684651741,5.972313180151858,0,0,0,0,4,0,1
49640.07966116828,618.8631083842589,8.944084096684282,1,0,0,0,1,0,1
20659.309294322953,643.5230860210581,6.278041708531501,0,1,1,0,9,1,1
20000.0,730.8296680152266,13.456988998931221,1,1,1,0,11,1,1
71795.3486700818,677.2696633077024,5.5495948270115205,0,1,1,0,1,1,1
70811.18337608557,524.2179376220337,10.248249375131255,0,0,0,0,1,0,1
97534.83125471175,657.9109772684147,10.365623072535417,1,1,1,0,7,1,1
26299.48709554376,770.9787928532479,5.598930938032196,1,1,1,0,7,1,1
70784.45630902768,647.0447050826001,8.941727223477146,0,1,0,0,9,0,1
41488.79814905805,430.68084564180987,9.364554532785938,0,0,0,1,5,0,1
85714.24955580448,681.0571993272858,10.119204689103324,0,1,1,0,2,1,1
80658.88330034426,634.1234848364771,12.473015325382015,0,0,0,0,12,1,1
56336.2819767337,503.6724468863026,7.01972381844724,1,1,1,0,8,1,1
39814.0953000204,515.6633527956973,11.022260740378421,0,0,0,0,3,0,0
78827.96535824783,728.0085714631047,8.993328546289884,1,0,1,1,5,1,1
69407.13569769697,591.4093803523936,8.284489038434025,0,0,0,1,6,0,1
29466.787937414523,577.4002895411206,5.632188487406468,0,0,0,0,3,0,0
20000.0,647.1489151254665,7.9053442969574945,0,0,0,0,6,0,1
41344.01297954611,598.4637601344049,8.716466419206794,0,1,1,1,5,1,1
95462.41446044628,658.0038902222196,10.894412440651507,1,1,0,0,11,1,1
84394.61476199115,633.7823976450663,7.753335735364203,0,1,0,1,7,1,1
20000.0,554.0003535925085,8.557192477173839,0,0,0,0,10,0,0
20000.0,609.1041761150892,9.320667104460544,1,1,0,0,2,1,1
88240.5154903846,685.4202657047283,9.685604960850473,0,0,0,1,8,0,1
20000.0,653.3534432190901,6.264646306561612,0,0,0,0,6,1,1
65278.859709260236,643.4446014086535,7.444905080581563,0,0,0,1,1,0,0
31517.86353991029,804.9907392943508,7.5018541601826465,0,0,0,0,11,0,1
98511.34773565047,708.4830020308428,7.332847099151756,0,1,0,1,11,0,1
26887.256025863633,718.1953011857074,8.38727539102935,1,0,0,0,2,0,1
84300.84590617484,636.722527376406,13.22520404077008,0,1,0,0,3,1,0
55545.75962181094,667.611615228102,12.257402305559099,1,0,1,0,3,1,1
57565.845627028604,615.5120008379446,7.420140563247077,1,0,0,0,10,0,1
20000.0,712.2039812419303,6.721613690926753,1,0,0,1,3,1,1
20000.0,641.1680076720766,6.319144905041185,0,0,0,1,11,0,1
43383.02179198058,667.7902199144445,11.199986504074687,0,1,0,0,5,1,1
57407.18190249835,662.8489041724134,5.451229551685851,1,1,0,0,9,1,1
20000.0,648.5466494875636,5.3981663275829925,1,1,1,0,6,1,1
20000.0,850.0,7.304046744953524,0,0,0,0,9,0,1
66844.17889478398,596.6704578004222,6.237396688006338,1,1,1,1,3,1,1
66885.63441371391,595.9430775873046,14.525169578861892,1,1,1,0,9,1,1
45867.768188362184,705.5277397449405,9.389091720499966,0,0,0,1,4,0,1
73406.05163558225,602.3864800739857,8.687305166029159,0,0,0,0,7,0,0
20000.0,626.6874910920885,11.924787606557445,1,1,0,1,1,1,1
39321.95248739088,563.0871237315505,8.773522741183085,1,0,1,0,10,1,1
99436.3281735102,689.3246335522069,5.731394619903756,1,0,1,1,3,1,1
52049.66389819453,690.3405795587321,9.393529317589268,0,1,1,0,4,1,1
53789.37543760998,624.7846352061244,7.080860103579016,1,1,0,1,12,1,1
119178.39757903219,707.1853350784058,7.704992708938462,0,0,0,0,8,0,1
20000.0,501.3499989013127,5.135158782320641,0,0,0,1,1,0,1
73892.91099926332,593.4517278788525,9.761607953701397,0,0,0,1,7,0,1
99919.58839424298,636.4016651031255,10.129802958674492,1,1,0,1,4,1,1
40254.26220504362,556.2174002477637,9.418306515070613,0,0,1,0,11,0,1
75788.92360564538,510.10295700650227,6.118156675771244,1,0,1,0,3,1,0
20539.41508367286,625.3683227969242,5.384824399601746,1,0,0,0,8,1,1
29398.028132979452,705.5216069648593,5.2252955859733206,1,1,0,0,5,1,1
61548.99248142903,752.5686713141209,7.303336640817932,0,0,0,0,6,0,1
73957.00019331771,606.2169693435702,8.722598258230946,1,1,1,1,2,1,1
83628.09537218738,708.6572670097275,10.477742446485713,0,0,0,0,1,0,1
97088.8576081848,700.9233630460534,7.000432432114902,0,1,0,0,12,1,1
47976.603243344536,747.4886539467598,6.553114234792395,0,0,0,1,7,0,1
85808.35265517764,621.9847175716799,6.134988724231644,0,0,0,1,8,0,1
39730.85469652553,506.1199603852261,10.076182845415506,1,0,1,1,3,1,1
77062.73934764805,655.6148681938196,8.081668987196837,0,0,0,0,6,0,1
56224.663935565455,568.8965007224222,7.132959476621716,1,0,0,1,12,0,1
63370.337212457714,592.1195912750394,5.887998378517245,1,1,1,0,1,1,1
62705.23622066112,625.9024684757454,6.73675382286222,1,1,1,0,4,1,1
20000.0,622.8857894920686,8.41578062713378,1,0,0,0,12,1,0
20000.0,661.3247413516635,9.788629682768084,0,1,1,0,2,1,1
53076.24319452567,706.2525053135694,7.778027401882701,1,1,1,0,1,1,1
20000.0,620.5811533379227,5.1716879534439535,0,0,0,0,12,0,0
74936.33309599267,681.6558005286404,9.619936800730667,0,0,0,1,3,0,1
76146.67898864426,651.1852807944405,5.678079030946437,0,0,0,1,11,0,0
59815.11658633371,724.8395516702756,5.77775250894258,1,0,0,1,2,1,0
20000.0,634.9126519114947,6.589193646172811,1,1,1,1,5,1,1
91404.16816605545,643.6858659380356,9.646131604846548,0,0,0,0,9,0,1
111116.31919155073,620.0479641600874,14.842474488890925,0,0,0,0,8,0,1
54412.30482337922,637.0201168033203,6.5349181811397195,1,0,0,0,12,1,1
65316.06135353709,587.3209497323301,14.409749782517911,0,0,0,0,2,0,0
56052.159643881314,579.3922171085189,5.954250691717769,1,0,0,0,7,1,1
65911.07566996398,712.061230822618,8.048726332795704,0,0,1,0,11,1,0
46413.237301208115,563.3438653452318,10.404424816855206,1,1,0,1,12,1,0
48963.0728046859,624.4705528241677,9.89223033556556,0,0,0,1,3,0,1
77171.52801492096,731.2274229016797,11.793199326841822,1,1,0,0,6,1,1
120368.72485689321,621.7839363997115,5.254567970852671,1,0,1,0,12,1,1
20000.0,716.299236294846,6.36315310481611,1,1,1,0,9,1,1
46885.62546791099,602.7163423418526,6.1146189215663735,1,1,0,1,3,1,1
20000.0,565.9069114919845,6.471886557943526,0,0,1,0,10,1,0
97760.7469572825,522.4139316079344,8.894396257471756,0,0,1,0,10,1,1
32367.860920403047,755.0179255418129,9.527496095584146,0,0,0,0,2,0,1
20000.0,559.0503054692467,6.08936272052651,1,0,0,1,2,1,0
69145.6099654572,709.7749272100075,9.738654147110417,1,0,1,0,5,1,1
102329.33344229334,570.0042378565295,7.802187263330007,0,0,0,1,6,0,1
69907.93605682289,755.3907134351857,8.488275097869902,0,0,1,0,4,1,1
56143.93631845752,826.5426179692081,10.623711613892247,1,0,1,0,6,1,1
62274.227683279816,515.0775952247731,7.844877090731462,1,0,0,0,4,1,0
92445.21988476664,563.2194852672949,5.505957827690211,0,0,1,0,12,0,1
23774.021899575502,711.850549104258,11.828884739815436,0,1,1,0,5,0,1
46644.58687741061,691.0434338692652,10.808174380796736,1,0,1,1,7,1,1
36419.295544714,712.1537483808154,5.92284357656708,1,1,0,0,6,1,1
20000.0,604.09955596765,6.642261288495238,0,0,0,0,2,0,0
40148.74221749593,809.0027328818694,6.449455823589394,1,1,1,0,9,1,1
83231.63287947346,659.443957335182,8.810986383875722,0,1,0,0,10,1,1
66998.06445178177,552.6429938525184,11.935897793868651,1,0,0,0,5,1,1
69329.31500324601,629.7481199965644,9.02565001223551,0,1,1,0,9,1,1
54394.268349599544,553.7146483016934,8.47321726170976,0,0,0,0,5,0,0
65699.71348185766,777.2753086843284,7.762172523635318,0,1,0,0,3,0,0
25982.289729556836,597.1734989759907,6.2194639128942635,0,0,0,0,7,0,0
40714.70342218312,689.3986787795698,12.240180414657802,1,1,0,0,12,1,1
55760.127109060304,612.3461484014256,11.236385284326113,0,0,0,0,8,0,1
58325.47576645671,600.7690152189989,5.318765203915562,0,0,0,1,12,0,1
59605.63564765619,497.17966549751594,6.956160659762018,1,0,0,0,5,0,1
45849.94153950866,697.8539682392453,8.842372601083412,1,1,1,0,9,1,1
38677.29796609011,753.9345002103347,6.414263457500672,1,0,1,1,3,1,1
144733.13849132892,576.7225934907879,11.90918071466597,0,0,0,1,8,0,1
77203.61818797197,526.3816708001063,9.957917774985813,0,0,0,0,11,0,0
62394.42427857867,714.2652834190263,6.941846891698271,0,1,0,1,2,1,1
43003.74505380818,518.3006920715,9.141967447851723,0,0,0,0,10,0,1
36463.435191683704,747.5626348758607,6.39871641914557,1,0,0,0,1,0,1
46075.98218819133,577.6483901636303,10.199539659888329,0,0,0,0,7,0,1
58784.8653076005,561.7365805740299,5.68335210246592,0,0,0,0,10,0,0
20000.0,669.8769936905034,5.600471869439292,0,0,0,0,12,0,0
20000.0,566.948857199085,6.338588634535794,0,1,0,1,5,0,0
30893.528331831272,593.4311134965433,6.801857999491417,0,0,0,0,12,0,0
56214.183103357056,678.3185546136805,11.450961476204714,1,0,1,1,7,1,0
42821.80558544446,455.67101302666833,6.348965846012832,0,0,0,1,3,0,0
94343.63678298453,781.3935396742658,12.697818387451811,1,0,1,1,3,1,1
20000.0,653.491210597259,5.124318072949047,1,1,1,1,1,1,1
27459.63591189889,546.5627190077178,12.196623296129843,0,0,0,1,3,0,1
95602.75222973304,568.6203704570527,5.202019561945146,1,1,1,1,1,1,1
53933.579740254405,729.3317102608642,5.024476018350994,0,0,0,0,4,0,0
76545.27748403476,698.0842348059283,6.613379870714162,1,1,1,0,10,1,1
111537.4082980839,760.9424525828169,8.44914286720637,0,1,0,0,5,0,1
29185.867462945323,595.3805724156612,9.190353689003752,0,0,0,0,10,0,1
47020.569866239035,673.7267069720642,11.44017039750372,0,0,0,1,9,0,1
41827.192972073855,684.1254329426943,5.232824212532321,1,1,1,0,1,1,1
20000.0,705.621400020179,13.043763538240215,1,0,1,0,8,1,1
40688.09588732093,740.1824898745656,5.4764022739908285,0,1,1,0,4,1,0
76431.86562141996,592.6188875324523,8.325392561205254,0,0,0,0,4,0,0
66217.68625436723,640.8663785791615,5.3188045057573445,0,0,1,1,1,1,1
68572.4950816403,601.1880203535884,6.534663761256245,0,0,0,0,12,0,0
38734.73058081501,645.7910501314899,9.705832628528615,1,1,0,1,8,1,1
30317.08291983076,705.8746225650381,8.476416752828031,0,0,0,0,5,0,1
88077.67015695861,517.6771599791439,7.3374102331014495,0,0,0,0,3,0,0
35080.48560926991,738.7497255567429,10.338036288448512,0,0,0,0,5,0,1
58822.461163796426,558.8654300589001,5.373098335267608,0,0,0,0,7,0,1
54900.04042032616,625.4103744242215,7.2658545967284915,0,0,1,0,9,1,1
93851.51048771355,749.5153539972899,11.406370058099867,1,0,0,0,11,0,1
79142.37073017079,676.2407774386725,10.659277829903942,0,1,1,0,9,1,1
20000.0,677.1623958610928,10.063839295201328,0,0,0,0,7,0,0
20000.0,555.5499163763911,5.233719013771188,1,0,0,0,9,1,0
67367.29454207403,566.4731251340927,6.831812000813427,1,1,0,1,12,0,1
48069.87057862501,725.3005117335135,8.836751848383653,0,0,0,0,9,0,0
36344.84648138708,602.8685163612488,6.567532118483804,1,1,0,0,12,1,1
80468.83651983412,610.407050136012,7.990139887381909,0,0,0,0,3,0,1
55623.78146266733,727.116100084377,6.426784389088223,0,0,1,1,5,0,1
51573.72160668332,566.0069163704378,9.00747523048761,1,0,0,0,2,1,1
73394.85922265149,671.5388106309007,5.913251458876996,0,1,0,1,10,1,1
38746.73015169307,653.4325860934154,11.410228762726575,0,0,0,1,5,0,1
97055.56956417662,649.7851419309407,6.392319534793968,1,0,0,0,7,0,1
26358.571303009758,608.5251494497996,6.955669693365563,0,0,0,0,5,1,0
69707.87199026265,603.6115854829337,5.371807238761477,0,0,0,0,8,0,1
93014.98515979534,563.7308668964108,9.99230381035927,0,1,0,0,10,0,1
20000.0,688.6132020833045,6.224740544991077,0,0,0,0,2,0,0
39699.944724426525,596.5480646786611,6.719896920906431,0,1,1,0,6,1,1
84266.22178656673,727.4995696933802,7.446678032394358,1,1,1,1,10,1,1
84717.33643193074,632.0355966727477,6.640648891324787,0,0,0,0,6,0,0
44855.13198835282,565.3239608463169,15.93556171009054,0,0,0,0,4,0,0
27959.867189694218,630.9748894281263,5.688830972621155,0,0,0,1,1,0,1
78678.07466992286,617.1314240690821,11.713576168572613,1,1,1,0,6,1,1
85506.47307744814,730.7282729382442,9.853068768033992,0,1,1,0,9,0,1
20000.0,620.4799848598774,7.428509215398709,0,1,0,1,12,0,0
20000.0,627.9031695039739,5.9267552838210005,1,1,0,0,1,1,1
56757.700459507985,762.9237364393948,6.859683564367112,0,0,0,0,6,0,1
68880.81900286676,690.6613857170679,6.573386064105765,0,0,1,1,12,1,0
41027.92744309835,783.0164812802798,11.476064983990522,0,0,0,0,4,0,1
70378.81459947048,750.7236003251124,5.806531749360584,0,0,1,0,9,0,1
28695.901794878537,579.0269929309716,10.880134347243704,1,0,0,0,9,0,1
20000.0,729.1960683520086,18.813416332751068,1,0,1,1,7,1,1
37282.96783002212,772.0242633659673,6.5382382425535415,1,1,0,0,1,1,1
51896.964395393035,772.6250505858736,8.943654165040432,0,1,0,1,3,1,1
41724.801203106304,729.047678686135,5.398850869583216,0,0,0,0,1,0,0
20000.0,727.4018395927341,8.236310492053597,1,0,1,1,5,1,1
20000.0,625.787116505956,8.523635936786391,0,0,0,0,7,0,0
34577.33586896307,583.009433252034,8.061096533145069,0,0,1,0,5,0,1
76929.6731494923,621.8226144882035,7.699501439666264,1,0,0,0,3,1,1
87685.92318241048,516.816879885379,8.104943953931341,0,0,0,0,5,0,1
85631.40152415365,757.4236252337364,7.294575172546338,0,0,0,0,9,0,1
25522.713945543408,627.3365632465831,9.831955291244693,0,0,0,1,3,0,1
20000.0,753.3064583251968,9.286938905468034,0,0,0,1,10,0,1
64899.03844939686,551.480033822272,6.516487617877489,0,0,0,0,6,0,1
69053.00034793776,736.6099936801768,9.210009461742086,1,1,1,1,2,1,1
62005.08815601492,610.4095473456545,9.148565439656501,0,0,0,1,4,0,0
20000.0,547.250447335266,9.011635363120927,1,1,1,0,7,1,0
23993.462453496002,780.1694441727807,8.957245727600899,1,0,1,1,9,1,1
49109.336291420645,738.5849335472619,12.1050785372754,0,0,0,0,4,0,1
64616.54583891282,666.9433936148628,5.811537668040157,1,0,1,0,10,0,1
73019.2208780746,652.7150308107971,6.948105770434611,0,0,0,0,3,0,1
54327.6056684612,685.1608015055294,13.315220052166605,1,1,1,0,7,1,1
59923.51419614708,665.5702862333928,13.371427696341849,0,0,0,0,2,0,1
52545.96375083312,586.6179236662823,10.306780731906464,1,0,1,0,4,1,1
70568.5812265545,617.0358184172062,7.588015889442357,0,0,0,0,5,0,1
59385.969544727326,806.8574265630962,8.860112830259686,1,1,1,1,3,1,1
51972.12980141862,850.0,5.272414498308532,0,0,1,0,5,0,1
41948.936025878575,775.0134804184546,8.161680679052088,0,0,0,0,2,0,1
52438.74275127443,688.2579152130098,9.490646267999256,0,0,0,0,8,1,1
64537.74136517824,622.9800773838452,5.721896924952069,0,1,1,0,5,1,1
58024.261666941835,586.1451284882427,8.641535399243928,0,0,0,0,8,0,1
61424.79255035761,591.4174071655838,10.9783800070922,1,1,1,0,12,1,1
90281.65584053556,605.7385873050591,6.32969884408182,0,0,0,1,3,0,0
57954.91768239762,822.0931233140616,12.019078518484722,1,1,0,1,2,1,1
30530.04438580527,794.502583710608,8.775387022314614,1,0,1,1,9,1,1
76508.20357982507,709.7022711948315,7.018370422704377,0,0,0,0,5,0,1
20000.0,573.1509458869739,7.054222450875114,0,0,0,0,8,0,0
20000.0,721.444474136883,7.803156410024815,0,1,0,0,10,0,1
60075.41794160207,630.9106377191516,5.502193565316604,0,0,0,1,5,1,1
65491.90003359736,477.7592449084703,7.748912551232932,0,1,0,0,6,1,1
20000.0,672.9680509921008,7.122467088460608,0,0,0,0,12,0,1
38515.4755703975,582.6469567332756,10.002646031144597,0,0,1,0,2,0,1
31817.48503341024,585.355725672797,9.600912712968954,0,0,1,1,11,1,0
35399.710313552096,629.9673605145593,8.036615895788739,1,0,1,0,1,1,1
78307.93328818837,610.134162164607,5.004255541899928,1,1,1,0,2,1,1
71195.16390641758,647.2594544716793,7.302214755631962,1,1,0,0,2,0,1
49426.33460438877,643.4135559986236,9.870091329640472,0,0,0,1,9,0,1
33621.14218655216,499.9352725721895,9.584945228396364,0,0,0,0,7,0,0
20000.0,771.6222391106267,7.954580099031786,1,1,1,0,5,1,1
92605.54816345847,571.3298621641056,5.600217628884568,0,0,0,0,9,0,1
67763.41700854755,573.8081291895621,7.414038544625606,0,1,0,0,8,1,0
28799.92687780579,623.7157398567762,6.20095703968945,0,0,0,0,10,0,1
71587.98492874674,641.3332122104565,5.933243407528876,1,0,1,1,7,1,1
47893.29138276123,766.7183853465472,5.3359608932892195,0,0,0,1,5,1,1
41386.714854129714,671.5538761643921,6.907110765754915,1,1,1,0,8,1,1
63056.34584868807,695.3172387287627,7.579211276786041,1,0,1,0,10,0,1
27755.05250261825,671.9628950066625,10.54786190228739,0,0,0,0,5,0,0
39687.3044146967,668.5169265999018,6.128298838973247,1,0,0,0,11,0,1
53643.83192598638,674.7783602469607,9.909616069391685,1,1,0,0,12,1,1
35016.4642134436,495.38126859448494,10.264479814879817,1,1,1,0,5,1,1
70072.55630802573,630.0065212128377,5.297251561795836,1,1,0,0,5,1,1
106071.99511034782,742.9808888456926,5.683376015187123,1,1,0,1,2,1,1
27371.056021785716,850.0,7.266702359746446,0,0,0,0,9,1,1
20000.0,553.6552853968392,11.363130604173431,0,0,0,0,10,0,1
20000.0,683.8463968259482,5.1473432354714985,1,1,1,0,6,1,1
45485.955755150535,604.3162737700527,11.044580287777256,0,0,0,1,12,0,1
30105.062296214517,813.8121523117479,5.02250882097764,0,1,0,0,2,0,1
56235.81503201242,541.6973791366815,6.841023557270926,1,0,0,0,1,1,0
53977.930160783035,699.9951592252704,7.308886035707923,0,0,0,1,4,0,0
20000.0,537.4231120396648,7.264374701191015,1,0,0,0,4,0,1
20000.0,624.5146665551334,6.637390120995441,1,0,1,0,5,1,1
58877.997210382855,647.2549335400153,6.710789830534364,0,0,0,1,4,0,1
54062.86504159871,735.5753345391686,7.391948266367418,1,1,1,1,1,1,1
37225.460049003465,563.8266539073178,6.506713147818302,0,0,0,0,2,0,0
20000.0,703.0706439077908,10.345683708016338,1,0,0,0,12,0,1
64141.737882949725,651.5022178710358,8.225474706849663,0,0,0,1,6,0,0
88156.98636271831,671.8234709028784,8.39977154459478,0,0,0,0,11,0,1
58339.473206567665,726.6666171748113,12.833861461613349,1,1,0,0,10,1,1
24575.783283048062,547.395464559577,6.170428966022413,0,0,0,0,9,0,1
51336.56496713454,714.8475978518874,5.447520396276725,1,1,1,1,8,1,1
20000.0,604.4876117528461,8.398327469889438,0,0,0,1,7,0,0
81738.82141516378,737.669876398146,6.666484744283021,0,0,0,1,7,1,1
52455.33003588617,676.7646107630304,7.655921118833848,1,1,1,0,1,1,1
20000.0,633.2377294786355,7.837400153206653,1,1,0,0,5,1,1
40979.76918668952,602.7979224727343,7.091133891987677,0,0,0,0,4,0,1
63899.04530702693,715.8635995484265,7.320252189482511,1,0,0,1,5,0,1
40008.571370734324,750.8761348384742,14.208854718220978,0,0,0,0,12,0,1
41723.12835679478,607.3718767311852,5.629517777428246,1,1,1,0,6,1,1
20000.0,559.3594747374882,8.53213834890947,0,0,0,0,6,0,0
66996.22961244968,705.536883435618,5.763341191229028,0,1,0,0,10,0,1
30545.923999425875,534.117524637304,6.377991146013476,1,0,1,0,5,1,0
20000.0,545.5590049933622,11.64930633171475,0,0,0,0,3,0,1
38862.27887988818,564.983977957768,5.907465708002524,1,1,1,0,3,1,1
79434.4914671106,616.7639613569,5.622281427200987,0,0,0,1,8,0,1
38392.11660200158,543.0934488627644,5.35180038110059,0,0,0,0,8,0,0
102139.54955370561,494.89600724947377,5.48880381246386,1,1,1,0,12,1,0
62869.03845645551,559.1644644530302,9.883550079256047,0,0,0,0,8,0,0
60162.744868410984,701.3979557258095,9.274512122586167,1,1,0,0,11,1,1
46148.05202247173,548.2764742298586,10.512189291015401,0,0,0,0,7,0,0
47951.41376707128,622.7784257636664,7.216182283359014,0,0,0,1,11,0,1
42097.29094641488,805.735876989245,5.462283367226406,0,1,0,0,5,1,1
40931.91823752421,646.0660695978328,5.2070129571708526,1,0,1,0,12,1,1
65926.01486201446,677.4024791783675,11.821973775379575,1,1,0,0,6,1,1
21925.063106283033,574.3167985398758,5.134411189044822,0,0,0,1,6,0,0
20000.0,823.0779882960114,7.534548287930731,1,1,1,1,11,1,1
20000.0,606.6964408689257,12.367358298297116,0,0,0,1,9,0,0
111369.63643031463,631.7516252438787,7.141625034979882,0,0,0,0,5,0,1
65910.2870501174,755.3646942373891,11.281396526179222,1,0,0,0,11,1,1
59134.766050404345,635.4612604117104,6.681128298919549,0,0,0,0,7,0,1
20000.0,653.8311026140171,8.603967590283691,1,0,1,0,9,1,1
68700.26902024486,627.4649343368696,6.5236353345664115,0,0,0,0,9,0,1
46502.85960640014,628.0134097554218,5.676958253705567,1,0,0,0,1,0,1
56425.068233952494,679.6401608662474,10.166017622536177,1,1,1,1,12,1,1
20701.39052409332,694.2354551358485,5.216311397201975,1,1,1,0,7,1,1
54808.0657225273,598.5401255029947,6.353951208417094,1,0,0,0,9,1,1
37284.99385380551,588.7135635082457,7.230829926593911,1,1,1,1,4,1,1
27031.665289094366,601.2691128913949,9.412258604914316,1,1,0,0,3,1,1
72023.19007421746,537.8996788640186,8.339049738760346,1,1,1,1,1,1,0
20000.0,522.7655793184563,9.973020214188319,1,0,0,0,7,1,0
66943.28792942452,673.7733717779926,7.822622796953011,0,0,0,0,8,0,1
70534.58400658988,725.0876642540089,5.52491249251813,0,0,0,0,9,0,0
23610.68973346278,719.6836234516174,8.896374217941105,0,0,0,0,3,0,1
25390.146166025977,459.4406981490673,9.566512693707786,1,1,1,0,3,1,0
43309.22956200793,630.3947930365391,7.318037262548048,1,0,0,0,1,1,1
58461.08631386662,561.8326435525953,13.099514437317783,0,0,0,0,5,0,0
45414.35024557324,661.4989950256686,9.617695800959627,1,1,0,1,8,1,1
63006.873805756375,616.5741184952495,8.45026600498952,0,1,1,0,7,1,0
102889.38957612198,697.3529524995671,7.196426019499192,0,1,0,0,7,0,1
34768.49692550858,648.4677527678926,6.368108800992224,0,1,1,0,4,1,1
20000.0,498.3198484065689,10.455339520812416,1,0,0,1,1,1,1
74777.7074909196,572.6331301760367,6.609380593698192,0,0,0,0,7,0,1
100499.4372778259,650.4628091861323,8.747572113846616,1,1,1,0,3,1,1
61783.050891533734,657.2088343384869,5.473356065097638,0,0,0,0,12,0,1
20000.0,537.5458553836799,8.795435228412451,1,1,0,0,5,1,1
46283.22910294397,527.0832237163103,6.874062861542055,1,0,1,0,9,1,1
20000.0,654.4996270058543,7.815304614158931,1,0,1,0,3,1,1
69285.66481888843,537.7066155159578,8.957096180936865,0,0,0,0,12,0,0
20000.0,516.5096458799371,5.88484933515746,1,1,0,0,2,1,1
40996.136395154,614.3887589894927,8.000299506358129,1,0,1,0,12,1,1
20000.0,610.924312692908,6.526433681581429,1,0,0,0,11,0,1
53804.740554048854,579.7279618128559,7.893598551830548,1,0,0,0,11,1,1
39009.74968586727,593.701043462003,12.888446980958872,0,0,0,0,10,0,1
55302.863097507914,651.1068578577916,5.465915100123669,1,1,0,0,8,1,1
50670.51664899097,592.3869677056144,5.760759193597325,0,0,0,1,2,0,0
20400.229168276688,655.6557617331872,8.81484502163829,1,0,0,0,6,0,1
68806.31190587065,619.5625171106133,6.542756659445995,0,0,1,0,6,0,1
48537.03044470654,663.4120124309325,6.9374068058911424,1,1,1,0,2,1,1
20344.129764022986,720.2564452349316,6.927643865523849,0,0,0,1,5,0,0
117227.79668617378,717.1398276312476,5.006606868529744,0,1,0,0,11,1,1
64292.90500151374,753.0568376852866,8.774739879215552,0,0,0,0,1,0,1
45402.18339802084,717.0517517517728,5.259518931881106,0,0,0,0,11,0,1
92456.13580105471,669.0846025233443,5.698678222926296,0,0,1,0,12,1,1
105254.46828159821,615.3254689887884,11.143829193768264,0,1,0,0,7,1,1
45639.51733058345,618.9791261747021,5.274160145308863,0,0,0,1,2,0,0
60421.92459304286,579.7778154851352,13.047999872424437,1,1,1,0,12,1,1
20359.915459911776,650.3623432841247,7.064579477433027,1,0,0,1,9,1,0
45584.21747695965,705.7909982969547,5.254062230907597,0,1,1,0,12,1,1
44028.1233872039,591.9465917693584,8.068123177938283,0,0,0,0,1,0,1
55544.811008649616,647.022571306898,8.996639773807903,0,0,1,1,4,0,1
59982.814359110314,595.8110217022585,6.494736573880409,1,1,1,0,6,1,1
66794.8534648418,666.7483464150092,10.873973617448513,0,0,0,0,3,0,1
57129.27968899877,606.049329284004,7.5629754628624895,1,1,1,0,6,1,1
20000.0,590.8391542964758,11.188211686890629,1,1,0,0,4,1,1
21845.98682776745,595.602664405438,6.159359828228354,1,1,0,0,2,1,1
33607.77141608981,690.2663019076454,9.767988026145172,0,1,0,0,10,1,1
41532.78224230313,642.2600475735716,8.27599429389408,1,0,1,1,11,1,1
81523.2287141634,615.7262615999971,8.693347766809943,0,0,0,0,5,0,1
20000.0,670.9123602037769,12.507597101506725,1,1,0,0,10,1,1
39277.548554879,616.838702602588,9.002760465365942,0,0,0,0,12,0,0
78590.2849464215,740.1214314948562,7.949678960061654,0,0,0,1,8,0,1
41003.67576510163,572.0907077045395,6.759475849635278,1,1,1,1,2,1,1
63812.46949528472,635.0422789746175,7.191232214101707,1,0,0,0,11,1,1
45813.73871216289,537.61878226664,12.733170055248138,0,1,1,0,6,1,1
57703.49771974169,622.2500486487925,7.122271318751146,1,1,0,1,8,1,1
43145.82368571378,515.6291601834696,6.551007658104516,1,0,0,0,6,0,1
70011.96418185062,709.7053218047301,11.464709892699302,0,0,0,0,5,0,1
20000.0,711.3203013604464,7.306705246157204,1,0,1,1,3,1,1
39100.639748343645,712.7336138979581,8.943596931796979,0,0,1,1,8,0,1
58897.18030082925,652.3097984139574,8.624451492089566,0,0,0,0,12,0,0
66010.85744018579,579.6103676231926,7.120718732702944,0,0,0,0,10,0,0
94788.57868261484,585.9727494371241,9.158873430715841,0,0,0,1,12,0,1
38269.259994032705,772.4137644176417,8.205046184143264,0,0,0,0,2,0,1
94384.45285582618,764.8541683039837,9.900972831133775,0,0,0,0,10,0,1
30229.285200209884,659.8044125560617,7.399097476726052,0,0,0,0,9,0,0
89859.3923463393,608.7492772735739,6.456965291617105,0,0,0,1,8,0,1
74524.01380095117,759.4898738158809,6.281960260154632,1,1,0,0,6,1,1
22596.242611033318,594.4397470892152,11.188895973112704,0,0,0,0,11,0,0
59211.17711755466,668.3079366476726,7.695288311038615,0,0,1,0,9,0,1
48462.92493403425,758.1565844318767,8.093064859054405,1,1,1,1,6,1,1
68767.53781025001,583.0929200268298,8.501674017780376,0,0,0,0,8,0,1
43301.85234700071,716.337886850969,5.371927448819952,1,0,1,1,12,1,1
40782.613230148054,691.6448636675095,10.232075897856626,1,1,1,0,12,1,1
91072.83748288554,646.8386766214751,5.576003644515471,0,0,0,0,5,0,1
47038.37316632981,570.5253120693508,7.253284618344031,0,0,0,0,7,0,0
74792.66972575299,592.0448191917379,9.88668593513507,1,1,0,1,2,1,1
43239.45544867401,673.1560858280527,8.161544384620447,1,1,1,0,1,1,1
99999.8977768257,536.1330564094891,8.386509444804075,0,0,0,1,8,0,0
29649.9611199352,660.45950872146,8.8781548489439,1,1,0,1,5,1,1
31575.694062584458,693.284078724933,5.864733856774909,0,0,0,0,9,0,1
95735.51543347709,728.817613824728,5.1772747322897965,1,1,0,0,7,1,1
36651.60827314241,538.1314340431823,12.259047148511398,1,0,0,0,4,0,0
98032.22918493178,755.299783772902,10.588370905576127,0,0,0,0,5,1,1
76755.21738784439,785.6290795343948,10.145137745467125,0,1,1,0,3,1,1
45360.508803175,682.8121254170875,9.260507586010283,1,1,1,1,5,1,1
20000.0,566.9561134860271,10.032732433006784,1,0,0,1,10,1,1
49420.45087184493,623.7512569311807,10.381654697533325,0,0,0,1,4,0,1
53048.90160600274,646.1922203905194,7.635311108561611,0,0,0,0,3,0,1
85016.5319991312,671.6370806984445,6.245212430041342,0,0,0,0,8,0,0
97653.41528720336,651.7585242114882,5.683065076617467,0,1,0,0,4,0,1
29450.38462568757,672.4932114315693,12.423743654135857,1,1,0,0,10,1,1
74035.45291964548,642.7402594128702,10.016746537274727,1,0,0,1,4,0,1
72962.06468040048,671.2085675609794,7.3791927850442836,0,0,0,0,11,0,0
82202.38107231335,613.1581263070949,7.213958654231288,1,1,1,1,8,1,1
64960.697364066335,622.9450626414025,18.41829355666551,0,0,0,0,5,1,0
20000.0,603.9179863618666,9.308523280927544,1,0,0,0,5,1,0
45337.32702416721,803.3807627603258,7.503939174013746,0,1,1,1,5,1,1
20000.0,767.1120628939458,8.263689143330216,1,0,0,0,11,0,1
43921.82681245779,694.4235352010893,5.801055436807452,0,0,0,0,6,0,1
79400.12708401681,756.0247197814191,6.852203826926998,1,1,1,1,5,1,1
59154.52507624918,713.8769071182306,8.830045953292661,1,1,1,1,1,1,1
84442.72599192298,664.5016927611244,6.0662737452148825,0,1,0,1,1,0,0
60252.61762140618,529.5542927184254,8.567436281525671,1,1,1,0,6,1,1
20000.0,629.0268863899888,7.904840619047924,0,0,0,0,2,0,1
20000.0,623.1969686385319,6.501152032111442,0,0,0,1,3,0,1
54464.26285038771,559.3539861526274,6.251386382423906,1,1,0,0,6,1,1
43582.20600946504,531.1070180314707,6.4412060750400855,1,1,1,1,2,1,1
20691.627818543537,689.417547725362,8.659626419762253,1,1,0,0,6,1,0
20000.0,675.960345789665,7.900387420461367,0,0,0,1,12,0,1
27957.703595818723,556.608241594591,6.440431269017499,1,0,0,0,6,1,0
44165.25545405672,590.3297194851049,8.079383614294679,0,0,0,0,2,0,0
69976.33471119171,742.8977818523331,10.142220668767418,0,0,0,0,10,0,1
55658.932447039406,579.7842789186751,6.568617431635344,1,0,1,1,2,1,0
98242.01741518186,663.6639123147042,7.03433191565199,1,1,1,0,7,1,1
20000.0,634.8177360345616,13.050701255956286,1,0,0,0,12,1,0
76431.766761723,690.5090776849651,9.813075158576186,1,1,0,0,12,1,0
51418.96229386184,581.5113877874855,5.934387742635931,1,1,0,0,9,1,1
70840.07372355754,657.2066782032085,5.822150659668671,1,0,0,1,1,1,1
36904.5541020337,663.4978061876702,5.974169001482602,0,0,0,1,8,0,1
82150.4112167177,668.4144644983376,6.531024446270245,0,0,0,0,4,0,1
58856.74275035728,656.3259086370091,10.903414890945644,0,0,0,0,6,0,1
29616.65045246752,677.5687456475288,8.498194096596205,1,0,0,0,3,0,0
49639.27913260436,825.3416265640649,9.735107945936406,1,0,0,0,10,1,1
42813.32423188702,850.0,9.144912507412263,0,0,0,1,11,0,0
64675.35051913381,598.8627087370622,7.311807129376205,1,1,0,0,1,0,0
20000.0,464.5405615718001,6.958010416162674,0,0,0,1,12,0,0
49119.44893652917,697.6396240577578,8.619023632261966,1,1,0,0,1,1,1
61859.217579479926,664.9001967921013,9.483178949968401,0,0,0,0,12,0,1
50990.699215791,734.8833487346865,5.1317134670277955,1,1,0,0,5,1,1
90408.23733166986,672.7908719772254,9.481068602587841,0,0,0,1,4,0,1
73220.68322213157,654.6883151620575,9.411657879061092,0,0,0,0,11,0,0
49775.5760977776,740.3125276701778,6.472259750987765,1,1,1,0,8,1,1
56500.67292493019,751.5024470731073,8.787001756543502,1,1,1,1,11,1,1
58869.96654445999,539.0751952975202,5.775396537690152,0,0,0,0,3,0,1
62098.98812500472,584.6715050288333,11.596001728838006,1,1,0,1,3,1,1
20000.0,641.5525632569057,5.8471373081821465,1,1,1,0,2,1,1
40954.21112691959,657.8750099139667,8.107142129666046,0,0,0,0,9,0,1
20000.0,631.9213437318201,9.346914207494688,1,1,0,1,5,1,1
88348.42842378459,684.7365742289509,9.072525936738865,1,1,0,0,9,1,1
48174.514399912165,729.688383145368,5.51383646295926,1,1,1,1,7,1,1
44199.77150961132,787.8167768576583,7.704189512677928,1,0,0,0,8,1,1
76903.91996099705,696.313041901832,15.631853041812967,1,0,0,0,12,1,0
62669.74392349624,581.8133057237512,5.978688137387754,1,1,1,0,7,1,1
20000.0,638.2099019841745,7.047096753984949,0,0,0,0,5,1,1
47872.839124178936,643.9718206992354,10.575038143667458,0,1,0,0,2,1,1
39944.99080320846,691.1712191984927,5.250729371793701,1,0,1,0,8,1,1
20000.0,681.0534426747154,9.367254134617824,1,0,0,0,5,1,1
29291.713002883862,814.0317320889208,14.064913145678874,1,1,1,0,8,1,1
44493.790339506035,613.0789491796073,5.968609629290041,0,0,0,0,5,0,1
46551.472055244725,680.7800427013442,7.836586359846089,1,1,1,0,12,1,1
20000.0,838.3769118195273,8.078010226073868,1,1,0,0,1,1,1
84549.96749142426,603.1834482477119,8.852529448260796,0,0,0,0,10,0,1
46936.90823325683,661.6118956936284,8.987496476611568,1,1,1,1,9,1,1
51126.59229981689,574.4095599100788,7.489709518111051,0,0,0,0,5,0,1
62019.2491501951,656.5669519701945,6.174724759838471,0,0,0,0,2,0,1
26357.712382889866,587.5826281489886,5.732405567531517,1,0,1,1,4,1,0
63690.67919398089,733.7440722793077,11.27247435952317,0,0,0,0,1,0,1
38987.76061945451,661.7855087225116,6.4278328089053,1,1,0,0,4,1,1
23102.433780584255,575.1682192014165,10.83263116543045,0,1,1,0,5,1,0
67203.42480066197,717.2454158233337,7.352989605267062,1,1,0,1,2,1,1
94750.21576405423,664.373283109727,8.66855464608205,0,0,0,0,6,0,1
71744.88120457495,726.2255021778764,9.924231613422261,1,1,0,0,4,0,1
77689.32695421293,558.1869897641801,5.855794597963541,1,1,0,1,5,1,1
34381.081803131034,679.5059529798929,7.281362049735941,1,1,1,1,12,1,1
20000.0,711.8673355715767,11.352397329441672,1,1,0,0,12,1,1
94704.12566299524,616.1298007811411,7.33436253502472,0,0,0,0,10,0,0
111635.44668214279,549.2797818425479,9.542745967236018,0,1,1,0,10,1,1
96284.20321309046,646.6714003703685,7.785931871667134,1,0,0,1,5,1,1
39926.421830607505,748.2492235024743,6.830936170278827,0,0,0,1,4,1,1
20000.0,740.0744264507246,7.170303643703363,0,1,0,0,1,0,1
20000.0,615.7257252195539,5.400900918278269,1,1,1,0,5,1,1
20000.0,547.3531650898846,6.768639955407092,1,1,1,0,4,1,1
46778.64144769864,615.5056223720342,5.814715364207265,1,0,0,0,6,1,0
98170.33874247363,612.521787941447,6.835755819858322,0,0,0,0,7,0,1
45750.1210438327,685.7157426643822,7.022859446239897,0,0,1,0,4,1,1
59069.68701044825,641.5998797676702,7.104980176958396,1,1,0,0,11,1,1
91267.90892912625,589.7388630610286,5.0702313503331276,0,0,0,0,3,0,1
37877.14064502801,738.3410453808534,6.887242086145413,1,0,1,1,1,1,1
111065.94370158785,661.2340693955867,5.983539048933099,1,0,1,1,2,1,1
109762.8322249236,684.8332522184753,5.391607343697672,0,0,0,1,1,0,1
46066.65983958552,512.0011652694986,10.781513348245117,0,0,0,0,9,0,0
32673.972079423616,456.05881034421714,7.546636986279713,1,1,1,1,4,1,1
70917.14139170939,534.9963374844474,5.259622062371143,0,0,0,0,7,0,1
39574.25172443426,611.556525951458,10.40396414155541,1,1,1,0,6,1,1
20000.0,696.1084814091047,7.479694647258322,0,0,0,0,1,0,1
88437.1596056894,462.62025036741613,14.538579913487489,1,0,1,0,2,1,1
86493.4216183124,777.428165149759,9.517033459284775,0,0,0,1,4,0,1
54665.348112906824,663.6452821416101,6.535255650601718,1,0,0,0,6,1,1
20000.0,758.8235994359928,8.334869114114925,1,1,1,0,5,1,1
20000.0,579.1223934020697,5.467480015813347,1,1,1,0,3,1,0
53216.87865257458,690.3087947337992,8.25967337253992,1,1,0,1,9,1,1
35003.86896484903,656.815674397663,5.972972493169731,0,0,0,0,12,0,0
39767.212035751756,715.4149050443643,7.874188140599572,0,0,1,0,11,1,1
80658.8946518001,631.2966905920226,9.2205112654793,0,1,0,0,7,0,1
71995.37952267673,687.8572167206071,5.326548150878187,0,0,0,0,6,0,0
91344.28041492839,738.175625501696,9.01189062785288,0,0,0,0,5,0,1
20281.303298682273,597.905896488658,8.363186095330772,0,0,0,0,8,0,0
39704.25293939864,669.379538599172,8.833066464120453,0,1,1,0,8,1,1
72769.45086380339,498.97102102221214,11.256320755646605,0,1,1,0,10,1,1
63442.35023038675,706.2002415250686,5.01216994973123,0,0,0,0,10,0,0
95971.41147762866,806.3730034769992,12.629057697359915,0,0,0,0,10,0,1
62616.10117712208,550.4451161801044,12.310656515663549,0,1,0,0,10,1,1
105443.27312316658,642.6894991657646,10.323951686276388,0,1,0,1,5,0,1
66200.53405169422,720.438504073129,8.010102652643377,0,0,0,0,1,0,0
81865.0234276598,652.513397877324,7.569285598447841,0,0,0,0,3,0,1
40294.551596466285,663.2079641194581,7.447794268986174,0,0,0,0,4,1,0
50428.61635651967,618.7200446781089,8.349955627767788,1,1,1,0,1,1,1
77328.33211518425,615.7478197529668,5.5678487096367055,0,0,0,0,1,0,1
98389.34511779163,643.0644677131697,11.977895701541954,0,0,0,1,4,0,1
71877.10847932259,653.3337137711485,9.778358588087483,0,0,1,1,4,1,1
47504.846841961415,555.4846990738152,9.095043240549217,1,1,1,1,7,1,1
91320.05088585024,644.7182411243177,7.7188271865283475,0,0,1,0,11,0,1
20000.0,775.4827150967461,10.956977004395636,1,1,0,0,6,1,1
20000.0,616.4692965128876,7.235602094967093,0,0,0,1,1,0,0
70449.02671005166,551.0196013700298,5.291224515450424,0,0,0,0,11,0,0
50423.25068759375,637.8867145610859,5.364376039654918,1,1,0,1,1,1,1
68165.40953372496,592.8309750300563,6.346070265806811,0,0,0,0,6,0,0
51932.22567295826,542.9326539742449,6.40146337766322,1,1,0,0,12,1,1
67128.37083811619,661.1334769386096,5.280395835769591,0,1,0,1,7,0,1
25567.915370204282,593.1774370279138,5.965809700161154,1,0,0,0,2,0,1
67114.58258239072,600.022866651738,7.984231755542114,0,1,1,0,3,1,1
79832.43584622754,662.2741904308311,11.108644133512325,0,0,0,0,11,0,1
86616.51811793697,527.3460323710133,10.163543585964417,0,0,1,0,2,1,1
110406.62883946099,510.67442797991,9.621161372236852,0,0,0,1,6,0,1
57322.9533050716,703.6697755601546,8.046513856585548,0,0,0,0,1,0,1
58217.332605415366,495.5333119420734,5.31778039709112,0,0,0,0,7,0,0
20000.0,571.8657843754116,10.12462537119479,1,1,0,0,10,1,1
34057.65796584725,506.012837168925,7.112581878816018,0,0,0,0,2,0,0
44207.53777980162,611.1090826520934,8.781626556780685,0,1,0,0,5,1,0
81509.58656829066,684.2446998120932,9.27518222063056,0,0,0,0,1,0,0
31669.966277311127,658.9870358985901,7.843339354004977,1,1,0,0,10,1,1
73890.20059246497,841.3498711565827,10.97994439042151,0,1,0,0,10,0,1
49951.34849109859,736.95324942312,11.13538042014518,0,0,0,0,7,1,1
44684.95654655714,575.5073719874719,5.725294684947635,1,1,0,0,5,1,1
57466.81907399769,554.2355996138872,8.468764503045263,1,1,0,1,5,1,1
38265.308832414725,850.0,8.405887515013468,1,1,0,1,8,1,1
37128.88255722004,735.005760458669,12.567242146832804,0,1,1,1,8,1,1
20000.0,697.1495685815657,11.700809696351108,0,0,0,0,8,1,1
42561.37378016331,655.9881449772495,5.025707248715794,0,0,0,0,12,0,1
35600.9556155382,671.8817253980013,6.9654075766541865,0,0,0,0,3,0,1
34520.570319527615,531.4341379614059,7.626383122393077,1,0,0,0,8,1,1
62506.19187770121,662.5631336157414,6.3415642120627576,0,1,0,1,5,1,1
69758.95858371528,655.6985117967212,5.904918190462066,1,0,0,0,1,1,1
56965.835139269824,577.6688925518816,11.375810370021778,1,0,0,0,4,0,0
79862.45571348423,606.9178837145217,5.129764915517321,0,0,0,0,11,0,1
67266.85777491095,771.2141114754845,8.7684052656783,0,1,0,0,12,0,1
41148.31430583073,639.986006376411,12.964987920122486,1,0,1,1,5,1,1
36114.31142856861,815.6937042026489,9.495042521276858,0,0,0,1,8,0,1
59384.66710300539,510.74564508100934,11.088017192023894,0,0,0,0,10,0,0
67213.01329705703,608.2295851019402,9.037635296134003,0,0,0,1,2,0,1
91935.32921094494,526.2177159002465,6.562524881805085,0,1,0,0,6,0,1
85735.19134820288,553.2462036886533,5.383682704295513,1,1,1,1,4,1,1
33755.80980478493,583.7435435472562,5.398352884831719,0,0,0,0,3,0,0
46939.811596182146,675.2247701416472,6.010924373429338,1,0,0,0,11,1,1
70130.5341475331,671.346093686431,8.282678077774253,0,0,0,0,9,0,1
82039.93334176915,595.6567744297915,5.823905114520185,0,0,0,1,5,0,0
78169.08406114376,471.7760354130735,13.832236310036356,0,0,0,0,2,0,1
48083.665015059596,768.2154298425722,10.209226843138918,0,0,0,0,3,0,0
20000.0,627.1388227170916,8.484012714089737,0,0,0,1,9,0,1
20031.908712632263,560.6967863759089,6.070749609309153,0,0,0,0,8,0,0
58179.00542958243,671.994462485607,5.383916652945726,1,0,1,1,12,1,1
60266.767382730366,666.3556136418539,5.5691737720386865,0,0,0,0,6,0,0
20000.0,624.1858828000028,9.011110226549917,1,1,1,0,8,1,1
51337.088326678146,661.8824812513204,6.783591939226609,1,0,1,1,1,1,1
68936.73070915349,557.5976127673586,8.384286519658547,1,1,1,0,2,1,1
20000.0,710.7930274541187,8.33559474026712,0,0,0,0,6,0,0
83149.91605413244,570.2506324194503,12.82216566915683,0,1,0,0,5,0,1
38674.065543205244,601.5544275757254,11.088012996942217,1,0,0,0,1,0,1
87728.39337729954,701.904145292126,7.19266223580493,1,1,0,1,4,0,1
33996.42662672298,746.3167172008187,9.926878810675253,1,1,0,0,8,1,1
20000.0,776.861965443707,6.605634503938249,0,0,0,0,9,0,1
36255.89030474841,734.4638590773258,6.12791200625786,0,0,0,0,12,0,0
47145.556307680396,624.0742252958574,7.052621104873987,1,1,0,0,1,1,1
38345.60279685557,526.717354471963,11.361857089158944,1,0,1,1,2,1,1
43519.957352806596,762.4044468482315,5.703896218466482,0,1,1,0,3,1,1
60018.95449028571,759.655679112398,13.191306318622974,0,0,0,0,7,0,1
44864.618906108015,596.2419077317204,6.626017383975,0,0,0,0,5,0,1
48016.62818143979,723.6951230259648,6.16185270264506,1,0,1,1,12,1,1
20000.0,623.425776485541,14.597508826825646,0,1,1,0,2,0,1
61750.94048031418,770.1021506809383,8.31956760008036,0,0,0,0,12,0,0
47323.90106924996,608.8108270076974,6.818935547829891,0,0,0,1,3,0,1
98308.78941448612,808.2921030038802,5.336866355785769,1,0,0,1,8,0,0
21813.044982381252,712.8896438078597,7.5409320874181365,0,0,0,0,4,0,0
20000.0,793.803587574879,5.603444107141367,0,0,0,1,11,0,0
68542.05481790125,612.8962184280097,5.535631476179801,1,1,0,0,11,1,1
60395.810549390015,682.4023683555355,8.268814414650885,1,0,0,0,12,1,1
20000.0,572.4576641324508,11.740778123231632,1,0,0,1,10,1,0
20000.0,717.5191401695357,5.4256772909788475,0,0,0,0,9,0,0
96121.9019205287,721.9233226269699,5.560111288903549,0,1,0,0,6,0,1
92423.31171820345,841.7619134560949,7.1084783662314175,0,0,0,0,8,0,1
20000.0,688.5631837775719,7.304758828424787,1,0,0,0,10,1,1
36253.30912230497,707.9275362004875,10.362217178162659,0,0,1,0,6,1,0
99925.76164351698,612.3335698796975,8.861297878989394,0,0,0,0,2,0,1
35718.12326666399,693.310349810819,9.2225350273593,1,1,0,0,10,1,1
35281.63297920042,619.6087033049934,7.666445248830286,0,0,0,0,8,0,0
41517.22017111895,659.26886070736,6.768323943215048,1,0,0,0,7,1,0
20000.0,663.9612529236637,6.249654255324447,1,1,0,0,4,1,1
20000.0,621.8156101320664,7.477104677147162,1,1,1,0,6,1,1
81576.41932204246,655.0356077233595,7.772843310131333,0,1,0,0,9,1,1
20000.0,619.9763864229263,8.484494258535243,0,1,1,0,1,1,1
57418.143563262674,619.6215099972928,10.6026262982728,0,1,0,0,11,0,1
76597.3847827295,736.1331721201817,7.720402733371719,0,0,1,0,9,1,1
20000.0,664.0330913461129,9.99128309260095,0,0,0,1,10,0,0
22271.94792214785,677.7653017760222,10.797359025843352,1,1,0,1,4,1,1
86395.37565174769,533.4156184811571,14.399519189731924,0,1,1,1,1,1,1
65986.7516068112,683.8766665464312,6.3738185681123065,1,0,0,0,8,1,0
31481.428793633386,692.433877118019,7.344714535593276,0,0,0,0,11,0,1
86067.47010083514,618.1329101848997,9.467238577413394,1,0,0,1,8,1,1
86196.07170362907,816.8023741008553,7.965884812970246,1,1,1,0,9,1,1
58071.58079047121,466.8618188652748,9.216599025454839,1,1,1,0,12,1,1
22995.193163790114,712.7493708616437,10.736183442612408,0,0,0,0,10,0,1
37596.53889584614,707.024384396389,6.210699643915208,1,0,0,0,1,0,1
58591.6023186617,693.3266345599529,8.659781050113244,0,0,0,0,12,0,1
44342.15512557535,664.0970164510899,6.024668867445247,0,0,0,0,11,0,0
78168.71534704554,694.054345810003,9.810593060544576,0,0,1,0,2,1,1
20000.0,719.4540383644714,13.610636361447563,0,0,0,1,6,0,0
20000.0,591.9289932934405,7.5981545579662715,1,0,1,0,11,1,1
55426.133344472975,673.9356497744071,8.109640463030745,1,0,0,0,5,0,1
35253.667585792864,635.3346526381357,10.140115309390632,1,0,0,1,3,0,1
31188.541559067773,562.4985279819593,11.560862354503119,1,1,0,0,3,1,1
20000.0,707.3735979690632,8.64573655435153,0,0,0,0,9,1,0
50586.37534394545,604.8511660252773,8.29204542769709,1,0,0,0,1,0,1
48417.34675997703,530.1713060176427,8.242953312085907,1,1,0,0,11,1,1
69604.36945855222,606.871147143868,6.1000538890201925,1,0,0,0,4,1,0
52067.183993629165,586.0880881525495,5.3109626113252,0,0,0,0,7,0,1
46021.8776527851,732.2783207352088,10.10962155451967,1,1,1,1,5,1,1
85310.01910371012,662.2554512446462,6.44326872853456,1,1,0,0,9,1,1
20000.0,760.5906196551952,8.65801286940733,0,0,0,1,10,1,1
66091.67656542729,596.6755015013563,7.917815559271364,0,0,0,1,12,0,0
20000.0,719.93358975172,9.452058647869872,1,0,1,0,8,1,1
24849.14359997577,850.0,9.039503495163185,0,0,0,0,1,0,1
20000.0,678.4825973701712,6.623495702810336,0,0,0,0,8,0,1
73458.27606355754,718.9319089858523,6.306713993238799,0,0,0,0,10,0,1
48037.69299213818,705.4814131380325,6.013323040426471,0,0,0,0,10,0,1
49594.9026622107,536.2339738059338,7.508188669015843,1,0,0,0,11,1,1
20000.0,696.865383797396,9.119778894882455,1,1,0,0,5,1,1
41009.19512201333,674.5165056519655,7.758389384479601,1,1,0,0,6,1,1
27096.04090072665,629.2202093281353,6.304117266229875,0,0,0,0,1,0,0
61503.65044562648,579.2770900636095,7.6233037789711044,0,0,0,0,11,0,0
20267.26594005159,705.518659226163,6.6553269539356625,1,0,0,0,11,0,0
89893.83095615228,572.2077008311503,5.807580864257004,1,1,1,0,5,1,1
20000.0,820.6916483745517,6.237293994880872,0,0,0,1,4,0,1
25804.40502630316,659.1335266790503,6.405632263663119,1,1,1,1,11,1,1
100316.01529898288,552.1354361770797,9.782655751138131,1,1,0,1,12,1,1
36945.837561138964,608.8802977337328,5.034291569548402,0,0,0,1,11,0,0
20000.0,627.7492529368146,9.033477735338446,1,0,1,0,9,1,1
56572.14687613006,842.9901323139077,7.066341431916669,0,0,0,0,4,0,1
35738.23273356373,579.2328842552403,9.518534146540343,1,1,0,1,6,1,0
24923.892331450825,640.702618939889,11.458519337546289,1,1,1,0,10,1,1
20000.0,606.9737304107982,7.306598319916281,0,1,0,1,11,0,0
133051.20816877828,689.9406788465332,5.415072998687995,0,0,0,0,3,0,0
42453.44299447591,608.2493269035964,5.389231269773233,1,1,1,1,11,1,1
20000.0,558.8754667088232,6.880664318247354,1,1,1,0,9,1,1
94811.29277016602,634.3764336163041,7.015088586304225,1,0,0,0,8,0,1
68332.12715331712,626.0484925334206,8.60846865324614,1,1,0,0,9,1,1
27006.00706940637,602.620449790079,8.854681169790222,1,1,0,0,10,1,0
22006.42733941575,606.8951712882306,11.459090542248905,1,1,1,1,6,1,0
70204.18388474692,744.7756638304802,5.606893011616079,0,0,0,0,11,0,1
42592.450175316364,624.4207828585996,16.448311572491257,0,1,1,0,8,1,1
20000.0,559.2697870017254,7.7724617073184685,0,1,1,1,1,1,1
103617.19893814005,613.0307228960115,6.000755679921339,0,0,0,0,1,0,1
36980.28613352129,654.3468527572314,6.407397080993676,0,0,0,1,10,0,0
94867.15209447278,543.0984290758917,8.172336366173088,0,1,1,1,4,1,1
88353.04873897145,780.0782368005118,9.255201403514874,0,0,0,0,1,0,0
20000.0,719.4063582005018,9.422216777591224,1,1,1,1,7,1,1
80995.69593089444,764.4138194895023,7.704298027896939,0,0,0,0,4,0,1
30456.723504089565,681.3702500390146,7.345278835659643,1,0,0,0,1,0,1
20000.0,482.50420398959193,7.979843243797619,1,1,1,0,1,1,1
37262.05501933573,772.826697331081,10.567541684910083,1,1,1,1,6,0,1
61929.12505328837,580.9145312232085,7.326707540861496,1,0,1,0,6,1,1
36117.90056010986,587.425060479832,5.5155996536653555,0,0,0,1,6,0,0
40788.54977224696,662.5060115164355,8.67089343144612,1,1,1,0,9,1,1
84306.98134785838,760.2583877336119,8.155526141342216,0,0,0,0,12,0,1
53194.81940870275,734.262970716192,13.133805711793604,1,1,0,0,7,0,1
24701.050661451427,722.5024896140817,11.869777711190311,1,0,1,0,7,1,0
71060.9097100198,625.0538357700358,9.061681659908029,0,0,0,1,1,0,1
55930.26700862736,623.791397912631,10.156580040712875,0,1,0,0,8,1,1
20000.0,677.6754934384053,8.195630691167183,0,0,0,1,6,0,0
62850.58741314346,639.5943326973174,7.296089375798666,1,1,0,0,11,1,1
61754.861231483046,721.1454325863483,8.6592421453988,0,0,0,0,12,0,1
50603.6338874258,716.4094131596181,6.984294276636329,1,0,0,0,5,1,1
76751.01743208725,697.3073056938165,6.453416380431833,0,1,0,0,6,0,1
29828.192470204933,447.9230974584497,6.153389071030659,0,0,1,1,9,0,0
60094.99366462702,660.2390690941811,7.629421366645252,0,0,0,0,4,0,0
20000.0,641.2916895413839,10.597085500933217,0,0,0,0,7,0,0
62212.71150196495,663.4420481407625,8.594107972325915,1,0,0,1,3,1,1
108591.79086619688,589.6540289162874,5.439794153333116,0,0,0,0,2,0,1
20154.309425973766,544.017127168062,9.09827265594324,1,0,1,1,3,1,0
27205.93604036674,687.0510783980033,11.508286860981837,0,0,0,1,7,0,1
28699.53671325343,621.4958945814351,9.91383511420413,0,0,0,0,6,0,1
53899.94677404786,695.9754394966079,6.89821904943185,1,1,0,0,3,1,1
20000.0,596.3268497852183,7.942146223231555,0,1,1,0,4,1,0
62637.42136072941,763.2728512394142,6.117630185023006,1,0,0,0,1,0,1
75405.19836407495,730.085187405661,12.530778700313274,0,0,0,0,7,0,1
66030.41640361353,673.7461686836705,9.249338097350991,0,0,0,0,5,0,0
20000.0,632.9369269291242,6.666367466016674,1,1,0,1,1,1,1
79855.02995475818,718.1927102238558,14.70588915696507,0,1,1,1,12,1,1
78121.0224276104,681.4038252189924,9.871650660233712,0,0,0,0,4,0,1
74904.84117038913,669.0867350344483,11.30921719388309,1,1,0,0,11,1,1
61185.26745967475,733.4292327647687,6.358901688761196,1,0,1,0,4,1,1
56605.67942615398,764.1228923525312,6.329963923157509,1,1,1,0,7,1,1
80971.6819437919,549.8071052411565,9.133941869024305,0,1,1,0,11,1,1
107705.40462810363,565.9692714120155,8.807288212206469,0,0,0,0,6,0,1
21408.786099054505,587.5791419616961,5.292726810164011,0,0,0,1,10,0,1
82343.76187384315,529.8060321885158,7.7709295018548765,0,0,0,0,10,0,0
47413.48705977642,644.9801179544679,5.12274541152374,0,0,0,0,4,0,1
46109.808439141976,698.0093164195605,6.116473699002958,1,0,1,1,5,1,1
20000.0,648.2865364038131,5.350912465194488,1,1,1,0,2,1,1
41456.31771453815,607.2702686709683,5.898498791291572,0,0,1,0,7,0,0
20082.051260947537,740.1166205703327,9.000306230180922,0,1,0,0,9,0,1
36084.36711482163,661.24451225654,10.064918116276896,0,0,0,0,9,0,1
20000.0,677.4386373893054,10.97168970526044,0,1,0,0,7,1,1
36532.74838060981,742.3387843919808,6.703458310555596,0,0,0,0,7,0,1
37816.6892892979,640.1406448919093,10.762297191630466,1,1,1,0,8,1,1
52902.64755316401,814.8171258099744,11.770978467204326,0,0,0,0,5,0,1
20000.0,614.1747996902587,9.897640870840288,0,0,0,1,1,0,0
20000.0,809.835856361032,6.611495341609494,1,0,0,0,12,1,1
60857.4281219158,572.0211854470064,10.916861017779638,1,0,1,0,10,1,1
26076.856487897032,691.3987922304353,7.20244650554848,0,0,0,1,10,0,0
82235.89370689793,598.597426495501,9.491392380197446,1,0,0,0,11,1,1
56758.0916604514,739.5652893584873,5.051567134233599,1,1,1,0,10,1,1
68202.86450619221,611.7413913713257,6.495496318495151,1,1,1,0,3,1,1
92320.76961262684,673.2696952515269,7.18034302564484,0,0,0,0,3,0,1
40708.675645802825,597.9566403166745,8.180208359237884,1,0,0,0,3,1,1
32765.39883751173,724.9780138933291,11.37191345952743,0,1,0,0,11,0,0
76151.0775679644,597.5398991488688,5.029139888965894,0,0,0,1,5,1,1
65285.40691789058,784.6731875794135,6.607176971839597,0,0,0,0,7,0,1
44380.09070536098,570.3202314430888,7.347396939182446,0,0,0,0,9,0,1
91743.73900867827,542.3497665337483,8.757144640844185,0,0,0,0,4,0,1
43632.67070480208,726.1241662463269,11.383900960597035,1,1,0,0,8,1,1
50983.20912667344,602.6685087789183,5.839875625032657,0,0,0,0,10,0,0
50636.67952502775,649.4210149240372,9.344226090774868,1,1,0,0,6,1,1
21962.183153045866,624.2207076931423,5.404846447599988,1,1,0,0,3,1,1
52327.56168459173,544.9913386277848,7.445520083894779,0,0,0,0,10,0,1
91902.80532195474,643.840506868933,8.107246116016938,1,1,0,1,5,1,1
63349.04946128528,751.1932715977841,9.387933774532016,1,0,0,1,8,0,1
50931.90279196794,730.2509602644452,7.966775995556456,1,1,1,1,1,1,1
45146.98156502993,668.543421010074,9.462826487040335,0,1,0,1,3,0,1
59926.010852190535,738.9814634428086,7.826838407144148,0,1,1,0,8,1,1
72492.99885467555,565.2385132244659,9.964846623767798,1,1,0,0,7,1,1
68277.16492669258,623.9636536875995,11.985563680859741,0,1,1,0,1,1,1
40044.054145340626,681.6643952584167,9.449172623185643,1,1,0,0,12,1,1
59743.44782330344,639.566813854631,8.106944832988594,0,0,0,1,4,0,0
64398.19223444836,630.2541335618754,6.213062842308034,1,1,1,0,5,1,1
20000.0,553.9485014143124,9.691454092034856,0,0,1,0,12,1,0
55046.91623551083,483.4926889085831,7.190867435598667,1,0,1,0,5,1,1
20000.0,715.4293139959709,11.721999840709096,0,0,0,0,5,0,1
64476.01129463555,669.457725860178,11.720799569285472,1,0,1,0,4,1,1
69810.29163688044,722.1598702568074,6.394530083049225,1,0,1,0,12,1,1
72426.38377359379,615.0211246273301,8.142194676545605,1,1,1,0,9,1,1
38148.59443491297,592.9777692137925,8.388821009465735,0,0,0,1,1,0,0
59271.40505072104,650.5238373309307,6.342855825553571,1,1,1,0,7,1,1
92718.615366235,718.3359718890254,9.007013735136788,0,0,0,0,1,0,1
92413.08944873777,631.4838228009877,8.248785770027531,1,1,1,0,3,1,1
49124.81902320318,714.1428147462789,7.728458637250043,0,0,0,0,11,0,0
54179.588921886796,569.495359552553,6.259713873777688,1,1,1,0,10,1,1
83327.33434203299,637.0842293464107,7.814453136307381,1,0,0,1,5,1,1
20000.0,644.3908684737576,7.442139070291299,0,0,1,1,11,0,1
40307.72771968926,748.1111955137536,11.777301801076653,0,1,1,1,8,1,1
90067.1136661027,666.6101918412727,8.341447786470571,1,0,0,1,11,0,1
79256.01625054298,789.6862014635356,5.576371533178049,1,0,1,1,7,1,1
61077.91332949714,542.1852160042014,9.999109265678033,1,1,1,0,7,1,1
20000.0,660.3935123529023,5.413440794650241,1,1,1,1,5,1,1
48502.69300876514,664.3518431344356,9.26829286428329,0,1,1,1,10,1,1
32302.538112502007,699.6074558069494,6.17651656531705,0,1,1,0,7,1,1
59931.167084516404,584.9312050840887,11.346390245284386,0,0,0,1,12,0,0
25719.59945615359,784.7557071528669,8.199253601302887,1,0,0,1,10,0,1
20000.0,651.0371153177407,6.425120198966431,0,0,0,0,3,1,1
20000.0,563.0345989652066,9.349642214546797,1,1,1,0,11,1,1
86654.14054930105,648.7180007669106,6.391220658559344,1,1,1,0,4,1,1
38006.88465670828,624.9470781695909,9.535389467523993,1,0,1,0,4,1,1
54714.37351107603,850.0,5.157118581579343,0,0,0,0,2,0,1
49932.856505774565,733.9954879620011,5.452669837714947,1,1,0,0,5,1,1
20000.0,653.9729084566574,13.456213301407754,0,0,0,0,9,0,0
20000.0,641.0466651840636,6.938703859754415,1,1,1,0,2,1,1
20000.0,726.0845489985172,9.9098361246194,1,0,0,0,11,0,1
28304.94683511821,729.9089728262571,6.918739762190453,1,0,0,0,1,0,1
60998.187410414146,417.0760064543481,7.287619568981932,0,0,1,0,10,0,1
26128.470094381657,701.4394523786667,10.262763561853891,0,0,0,1,8,0,0
102394.71894783864,652.2373235182902,9.132340201821961,1,1,0,0,5,1,1
80814.53107679453,545.1084942570419,9.522699191418045,0,0,0,0,4,0,0
74250.78648997124,720.4171311699341,11.937598107347828,0,0,0,0,3,0,1
46410.232925805496,829.6950410846612,5.365759612840904,0,1,0,0,7,0,1
95428.4220716145,694.5436757462224,5.575527050484492,0,0,1,1,7,0,1
43459.83106636628,738.0342753805492,8.105813732625947,1,0,0,0,9,0,1
49062.15757537262,794.3295273571523,5.29320811741274,0,0,0,0,4,0,1
55099.236192478085,583.5790279423959,9.39880015188129,1,0,1,1,3,1,1
71054.69121630031,501.39428438664663,6.16648900265274,1,0,0,0,6,1,1
69107.24237008956,702.5492850647602,5.54216525460977,0,0,1,0,6,1,1
35746.2416466619,630.1910770846839,7.7968513899764735,0,0,0,0,5,0,0
34010.18841722139,540.0661238102766,8.78106831789313,0,0,0,0,2,0,0
69197.08871456253,643.7464051091365,17.63635205418097,0,1,1,0,11,1,1
71457.09751673698,708.2037899032496,9.936467199767486,1,0,1,0,2,1,1
38199.46625531382,638.0822668188512,5.586428220889302,1,0,0,0,5,0,1
20000.0,587.053789541197,6.601589378943125,0,0,0,0,3,0,1
43780.517119752665,632.1194351762791,12.806829185541734,1,0,0,0,3,0,0
68705.77396477576,648.4418827758924,7.560451063089408,0,0,0,0,10,0,0
104162.50539259342,495.6414189899134,8.086745833131582,0,0,0,0,8,0,0
20000.0,638.5780037463445,8.179092348923099,1,1,1,1,1,1,0
37202.862415082796,542.4527622284087,6.3313445726105115,1,1,1,0,5,1,0
38317.8931542387,702.7220761616877,5.488994212784014,1,0,1,0,5,1,1
90674.16018294504,525.1165939530578,10.445183734478821,1,0,0,0,9,1,1
48951.754986241016,731.0153763640749,10.19136439962933,1,1,0,1,1,1,1
22780.203218832034,617.2667944628847,10.198714209321464,1,0,1,0,11,1,1
66760.85848765458,606.561943458239,12.242104350268708,1,1,1,0,1,1,1
37860.84439877161,673.5563677841577,10.97089051476652,0,0,0,0,3,0,1
20000.0,580.7172443821287,8.409195996398392,0,0,0,1,6,0,0
23216.80078171548,672.2996603304051,12.906377279982923,0,0,0,0,9,0,1
102021.25863267857,591.4312980249304,5.512176972050081,1,1,1,0,10,1,1
61526.276649483865,605.4612390140185,5.187760464950687,1,1,0,0,7,1,1
53232.80166357629,682.4283335463308,6.267667947953592,0,0,1,0,11,0,0
42503.18792563862,558.9135413012493,7.965495569909333,0,1,0,1,10,1,1
58764.465263563965,548.8530158590114,6.806815813583768,0,0,0,0,9,0,0
58407.07838007483,669.8580405928274,9.465758126001013,0,1,0,1,2,1,1
58765.064846219786,647.8480118008492,6.176164348656071,0,0,0,1,5,0,1
53445.35270833259,663.4954195847514,8.415294301342616,1,0,0,1,1,0,1
76063.95014916649,676.2111389377137,7.896006892013492,1,0,0,0,8,0,1
50693.13038002193,654.5900443045585,6.199825875023434,0,0,0,0,3,0,0
20661.83493342084,698.6474099173655,7.211122869871232,0,0,0,0,7,0,1
31627.313272973955,657.7949029582927,12.984678883764918,0,1,0,0,1,0,1
20000.0,489.4156880259758,10.30730855546808,1,1,1,0,12,1,0
110804.51348127177,510.16923242705155,9.623795746114403,1,1,0,1,6,1,1
75882.6377585806,804.2359344193667,11.683251045701077,0,0,0,1,11,0,1
25097.88514612289,650.005749364709,12.172210740866431,1,1,0,1,9,1,1
41544.654518087,726.0193321373678,9.566196269697638,1,1,1,0,5,1,1
30893.705773807,622.3436875498339,5.758686175957344,0,0,0,0,7,0,0
96276.4163412235,645.3587924484856,11.516772746787218,0,0,1,0,7,0,1
20000.0,613.7308276583325,10.399924468086844,0,0,0,1,8,0,0
53434.28176456338,847.2741865169091,8.590988190498487,0,0,0,0,11,0,1
46744.164723054564,670.2593937891314,9.112649245877886,1,1,0,0,11,1,1
74805.15892127343,607.2113675595042,5.957435729470587,0,0,1,1,5,0,0
46879.72316825915,517.8768229255847,7.964326661960964,1,1,0,1,11,1,1
20000.0,807.8986754188682,9.179514970615891,1,0,1,0,11,1,1
42466.46496072677,636.9377291817357,7.736707455197257,0,0,1,1,12,0,1
20835.13346170025,709.5383295649278,10.595845737267258,1,0,1,0,11,1,0
52387.38639669682,718.4797832245237,5.054813544811179,1,0,0,0,4,0,1
93025.3110956098,612.9735581255703,7.3088047435888335,1,1,0,0,1,1,1
20000.0,703.7962220308925,6.55448592080398,0,0,0,1,8,0,0
25993.31793800289,601.6689370598706,7.192114448351705,0,0,1,0,6,1,0
33419.21138649509,570.7658910368467,7.726603162277123,0,1,1,1,1,1,0
38551.06713760366,743.1571754009769,7.816434171865772,1,0,0,1,5,0,1
72203.76992315732,637.344849614224,7.616553503805232,1,1,1,1,10,1,1
44793.66747315838,691.4810266882124,7.893270315556078,1,1,0,1,2,1,1
62474.08177161335,682.8736795105417,6.631169508042373,0,0,0,1,6,1,0
31226.80868804671,701.0345568044231,8.1196886593143,1,1,0,0,1,1,1
56897.730362538125,525.47704526387,7.080009122700772,1,1,1,0,4,1,0
73333.92892633144,603.1767574946904,7.560738579026243,0,0,0,0,3,0,1
28031.013507887346,624.041987400286,11.711154252354106,0,0,0,0,6,0,0
73440.74359419545,583.4817061678807,6.3110967597016465,1,0,0,1,7,1,0
51571.183061827054,684.320547841311,7.427848895989869,0,0,0,1,5,0,1
81363.80721446758,744.9514462076718,9.441818123997857,0,1,0,0,8,1,1
43957.40299769079,757.6147724277039,9.511744639975287,1,1,1,0,3,1,1
61437.33965486297,622.8636187832093,6.429230704141792,0,0,0,0,3,0,1
48781.8130496441,673.3572689966326,11.680087953280898,0,0,0,1,2,0,0
47113.63213878263,685.6514803592079,13.11820876480188,0,0,1,0,9,1,0
57767.9128467707,699.7004875362824,8.642668351145769,0,0,0,0,4,0,1
66104.22407674711,579.7491941541884,6.0445493416825125,1,1,0,0,2,1,1
20000.0,795.6464214611973,6.414083979524685,0,0,0,0,7,0,1
93009.00826453633,724.1216147477155,8.059231360594364,1,1,1,1,11,1,1
20000.0,726.2119474953953,8.598284055540573,0,0,0,0,8,0,0
29455.63670783312,746.2768045520318,7.4541447091328985,1,0,1,0,3,1,1
47171.92787705298,692.7308753812788,9.569528100157761,1,0,0,0,9,0,1
62370.679072578445,567.8149261559222,5.659685751700285,1,0,1,0,4,1,0
97285.17583224135,638.8821814755914,7.824457322721882,0,0,0,1,7,0,1
20000.0,517.9157283950467,5.712042103703627,1,0,0,0,9,1,0
34769.17614830868,683.2058007759267,9.431361200107755,1,1,0,1,7,1,1
20000.0,636.4629073467563,6.1601541755567295,0,1,0,0,5,0,1
50948.65921730743,646.7582093178455,14.017430692417898,0,0,0,0,10,0,1
58150.50753500092,746.3200904068522,5.746870243072946,0,0,0,1,1,0,1
97723.87226513759,613.4404769154833,5.72250307762032,0,1,0,0,11,1,1
53619.04282680363,629.8301472982339,6.244745986817417,1,1,1,0,2,1,1
81320.75388327139,651.7578636770573,9.427916391870806,1,0,0,0,7,1,0
67515.11244617177,502.8006200469094,12.809853013173226,0,0,0,0,5,0,0
36942.554089844954,628.7149075390397,5.953933217330642,0,0,0,0,9,0,0
20000.0,451.13640701710534,8.690631232006204,1,1,1,0,3,1,0
58250.06894875433,603.1582750483409,9.83212155247394,0,0,0,0,9,0,0
20000.0,718.4151242714262,5.289195998251571,1,1,1,1,10,1,1
88856.21218008932,685.7813246600855,7.807288121122702,0,0,0,1,6,0,1
45138.13693889528,602.4143751636739,6.2037864194366374,1,1,1,0,10,1,1
85855.32234534249,653.263857457905,7.750089689983042,0,0,0,1,10,0,1
35593.566976028014,564.0008346295675,5.581886398174873,0,0,0,0,3,0,1
58065.52359202976,649.8125277480384,8.719585778518464,1,1,1,0,1,1,1
56280.465720040665,850.0,7.7325169802400895,1,0,1,0,10,1,1
48648.67645967228,797.6641056297545,7.211080052906517,1,1,1,1,9,1,1
37020.21459810223,654.2097704013809,7.469985502655911,1,0,0,1,11,0,1
61773.680554115606,662.8115331932299,11.86593664239599,0,0,0,0,3,0,1
22215.10209550375,571.6347748292359,6.717645334329457,0,1,0,0,2,1,0
20000.0,585.856871363916,11.943155721754067,1,1,1,1,1,1,1
87284.80679980482,678.9747457683756,13.268278749544459,0,0,0,1,4,0,1
71815.03966676301,608.0085947490812,8.42047262746684,0,0,0,0,7,0,0
51976.7482580672,722.3319675881265,9.43592342125287,0,0,1,1,3,0,1
99954.27147631344,775.5748544782206,12.272424831567962,1,1,0,0,10,1,1
41967.034438254654,676.6096627824832,5.864805634111954,0,0,0,0,6,0,1
89681.09659966938,658.1389764671941,5.400057025547626,0,1,0,1,3,0,1
55267.222547774654,515.5376300071479,10.28946102422033,0,0,0,0,9,0,0
20000.0,709.808819621764,7.018400486595103,0,0,0,0,12,0,1
105441.20575312548,558.5062958768754,11.415860191476103,0,0,0,0,7,0,0
79721.32539872255,616.5592697093264,6.405010518489076,1,1,0,0,6,1,1
46369.36906971307,726.7660713908108,5.11339282983535,0,0,0,0,4,0,1
71815.13778601847,732.3806531447226,10.248492836702649,0,0,0,0,4,1,1
37888.8969800628,612.6793978119906,7.785162193822864,0,0,0,1,4,0,0
74874.47105178625,617.2867572064011,5.591492591119051,1,1,0,1,5,1,1
20000.0,594.0544901394662,5.865023342694388,1,1,0,0,1,1,0
20000.0,554.1717003739271,8.07226014972523,1,0,1,1,12,1,1
79377.79232860889,599.2163614316606,7.244162585454346,1,0,0,0,7,1,1
42510.33385343242,520.9495984868249,5.825194517034634,1,0,0,0,9,0,1
56226.26884666226,704.6450065206612,7.229884249494758,1,0,0,0,6,0,1
20000.0,681.5618884129501,9.989451890760183,1,0,1,0,2,1,1
105436.00987106308,694.8423427896411,5.304961321690914,0,1,1,1,7,1,1
85715.8893115303,573.6476759539886,6.559448640252257,1,1,1,0,3,1,1
43979.44344874011,554.3943549187954,8.603716873864819,1,1,0,0,6,1,1
37859.12429410021,654.2811419450849,6.537966197966618,1,0,1,0,9,1,1
80888.13084259079,655.128205196018,14.285613052200889,0,0,0,0,10,0,0
109474.11350506783,638.2184137989643,8.030354696113516,0,0,0,1,12,0,1
78612.80767434061,626.8413384649721,9.397947528303824,1,1,1,0,8,1,1
115154.08002189806,786.862062215551,6.119664170403057,1,1,0,0,6,1,1
22329.460128142462,684.0820009434383,14.119159291855732,0,0,0,0,10,0,1
25418.395085036278,807.6542713173193,5.763570974037877,1,1,0,0,5,1,1
20000.0,751.5172020345307,8.637693185627452,0,1,0,0,4,0,1
63252.81948948438,786.2616740813876,5.469185488919596,1,1,1,0,8,1,0
55268.106494131105,564.0429786915198,6.9951674936175054,1,0,0,1,6,0,1
45441.46629584042,697.4536792798424,7.050922225604972,0,0,0,1,11,0,1
74277.75884369896,615.4587608805301,11.218484495103494,1,1,0,0,8,1,1
86969.85815643992,516.9290630912374,5.006765285142611,0,0,0,0,12,0,0
20000.0,769.6802535644421,7.721513507940875,1,1,0,0,9,1,1
32090.839162966535,626.5045979435497,10.29755250243063,0,1,0,1,4,1,0
74604.3078236918,565.5918695786652,6.860909105287341,1,1,1,0,10,1,1
35967.83948424254,616.8348909401045,5.9884656036176676,0,0,0,0,2,0,0
26053.817709255378,586.3020701780945,16.405630581139782,0,0,0,0,7,0,0
80556.12282951185,594.5041625906666,5.893484778879567,0,0,0,0,8,0,0
20000.0,632.2717287853881,12.62229431545511,1,0,1,0,4,1,1
40952.605766266846,788.4652154435794,13.611403607368839,1,1,1,0,2,1,1
59859.32077414426,596.69462267643,7.921995321054999,1,0,1,1,9,1,1
32785.402582696435,782.7416531375352,14.940127903986117,1,0,0,1,3,1,1
73494.66968039525,717.9069436783617,6.123897938402876,1,0,0,0,3,1,0
32933.69074407893,681.7017250868869,6.363278368234037,1,1,0,0,9,1,1
92258.58480337757,709.84960258015,6.723096704790384,0,0,0,0,8,0,0
46227.61107512682,651.0924531069966,8.193185633380436,1,0,1,0,4,1,0
70138.1041011606,752.884008309074,15.176618481714693,0,0,0,1,10,0,1
72380.71858948449,695.3584210613681,9.149057557102745,0,1,0,1,4,1,1
31173.799917677818,516.8267211979589,7.452728513607318,1,1,1,0,12,1,1
20000.0,673.7001545511972,9.200471463285485,0,1,1,0,1,1,1
60822.67263991505,712.7178514394092,8.043947161242722,0,0,0,0,1,0,1
52168.65041374609,626.8799025119026,5.487116509842153,0,0,0,1,12,0,0
66674.78082725382,660.1004698171146,8.419327789954778,0,0,0,0,11,0,1
43204.17582851486,600.9713604260475,9.28140380428749,0,0,1,0,9,0,1
37087.16903597853,539.7899475149152,5.9319546699256955,1,0,0,0,1,0,1
110254.19032945098,525.9698503255008,5.732956383195999,1,1,1,1,2,1,1
20000.0,527.0345610344909,7.478824720716446,1,0,1,0,7,1,1
72018.51435092716,703.5235793976426,6.856678137576609,1,0,0,0,2,0,1
32761.94425449827,450.7774633298937,10.164722136685253,0,0,0,0,11,0,1
39926.64146778734,596.6816058429215,10.088329417215368,0,0,0,0,4,0,0
40486.91502278103,588.7477371803698,13.436236412083518,1,1,0,0,10,1,1
25896.971774862286,627.4272371210028,8.066032003358586,1,0,0,0,2,1,1
67136.72630708718,501.4854760051038,6.582919094844001,1,1,1,0,12,1,1
91719.30787849872,682.3110475792495,8.280788981505207,1,0,0,1,3,0,1
64100.40983739984,548.147088467208,6.614842293817963,1,1,0,0,6,1,1
53101.459886362856,740.5924432567415,9.009706726283877,1,1,0,0,7,1,1
20406.7850270226,600.2587449928934,5.480889734139116,0,0,1,0,12,0,1
65504.757974733526,642.3509581270464,6.819288206656369,1,1,1,0,2,1,1
114690.48895187897,650.3019085244165,7.436893921054249,0,0,0,0,9,0,1
38579.161286147224,669.5392842288458,8.661149301973126,1,1,1,1,2,1,1
38720.49261944402,652.9611501996914,15.04297388219069,0,0,0,0,4,0,1
33167.32607057008,615.8311561013894,9.46481456697419,1,0,1,0,5,1,1
35317.57296516739,677.4438824555234,5.107825469429615,1,1,0,0,8,1,1
20000.0,687.2917704395963,10.038031039824496,1,1,1,0,12,1,1
62151.06157567138,588.7892266312303,11.851610601243213,1,1,1,0,4,1,1
24633.434709361587,684.1094255178846,10.569483129241188,0,0,0,1,1,0,1
20000.0,745.3376241921356,9.89941904545012,0,0,0,0,12,0,1
72595.69849197647,706.4715356883642,8.07872807497282,0,0,0,1,7,0,1
20000.0,724.590019331775,9.752476226626,0,0,0,0,9,0,1
39839.92838348727,663.7536679125957,8.253149824067602,1,0,1,0,11,1,1
93993.2717356574,575.1079643140097,5.910916030136563,1,0,0,1,12,0,0
20000.0,585.2284432237084,13.131482576731068,1,0,0,0,11,1,1
20000.0,675.5910374283529,6.358394434328595,1,1,0,0,5,1,0
58079.18568687014,725.4210980121849,6.737308082777013,1,0,1,1,11,1,1
84484.62092031105,850.0,7.023912060161496,0,0,0,0,2,0,1
20000.0,728.5457555550882,8.889583606911442,0,0,1,0,12,1,1
62230.69210511531,556.3651394001998,5.379044303447984,1,1,1,1,12,1,1
67429.98619885076,588.6181942112014,6.572545534088901,0,0,0,0,11,0,0
20000.0,832.2813852764799,5.353468328414605,1,1,0,0,9,1,1
73955.04013721661,632.8488854418578,7.640302932402574,1,1,0,0,3,1,1
76298.17639526539,653.8011707809031,8.287297834511083,0,0,0,0,2,0,0
40646.43280231926,573.1666463672617,10.61126514628635,0,1,0,0,4,1,0
87570.39086894025,775.2082724459395,11.07208013618698,0,1,0,0,4,0,1
84093.66722974536,690.02665658565,5.893668992518645,0,0,1,1,11,0,1
53093.537771516145,588.0318921691751,18.71030040702116,0,0,0,0,10,0,0
36456.63829025199,570.4939768914182,6.586132317118036,0,0,0,1,5,0,0
20815.163222511288,674.5763156718298,6.50330841802921,0,0,0,0,1,0,0
48873.09471901426,653.5364939904362,12.466270731321583,1,0,0,0,10,0,1
67092.76759112538,716.5688173776902,8.32958483333305,1,1,1,0,11,1,1
40274.69416878076,693.757477850176,8.505156138243716,1,1,0,0,1,1,1
20000.0,628.8415720985101,7.969070763169105,1,0,1,1,12,1,0
88061.41683729712,606.4958723630907,9.851103446814282,0,1,0,0,10,0,1
55706.696655346816,637.2046281360933,5.595510192267346,0,0,0,0,7,0,1
38611.26509969498,605.945532267459,6.7089395392646045,1,1,0,0,11,1,1
75714.75165269864,639.5843573756191,9.489559768882375,0,0,0,0,5,0,1
95739.15789448269,651.3152742895505,6.981390980734822,0,0,0,0,10,0,1
20000.0,578.1655285295955,11.963913031906197,1,1,1,1,6,1,1
63027.90949766215,700.4543889678305,7.466494556671612,0,1,0,1,7,0,1
20000.0,620.3657828424264,6.287848348535783,1,0,1,1,1,1,0
64973.31520396824,582.6492519771725,8.735560536048133,1,0,0,0,5,1,1
53837.81607123738,621.8714057374506,13.118219153684526,0,0,0,0,8,0,1
69071.7957932165,669.3806525296229,5.451515054610335,0,0,0,0,3,0,1
35022.571565160346,656.6430559850643,8.0135053583101,1,1,1,0,2,1,1
20000.0,683.769449192357,9.491774573344198,1,0,0,1,2,0,1
36488.95426229996,721.8676900060423,8.710110352142811,0,0,0,1,4,0,1
62205.42905419349,754.3952163206427,7.5914477479758276,1,0,0,0,7,1,1
80461.7698602567,672.8388930150443,6.519696713166828,0,0,0,1,12,0,0
20000.0,564.4478090211603,9.606077427497732,1,1,1,1,2,1,1
80811.81280619052,628.4711357975759,5.280791166098013,1,1,1,1,6,1,1
30563.83131060436,569.6545292493594,7.543543591533846,0,0,0,0,7,0,0
60873.496447835794,785.7483258969826,6.261577653900215,0,0,1,0,9,0,1
34703.181414031016,808.992070602173,8.185123201541828,0,0,0,0,12,0,1
55465.11883136305,702.0248957997075,9.102505111233082,0,0,0,0,12,0,1
76756.32903710824,718.6767074111225,6.964015900497305,0,0,0,0,7,0,1
20000.0,670.0754554589328,5.573828779678808,0,0,1,0,1,1,1
29602.823097595057,679.2844732368633,5.380569123194976,0,0,0,1,8,0,0
55548.877620262596,522.2036625336702,11.449080486534513,1,1,1,0,3,1,1
122047.50983091057,644.0854107794472,8.561234349565598,1,1,1,0,7,1,1
24104.30863499516,579.5077550122992,8.162723033111837,1,1,0,1,6,1,0
111204.01657990756,672.5085230030696,11.311546492105206,1,1,1,1,12,1,1
110132.69911025513,645.2312123689172,7.625569550410157,0,0,0,1,3,0,1
47080.665478952265,805.7457569876891,9.75447486331566,0,1,0,0,2,1,1
41055.42421400299,723.3302150978272,9.683723261686598,1,1,0,0,4,1,1
29238.04404005925,672.7609586017315,5.336054192486919,0,0,0,0,1,0,0
47953.92409001993,628.6448250288299,9.261046017043157,0,0,0,0,10,0,1
20000.0,784.0817167007943,8.859629021637627,1,1,1,0,10,1,1
47712.829480382075,647.6036283098776,11.723142611456815,0,0,0,1,7,0,1
94906.40821552568,676.5339169308222,7.877082566305554,0,0,0,0,3,0,1
31667.44812569847,653.3799683541469,8.93256091117835,0,0,0,0,2,0,1
42778.27088032848,617.6676875434142,8.134965920655116,0,1,0,0,5,0,1
20000.0,652.9204977908416,5.557153448918009,1,0,1,0,7,1,0
61221.86264393131,493.04265194573475,7.766386831615589,1,1,1,0,1,1,1
57934.450548541216,526.183487900705,6.608361037669972,1,1,1,0,12,1,1
51911.07079297313,677.9704433335702,5.767305817546987,0,0,0,0,1,0,0
43495.1884933357,775.4559752421989,12.105144277311668,0,0,0,0,10,0,1
41217.26243682636,677.8576883315335,10.345425724118119,0,0,0,0,8,0,1
65057.007011020156,592.3704916082677,7.214645794475178,1,0,0,0,5,0,1
49135.5019523413,534.5716996746132,8.65185346522153,0,0,0,0,8,0,1
59449.15614665997,712.7621808380511,9.22649279008192,0,0,0,0,11,1,1
56449.484523636434,604.624387918792,12.415153037356387,0,0,0,0,3,0,0
83702.81861287286,701.4588334842048,6.235145439305584,1,0,0,0,2,1,1
70309.82292125163,681.1892126452574,6.5640633393743375,0,0,0,1,7,0,1
55785.855294505716,688.2640313803752,5.3652836921677425,0,1,1,0,6,0,0
95552.66091956539,652.6881365882845,6.7499159571245,0,0,0,0,4,0,1
62608.055871696844,680.6915507975713,8.092620649430508,1,1,1,0,7,1,1
89148.88066371257,640.4436478994932,6.702562051547286,1,0,1,0,9,1,1
68208.27825159914,599.1754772505437,6.995337313113178,1,1,1,0,9,1,1
20000.0,572.9200751587159,8.1016574539755,0,0,0,0,3,0,0
89145.04289957989,459.19929616232173,12.113112405020269,0,0,0,0,1,0,1
54055.28724028007,635.5112350076392,5.008035720582901,1,1,1,1,4,1,1
48441.35687297666,771.5502546361563,6.220836168338071,0,1,0,1,10,0,1
58440.45042468731,708.4064074030077,6.664592722077165,1,1,1,1,1,1,1
39650.50514128798,668.2167294780767,5.683545047135815,0,1,0,1,7,0,1
56810.86581166836,591.2796004568679,5.643005999188608,0,0,0,1,2,0,0
32243.718009707227,729.7871380607262,7.87962561872307,0,0,0,1,8,0,1
88228.16776203111,640.455255055758,12.09937894279092,0,0,0,0,5,0,1
46592.356591368494,775.9947451031247,8.932548405222626,1,1,1,0,10,1,1
38522.484718326996,571.5130189364255,9.537486413278014,0,0,0,0,1,0,0
22252.225528421783,590.0024377621875,5.641815452455047,0,0,0,1,2,0,0
58063.27367445924,582.2184044624297,7.9965185316080225,0,0,0,0,4,0,0
55613.21300375275,531.430530365279,11.348037119504317,0,0,0,0,3,0,1
61652.73841032519,575.036425184659,5.3185788580348605,1,0,0,0,5,1,0
20000.0,658.2573007812734,6.241825851528264,1,1,0,1,4,1,1
20000.0,593.0239180119498,7.991463474903929,1,0,0,1,2,1,0
68767.73907519679,341.48997366075224,13.625896670432747,1,0,1,0,11,1,1
94539.25585629523,735.9418637936097,6.622758108232354,0,0,0,0,9,0,1
20000.0,515.2725016522076,6.509677846527342,0,1,0,1,7,1,1
97683.23850685096,697.138262790931,7.78637592541876,0,0,1,0,5,0,1
58517.33176209143,652.4971671735652,11.290716274326261,1,0,0,0,12,0,1
49788.11286347511,819.3898253136274,5.185717040257588,1,1,0,1,12,1,1
38073.53910362666,729.7565985218096,12.975830619825647,1,0,0,0,11,0,1
20000.0,609.631632361202,5.6309895867430875,0,1,0,0,4,1,1
79631.85547773799,593.834915011575,5.431110624630593,0,0,0,0,10,0,0
26731.809156871906,770.2182144639428,5.082546161430022,0,1,1,0,5,1,1
26605.799727871992,531.930312231887,6.581905121704797,0,1,1,1,2,1,0
79757.78929660864,665.2703948734967,6.257962689459482,1,1,0,0,8,1,1
20000.0,639.5103629400262,8.101092046641213,0,1,0,0,2,1,1
20000.0,622.5419145036259,6.327280209963099,1,1,0,0,8,1,1
49455.97269475755,678.281118755874,14.963006953203283,0,0,0,0,5,0,1
58798.53287014556,665.1647888406941,6.8624700211150165,1,0,1,0,4,1,1
64542.03943906772,686.5920594233395,13.532504306080416,0,0,0,0,7,0,1
40946.04519811241,661.1180521890627,6.5050456322245225,1,1,1,0,1,1,1
125911.09005925068,683.4145124013799,10.884653531026414,0,1,0,1,7,1,1
43163.22323702498,657.4692154345275,7.709651938929917,0,0,1,1,10,1,0
43076.41543691834,597.2458490226949,11.975329056736014,0,0,0,0,12,0,0
26090.399935583675,650.3201008189276,7.117494278860941,0,0,0,0,5,0,0
53717.20449563213,592.8490752236784,11.898800216666043,0,0,0,0,6,1,0
68448.83696140324,587.569871621532,8.174674182502851,0,0,0,0,5,0,0
86107.34163600381,623.1079997825799,7.82740394271077,1,0,0,1,7,0,0
20000.0,640.4461471411327,7.07200273096845,0,0,0,1,1,0,0
42620.139849328974,652.8180245078248,6.141627563012868,0,1,1,0,2,1,1
63401.108324274326,723.3103061890664,5.117883826871107,1,1,1,0,6,1,1
67611.72603783607,610.1228733967325,5.254942882266606,1,0,1,0,7,0,1
50196.45973413618,665.7481541179857,6.015460511804269,1,0,0,1,8,0,1
66272.71908596305,659.4422171155055,5.902453869834216,1,0,0,1,4,0,0
25731.08321222599,601.3097370027148,10.185379936546905,1,1,1,0,11,1,1
96737.1629695507,655.8992628965236,8.2468735971263,0,1,0,1,3,1,1
79778.84308938289,730.2177132141851,8.510981171120786,0,0,0,0,9,0,1
20000.0,664.920497350672,6.0010849000188315,0,0,0,0,2,0,1
20000.0,668.1267143221846,6.32223957214066,0,0,0,0,10,0,0
20000.0,593.5737335245866,8.709093673582048,1,0,0,0,1,1,1
70339.09912689586,807.5087080963901,12.86585224922101,0,1,1,1,6,1,1
20000.0,598.1314903741999,6.532186710790029,0,0,0,0,11,0,0
40069.26997375758,516.5773231562018,10.7243899703348,1,0,0,0,3,0,0
63641.13189250323,718.8147296174461,7.849243730681882,0,0,0,0,7,0,1
48015.02196360696,640.8146368281259,9.614014290168504,1,0,1,0,12,1,1
57766.62547138117,625.756654324234,10.940622254836649,1,0,0,1,8,0,1
20000.0,606.3556975670779,5.023171556940901,1,1,0,1,2,1,1
67845.63120191733,799.737169945267,5.236696778376917,1,0,1,0,7,1,1
31603.643225720105,678.3672222883746,12.922525314178657,0,0,0,0,10,0,0
40261.40976806176,693.9800977316067,5.579450515402093,0,0,0,1,5,0,0
57131.951837179586,663.0092498865814,5.320719667493013,0,0,0,1,12,0,0
53092.34664592544,671.6039690756157,10.196356139701878,1,0,0,0,5,1,1
50719.40057046779,761.8899688447532,5.349073355187234,0,0,1,0,5,1,1
27481.19534069733,629.9316271017844,6.5916920432296955,1,0,1,0,5,1,1
41013.517664024235,533.4449963583417,5.867151271581439,1,0,1,0,10,1,0
50065.50772511108,719.4443723382221,5.103527048776185,0,0,0,0,5,0,0
20000.0,689.7361289793913,6.885816852632806,1,0,1,0,7,1,1
36124.01101059864,658.6383850308034,5.985826507795473,1,1,1,1,11,1,1
61630.39637098539,687.6602593238229,5.346221929403853,0,0,0,0,8,0,0
20000.0,620.3404623764661,6.8910738735463015,1,1,1,0,11,1,1
84697.44954782719,651.6554066283408,7.114698375887967,0,0,0,0,4,1,1
88088.39787799529,639.4639796912072,9.259679011735837,1,0,1,0,7,1,1
20000.0,602.6809394343267,7.8354741137525545,1,1,0,0,9,1,1
90728.58899150418,745.1338226484002,10.770627075407115,1,1,1,0,2,1,1
45692.55233863597,537.019309806576,8.823866104826987,1,1,1,0,9,1,1
62555.43677471165,838.8705737450373,9.853516530396437,0,0,0,0,6,0,1
35100.4684361526,720.188976736518,10.13085583268088,0,0,0,0,9,0,0
77691.34481680286,507.7619572238119,6.86527222869281,1,1,1,0,7,1,1
62182.82056546002,632.0666936407256,6.183247741633851,0,0,0,1,5,0,1
25575.402302071896,636.5163267277154,5.303356011391849,0,0,0,0,5,0,1
20000.0,681.3509303153689,7.638154102365688,0,0,0,1,1,0,1
20000.0,570.8497383408223,6.15667298092387,1,0,0,1,3,0,0
55638.25329298269,652.5620274694573,5.371896628364016,1,1,1,0,6,1,0
67174.14235339208,640.3104481501882,5.289085910478742,1,0,1,0,2,1,1
69528.97036338324,590.9905309941249,7.129049599662791,0,0,0,0,11,0,0
46460.567161778665,579.8598214823014,7.622868884286396,0,0,1,0,6,0,1
20000.0,723.5043717361885,5.3746841293608005,0,0,0,1,5,0,0
29537.75605928651,514.2733967965926,5.495963136263232,1,1,1,0,1,1,1
84570.45916885778,688.2303148876841,5.903592082994818,1,0,1,0,3,1,1
35461.14306199756,713.8008245502499,11.58620568249217,0,0,0,0,1,0,1
54302.52892044428,632.5153329329266,11.919991165267728,1,1,1,1,7,1,1
20000.0,654.1898271779996,8.878718644871231,1,0,0,0,11,1,1
60097.49136377105,743.0795999757905,7.6947183857837675,0,1,0,1,7,1,1
36269.46314962766,593.6118791420754,6.079137595356364,0,1,0,0,1,1,1
81401.3814132729,601.8678056888701,6.050998200603507,0,0,0,0,8,0,0
73206.7311862044,610.3613055120553,7.669981994853425,1,1,0,1,12,1,1
35128.82160275301,743.2260479378625,5.8559715724950525,0,0,0,0,7,0,1
46200.0791795701,753.3834997507767,7.2371299137968945,1,1,1,0,3,1,1
33466.512798781136,538.3287812429105,7.515236560433035,1,1,0,0,2,1,1
20000.0,730.4992597849309,5.083548651996312,1,0,1,0,9,1,1
24276.7271135835,715.5126645077827,6.790308715558214,1,0,0,0,7,1,1
55946.5198316246,774.2875848359862,7.761442498311645,0,0,0,0,6,0,1
59757.784946887456,680.8086425701104,7.604135433127999,1,1,1,0,5,1,1
54456.437107779166,646.4591903777139,5.859065966403169,1,0,0,1,5,1,1
40948.00838124093,741.6173349257327,11.86847661597823,1,1,1,0,3,1,1
77991.99817162956,705.9123033201413,10.307306939081137,0,0,0,1,5,0,1
51906.25713682812,829.5918731318982,9.007428776215207,0,0,1,0,12,0,1
71097.61484287842,726.6966275969462,15.26546229123499,0,0,0,0,8,0,1
20000.0,662.2838381139132,5.585853607990865,1,1,1,1,2,1,1
20000.0,556.0716495699063,6.859201317264375,1,0,0,0,3,1,1
58513.6408351424,603.5266258244706,8.441452397213435,1,0,0,0,3,0,1
20000.0,535.1236017577587,6.010537191977124,1,1,1,0,6,1,1
43626.44891860832,632.795037115131,5.04771086259129,1,0,1,0,1,1,1
40937.08876926183,724.0854074586276,8.943679863001218,1,1,1,1,5,1,1
97622.0180724661,649.7063129215587,7.42663783085251,1,1,1,0,9,1,1
61999.89658830819,731.7380215008059,10.88402898215044,1,1,1,1,1,1,1
54975.770803960186,677.0058986751211,5.385752884637478,1,0,0,1,6,1,1
75109.73463901022,617.7526168196792,5.061422950063027,1,0,0,0,7,0,1
61054.927605171164,657.0100124135971,6.744155369679326,0,1,0,1,1,1,1
36269.690210347006,687.7677352844076,12.028859034646,1,1,1,0,12,1,1
82144.2779076368,661.1378718770893,12.058524375097802,1,1,1,1,6,1,1
20000.0,662.0547383081531,7.9846896266872,1,1,1,0,4,1,1
59697.41562600687,588.4759913930635,7.156201315048257,0,0,0,0,4,1,0
20000.0,615.3618987806227,6.155699445767776,0,0,1,0,6,0,0
56118.31572547985,830.6768636923715,5.065741435324566,0,0,0,0,10,0,1
55789.689253187884,748.2773192338834,8.538353944069911,0,0,0,0,12,0,0
100293.64885743988,532.0927282552227,6.364528885044431,0,0,0,0,11,0,0
20000.0,460.6424833994911,12.196117112155672,1,1,1,1,10,1,1
31973.38472438562,656.0953937158978,14.586197929487911,1,1,1,0,11,1,1
74680.47279722431,721.4778315540792,5.972286204860019,0,0,0,0,8,0,1
60059.51769191923,608.4046530062234,7.184205520388115,0,0,0,0,12,0,0
55409.151540125094,731.732698255835,9.052685190589832,0,1,0,1,3,1,1
21315.928911243824,654.7723652005667,5.631935111091337,0,0,0,1,7,0,1
32275.449557257125,636.955097621842,11.602941239999403,1,0,0,0,11,1,1
87351.2302466977,710.4892140940145,7.192860274781839,1,0,1,0,10,1,1
48454.72418738216,607.4499365678184,6.947089166088644,0,1,0,1,4,1,1
61260.7908843342,627.0634942557077,6.00910851766252,0,0,0,1,3,0,0
46544.35013670563,703.613380970437,10.52687889652455,0,0,0,0,3,0,1
20000.0,647.4883250347181,5.816201788496319,1,0,0,0,11,1,1
78014.31278224991,802.7021018702188,8.41762712058306,0,0,1,0,6,1,1
65096.97153597489,705.5060330284815,9.310475858096641,0,0,0,0,11,0,0
119169.10512101567,700.3051062666209,6.660850572528178,1,1,0,0,10,1,1
20000.0,646.0396283147945,5.336173647709867,0,0,0,0,8,0,0
74677.18763601442,719.9803741367684,10.053670159851203,1,1,0,0,1,1,1
20000.0,624.1913781758683,13.788747764032156,1,1,0,0,4,0,1
54720.39703019233,672.5902200959612,6.330577785783116,1,1,1,0,1,1,1
79295.19767189494,576.6965562396351,6.465920505709202,0,1,0,0,8,0,1
20000.0,733.1553113784473,13.307894089577522,0,0,0,0,5,0,1
43852.02577275176,673.2483757809433,6.85614304298726,0,0,0,0,3,0,1
33103.70797872139,808.6010450958302,11.162668524765175,0,0,0,0,8,0,1
28941.281051146343,841.3838706935807,14.322653912149569,1,0,1,1,9,1,1
61556.37956778063,711.0655561146518,6.0492513139812925,1,1,0,0,5,1,1
83620.57119267786,655.4740248966323,6.1845804832154325,0,0,0,0,1,0,1
46001.63854312534,574.3148390299546,5.97981433183733,0,0,0,0,11,0,0
56164.5928268006,722.3799842607059,6.011432983593406,1,0,0,0,11,1,0
53429.262591777435,666.8227651116183,8.517587292854795,1,1,0,1,6,1,1
50054.105190692426,693.0427871323569,12.163424053783682,1,1,0,0,12,1,1
20000.0,788.3829909964995,5.133176032526014,0,0,0,0,5,0,1
83253.33805168679,584.0461369069322,10.145721852245938,0,0,0,0,12,0,1
58855.86104476508,576.0556665214931,11.719596965954848,1,1,0,0,11,1,1
61846.44470007733,631.0859249303456,8.338118600367498,0,0,0,0,6,0,1
25804.711129232535,715.6960919801459,7.745259220176921,1,0,0,0,12,1,1
36223.38806032278,694.3893792171591,5.9062571027117325,0,0,0,1,12,0,1
44715.974068676645,578.3449190643382,9.292717549491865,0,1,1,0,4,1,0
20000.0,710.5242320561986,12.354519594576324,0,0,0,0,7,0,0
20000.0,553.902974488539,7.932814688961459,1,1,1,0,5,1,1
31977.562080842967,582.9806660520914,7.60640901979542,1,0,0,0,7,0,1
65675.6229932717,640.7634146248648,5.973282765676912,0,0,0,1,10,1,0
30405.878302101773,605.7255003219824,6.983624763143666,0,0,0,0,2,0,0
20000.0,721.1887590920747,9.45236011051922,1,0,1,1,3,1,1
25559.430402869893,672.9102786400875,5.211926159586807,0,1,1,0,1,1,1
36339.72730564063,791.2448942101809,10.261274414581601,1,1,0,0,12,1,1
39384.23111539689,630.2251707716468,8.00633632225836,0,0,1,1,3,1,0
114965.6435661967,640.2238279167406,10.045002325598196,0,1,0,0,8,1,1
81638.61885461955,746.830608724941,12.403343052525678,1,1,1,0,5,1,1
80743.22336845184,642.7263357500964,7.710111307601469,0,0,0,0,9,0,1
85057.41092820144,769.5204198166036,10.976783805796652,1,0,1,0,1,1,1
20035.373919978516,693.2662568307593,8.265038877530614,0,0,0,0,5,0,1
20000.0,461.77708240917127,6.592851513705936,0,1,0,0,11,0,0
20000.0,744.2056331319571,6.854291384684496,0,0,0,1,11,0,1
90035.18400013514,723.0181450495847,7.583552217736051,0,0,0,0,2,0,0
33584.24633352527,726.1066084888436,13.992523464253283,1,1,0,0,8,1,1
20000.0,497.1217297163794,5.148026721069257,0,1,0,1,2,1,0
37070.11399340561,596.9608030983162,6.608961794916374,1,1,1,0,11,1,1
42841.83404856118,602.9036133154584,7.792137634727627,1,0,1,1,9,1,1
58052.398210836865,582.7102905951687,5.080324115516053,0,0,0,0,6,0,1
57528.53062136129,789.3538025515151,5.249477920818621,1,0,0,0,10,0,1
25154.583083794754,649.0585729741093,7.542229189468214,0,0,0,1,9,0,1
70569.69177541132,647.0751245896663,11.452323133907147,1,0,0,1,2,0,1
30824.19398749526,694.1606648252623,7.922411116449697,0,0,0,0,9,0,1
45311.70989884871,695.5441334311506,8.585114233493114,0,0,0,0,4,0,0
70603.22211510065,383.20858314993365,5.413211134557637,0,1,1,0,3,1,1
30745.35788166976,598.2913970280509,7.044942929044571,1,1,1,1,4,1,1
32919.45729256587,536.9769137766979,8.582818402394253,1,0,0,0,11,1,1
67750.04149079393,682.0244874523855,7.665034161001225,0,1,0,0,8,1,1
24268.004701849415,626.8886068532762,5.817610429254957,1,1,1,1,7,1,1
38456.23929187788,651.2310051601015,9.087934140057303,0,0,0,1,6,0,0
66672.26534128678,483.7184200887582,5.091066684876918,0,1,0,1,1,1,0
111622.77324307925,625.2118220247602,6.168216120999558,1,1,1,0,2,1,1
68162.1351428824,739.2104201466252,14.292277308883667,0,0,0,0,10,0,1
64179.19288970035,762.7559586481734,6.741576993919646,0,0,0,1,2,0,1
65924.04751018189,707.5090735632559,11.318869869792888,1,0,1,0,8,1,1
20000.0,543.1627765241506,9.525148425434907,0,0,0,1,5,0,1
53467.902160397236,750.75214423937,5.151122399189997,0,0,0,0,5,1,1
49107.005349907944,707.9201804000013,6.77487681172018,0,0,0,0,6,1,1
59647.53621118268,640.6248772748369,11.960906324801293,0,0,0,0,3,0,0
53495.24157427612,487.9970948392205,8.48377420265896,0,0,0,0,2,0,1
61390.990322513375,726.2875960530014,7.651013831016857,0,0,0,0,12,0,1
40655.98415302395,602.6266936013296,6.2085215404828125,0,0,0,0,3,0,1
51758.26752115378,677.6932656843825,6.503281302953766,1,0,0,0,5,0,1
20000.0,655.471508850933,13.121100605389346,1,1,1,0,10,1,1
40402.78165991259,773.0715987550623,6.814059396389494,1,0,0,1,9,0,1
91725.00644529931,639.9706411201993,9.385926228797143,1,0,1,0,5,1,0
59564.250188847676,648.7909127931242,12.103033159225014,0,0,0,0,6,0,1
49372.368878507696,776.2892312382904,6.486255625427198,1,1,1,0,10,1,1
106883.6982876304,597.3422204999849,10.374138614433843,0,0,0,1,3,0,1
20000.0,715.1458281126222,11.720346597357864,0,0,0,0,5,0,1
20000.0,634.1107421697229,7.013996283431839,0,1,1,0,4,1,0
101381.34233828817,569.7966430396057,8.119721378446135,1,1,1,1,7,1,1
51378.82808146802,650.0928789376698,10.71915928002166,0,0,0,0,8,0,1
42722.508911306184,705.336409088639,6.605525563121515,1,1,1,1,12,1,1
20000.0,758.2967871981209,10.140310355987243,0,0,0,0,1,0,1
63430.88799185035,767.9755188276546,5.143446613353202,1,0,0,0,3,0,1
66333.79608582387,626.4188740619574,6.577256575083188,0,0,0,0,9,0,0
20000.0,571.0200614374229,7.48643690584881,1,0,0,0,1,0,0
45791.73243348715,624.5008880338016,5.658400630695036,1,1,1,0,8,1,1
39934.52503900802,555.4775397335875,6.7348646795054545,0,0,0,0,2,0,1
57679.31439256313,632.6091040466796,7.786477300183071,1,0,1,0,10,0,1
20000.0,622.6667773104193,5.8943454925630165,1,1,1,1,10,1,1
87558.42363539472,708.1992163325413,8.043494723787214,1,1,0,0,12,1,1
77474.71344792812,473.52518560684973,13.210230132704401,0,0,0,0,5,0,0
39104.73323801551,591.3113643130688,13.197753966594295,1,0,0,0,3,1,0
43507.43865084887,591.9585356446468,12.906306669294468,0,0,0,0,7,0,1
45907.33549167152,744.970180192642,6.03948705769107,1,1,0,0,2,1,1
26650.743409804898,560.8924498079186,8.85959947610954,1,0,1,1,11,1,1
36697.11745294893,668.1325887719195,9.64437079996696,0,1,1,1,8,1,1
41891.88896976173,639.7497268464175,11.25798709576219,1,0,0,1,1,0,1
98386.05112121385,733.4434021469106,7.911847458919164,0,0,0,0,6,0,1
78398.5492499131,697.6665491608438,5.9010852324711935,1,0,0,0,12,0,1
78039.64122009871,659.6994985456304,5.2143843958116145,0,0,0,0,3,0,1
61097.76839013171,605.6266500329546,6.429735369989379,0,0,0,0,11,0,1
20000.0,501.8125997512099,10.275043899356557,1,1,1,0,1,1,0
48755.266862678625,669.7668524549924,5.307310804045864,0,0,0,0,10,0,0
79114.6537884014,692.4391838823898,11.474190659233475,1,0,0,1,1,0,1
20000.0,524.0105910020277,7.532055289255055,0,0,1,0,11,1,0
69096.59620619792,551.3044668537161,11.31360010678752,1,0,0,0,12,0,1
119678.27675788298,670.186397869734,5.913355146773363,1,1,0,0,3,1,1
81854.49937969196,677.1313348966296,7.690198698271745,1,0,0,0,6,0,1
92420.87406685963,570.7482151926353,7.617906689214755,0,0,0,0,7,0,0
56550.16251326482,604.074822914557,6.612131858538308,0,0,0,0,4,0,0
79037.9584629497,503.0808929143659,6.099061169352778,1,0,0,0,12,0,0
28464.403569378934,760.1811123050587,5.562969975340979,1,0,1,0,3,1,1
73875.91437023679,546.0100474105238,7.064331114542098,0,0,0,0,3,0,1
69631.6440218229,693.3807512998841,8.229021711741474,1,0,0,0,4,1,1
58697.33522112989,647.2031443077295,14.022067931746086,1,0,0,1,3,0,1
89480.22259155495,753.1674895699807,5.49398372400029,0,0,0,0,4,0,1
33836.45486457834,586.6196725780195,7.9431722159188585,1,0,0,0,6,1,1
44388.27450579012,654.900216827231,11.3502269907131,0,0,0,0,12,0,1
52863.8612407489,514.125847261012,6.516731942262135,1,1,0,1,11,1,1
20000.0,494.9178530448197,6.081667573848293,1,1,1,1,9,1,1
56807.95831400744,697.7066867092379,9.069259555948417,1,0,1,0,11,1,1
20000.0,507.1979328744238,7.1439709254701445,1,1,0,1,10,1,0
81408.63603284628,631.7425972452376,5.429938870622511,0,0,0,0,10,0,1
51399.12099697897,730.9036358378336,7.0186534966592315,0,0,0,1,7,0,1
34373.2128828871,709.7347884875744,15.407336751352641,0,0,1,0,7,0,1
24968.791631146356,596.8331609641125,7.04910136631092,0,1,1,0,7,1,1
42962.62911142437,522.9197490873462,13.004090955437345,1,0,1,0,5,1,1
70647.79132317241,690.7595889324423,10.97060471533602,0,0,0,0,7,0,1
66432.16936212682,757.3805426288145,7.556984533801543,0,0,1,1,12,1,1
28833.86158164617,597.0209537067501,5.150241869679245,0,0,0,1,8,0,0
24618.809821170966,585.7349713274307,6.739298484298308,1,0,0,1,7,1,0
69706.96118958942,608.0078429704802,5.647291037145327,0,0,0,0,3,0,0
28329.577861549118,695.7286968645692,8.905734676754923,1,1,1,0,10,1,1
51797.29322238511,748.281408513193,6.7661413166808915,1,1,0,0,9,1,1
53712.63927572831,550.8314550895582,6.4380755261329545,0,0,0,1,10,0,0
59361.86395180215,530.1374552540277,6.332488227768815,0,0,0,0,6,0,0
75748.11290545616,837.1997057545958,6.013614660865067,0,0,0,0,8,0,1
20000.0,635.8141769687969,5.238699299534236,1,0,1,0,12,0,0
20000.0,670.2314236552247,8.442969700947762,0,0,0,0,6,0,1
32976.58156314945,594.6455327505889,6.0281721043141525,1,1,1,0,4,1,0
104045.85223496558,689.1969847562173,10.566209359046464,1,1,1,0,1,1,1
110665.22300262135,726.8048699761218,12.390390228070249,1,1,1,1,7,1,1
104935.31406697663,673.9836937258344,7.627244095903023,0,0,0,0,8,0,1
44210.55896717931,789.2686461611547,6.953484448989429,1,1,1,0,4,1,1
20000.0,623.8604328047127,7.6982662290062,0,1,1,0,9,1,1
20000.0,628.96940215717,6.420924107421108,0,0,0,0,8,0,1
31578.855153517667,668.5125081021932,6.859163756436146,0,1,1,0,12,1,1
44057.79109551919,687.1969316404877,8.663740988594999,1,1,1,0,10,1,1
89018.76203167877,668.2357809650088,11.997852673324426,0,0,0,0,2,0,1
76034.16378627336,547.2467978435927,7.512984270617022,0,0,0,0,10,0,1
56822.15236974862,675.0012132956449,6.830604742230227,0,0,0,1,11,0,1
23304.65687176575,620.0661132157251,9.501159097194211,0,0,0,0,8,0,0
21176.613252653293,603.5218388740284,12.357100855264708,0,1,1,1,4,1,1
57623.830612143065,652.5985643802595,14.781195860484829,0,1,1,0,12,1,1
70911.52936519179,573.0781850136628,8.54455973205639,1,0,0,1,10,1,1
61756.43786736754,559.1686940901415,10.71984474715871,0,0,0,0,9,0,1
20000.0,440.76248319969204,5.276738478931333,0,0,1,1,3,0,0
69520.02886376259,789.7789862807913,8.274666948800522,0,1,0,0,3,1,1
62777.32901304234,694.4585055282402,6.0604560215256456,1,1,1,0,7,1,1
20000.0,640.6588702954956,9.116501779825473,0,0,0,0,8,0,0
26470.37089099233,596.6221410490682,11.21081920297905,1,1,1,0,6,1,1
70654.87923684699,419.91741743628666,7.806355397148037,1,1,1,1,6,1,0
42964.773945623274,591.7176899022812,5.0487139946283595,0,0,0,0,10,0,0
97674.41904909372,707.269306973126,7.308176330265336,1,0,0,1,8,0,1
65033.87828193729,725.3739442875095,5.04390142935592,1,1,1,0,11,1,1
35401.06435432193,701.3833594882641,7.287475355018616,0,0,0,1,11,0,1
49693.83198827202,662.6713564601974,9.452493005487515,1,0,0,0,10,0,1
51901.50177913155,754.3099316745104,7.690580448188101,0,0,0,0,12,0,1
28148.2906027487,623.7170222329167,7.66908796879534,0,0,0,0,10,0,0
22622.354054671203,736.815113290749,7.649088990763232,1,1,1,0,2,1,1
71041.69681428498,619.233404502383,6.710385277762293,1,0,0,1,5,1,1
75358.19891126287,579.508695289779,8.778795487357879,0,0,0,0,12,0,0
68113.44408658876,569.5429615661983,10.624277119078567,1,1,0,1,2,1,1
95459.54282971405,564.8402863061638,12.505671389626073,1,1,0,0,3,1,1
33746.80291965194,702.7254423041989,14.367189775476353,1,0,0,1,7,1,1
100228.12298213391,590.5803543122337,11.87178943951858,0,0,0,1,1,0,1
22972.366443375417,567.3576923972045,10.364186058340756,0,0,0,0,4,0,0
20000.0,707.0988175729088,9.344973147158479,1,1,1,1,7,1,1
20000.0,676.2376312377786,6.1504572474996975,1,0,0,1,5,1,1
36626.14058519549,727.0073586276642,11.61588631485241,0,0,0,1,12,0,1
34888.32989511639,691.0079609018239,6.5263467892305504,1,0,0,0,5,0,1
65778.11840763951,589.7510735842151,8.79242137649066,0,0,0,1,3,0,0
57316.72824861353,656.088193317487,5.9333634787880305,1,1,1,0,8,1,1
20000.0,660.0106392615742,6.119365219628407,1,1,0,0,3,1,1
38218.21284722547,576.4673073220798,6.37415290171826,1,0,0,0,7,0,0
38856.13936736944,561.6300020724806,6.576189141588588,1,0,0,0,1,0,1
20000.0,595.5422712705837,6.031983187166585,1,0,1,1,11,1,1
20571.598189598917,812.9265885337664,9.177167191799793,0,1,1,0,3,1,1
26875.59108157732,616.9804724622761,11.411857387686663,0,0,0,1,1,0,0
93008.75059462839,748.6293433109372,5.8741530160088615,1,0,0,0,4,1,1
55743.52147872058,612.5071592416161,12.299556607692947,0,1,0,0,3,1,1
69865.06261842498,721.1071055631994,8.506827339044985,0,0,0,0,12,0,1
20000.0,722.1993324446278,9.928033815892706,1,1,1,0,9,1,1
85826.43449041975,726.2072406361635,10.0448330224547,0,0,0,0,2,0,1
89033.06189072278,681.0261873607167,7.309151402410679,0,1,1,1,11,1,1
20000.0,760.1893263024921,10.778415933438904,1,1,0,0,12,1,1
28840.498282524553,680.2683175482182,7.005469262262146,1,0,1,0,5,1,0
64872.96719046531,787.0823783472224,12.569427298025094,1,0,1,0,10,1,1
69331.65360614547,520.4064157449253,5.915536835550842,0,0,0,0,3,0,0
29645.158085383347,677.8628998133455,12.922287870241627,1,0,0,1,3,1,1
40835.01610839041,672.6658874028533,9.219942587747488,0,1,1,0,11,1,1
32078.568168645714,575.0784123355606,7.348113625170344,0,0,0,1,5,0,0
53312.541408383586,696.3667377410991,5.5986756436987655,1,0,1,0,2,1,1
85915.35594385739,530.7933859538706,9.096649306427512,0,1,1,0,5,1,1
26868.73528576386,597.6652539391737,7.776543773487058,0,0,0,1,3,0,0
80024.61493305242,490.07297496817534,9.717299193789941,1,0,0,0,2,1,1
26549.837829593373,774.6901213570252,6.486849048662609,1,1,0,0,5,1,1
24571.183625093472,631.4760404843763,5.305502354810266,1,0,0,0,3,0,0
74557.8385502964,823.3507227853049,6.048828497785998,1,0,1,0,8,1,1
77658.09134022851,714.2359941215595,6.077180903473177,0,0,0,1,2,0,1
75542.29810287963,685.8478570680819,11.890973298617087,0,0,0,0,7,0,1
20000.0,603.10178445752,9.610936604558562,0,0,0,0,8,0,1
36021.47065783848,566.2919971450065,6.611759396557093,1,0,0,0,7,1,1
74689.65776009964,691.8377259117556,17.37290269978065,1,0,1,1,2,1,1
51246.25521691684,644.2788792581614,7.562577280039418,0,0,0,1,9,0,0
20000.0,542.8583747611759,10.490716398844278,0,1,0,0,10,0,1
63749.538173763256,528.6513266793345,7.7473525330605515,1,1,1,1,6,1,1
28555.782230255885,573.3037016685133,7.3956640178836395,0,0,0,0,9,0,0
103835.74545176636,795.6773780212984,7.174772172449537,1,1,0,1,3,1,1
96345.24387254776,827.0622334409043,9.002193302806152,1,1,0,0,9,1,1
68122.92279066701,666.3991317847128,7.972789379699733,1,0,1,1,3,1,1
90830.2011430932,661.9154236993031,6.235845883338563,1,1,0,0,3,1,1
51943.74050370143,623.0943702536383,6.687038460766793,0,0,0,0,12,0,1
72963.12483125048,575.2411721352398,9.388931142657427,1,1,1,0,8,1,1
94331.60885906225,760.0143246085795,5.928055357630656,1,1,0,0,6,1,1
57364.96045382938,799.8861115117709,9.17878867347257,1,1,1,0,1,1,1
42344.384854571486,578.5264731328572,14.555896297410948,0,1,0,0,2,0,0
20000.0,643.3729297260319,5.393940388077849,1,1,0,1,10,1,0
47505.99422835518,614.0106959431865,11.309636347877492,0,0,0,1,8,0,0
74702.69553686935,616.3808740108018,5.103154029947053,0,1,0,1,7,0,1
78369.00282702889,744.872660434389,7.855280833383535,0,0,0,1,8,0,1
65130.95197155229,545.0430763707102,11.95656058299641,1,0,0,0,8,1,1
33761.0271511328,687.3175752749045,8.752666913748744,1,1,1,0,6,1,1
20000.0,708.2590485844693,7.102819221207932,1,1,0,1,7,1,1
35143.54705985795,638.6279061118545,5.38213162830215,1,1,0,0,6,1,1
40869.65386838146,721.4454261589418,8.898124405847561,0,0,0,1,11,0,1
40612.130984299576,661.812147242996,8.914238915157028,0,0,0,0,1,1,0
68556.69070933774,747.370393692489,5.280378181462494,0,0,0,0,5,0,1
109570.2923304452,528.2235756059317,5.487828093504184,1,1,0,0,10,1,1
53705.87605523279,622.0979791194504,7.480692507096634,1,0,1,0,1,1,1
43498.04632530615,644.2549485719172,5.286846065501638,1,0,1,0,2,1,0
42223.34560987722,436.22340924229206,8.27015651270346,1,0,0,0,5,1,0
53731.54300723143,563.1237813137172,5.252080953193868,1,0,0,0,2,0,1
25151.187189548033,584.9120596512971,8.424725438053557,0,0,0,0,12,0,0
53605.956762381655,725.856479585868,5.431923556465945,1,1,1,0,4,1,1
63524.370089954,593.4525322948319,8.987750883207188,1,0,0,0,3,0,1
56290.58190723464,584.5536810155219,9.699913169089328,0,0,0,0,9,0,1
63726.25802014343,715.3988624524953,11.129484005768369,0,0,0,0,10,0,1
63012.42828045606,520.5671483367956,5.196999743678696,1,1,0,0,5,1,1
20000.0,484.3004746045142,8.071198466975623,0,0,0,0,2,0,0
69106.10475186209,621.0726159944522,5.126981097647875,0,0,0,0,10,0,0
29869.554630126393,534.1834585537316,6.281614082438803,0,0,1,0,6,1,0
20000.0,537.225656427228,13.574744915714158,0,1,0,0,6,1,1
20000.0,695.8747033350386,7.759397710634168,0,0,0,0,5,0,0
63006.24831417588,720.0779070330063,9.678674011820995,0,0,0,0,12,0,0
43322.752183254415,713.10913726817,5.08939180225876,0,0,0,0,3,0,1
20000.0,738.7021328245786,7.637529341753721,0,0,0,0,8,0,1
64341.1344557685,749.2907456011842,7.207828059137178,0,0,0,0,5,0,0
20000.0,479.7127832938455,11.775831758471952,1,1,1,0,10,1,1
54194.64075554632,686.0329567943573,6.277070083182644,1,1,1,1,12,1,1
57154.96777019162,607.6313440344353,8.618753611814363,1,1,1,0,9,1,1
76567.31245085134,590.2060603207651,5.603765416810972,0,0,0,1,4,0,1
103450.54359400555,694.8331705766964,7.480054298619816,1,1,1,1,12,1,1
20000.0,511.5763616083399,6.669513448573808,0,0,0,1,4,0,1
48425.78431810852,509.9113115302144,6.0178245787473035,1,1,0,0,2,1,1
41709.94114867348,700.6858195265373,9.42862363665872,1,0,1,0,3,1,1
63012.49057882887,689.0228814008718,5.62602181537708,0,0,0,0,7,0,0
56470.06312800856,660.9386124697209,14.14059428887082,0,1,1,0,6,1,0
39423.6127179014,579.6069276221491,8.842126291249752,0,0,0,0,7,0,0
36772.934341674336,709.50637076657,9.55816279095876,1,0,0,1,7,1,0
20000.0,704.4242313648381,5.70619883593193,0,0,0,0,9,0,1
79635.84747219528,656.8243612037963,6.588310397962673,0,0,0,1,3,0,0
63776.125447985876,555.8143166984182,5.177987342848148,1,1,0,1,6,1,1
77533.04593385413,615.9801323416394,7.747493675888672,0,0,0,0,2,0,1
40688.115905734594,717.0266942019555,8.188066819335495,1,0,1,0,3,1,1
30294.935939167088,756.175297824143,10.438347943195858,0,0,0,1,6,0,0
20000.0,623.8770717298937,10.12431017886598,0,1,1,0,11,1,1
60767.527512219785,630.026162575339,6.987269861944178,1,1,1,0,1,1,1
20000.0,637.0648713579951,7.383618023459029,0,0,1,0,8,1,0
105459.8920689965,671.9914407128778,7.396489570822162,0,0,0,0,4,0,1
20000.0,603.5146159951981,8.234305623962332,0,0,0,1,5,0,1
58209.80357637505,418.46519539427334,6.068270792591144,1,0,0,0,5,0,1
97005.64121641358,745.4215201317677,7.65420657735083,0,0,0,0,6,0,0
67972.69277791427,793.575115773004,6.695836629774149,1,1,1,0,11,1,1
55270.21137475338,601.008011231543,12.178766635663507,1,0,1,0,1,1,1
20945.49059114313,564.667730486498,8.368655055805947,1,1,0,1,8,1,1
20000.0,639.0319582087823,9.958334194612398,1,1,1,0,5,1,1
73101.50326752757,634.9996893016981,6.076677321983565,0,1,0,0,3,1,1
95184.4172232484,729.6414861730368,7.65677308109437,1,0,0,0,8,1,1
36834.50028565485,654.3711553316031,7.215503603732908,0,0,0,0,10,0,1
20000.0,586.5901735703053,10.027001990186331,1,1,1,1,3,1,1
20000.0,544.5272439553561,9.135903269186482,1,1,1,0,3,1,1
20577.05469012387,719.2507347855739,7.114386859673509,1,1,0,0,8,1,1
46590.2947250288,697.96089929314,5.076285603014853,0,0,0,0,10,0,1
97973.69722510202,734.8447902473455,5.130224376885675,0,0,0,0,8,0,1
70194.01076698906,572.5450599423125,13.604210730887548,1,0,0,0,3,0,0
59152.562141202594,797.0749519622664,9.869038147638978,1,1,1,0,4,1,1
37996.41016096607,510.50443943542103,5.669146708604449,0,0,1,1,6,1,1
32505.02848232131,706.7680817121184,5.691585740563234,0,0,0,0,11,0,0
92169.42792523891,497.23337862424785,7.049300216820668,1,1,0,0,1,1,0
56022.156222751684,586.7734894641226,6.8545665181433915,0,0,0,1,9,0,0
20000.0,774.8818344358367,12.082770008398942,0,0,0,0,2,0,0
29793.810563082716,716.5091403580792,7.07438693783012,0,0,0,1,1,0,1
24253.519046851197,606.3023667610255,5.714348825815055,1,0,0,1,5,1,0
33612.07972467605,608.4930365742649,7.493492726578516,1,0,1,0,7,1,1
66887.31980855255,658.0497688668354,9.267462350566358,0,0,0,0,12,0,1
46776.653546172514,691.1312792608578,5.571531891151887,0,1,1,0,12,1,1
47694.03778989014,750.1263506146157,9.982352947920319,0,0,0,0,8,0,1
89404.1948397571,613.5012796313205,8.557601815572186,1,0,1,0,5,1,1
29106.167306399348,521.0571949210239,8.782952481488874,1,1,0,0,8,1,0
105925.98577662048,662.5574901639008,6.715088760542164,1,1,1,1,3,1,1
29860.77225886742,613.4055329993284,6.475070181220719,0,0,0,0,7,0,0
52675.94589837714,545.9493036201242,6.046530258475878,0,1,0,1,8,1,1
41563.89213791699,673.8135132250236,12.971928479377965,0,1,0,0,11,1,1
53702.57400502883,632.9508996725768,6.573980294015903,1,0,0,1,5,0,1
63337.75985219387,674.5209765175836,5.848678155456478,0,1,1,0,5,1,1
63015.0572026663,578.4444639850255,8.476881514607388,1,0,1,0,7,0,1
27406.4800813826,688.9368424260399,11.799919226497385,0,1,1,1,2,1,1
20000.0,544.6321442596018,5.290186461094042,1,0,0,0,3,0,1
125095.15372717132,583.7814888242733,9.267480986432785,0,0,1,0,9,1,1
35480.46981198341,630.5668615130178,6.291752028242696,1,1,1,0,7,1,1
70976.3731601596,789.3454731967771,6.605849996821476,0,0,0,1,6,0,1
20000.0,712.7860294838795,10.70598909087433,0,0,0,1,1,0,0
41611.6184028597,736.1754003414231,10.60606525292144,0,1,0,0,11,0,1
46184.01848052671,763.3661626674516,6.71526355040713,0,0,0,0,7,0,1
64184.452097834976,850.0,5.680425914629371,0,0,0,1,12,0,1
20000.0,653.3271254046747,11.074532196012303,1,1,1,0,5,1,1
54984.21839234992,763.6320738503885,7.520778576707762,0,0,0,1,6,0,1
20000.0,731.0108203521553,6.123023232072292,0,0,0,1,2,0,0
59730.37133584771,729.6826002646021,8.409326445736609,0,0,1,0,8,1,1
20000.0,791.9391694432145,5.993813051811057,0,0,0,0,10,0,1
24335.51912223256,616.4549575212419,12.646592733944404,1,0,1,1,6,1,1
41791.171688201954,610.1051980850897,11.071046370646467,0,1,1,1,2,1,1
20000.0,675.5812410785489,5.975519447324828,1,1,1,1,8,1,1
35733.966597939354,635.3840182462491,8.117736288099314,1,0,1,0,1,1,1
20000.0,675.4800682398538,7.914417261424476,1,1,1,0,12,1,1
20000.0,775.0199028042409,10.856357402675206,1,0,0,0,12,0,1
80538.71157288078,611.7482621834977,11.247866383780721,0,1,0,1,2,0,1
20000.0,625.6256829925015,8.65131264434465,0,0,0,0,5,0,1
44639.573371760496,663.9448802821262,6.982358840799099,0,1,1,0,6,1,1
72586.73244481355,631.7345259179865,8.023437547017698,1,0,0,0,5,0,1
31551.676924518706,496.879533758921,5.835147026951751,1,1,0,0,2,1,1
25245.023007633863,603.5897885840849,9.537010812624239,0,0,1,0,3,1,1
56787.14266002264,704.9898593790003,9.36656019120893,1,1,1,1,10,1,1
83538.01468181456,765.0037400746118,11.36421600249572,1,0,0,1,4,1,1
20000.0,557.6305145969818,8.070055608802846,0,1,0,1,8,0,0
45495.56503947683,557.2574080615326,9.821379877706724,1,0,1,0,1,1,0
20000.0,652.4187042173869,13.647231455253705,1,0,0,0,6,1,0
38203.9698895343,483.95239480977307,12.353222064606024,0,0,0,0,11,0,0
51026.140536142266,614.4023837610298,5.048032946547359,0,0,0,0,7,0,1
24361.260747348028,511.1166352358885,6.159412819507352,1,0,0,0,9,1,0
36290.24498524306,759.5249039873972,10.889651342340304,1,1,1,1,3,1,1
20000.0,588.4535076519676,10.28330300065946,1,0,1,1,10,1,0
52312.35834144481,782.2267349071221,5.801000372667336,1,1,0,0,12,1,1
81670.82746649449,739.0817082766671,9.555304959085197,0,1,0,0,3,1,1
20000.0,598.2946161842067,9.883433282590975,0,0,0,0,10,1,0
31319.847003428513,564.2432290523138,10.33949769088508,1,0,0,1,4,0,1
65076.38739362545,634.5163400665929,7.593123103408811,0,0,0,1,1,0,0
86362.72157968208,641.6282700593438,5.831848031572818,1,0,0,0,7,0,1
20000.0,677.6917555161921,7.446808298918059,1,1,1,1,11,1,1
44936.45787752152,587.8765368375857,8.580385850965133,1,1,0,0,10,1,1
58493.92466958575,709.7115898817763,6.331556917454963,1,1,1,0,3,1,1
46938.30828113456,671.226244399992,9.276579456052952,1,0,0,0,5,0,1
20000.0,622.7683874627309,9.45095521222893,1,0,1,0,11,1,0
65032.700279263154,593.0367475665581,11.909037963755631,1,0,0,0,12,1,1
95580.09053271933,635.2092013521051,10.40308052221549,0,1,0,0,7,1,0
53499.852535085105,584.6478998537945,8.803443831062868,1,1,1,0,5,1,1
20000.0,654.675095590687,6.4768995327419905,0,0,0,0,6,0,0
34606.182609071504,656.8350948175928,6.399171066118516,1,1,1,0,4,1,1
103097.3920296678,670.9365826781071,5.494678286330816,0,0,0,0,1,0,0
77298.87622581676,791.2993927737483,7.464222714524704,0,0,0,0,7,0,1
69200.79855152988,639.4044224240342,6.485585522819505,0,0,0,0,12,0,1
60692.377506031284,730.3678293699586,6.915708964676431,0,1,0,1,2,1,1
30165.886634270828,668.3669917580561,5.269221218637408,0,1,1,0,11,1,1
43982.86458032695,630.9404558481236,6.728775613981221,1,1,1,0,7,1,1
47662.31792964452,640.4672584039013,5.760544979608235,1,0,1,0,1,1,1
66487.22948193332,645.293887266556,15.82587829395503,1,0,1,0,9,1,1
95267.56682800711,672.3814166182573,7.742146519302727,1,1,1,0,10,1,1
83550.14410379383,573.2543387824824,5.999774365046277,1,0,0,0,4,0,0
20000.0,532.7727693244026,7.672449598532123,1,0,0,0,9,0,1
56719.849067031464,702.343791477942,7.252865542110335,1,0,0,1,3,0,1
72102.90035503691,721.8499066065008,8.263097413541432,0,0,0,0,2,0,1
68565.80990433905,709.6508666242242,7.863529838544272,0,0,0,0,5,0,1
31122.987098377416,662.3977614845178,5.023454013285239,0,0,0,0,3,0,1
137423.27647305085,711.377970196263,9.105186341076447,0,0,0,0,6,0,1
20000.0,707.0743220813714,8.173773181977241,0,1,1,0,4,1,1
20000.0,713.0103487163964,5.649336744104857,0,0,0,0,4,0,0
57007.85243784729,581.2367342926309,11.135458967176824,0,0,0,0,10,0,1
113504.09164891561,562.2438562276295,8.319132031796011,0,1,0,0,5,0,1
24914.154478874872,618.9144602598184,5.6786584840079,1,0,0,0,6,1,1
42025.14903059023,648.6092712365876,5.088893854802368,0,0,0,1,10,0,0
82318.81019047079,630.6463098294169,6.864192080038862,1,0,0,0,10,0,1
49464.135353367994,499.86477349296996,7.978595796465264,1,0,1,0,10,1,0
39961.88436409113,787.7354089708114,6.393985009714004,0,1,0,1,6,0,1
66968.9870566016,628.0763208891411,5.947312171209187,0,0,0,1,7,0,0
58175.539706887794,663.8163533261563,9.901818188875646,0,0,0,0,7,0,1
80913.16356910374,749.5639192610447,9.271716407520305,0,0,0,1,12,0,1
88744.0666719609,462.4022184383036,7.419620892623508,0,0,0,0,4,0,0
59210.09180016085,609.0644902470631,6.021611599782383,0,0,0,1,11,0,0
58751.98176134927,619.0306181136157,15.62709598045599,1,0,1,0,6,1,1
56423.32946858401,623.0951963639484,5.1515770284642395,0,1,1,1,4,1,1
64673.91669947863,636.1210727428838,5.964814813902653,1,0,0,0,2,1,1
51655.11913614392,765.7707838755875,7.473982740217362,0,0,1,0,11,0,1
49981.74553033132,703.8767100581778,8.016941114257136,1,1,1,1,8,1,1
85898.81362481727,726.6428214903063,7.859440136669109,0,0,0,1,1,0,1
95483.4854106513,653.7696217448739,6.747298868769551,0,0,0,0,5,0,0
20000.0,538.0501563083599,9.15156365907097,1,1,1,0,3,1,1
50300.634552217074,483.62423718831946,9.08919405613537,0,0,0,0,6,0,0
29339.166996642958,527.6473821414695,6.814616227077226,0,0,1,1,8,0,0
40670.85600541783,678.7812563332816,5.299169052743223,1,0,0,0,1,1,1
62075.48629205964,652.5415770158108,7.488008076911661,1,1,1,0,10,1,1
70083.15114627406,633.1869081955194,7.908676886814169,0,0,0,1,4,0,1
46636.20669165965,620.5138474607891,7.088803392526781,0,1,0,0,4,1,0
20000.0,810.9377260354197,10.193480017787017,0,1,0,1,11,1,1
21048.63258271461,584.167712721882,8.724637607000759,0,0,0,1,6,0,0
76894.99010600497,724.2255564892847,13.527934598002469,1,0,0,0,1,0,1
20000.0,650.1530348816796,13.117189422409691,0,0,0,0,12,0,0
85622.81455046,645.1248390571202,5.379012585261378,0,0,0,0,6,0,1
65636.89971933624,744.1310038893396,9.584681803702994,0,0,0,0,10,0,1
89485.28244590067,767.0024306153156,6.601712242034428,1,1,0,0,9,1,1
44042.924393571186,630.836043449213,9.05314599292538,1,1,0,0,1,1,1
20000.0,713.9362175393713,5.7039133258270835,0,1,0,1,12,1,1
62910.87924519494,679.1113089720043,10.141759594033935,0,0,1,0,11,0,1
88239.59372115025,650.5949711047932,19.131272750715596,1,0,0,0,11,1,1
77741.65416540264,666.3403954125621,6.074853784282442,1,1,1,0,3,1,1
30119.25549535894,594.959294812413,6.116250034741171,1,0,0,0,12,1,1
52602.8322638794,625.5120485335133,10.321265704144867,0,0,0,1,5,0,1
34014.91193660228,603.5491776197834,5.146500128605562,1,1,0,0,10,1,0
25422.006074318837,722.1101373143135,9.011640538870356,1,0,0,0,2,0,1
78661.65713539554,642.383910756715,6.815766188886108,0,0,0,0,11,0,0
20000.0,546.1828780307969,6.349115878125781,1,0,0,0,3,0,1
23185.50708255162,592.1250221469529,9.216142730114342,1,1,1,1,2,1,1
20000.0,394.05882838302574,14.858697938677087,1,1,0,1,4,1,0
20000.0,610.4405918494281,5.051935315611663,1,0,0,0,8,0,0
54392.4287552781,653.0116052077719,6.59984539822346,0,0,0,1,9,0,1
84845.09145445928,639.1091320906421,10.442444819409136,0,0,0,0,8,0,1
44453.697312642034,808.4123481225114,7.11298517991928,0,0,0,0,10,0,1
20000.0,695.992483273203,7.0663398782803775,0,0,0,1,10,0,0
75198.33619226083,692.4361482471321,8.686067877338777,0,0,0,0,1,0,1
100571.05262104914,518.5384772343778,10.970383976521642,1,0,1,1,9,1,1
30612.730275602164,620.8286356706294,5.557481233095604,0,0,0,1,5,0,0
35643.37199846845,611.0669754141044,6.726545736343752,1,0,0,1,2,0,1
65469.81890250183,587.1135040953594,8.785172987318377,1,0,0,0,9,0,1
98656.21243355154,586.0095467589323,7.700327363248775,1,1,1,0,2,1,1
34404.97562824321,505.35016368467006,5.932808120236729,0,0,0,1,1,1,0
20000.0,547.9317436254937,9.189632201664207,1,1,0,0,3,1,0
68942.55818817219,719.9274722211959,9.15258678408036,0,0,0,0,6,0,1
73972.04219426899,638.5668246405454,5.270611106395126,0,0,0,0,3,1,1
50183.94351305681,609.4878065380533,11.473506262669849,0,0,1,0,6,0,0
33256.00221027648,649.5670932277834,11.129521595879694,1,1,0,1,3,1,1
79831.36192976139,743.391254296092,6.750533720291905,1,0,1,0,10,1,1
65841.08013643893,650.3368416700629,10.103224771062074,0,1,0,0,2,1,0
26946.934492895212,693.229930474483,12.438589974414455,1,1,1,0,2,1,1
51472.841939170146,582.2716126089394,8.748281137437322,1,0,0,1,4,1,1
20000.0,600.5096039402624,5.001442901429105,0,0,0,1,3,0,0
70576.7136931376,678.318150805094,5.636447864641222,1,1,1,0,8,1,1
42132.99291851433,801.412296666969,7.917510956947383,0,0,0,0,1,0,0
36928.67502845789,764.3819887611899,13.959308122311874,0,1,0,0,6,1,1
49013.76544542697,696.6262455564911,5.763580390464909,1,0,0,0,6,0,0
51209.230979907436,662.1147008128574,8.012959960409033,1,0,0,0,5,0,1
76847.90184696682,762.0855484501736,5.466153710465773,0,0,0,0,12,0,1
67732.71593975664,713.57426584361,5.4893242089548355,0,0,0,0,10,0,1
45307.721636215916,466.5070382103471,6.053164992287213,0,0,0,1,11,0,0
72910.04449156986,565.6855321715823,11.247480482624239,1,1,1,0,12,1,1
62022.11761074839,677.0512260286346,7.18473205090849,0,0,0,0,8,0,0
37202.01091141889,507.0425947559222,6.875378617369984,0,0,0,1,11,0,1
46258.45525290542,578.192879619451,11.66318921101556,1,1,0,0,1,1,1
45553.31333470638,594.0148045073621,5.780735804397178,1,0,0,1,12,0,1
65157.84029522605,629.5067275003333,6.639479957099865,1,1,1,0,5,1,1
38989.32155835075,627.0055833419034,6.933979510284107,0,1,0,0,4,1,1
38287.724407351,626.8703658266538,6.6657220016219645,1,1,0,0,8,1,1
109062.71928301876,716.024601379225,5.710034101956764,0,1,1,0,11,1,1
78192.06445241312,628.7820907639573,10.209064951875959,0,0,0,0,10,0,1
27181.98006724583,619.2295894343013,6.247940284732419,0,1,1,1,11,1,1
67128.22981826594,542.0662316685186,5.823328534260069,0,1,0,1,2,0,1
53550.50196965532,731.9476961588659,5.491031285637432,0,1,0,0,10,0,1
61746.53525780281,596.2801988842011,7.267799532841666,1,0,0,1,7,1,0
54120.23973695314,563.037573759898,7.621610091963579,0,0,0,0,2,0,0
85689.27936455706,667.0472459895177,5.629643230211861,0,0,0,1,8,1,1
60368.610339543375,588.644699009355,5.922399648168539,0,0,1,1,11,1,1
48137.33905357138,607.9237808164564,11.89711299667706,1,0,1,0,11,1,1
81265.71730949052,670.6768139455255,8.194922048644658,1,1,1,0,5,1,1
56998.551232636164,623.8813900976355,7.180017037870753,1,0,0,0,12,0,1
53644.35737987173,834.9287500240507,5.709923206005658,0,0,0,1,2,0,0
59420.67807458343,644.0137165344642,13.104093793906037,1,1,0,0,1,1,1
47191.729299009006,699.4270575103378,8.230379710470716,0,0,0,0,9,0,1
50276.80978986407,494.6644762005644,7.589173810337273,1,1,1,0,2,1,1
32399.162337143818,581.1480694468216,6.099937545159656,1,1,1,0,12,1,1
27464.983411283636,563.046904406663,5.133437997559815,1,0,0,0,11,1,0
20042.888405526814,573.6496221357897,7.6242998619419815,0,0,0,1,1,0,1
20000.0,683.2430395069603,6.09258224428026,0,0,0,1,12,0,0
23608.479158463306,732.8452054221927,9.636812765879618,0,0,0,0,11,0,0
44771.988965992234,677.5704403707608,6.247607894076999,0,0,0,1,7,0,0
53093.52747336911,631.8684301146952,6.028651776680647,1,0,0,0,6,1,1
41861.103105570786,599.5315969030064,6.375376911115204,0,0,0,0,8,0,0
20000.0,739.0879800949207,5.982905137434356,0,0,0,0,10,0,1
97237.59073287027,815.700436332389,10.12756099176057,0,0,0,0,3,0,1
82594.40368671145,660.8044563826953,8.215097290988771,0,0,0,1,3,1,1
63372.79553651386,725.1490451257258,10.27761287800569,0,1,1,0,6,1,1
107224.72017659804,677.469627983638,5.457324396237359,1,0,0,0,6,0,1
20679.07647548868,710.4403925172471,5.0558947289191805,0,0,0,0,3,0,0
106628.75361878015,556.8362577511907,13.606164254780023,0,0,0,0,6,0,1
21043.57769748356,610.94909758863,6.31916472498188,1,0,0,1,1,0,1
57162.1377587407,681.6375552036467,8.929935613344728,1,1,0,1,1,1,1
20000.0,746.9992755265583,6.7533017179065755,1,1,0,1,5,1,1
50440.822866331,584.549262268986,6.987942878495117,0,0,0,0,4,0,0
61584.99493995166,487.33607111678987,5.295091454918769,1,0,0,0,11,0,1
45359.29006596336,610.1388458847001,5.88104401188356,1,0,0,0,2,1,1
71416.32332270412,730.81045714786,8.79561582424834,0,0,0,0,3,0,1
52970.43348461772,523.288352712972,8.414392617039281,1,1,0,1,11,1,1
34327.558148674725,555.8464086294732,6.363813371474144,0,0,0,0,1,0,0
32995.60046592982,662.473486884089,7.08859944845355,0,0,0,0,6,0,0
74327.41317847089,640.7222997790828,9.375578390482353,0,0,0,0,10,0,0
30387.739105790974,697.5573185242582,6.141976813145375,1,1,0,1,5,1,1
77462.08911454811,551.7018591643537,9.259976389285082,1,1,1,0,10,1,1
86681.35378495793,624.0017124665065,8.858025573051076,0,0,0,0,6,0,0
20000.0,745.6148321922478,12.493660494448605,0,1,0,0,11,0,1
83987.79161903105,554.5683045090573,9.332870992428159,1,0,0,1,6,0,1
111812.68095334097,768.1529837048215,8.366201126093918,0,0,0,1,2,0,1
57560.11283605785,564.6066411289049,5.04898776389337,0,0,0,0,11,0,0
67972.52555884467,717.9505261902088,11.033892960481637,0,0,0,0,8,0,1
81110.15973107476,620.16331918295,9.413619143913035,0,1,0,0,6,1,1
41735.530544629335,558.4073393888818,8.011870048817961,0,1,0,0,2,0,0
55468.40670613609,610.2480762277921,6.773094026102253,0,0,0,1,1,0,1
20000.0,693.5943350543196,5.995573278620919,1,1,1,1,9,1,1
54159.05085591353,649.4516804078808,7.903157059329548,0,0,0,0,4,0,0
64943.359869336244,739.4775529154675,5.57423003472603,1,1,0,0,10,1,1
65484.890687794075,764.8592048747905,6.7387994378450315,0,0,0,1,11,0,1
81962.74170792742,555.357546774572,6.980630592351702,0,0,0,0,8,1,0
26755.93465593413,549.4984684071724,12.945382982044498,1,1,0,0,2,1,0
34021.79729979511,545.6164981103327,8.052814477102626,1,1,0,0,9,1,1
106865.22037974065,578.0643123161585,9.026520291195173,1,1,0,0,8,1,1
45490.1487870887,738.3371616655795,12.43363762263711,0,0,0,1,11,0,1
56001.01361936984,694.8289560533389,6.150450199259971,1,1,0,0,2,1,1
47989.69874824337,606.3977941662055,10.23775918978383,1,0,0,0,9,0,1
25349.57521084933,649.1117927501732,12.236124130730722,1,0,0,0,8,0,1
98705.8763267542,762.344440413275,7.925932084794395,1,0,0,0,2,0,1
34168.95764238183,802.6408680783295,8.954222930047246,1,0,0,1,6,1,1
20000.0,670.7507466754241,10.214254537457734,0,0,0,0,5,0,0
36477.79168091745,437.2575052762081,11.112155091146454,1,0,1,0,2,1,0
20000.0,673.7829675807978,7.810874548347716,1,0,1,0,8,1,1
30461.376050504547,724.7798503633078,7.306039811024321,1,1,0,0,1,1,1
20956.1420644302,667.970585268486,5.593767915376438,1,0,1,0,8,1,1
68522.85892781973,708.1211934987826,6.173438570255339,0,0,0,0,6,0,0
29797.572813203828,678.5652299568308,6.4411464232373286,1,0,0,1,9,0,1
76634.11806736546,551.2283666014507,11.203194460222765,0,0,0,0,6,0,0
91954.51979207963,579.100925330923,15.433861793119254,0,0,0,1,1,0,1
73435.26008862798,624.3078250295874,5.415919696036356,1,0,0,0,10,0,1
43538.3513341977,735.2331822590681,6.813684982021007,1,0,0,1,5,0,1
54233.43490116779,588.7292745343503,5.22497498249127,1,0,0,0,7,0,1
20000.0,686.4722106534118,10.136213596189748,1,1,0,0,4,1,1
45986.61882436281,674.2954075136957,8.316465137027246,1,0,0,1,4,1,1
24186.845957995007,776.8957812063304,9.265522282547375,0,0,0,0,12,0,0
70829.79143447898,646.6656177496468,7.450808041978581,0,0,1,0,3,1,0
127182.57167733421,509.6193265378993,9.037187172023547,1,0,0,0,8,0,1
64994.64907921428,701.7496371917423,15.779289328782042,1,1,0,0,5,0,1
20000.0,821.0444169307203,7.541247134328275,1,1,0,0,11,1,1
39163.09421256881,706.9906675893164,7.382744904439129,0,0,0,1,12,0,1
53674.72776123364,586.9870726551675,7.70220816249936,1,0,0,0,12,0,1
52620.72275780791,563.4443296656829,8.220925091867642,0,0,0,0,6,1,0
28075.606231737405,573.7624933194076,8.619680598636535,1,1,1,0,3,1,0
57358.752279108056,810.2649504305637,8.19243085233764,1,1,0,0,1,1,1
20000.0,623.8138047582851,6.702229434598879,0,1,1,0,8,1,1
21652.73831944799,596.9885284937578,6.22337457765671,1,0,1,0,8,1,1
69373.92924811135,637.3250684698213,5.443660390533537,0,0,0,0,7,0,1
20000.0,624.6474361115438,8.745041489753707,0,0,1,0,7,0,1
66146.34816476771,775.4120287830003,8.705975371504087,0,0,0,0,4,0,1
20000.0,568.8418007186958,6.647860178172541,0,0,0,0,12,0,0
102944.77651375209,744.4514585328358,5.7858043241746335,1,1,0,1,11,1,1
26771.90232787836,659.7673677160868,7.213406843368846,0,0,0,1,10,0,1
43290.00284589668,746.5621210742148,8.164092154774872,1,0,0,0,6,1,1
59918.39783271217,776.6095234987241,10.997530489990115,0,1,1,0,6,1,1
33039.501424967166,656.7838107130476,8.103617544464187,1,1,0,0,8,1,1
54302.178832139136,624.7949112320667,7.520944794901529,1,1,1,1,1,1,1
67260.70173560377,655.2943065492083,7.996795266114741,0,0,1,0,6,1,1
78818.39697510455,642.4183462395895,6.248521650101778,0,0,0,0,2,0,1
73744.92307918871,517.4426835409017,5.487452734277074,0,0,1,1,5,1,1
44845.68608591978,774.1984299028059,6.146234226784295,0,0,0,1,9,0,1
45601.04677869193,669.6628013904952,13.4343615334287,0,1,0,0,1,1,1
120473.25674075098,556.9520651959157,5.419410761764425,0,1,0,0,6,0,1
78496.67204747876,484.5981343841273,6.806020434845574,0,0,1,0,9,1,0
22345.29031039359,463.79206136557207,6.055937187668846,1,1,0,1,5,1,0
52999.644912966556,711.6384349350003,6.91853826500316,0,0,0,0,5,0,1
39945.705836654226,600.4817945274324,10.20801064680671,1,1,0,1,11,0,1
45939.97298230671,613.6079465515893,9.39947449890133,1,1,1,1,3,1,1
20000.0,689.0523411631059,8.073749989586403,0,0,0,1,2,0,1
37642.302968421405,608.7161475118577,6.20438577775914,1,1,0,0,7,1,1
104346.67319581739,693.7219532842811,8.60147961225577,1,0,1,1,3,1,1
67372.28902626509,657.6211251501372,5.719634105680573,0,0,0,0,3,0,1
20000.0,643.2696333480611,6.990787225187877,0,0,0,1,2,0,0
86501.70477493841,524.179967544681,5.888170274528486,0,0,0,0,4,0,0
82688.88568727483,584.4214914848912,10.054239778411535,0,1,1,1,8,1,1
39221.440870807506,698.2028292469492,5.86827832259212,0,0,0,0,4,0,0
71517.90631349645,595.4382548108758,5.948012807954997,1,1,1,0,4,1,1
24218.02367548398,746.4295644627592,9.378891536958736,0,0,0,1,10,0,0
35892.32851200928,837.7121059194719,5.602966274530426,0,1,0,0,10,1,1
94956.3908200956,702.5108240673057,6.3342499088153446,1,1,1,0,12,1,1
41848.098803908746,769.4265513092126,11.2270434644689,1,1,0,0,6,1,1
20000.0,707.6581790636855,9.403843793450516,0,0,0,0,9,0,1
48100.903316559896,607.259038186225,8.571292466227836,1,0,1,0,3,1,1
47642.3482125693,666.012133184594,5.114953765627208,1,1,1,1,7,1,1
85951.05708120379,811.0656756877954,10.316924218121489,1,1,1,0,4,1,1
50430.0926652728,608.115700589804,9.858108124352567,1,1,0,0,12,1,1
37352.53065679122,566.8538160897541,7.188423715057159,0,0,0,0,12,0,0
81351.68435693618,559.2644461507784,8.860902835466653,0,0,0,0,7,0,1
53623.70697503331,632.5976492933161,6.161350540966549,1,1,1,1,4,1,1
27499.31955302849,569.722232908555,10.973428755527102,0,0,0,0,6,0,0
84649.92681624854,783.921554194979,6.616847658400884,1,1,0,0,3,1,1
55809.85293550398,667.308522767303,8.35658631668343,1,1,1,0,4,1,0
50087.77900038313,727.7381047808402,7.088848906048582,0,0,0,1,5,0,0
55337.25174234963,626.1067687536241,8.88695205008682,1,0,1,0,7,1,1
20000.0,558.7842241795106,8.062016335123328,0,0,0,1,12,0,1
34170.38671464988,545.2484843653378,9.372399531301692,0,1,0,1,1,1,0
50107.4780549835,577.3606606257504,5.0925340763368485,1,1,1,1,8,1,1
44160.0891492596,677.8020395221369,8.532098231464747,0,0,1,1,6,1,0
88172.85148449786,691.5906345414359,7.344545055052229,0,0,0,0,8,0,1
56522.1755818101,698.2556858446948,6.030263738421175,0,0,0,0,8,0,1
75647.11767909207,530.9061852974514,6.305172897619164,1,0,0,0,9,1,1
50281.86063727548,649.9672651281384,5.095460072897976,1,1,1,0,4,1,1
81688.65451238368,567.9150535286086,10.145964345248313,1,1,0,0,3,1,1
61925.832697194615,682.1172774067622,5.9000196124934465,1,0,0,0,1,0,1
50402.614561653805,688.3261644397961,10.806629206074955,0,0,0,0,9,0,1
49601.50733122941,556.2261562378849,9.370112647245737,0,0,0,0,11,0,0
21366.8412112711,727.4423685757079,10.31728512766013,1,1,0,1,2,1,1
65207.471604089325,837.1058353222595,9.994753310648912,0,1,0,0,9,0,1
48793.85796390863,716.7868590067729,15.647437776298565,0,0,0,0,10,0,1
34940.24119456386,636.9732768359116,6.85940792348151,0,0,1,0,12,1,0
83193.85312436215,624.6763437432206,6.081061537365531,0,0,0,1,8,0,1
20000.0,633.2748814661993,5.273281652032546,1,1,1,0,9,1,1
37325.12313702698,589.1412922578392,5.91055759698727,1,1,0,0,2,1,1
80831.562463386,670.1918565321639,7.561799902917521,1,1,1,0,11,1,1
59465.6882276076,558.9229927076557,7.068866994836411,0,0,0,0,7,0,1
48564.23217041728,498.82417707216797,5.63073252880812,0,0,0,0,7,0,1
57530.106294504396,667.5681345450839,7.899020352939624,1,0,1,1,3,1,1
55382.425131465236,651.6986452620657,6.587738428084754,1,1,1,0,12,1,1
20000.0,604.3063986850244,6.412366309321382,1,0,1,0,4,1,1
39522.14343956116,547.3842701911707,8.988612718480399,0,1,0,0,10,0,1
98495.64963541247,673.1795221531228,15.43979768379141,0,1,0,0,9,1,0
30220.275956684975,570.785996914364,8.012626443544798,0,1,1,1,1,1,1
40450.969576869975,638.8844519307733,10.080338954050607,1,1,1,1,3,1,1
33751.37710072438,791.1977483301155,14.911614036402447,1,0,0,0,7,1,1
47389.54330045588,702.0951815660308,7.750013140551115,0,1,1,0,12,1,1
32506.315060271056,540.4693870094643,7.73744259842899,1,1,0,0,11,1,1
64602.2450647418,548.0118743190158,6.96187957780042,0,0,0,1,2,0,0
55919.402368708,662.1455274195007,5.443394041394451,0,0,0,0,11,0,1
73206.42845321054,539.9743454352783,7.405769844572342,0,1,0,0,3,0,1
20000.0,489.86196150125704,8.616525495967721,0,0,0,0,4,0,1
39789.78551351291,692.5897609037379,6.610332284438028,0,1,0,0,12,0,1
43228.32105163595,675.6748603456695,9.049519895310409,1,0,0,0,1,0,1
63669.40730265784,686.0478665023306,6.595511024833798,0,0,0,1,9,0,0
26203.364083788965,671.0428145454323,10.323803743291288,0,0,0,0,9,0,0
77469.61412775032,644.7751430662084,8.084959196997598,1,0,1,1,3,1,1
85592.46771552827,597.0249161858671,7.443525132207952,1,0,0,1,11,1,1
20333.829570932485,691.2907972870355,8.053695251936812,0,0,0,0,5,0,1
35273.81315319303,772.390679072412,9.318405274143664,1,0,0,0,2,1,1
34042.05475123723,609.9016794045236,8.373487498238013,1,0,1,1,8,1,1
128971.58614032496,568.3407831833362,9.27577374794716,0,0,0,0,5,0,0
37102.9968437634,559.1904464471008,8.703056158602791,0,0,0,0,2,0,0
100328.76326468404,580.6615813333026,5.229942996843214,1,0,1,1,6,1,1
20000.0,666.2078819580859,13.159935288674102,1,0,1,0,12,1,1
20310.471015069095,478.8297949157152,8.919329028245455,1,0,0,0,6,1,0
29401.864044553975,685.1336339545861,5.340921806942264,1,0,0,0,11,0,0
24629.32065660433,701.5130408236924,8.362922298125017,0,0,0,1,5,0,1
41963.03797524504,506.15373120456957,5.223688341256073,0,0,0,0,6,0,0
28736.653918355056,571.6655650977921,9.072927332813896,0,0,0,1,8,0,0
25419.752217962796,656.3744783876331,13.185061725385884,0,0,0,0,11,0,1
84754.15989419984,638.5224215756482,5.557063985499781,0,0,0,0,5,0,1
86713.80867539495,691.5709974614872,13.345359626371287,1,1,1,1,1,1,1
78478.89495125947,638.7090542786907,5.645420752927316,1,0,1,1,2,1,1
65719.96866752984,751.1815621419972,5.944711593090795,0,0,0,0,9,0,1
52782.29197338657,624.3064480765055,10.442919386569319,0,1,1,0,11,1,1
35089.079280022735,571.3573610624197,7.847309474390669,0,0,0,0,8,0,0
21405.27485734724,564.9246506990595,7.104350750160266,0,0,0,0,12,0,1
60889.87110298062,708.8374807425351,6.62486502632346,0,1,0,0,4,0,1
20000.0,652.3696913565533,6.522786120919122,1,0,0,1,1,1,1
20182.372124738202,700.6972720580156,7.290242370213091,1,1,0,1,8,1,1
84587.3976861443,699.0497999383348,5.1294911455381795,1,1,1,1,1,1,1
107019.47125166262,488.41201177889275,10.266792258059477,0,1,0,0,12,0,1
61798.854144994424,558.7933919181245,8.316520734121514,1,1,0,0,9,1,1
83193.71456883932,568.3499967596944,6.790697463825583,0,0,0,0,10,0,0
42624.550476680495,584.714864920659,6.2297293817972665,1,1,1,1,9,1,1
20000.0,616.3715738738779,17.632293704742494,1,1,0,0,5,1,1
68365.14855855753,729.9319675693748,7.432970650028668,0,1,1,0,3,0,1
67078.67969810191,745.878588190712,9.528273356191368,1,0,1,1,1,1,1
52150.056616407324,626.5687335837603,8.072502847513537,1,1,1,0,2,1,0
42728.73625684666,629.8975310940205,8.341575463941197,0,0,0,0,5,0,0
78866.31735743294,593.5653020754171,6.894294149329153,1,1,0,1,2,1,1
20428.008997175766,657.1350157790836,6.461076800236368,0,0,0,0,6,0,1
26786.582633280268,666.201670618715,10.802978617874146,1,1,0,1,12,1,1
20000.0,714.5180444001812,6.431458225371758,0,1,0,0,12,1,1
52549.18887907482,713.8750980786042,5.4333743695718315,1,0,1,0,11,1,1
20000.0,465.8305559144759,7.181827611397981,1,0,1,0,3,1,1
29472.734584542693,637.7964041890306,5.283436666561788,1,1,0,1,7,1,1
28827.333133184064,760.7280024712084,8.052657170911967,1,0,0,1,10,0,1
42181.75002998125,614.9508058156066,8.75973028459672,1,0,0,0,10,1,0
20000.0,741.1393454690631,16.64864009858306,1,0,0,1,9,0,1
52616.14976111801,625.4838559991049,6.735571272663833,0,0,0,0,12,0,1
87419.10951994034,663.9938773953571,12.429547623552507,0,0,0,0,1,0,1
54064.74116950286,559.0487446080681,5.9557782185679775,0,0,0,0,3,0,0
96239.63434403963,562.0601153946789,6.202833511416001,1,1,1,1,12,1,1
90019.94557630776,708.0393257810412,10.423313882346422,0,1,0,0,10,0,1
73332.05141743564,720.5454624160532,5.828978647203509,1,1,1,1,4,1,1
52240.57527910657,652.1143124960395,6.942119905854853,0,0,0,0,6,0,0
50675.011647363186,551.7980605889287,8.754286159382339,0,0,0,0,3,0,1
72913.9931708978,653.5043645285772,6.272809831309772,1,1,1,0,4,1,1
38249.881714879026,750.5787968539422,6.991990223574674,0,0,0,1,11,0,0
20000.0,789.4293176041408,6.5745016585674225,0,0,0,0,10,0,0
64760.121623088795,624.6633654139268,11.451885559757885,0,1,1,0,5,1,1
20000.0,517.2105719793768,8.41420763295929,0,1,0,1,4,0,1
21135.76315428846,717.2290879643823,7.267723861125905,0,0,1,0,3,1,1
50006.71843987364,627.9229522835999,16.003794134086654,0,0,0,0,12,0,1
47146.253673395906,725.4432513248831,7.92964014543797,0,0,0,0,7,0,1
20000.0,672.4857780014096,8.018871347768428,0,1,1,1,8,1,1
54964.74692399421,579.324471539052,5.582277921758971,0,0,0,0,2,0,1
78984.18982583145,654.6595488527505,11.060105536418856,0,0,0,0,12,0,1
20000.0,754.6670693643462,8.76674390517841,0,0,0,0,10,0,1
88174.49992546278,638.0676808826205,12.01829039025224,0,1,0,0,11,0,1
20000.0,567.2155869243697,10.756489957633551,1,0,0,0,6,1,1
113519.7243311286,522.9084665122675,5.484872202884714,1,0,0,1,9,0,1
37662.1870854955,588.2268250508279,5.693862662674599,1,0,1,0,1,1,1
54368.509904806735,617.1890990583214,8.53052766527161,1,1,1,0,8,1,1
20000.0,715.5999308733807,7.484937459728803,0,0,0,1,6,0,1
48135.91800592074,560.3320585750703,8.186521917342661,1,1,1,1,4,1,0
56854.465331545754,774.3001508583709,10.766222970044936,0,0,0,0,6,0,1
47415.13687701516,543.0278231327047,13.458441449984086,1,1,0,1,10,1,1
33107.56768842879,836.518887404547,5.720945541837258,0,0,0,0,9,0,1
21603.064444165553,788.0414845403577,5.453235614463212,1,1,0,1,5,1,1
83915.79858611933,661.2932999510393,5.429585422495801,0,0,0,1,5,0,1
50924.214049938506,518.1845172184326,6.267065902464807,1,0,0,0,3,0,1
96222.57129550318,645.5660750414063,10.161947878225309,0,1,0,0,9,1,1
34205.529356152314,619.0527233610795,11.169187912178483,1,1,1,1,3,1,1
36956.15919883349,548.0570221559261,9.637318393322799,0,0,0,0,5,0,0
74467.82733788488,673.2807701797954,5.41595675558753,0,0,0,0,1,0,0
20000.0,584.1085496115485,6.953252849893371,0,1,0,1,10,1,0
20000.0,592.8075322360335,7.437762516023518,1,1,1,0,7,1,1
82924.5491405949,633.7057092342116,15.34261289925792,0,1,1,0,8,1,1
20000.0,604.0072937035437,6.4152802984096455,1,0,1,1,12,1,1
20000.0,816.2525293688024,8.121294361211376,0,1,0,0,8,1,0
106055.81564219273,607.142829360036,5.551608464439075,1,1,0,1,10,1,1
20000.0,685.270480911558,5.34534573839901,0,0,0,0,12,0,1
55523.58194984509,661.6417993768289,5.533534033946339,0,0,0,1,1,0,1
52072.55578172814,678.2200180207097,8.412903923030306,0,0,0,1,10,1,1
20000.0,684.3270722888745,6.998220909481326,1,1,1,0,10,1,1
41980.48930496573,720.5089189284898,5.665332112928633,0,0,0,1,12,0,1
63452.39748437329,671.3156860494914,7.786706299059583,1,0,0,0,10,0,1
60629.281445565815,667.9916635909055,10.515433493180446,1,1,0,0,1,1,1
77105.62051410505,654.6781654774511,5.916591371891825,1,0,1,0,7,1,1
38375.260552836975,638.9265718128021,9.179142150261663,0,0,0,0,1,0,0
71375.13326276482,577.0561694671458,5.1425871630537205,0,0,0,1,5,0,0
29320.127957597844,645.1305298063838,13.045964450355685,0,0,0,0,4,0,0
20000.0,669.3013900212427,8.831225740534936,1,0,1,0,3,0,1
20000.0,682.1731645258236,8.54336298853125,0,0,0,1,1,0,0
20000.0,664.4227818392189,10.343842224482422,0,0,0,0,8,0,0
80287.57903673581,631.3635989241172,6.440059439301945,1,1,0,0,3,1,1
20000.0,645.4336077443281,7.802898310876161,0,0,0,0,10,0,0
58221.165219479095,605.7082812359366,7.2998267313330105,1,1,1,0,4,1,1
42022.274177827014,675.0579192805251,6.412867091216659,1,0,0,0,4,1,1
46920.54279648105,632.3097417668703,7.779096685283548,0,0,0,1,1,0,1
90908.218855991,664.4448750557976,13.29483772595922,1,1,0,0,1,1,1
36847.178983541795,730.0642434706042,5.668186213506255,0,0,0,0,4,0,1
68348.0468464905,593.2512872286064,9.768899395824409,1,1,0,0,6,1,1
51126.90054143335,697.7356304728387,5.266560008673697,0,1,0,0,11,0,0
45439.43283101906,652.6568143908298,5.966227176821524,1,1,1,0,12,1,1
118999.07373159421,811.6954879664604,10.068674548352995,0,1,1,1,6,1,1
20000.0,632.6959737229192,5.787057581710813,0,1,0,0,4,0,1
88673.95506312334,705.6131666520853,6.636271334781539,0,0,0,1,6,0,1
69692.19696469916,651.2282761404782,10.48477598466636,1,0,1,1,11,1,1
35614.25016104648,538.9356393349206,7.18965116825652,1,1,1,0,2,1,1
98879.55552324836,608.3448723584685,18.3928287421559,0,0,0,1,11,0,1
20000.0,720.4376884342714,5.8903639360157545,1,1,1,1,4,1,1
34347.00028102785,615.3844431513381,6.807819818087795,0,0,0,1,4,0,0
20000.0,472.3794948128309,7.191331413259853,1,1,0,0,10,1,1
62362.50394614381,647.4877586460397,10.125139679983363,1,0,0,0,5,0,1
20000.0,562.6130961639192,6.736943756802123,0,1,1,0,1,1,0
62991.91840223957,660.5454186077375,5.112753133748768,0,0,0,0,3,0,1
44406.90752535338,774.0917665118415,14.542216572263294,0,0,0,0,3,0,1
35619.38172031747,711.5565848642323,11.440114862960476,0,0,0,0,4,0,0
61659.417380999315,772.9324662991983,6.663857505348464,0,0,0,0,3,0,1
41941.35128185808,605.0790382844407,5.295582200414417,1,1,0,0,6,1,1
20000.0,638.5466933091574,6.687907456369234,0,0,0,0,2,0,0
134041.18968904935,566.4451042553776,6.621176441972368,1,1,0,0,5,1,1
35384.984509125665,595.2765243967924,6.805583809664141,0,0,0,0,6,0,0
20000.0,575.8492134171056,6.605285494906848,0,0,0,0,12,0,0
24737.039308358344,545.4621624630435,9.271972178013957,0,0,0,0,9,0,0
20000.0,759.2685300265073,10.18108493533338,0,0,0,0,10,0,1
74784.36848121547,482.64317639788624,13.022372254473586,0,0,0,0,1,0,1
59649.57978774758,759.6111123843646,8.347368729794887,0,0,0,0,3,0,1
61961.384053710324,749.6847139936185,7.29368605506887,0,0,0,0,11,0,1
38899.32602488267,689.9834140383198,6.444728668166553,0,0,0,0,7,0,0
41619.492588292356,560.8394185524744,8.11636343495114,1,0,1,0,8,1,0
38872.06689176995,523.4259910845434,7.472060289488883,1,1,1,0,5,1,1
47564.204475935905,606.1277054989149,6.9009183260265194,0,0,0,0,9,0,1
75060.00306094506,700.0096365071939,8.6033694199194,1,0,0,1,10,0,1
60082.2623751604,650.2450909952539,10.103711811115453,0,1,0,0,8,1,1
65003.384888626,566.5200403924193,5.770457655030403,1,0,0,0,1,1,1
64986.767247476084,741.8563827725192,6.852611854151883,1,1,1,0,1,1,1
76533.27312145213,784.750666254523,5.971030943575081,0,0,0,1,8,0,1
58644.50124620764,631.8720668788322,5.070629780719944,1,1,1,0,9,1,1
60765.442180367565,658.7469522877876,8.264036660832069,1,0,1,0,9,1,1
85664.1872357947,529.2921053096403,8.772844356810086,0,1,0,1,11,1,1
30048.622459906637,616.8490627112772,7.666699119823826,0,1,1,0,6,1,1
24327.722601454785,690.8351982400795,8.331277519536808,1,0,0,0,7,0,1
20000.0,678.3885232206222,12.107675299308106,0,0,0,0,5,0,1
55487.43690860768,609.3865720632234,5.1270452931607515,0,0,1,0,10,1,0
20000.0,628.0605193218843,10.820961208598998,1,1,1,1,4,1,1
63864.62288179032,614.2231410764358,16.179401753608968,0,0,0,0,8,0,1
46724.20716498342,627.7228229025292,6.153321092614048,0,0,0,1,3,0,0
84039.1909946317,683.8587842014501,7.7008594613049315,0,1,0,0,11,0,1
29842.480686050283,492.5970331704702,12.293985732859205,0,0,0,0,7,0,1
43900.451437474796,644.0520388153662,5.853331664804328,0,1,1,0,6,1,1
83666.09999880106,677.9980428500551,9.557828978210168,1,1,1,1,10,1,1
91494.06940334456,604.3612251487139,9.028712456027543,0,0,0,0,8,0,0
29595.4290274454,611.6533564828095,6.609672830808082,0,0,0,1,6,0,1
55453.4369776148,613.968444734764,9.49259156052868,0,0,0,0,2,0,1
58832.569330521444,611.6760021170272,9.82520281260725,0,0,0,0,5,0,1
61209.60216863445,650.4707022280298,5.236927006168017,1,1,0,1,4,1,1
42122.73022053133,660.3202206411027,13.908556242142744,1,1,0,0,3,1,1
88441.50194370904,481.95885470129605,8.030973269791424,1,1,0,1,6,1,1
20000.0,702.2304297177831,9.04213106815342,0,0,0,0,5,0,1
37366.09295596748,626.8000892522433,8.189049753675379,1,1,1,0,3,1,1
63437.92198318841,804.6370540374827,7.790054450716869,1,1,1,0,6,1,1
63716.744358480304,554.6681168881033,6.243328916464642,1,1,1,0,4,1,1
90582.7709184429,580.6148392996535,9.390777043769337,0,0,0,0,7,0,1
85946.76179603861,633.7672817133391,8.313349871127166,1,0,0,0,1,0,1
41433.751240783284,683.0580359748828,5.778204029473541,0,0,0,1,3,0,0
88996.13730591814,493.9386138102799,7.080185976775575,0,0,0,0,5,0,1
28578.747686676354,583.6719958307115,14.851495860676609,1,0,0,0,2,0,1
77926.62148375512,697.3056128459075,8.357772868625382,1,0,0,0,9,0,1
104315.6743526298,574.1500842853966,6.260637428790595,0,0,0,0,10,0,1
86448.32320564907,759.6021101100982,5.296148025058387,1,1,1,0,1,1,1
53173.1115057237,613.6893120920743,9.216605586365787,1,1,1,1,4,0,1
40046.636846836336,578.0501438926483,14.388143791785186,0,1,0,0,4,0,1
20000.0,698.8195406231615,11.415478901774176,1,1,0,0,2,1,1
59316.18913742612,778.6093909459557,5.332852145088457,1,0,0,1,10,1,1
20000.0,683.3117006995117,13.723280475067106,1,1,1,0,1,1,1
26205.960091581896,750.8343519378607,7.5296001798199095,0,1,0,0,1,1,1
20000.0,784.130827250957,6.723385670463271,0,1,1,1,10,1,1
36188.23002030035,576.2513056057937,8.62581016207919,0,1,0,1,10,1,1
49160.91756539053,725.0713067247669,6.5945738871866055,0,0,0,1,5,0,1
58208.43743497116,528.1223592557162,8.351427113105597,1,1,0,0,11,0,1
31984.8009375811,683.9922025429108,10.47636743862487,0,0,0,0,10,0,1
82078.5111918555,644.2945687588144,8.24125662878908,0,0,0,1,1,0,1
43753.84226030102,749.436016243365,10.9538833204927,0,0,0,1,4,0,1
26368.327002034424,743.7801210387872,11.772549966256225,1,1,1,0,4,1,1
56788.76801730309,695.5826680427522,10.660450907872217,1,1,1,0,4,1,1
108906.58500631448,673.8742319586255,13.87458761434743,0,0,1,1,5,1,1
60054.81699605353,690.669494137756,7.309473192855453,0,0,0,0,2,0,1
39114.331178791785,654.9416697101236,7.028333451321723,0,0,1,0,3,1,0
20000.0,645.1043407113677,8.65282760489525,1,0,1,0,7,1,0
43417.63037083789,765.4062537801954,7.322125763385221,0,0,0,0,12,0,1
57047.843752643465,775.0311855742541,12.953043689238207,1,1,1,1,10,1,1
38372.573262332895,638.6672641838235,6.285944049470827,1,0,0,0,12,0,1
20000.0,669.0109122408596,13.234104355332992,0,0,0,0,12,0,1
24483.038314896985,656.5324179818219,9.323864683454776,1,0,1,0,12,1,1
93636.15382663273,521.0641246450244,6.553595474201811,0,0,0,0,9,0,1
93020.03011191383,623.0851537910395,13.10467698558436,0,0,0,0,5,0,1
23400.82492386206,777.9763360838482,5.759454768653928,1,1,1,0,5,1,1
70182.70361598265,590.0179299974551,12.870622489394,1,1,1,1,9,1,1
20000.0,819.1634769841041,5.502664603342975,0,0,0,1,8,0,1
92129.48845984857,743.7701047671505,8.993483774551969,0,0,0,0,12,0,1
57357.075436827094,682.1198520436967,12.142009077220962,0,0,0,0,8,0,1
78489.24495849601,694.8674628781137,12.022586449775556,0,1,1,0,5,1,1
20000.0,576.6234642931979,7.142319871424006,0,1,0,0,12,0,0
70329.11305774664,628.7816998220238,6.735490489298979,0,1,0,0,4,0,1
49769.7780894649,765.3119288257408,6.403976566397755,1,1,1,0,3,1,1
75557.87212372528,600.8376528661173,6.718986653775877,0,1,1,0,10,1,1
77446.0339429355,734.890540555904,5.560959797858975,0,0,0,0,10,0,1
51973.540684242485,539.8367848450354,9.908651994812192,1,1,0,0,4,1,0
31975.11082712256,554.1473270019992,6.264419974757514,0,1,1,0,3,1,0
73390.88546538482,802.1107732469053,10.690824975026779,0,0,0,0,6,0,1
48195.36501784617,649.053028300774,8.023369832165015,0,0,0,0,3,0,1
23816.451394170723,606.9200090404527,9.043310790660495,0,1,1,0,3,1,1
22395.433056269427,759.019266159917,6.504819998900755,0,0,0,0,1,0,1
20000.0,749.6657243970803,7.74272738480553,0,1,1,0,9,1,1
34691.265213108105,723.660365220579,13.601553571271545,0,0,0,1,5,0,1
83080.76138223134,604.4081664470316,5.238616041217989,0,0,0,1,11,0,0
55334.89399116303,627.0465939249859,5.085841040099911,1,0,0,0,10,0,1
34106.96882230878,674.9303058979784,6.057283823401362,0,0,1,0,1,0,1
74145.67814540239,705.551947371779,6.7736565895685885,0,0,0,1,12,0,1
25025.70134829834,609.321314078517,9.042363309575146,0,0,0,0,4,0,0
52860.50822998336,663.6589688496557,5.33625924478341,1,1,1,0,3,1,1
44611.08881823454,671.3913040637925,6.420194426384626,1,0,0,1,7,1,1
73373.91876765057,752.9415805100202,6.643081356771584,1,1,1,0,6,1,1
20000.0,710.3572663148095,5.257455307468312,1,1,0,0,8,1,0
24494.067625560325,529.4558684131767,8.704683219279927,0,0,0,1,8,0,0
20000.0,632.9095753211691,5.117746762969548,1,1,0,0,8,1,1
42212.0983457219,575.6973304013267,6.6372075529358465,0,0,0,0,5,0,0
86342.82510897292,695.4469936489339,8.707952727898071,1,0,0,1,3,1,1
34836.58371039419,723.8522680404035,11.195900846311716,1,1,1,1,12,1,1
34679.48185413048,658.1244788488195,10.841660711745941,0,0,1,0,4,1,1
76151.7327255241,628.549837549772,7.796218501949323,1,0,0,0,7,1,0
82056.48675365899,655.5335834428787,8.702668573149172,1,0,1,0,8,1,1
47342.8679819363,666.7135418782203,6.670152913307892,0,0,0,1,9,0,1
70541.44562149676,598.7920278626475,6.113555146135186,1,0,1,0,5,0,1
20000.0,552.5031119384507,11.554049743611095,1,1,1,1,10,1,1
91339.23001776241,485.98887659557175,6.312588412364684,0,0,0,1,4,0,0
114461.18881811155,751.3745705391107,15.533534261606574,0,1,1,1,7,1,1
65636.47373566174,689.7092994907973,5.25478881861273,1,0,1,0,10,1,1
20000.0,679.0008809075338,13.228112995885029,0,0,0,1,4,0,1
33253.09212806647,751.215911036236,8.575717125722885,1,0,1,0,12,1,1
68384.75965007964,549.5625592246066,6.444149679379047,1,1,1,0,3,1,1
37355.51008500912,511.1495299315985,11.311392532949949,1,1,0,0,4,1,1
88165.95662750292,680.7385533215272,9.488919175761199,1,0,1,0,8,1,1
67644.71793307595,673.4617100354744,7.538716336744356,1,0,0,0,8,1,1
28805.734977026103,511.49545522617973,14.270376039086768,1,0,1,1,6,1,1
50967.944323137584,678.7616849712377,6.993570847814492,1,1,1,1,12,1,1
23185.003380827296,617.9821638080346,8.97965470384693,1,1,0,0,8,0,1
44522.453647626746,585.4329552209934,7.704922967247816,1,0,0,0,12,0,0
33362.202787023445,623.326103337407,12.00909276033422,1,0,0,0,4,1,1
85242.85400699114,454.6777143265224,10.803040084344383,0,0,0,0,3,0,0
113480.36170492985,602.690062128645,7.101047597921541,1,0,0,0,7,1,1
20000.0,593.6564344412636,14.418605150375464,1,1,1,1,11,1,1
20000.0,694.5681957548912,5.823380145514888,0,0,0,0,6,0,1
42644.82734445843,637.3415890791291,9.053057234365088,1,1,1,1,6,1,1
20000.0,701.1095098943106,6.975743885957816,1,0,0,0,2,1,1
51386.34811012752,446.03685242106553,9.217636190983672,0,0,0,0,2,0,0
72468.0834141778,582.8721421943162,11.438152307916095,0,0,0,1,10,0,1
94824.25691800474,694.4797641257155,12.532817473323604,0,0,0,0,5,0,0
56041.836761458435,625.2908295541476,7.734672815773673,1,0,0,1,3,0,1
44205.34325451263,717.6368426379494,10.650671213036668,1,0,0,0,3,1,1
20000.0,505.63176724886216,5.885483639387429,0,0,0,1,9,0,0
50785.554475573954,708.4888671751579,9.523216818209775,1,1,0,1,9,1,1
52138.61781648385,598.8688625771968,7.036273559716012,0,0,0,0,1,0,0
69168.70442638236,591.1042332493861,6.564227427731717,0,0,0,1,6,0,1
28745.356954127266,729.2837637541961,5.828404422652989,1,0,0,0,2,1,1
36948.42199292421,742.9520903965205,5.579623737359072,1,0,0,0,12,1,1
20000.0,732.7759756869825,8.248851342994756,0,0,0,1,5,0,0
20000.0,813.0913540038613,11.484545416481437,0,1,0,0,11,0,1
20000.0,751.3442886754667,5.2050784589373515,0,0,0,0,2,0,0
20000.0,586.365073301416,8.855670810535342,0,0,0,0,11,0,1
60101.368862618336,661.3310502508521,8.606365035647022,1,1,1,0,6,1,1
34455.97829999428,621.1841673212052,5.615849065062541,0,1,0,0,11,0,1
33852.88609775632,812.3271887959253,11.022028594196787,0,0,0,1,9,0,1
20467.608614743636,738.3895963758968,5.359059549095392,0,1,0,0,7,0,1
20000.0,634.8895890629235,5.3443774871834355,1,1,1,0,1,1,1
95249.32246242651,720.2327838202401,5.2208494144015445,1,1,0,1,6,1,1
20000.0,551.4241226949516,7.72937770357224,0,0,0,0,2,0,0
37627.39790450279,670.0209390116378,8.973418073733505,0,1,1,1,12,1,1
20000.0,574.9662005917532,8.957049477284297,0,0,0,0,11,0,0
79157.91030321902,514.9126239498074,6.472732788029093,0,0,0,0,2,0,0
54302.86811111974,712.7628990023867,8.031489447730976,1,1,0,0,12,1,1
25209.041442023943,722.6872876150042,8.220328953751407,1,1,0,0,3,1,1
38233.111659679285,686.5770108969589,6.51417141502185,1,1,1,1,8,1,1
100345.3976637461,635.3626367546799,9.373234163722586,0,1,1,0,7,1,1
47810.917043561654,548.6913076122872,6.229455278041706,0,1,1,0,4,0,1
44547.99387152283,557.0922503426202,5.282968887164076,1,0,0,1,3,1,0
21758.555415822044,572.4576016208962,18.35742665041434,0,0,0,0,1,0,1
20000.0,631.3061366620061,8.269638446425532,1,1,0,0,10,1,1
45198.83979261967,736.0942986883932,11.084391608949103,0,0,0,0,4,0,1
59764.553369738525,734.8323368862922,7.508294028256438,0,1,0,0,8,1,1
82987.5339298301,518.1145920309698,5.380133327720131,1,0,0,0,1,0,0
20000.0,594.5413330626442,9.287945545540435,0,1,0,0,2,0,0
20000.0,592.3871184342529,6.217450233870647,1,0,0,0,10,1,0
32577.76728330649,447.47334971990034,10.69396946482539,0,0,0,1,2,0,0
49895.574542803944,695.2896757559927,9.175052393070338,0,0,1,1,9,1,0
45648.989254147324,630.3072140545182,7.840885323459761,1,0,0,0,1,0,0
46349.339429381915,640.948597069522,7.16054528737946,0,0,0,0,6,0,1
62242.88175709834,757.6696846700511,10.597766716815613,0,0,0,1,12,0,1
22901.206676626723,657.0647210627486,7.34403379337574,0,0,0,1,4,0,0
78024.24326701084,615.5415628027185,10.289834566433107,1,1,0,1,9,1,1
63003.573250984424,695.7662096803955,5.189614202445841,0,0,0,1,6,0,0
40405.032076157615,734.709747726045,5.944552643700892,1,1,1,0,9,1,1
98027.23975666746,673.7174052839381,5.255218230909777,1,0,1,0,2,1,1
96692.48106715301,705.1351678958519,5.7892550135442615,0,0,0,1,2,0,1
77986.86065581426,638.3545880205693,6.7572001469557,1,0,1,1,6,1,1
20000.0,643.451380291227,7.961284744728179,1,0,0,1,10,1,0
97368.35278153926,659.0416568239062,8.538445214543414,1,0,1,1,2,1,1
73842.75567415802,589.750323965387,5.757201878278025,1,1,0,0,4,0,1
110192.2591313881,604.5550708504319,11.67710038889306,0,0,0,0,4,0,0
87123.93775200615,760.2303713454779,5.708754617274093,1,0,0,0,5,1,1
97350.28032491857,810.6364876689856,6.1467754177165945,1,1,1,0,12,1,1
76359.64550541138,777.3758331230545,9.669074155869708,0,1,1,0,12,1,0
90460.79595936536,544.1394114585162,7.004977997138647,0,0,0,0,7,0,0
109823.7122220332,536.4113972332023,5.135842487605007,1,0,0,1,10,1,1
56496.642151346176,554.7432454443872,8.26737958639432,1,0,0,0,11,0,0
20000.0,660.7509953503585,9.955608925113369,1,0,0,1,1,0,1
40776.172999545735,425.30203261138695,14.460573174021654,0,1,0,0,5,0,0
61698.3679815031,602.89587467044,7.946675163581493,1,1,0,1,7,1,1
52246.62753114673,762.567943132889,8.993461225397098,1,0,1,0,3,0,1
20000.0,728.5951064583126,5.4953004135681915,1,0,0,0,12,0,1
20000.0,609.2724279541194,8.690691106373873,1,0,0,0,10,1,0
27765.119940955123,615.331564706349,7.656421998039635,0,0,0,0,12,0,0
74232.18667952453,695.3793365445523,5.689641364195604,0,0,0,0,3,0,1
97410.19312468907,724.8215004195359,8.556760677416658,0,0,0,0,8,0,1
77497.02841333103,607.3490185808192,8.812031829494272,1,1,1,0,4,1,1
81722.81861342408,631.2507182624449,7.716344073663395,1,1,1,1,2,1,1
47575.53280509327,604.7192217183981,6.343162204440098,1,0,0,1,6,0,0
20000.0,543.4920446899829,5.417110155026492,1,0,1,0,5,1,0
36343.38257351884,632.4205001582549,6.843495621279208,0,1,1,0,7,1,1
42237.06764382864,626.3257967832989,10.458941255879164,1,0,0,0,12,0,0
35088.42539492953,549.1484707209075,8.815151388350861,0,1,1,0,2,1,0
51640.84596123878,701.6864750110184,5.336258509077189,1,1,1,0,5,1,1
63242.592796788515,688.6656542900712,11.010447856498452,1,0,1,0,5,1,1
75590.45564730493,705.6575760676061,7.147798284350403,0,0,0,0,12,0,0
41656.40406900998,588.5543715628505,5.895795670490991,0,1,1,0,3,1,1
20000.0,491.3139457508282,13.239215890483516,1,0,1,0,8,1,0
35513.66842126595,687.3864903716519,10.494917089858713,0,0,0,1,7,0,1
51311.31190975952,596.8709828296229,7.8024446346443845,0,0,1,0,9,0,1
86684.23766400226,578.7465493403439,5.842048233775544,0,0,0,0,10,0,0
32965.764734476834,549.4357540285246,8.152079940202244,1,0,0,0,6,0,1
65376.30885198205,627.9741977530277,8.015075722790225,1,0,1,1,5,1,1
58702.63698906297,776.1861837640379,7.41145181972121,0,0,0,0,5,0,1
51317.01599370165,609.5640382915589,5.137449486767917,0,0,0,1,11,0,0
77915.99957973775,562.8157564666453,11.88892924239287,0,1,1,0,6,1,1
30174.764097422576,702.1546720824023,7.799484975999545,0,0,0,1,1,0,1
32744.40651069451,663.8249823817027,5.888421476969159,0,0,1,0,12,1,1
49642.975307173154,480.4558905849434,7.266352422921441,0,0,0,0,7,0,0
30795.604847189006,702.987705580263,6.596140012622412,0,0,1,1,2,0,1
65240.36873163799,820.277421480128,5.228974404139817,0,0,0,0,3,0,1
28604.230869016017,441.9571258056781,13.327816158206247,0,0,0,0,5,0,0
56789.12623235403,551.14351807823,6.546990649910409,0,0,0,0,8,0,0
46994.8169363973,422.1178329078715,12.039552063067095,1,1,1,0,9,1,0
56447.77894330117,643.9756463407332,5.593501109148384,1,0,0,0,9,1,1
36207.75814810883,729.2308989289082,5.4269591094464475,0,0,0,1,1,0,1
39827.35116419519,658.4400599837023,8.994416380597123,1,1,1,0,12,1,1
52880.2780399115,761.3596558490135,6.431301662489509,1,1,1,1,2,1,1
56062.23518483938,716.4440232264108,8.145935217026379,1,1,1,0,5,1,1
49873.94253826532,786.1717858801742,5.094630048761294,0,0,0,1,11,0,0
101160.87069539251,742.8168614485676,9.54087649871406,0,0,1,1,3,0,1
20277.892437761475,617.7645545112397,5.734448682481135,0,0,0,0,6,0,1
48073.88615141859,655.3381164987871,8.350999809615764,1,1,0,0,3,1,1
20000.0,580.5058467615222,8.713178448134975,1,1,1,0,3,1,1
61162.44436002159,631.5475064905561,7.040962487085313,0,0,0,1,10,0,0
20000.0,654.9465337614496,8.29881563653818,0,0,0,1,5,0,1
41650.69232370271,643.2074141171717,5.451327953245914,0,1,1,0,11,1,1
38838.070240060224,757.3802821042889,6.461567276518853,0,0,1,0,10,1,1
58426.733798035144,623.5865549994535,9.829327987359367,1,1,0,0,12,1,1
33416.272473644596,575.4330869154114,7.085066389294346,1,0,1,0,7,1,1
32140.82906918053,580.431117207745,5.420649222773612,0,0,0,0,7,0,1
93075.69392257693,702.4080217298025,10.35347419814611,1,0,0,0,8,1,1
58537.00371423579,537.7489273528801,15.1148630571751,1,0,0,1,2,1,1
33168.474439331956,633.9051063879266,7.460652814732952,0,1,1,0,12,0,1
42474.989845663076,756.2000196364337,6.534262257624429,1,0,1,0,5,1,1
99360.64856812236,673.4078756592664,6.978441387582672,1,1,1,0,12,1,1
42945.05365246709,644.0315688704997,7.724507840543033,0,0,0,0,12,0,1
29321.70130542837,647.1271677089256,6.4555823345370245,0,1,1,0,2,1,1
29450.11549620822,567.6348326218261,7.483268803647977,1,1,1,0,6,1,1
33526.20557031268,581.4292231652367,7.1471458846211,1,1,1,0,5,1,1
32165.06832719833,634.3854661668338,11.634368063254492,0,1,0,1,10,0,1
20000.0,671.7018424087435,7.495467137169618,0,1,0,1,1,0,1
20000.0,725.8520009441688,5.791888500611482,1,1,0,0,12,1,1
25120.3887691589,657.4048493737148,5.664224471266494,0,0,0,0,8,0,0
67747.13055359293,758.2219340603399,9.75941681531241,1,1,1,0,7,1,1
38562.88138181379,778.415841216762,10.344078747033262,1,1,1,1,10,1,1
43785.14932717879,713.6213769985764,9.645528589016978,0,0,0,0,10,0,1
88102.6407576469,747.9985126444708,7.80759242159636,0,0,1,0,1,1,1
88850.21449815255,570.7429182889524,7.538520825568109,1,0,0,0,12,1,1
41536.25170586795,558.064085224955,8.74672377777609,0,0,0,1,1,0,0
31074.09467949773,691.4378701032133,6.201362193237074,0,1,0,0,1,1,1
24067.090589793865,542.7032150506362,7.969779438850012,1,0,1,0,4,1,1
70783.27309124713,626.7702524787253,5.314450503866177,1,0,1,0,7,1,1
43858.78299433137,711.6953524263791,10.906773722983937,1,1,0,1,8,1,1
38405.153290316295,763.0698339748166,5.164137040208569,0,1,0,0,9,0,0
25590.062745873416,629.6627479769547,10.055763079300526,1,1,0,1,8,1,1
26910.007729658344,598.0044563753847,5.438332910309683,1,1,0,0,4,1,1
59601.745744797336,675.6369297209266,8.130992284919415,1,0,1,0,12,1,1
20000.0,564.1165245180889,5.405509245399032,1,0,0,0,3,1,1
79846.06081363815,636.1377081365258,10.032667249935642,0,0,0,1,7,0,0
33984.660685552444,649.3599961378975,8.463396142069943,1,1,1,0,6,1,1
45510.921672446224,647.7612805863364,5.247035694785421,0,0,0,1,10,0,0
20000.0,657.0802779054305,5.172576078561847,0,0,0,0,10,0,0
49629.02185272906,583.2388115542286,12.367038820732894,0,0,0,1,1,0,0
40150.371719283205,591.8405605905266,9.840906899648651,0,1,0,0,5,1,1
48497.582034306004,590.2306991173904,6.318069394681244,0,0,0,0,6,1,1
94151.26695085672,520.3924528643954,6.599826957105395,0,1,0,0,12,1,1
55330.941373707195,677.3464257476885,7.199414426109668,1,1,1,1,4,1,1
26160.22447562588,721.5725961353604,6.826790249960384,1,1,0,1,10,1,1
28660.402683602955,713.7048066282829,9.514772003050638,1,0,1,0,11,1,1
67853.93557741305,629.0002511631396,8.936691126850176,0,1,0,0,1,0,1
88960.79872980271,585.119580842889,5.210100406797412,0,0,0,0,4,0,1
58457.5406225315,709.5451713890152,7.506053326339472,0,0,0,0,12,0,1
70661.38233664309,701.1138417899641,6.340934293492327,1,1,1,0,11,1,1
68292.13170010115,667.3936513949037,7.359557117464731,1,1,1,0,4,1,1
92571.93240072564,789.5449001938618,11.380145057502347,0,0,0,0,2,0,1
20000.0,647.885958290635,7.773830027137617,0,0,0,1,10,0,0
70016.56817913585,629.4488012860089,7.723544849515794,1,1,1,0,8,1,1
79512.08131710692,618.014613514032,7.4198470152852325,0,0,0,1,9,0,1
20000.0,525.1297834815355,14.622718697757794,1,1,0,0,5,1,1
23429.95447980752,702.9071971313834,6.756044057097312,1,1,1,1,4,1,1
24476.517541155397,641.5611706273779,7.855241109160465,0,1,0,0,4,0,0
28136.2941086785,690.7944993085437,7.826970387821392,0,0,0,0,5,0,1
35548.48847193422,797.3502401672993,5.780912531761325,1,1,0,0,8,1,1
57278.08439164824,618.7398584076307,8.27353723696471,0,1,1,0,2,1,1
75970.2395350211,462.9593026566759,13.783388648354324,1,0,1,1,4,1,1
82439.5087330561,688.4856295608618,8.902397992771352,0,1,0,1,4,1,1
24865.308164966544,663.3487511914141,5.016021205071755,1,0,0,1,1,0,1
24658.91003891052,591.4036899222945,14.604440524333045,1,1,0,0,5,1,0
89474.65520048668,681.7813068497198,8.243120577153011,1,0,1,0,12,1,1
69402.31806255934,712.88770560835,5.047603879171573,0,1,1,0,5,1,1
52485.945256069885,574.2712071830762,14.12575058070771,0,0,0,1,8,0,1
64200.10026664901,625.8934510877294,7.635938933896826,0,1,1,0,5,1,1
49105.88654445678,768.1402983879143,7.460981049281479,1,0,1,1,9,1,1
65737.54049142844,592.2702247016508,6.54539050864201,0,0,0,0,2,0,0
39917.99910482779,655.3335804331028,5.197653942798588,1,0,1,0,9,0,1
58064.14803317693,440.0471067164892,6.642771983456861,0,0,1,1,6,1,1
20000.0,531.4523599134964,10.75894298416581,0,0,0,1,7,0,0
29366.471155237068,662.601399786624,11.437656573669852,0,0,0,0,4,0,1
29689.664696289696,748.239024766848,10.463481732259392,0,0,0,1,11,0,1
38768.29900379258,541.0376254399199,8.509370114791775,0,1,0,1,11,1,1
22204.602356607556,655.9651249648397,5.2316848126540485,1,0,0,1,7,1,1
33993.69122530754,619.9425672757027,6.18086555129692,1,0,1,1,12,1,1
20000.0,726.2470443993996,7.080609945980827,0,0,0,0,6,0,0
66461.01429184701,552.5757355741932,7.759136592541973,1,0,1,0,4,1,1
47524.59443265817,684.4062118693988,5.020756853315236,1,1,0,1,4,1,1
20000.0,597.7047450402995,7.670795040595545,1,1,1,0,10,1,1
24955.102683599805,667.843041986118,5.615982120711175,0,1,0,0,10,1,1
60098.04282686501,655.5144841846778,7.784346906666038,0,1,0,1,1,0,1
33709.34160842631,629.8576740685905,7.151101996005687,1,0,1,0,12,1,1
29091.7561958571,688.2249477015507,10.989052356155222,0,0,0,0,5,0,1
47762.21968975771,653.4922187442369,6.801235973939052,1,1,1,0,4,1,1
60307.926055346485,639.3754958338644,6.976818105578137,0,0,0,0,4,0,1
20000.0,621.4866772781805,5.148499671832149,1,0,0,0,5,0,1
66503.85443653638,656.207871179627,12.26025467589257,0,1,0,1,9,0,1
25991.2015517787,667.7634838516858,15.451269894885222,1,1,1,1,12,1,1
49462.16095250604,570.8686335935503,6.856873585282893,0,0,0,0,8,0,1
48937.395779254715,622.0423009666099,8.333271030817155,0,1,0,0,7,1,0
34188.016452806776,565.5851244295062,9.519266185435775,0,0,0,1,11,0,0
20000.0,646.8123661775371,6.340832968130182,0,0,0,1,3,0,0
41429.40355723209,602.6134236116777,9.543497108059892,1,1,1,0,5,1,1
98759.90927225584,711.6626518385004,6.595322924818037,0,0,0,0,12,0,1
20000.0,703.8181582205352,5.777431386703099,0,0,0,0,7,0,1
100769.39057314626,576.1801149148505,5.754740192875116,1,0,0,0,2,1,1
42208.364867704026,649.815412368122,6.731107113464201,0,0,0,0,2,0,1
51061.14251265917,701.0813263398691,5.844455582859438,0,0,0,1,12,0,0
20000.0,635.9753343868776,9.878004972791476,0,0,0,0,5,0,0
26861.917499675576,591.7425980155564,10.209348958004783,1,0,1,0,9,1,1
34912.71049885942,562.6077177564164,9.856574544244387,0,1,1,0,10,1,1
20000.0,718.341404926269,12.493602991664147,1,1,0,1,3,1,1
43732.461278873845,722.2170518627976,5.5804091454448885,1,1,0,0,1,1,1
37789.52324579687,633.3641920900761,6.324170922494195,0,0,0,0,11,0,0
105523.434273072,711.2910067621342,11.065422814604723,0,0,0,0,7,0,1
20000.0,412.78315760917275,13.24007766671495,1,1,0,0,12,1,0
53080.71550245762,756.2043720567389,9.390058680420674,0,1,0,1,9,0,1
57435.388457054745,637.4444155778257,5.182737306241357,0,0,1,1,6,0,1
20000.0,661.3421248639592,7.408736515118873,0,0,0,0,6,0,0
70604.82486358515,624.3585821067225,9.163795604684712,1,0,0,0,4,0,1
38050.189613551156,761.6565985494004,10.409124331689542,1,1,0,0,8,1,1
20000.0,565.1414700835574,9.928738711714246,0,0,0,0,2,0,0
69795.48836313694,767.9568261285468,7.716469326197786,1,0,1,0,12,1,1
20000.0,681.7016736756088,8.555988033528818,0,0,0,0,6,0,0
20000.0,699.8131372734526,9.491223732634246,1,1,0,0,10,1,1
70637.06248677195,623.6636349336867,7.415354507691564,1,0,0,1,7,0,1
39585.155527446506,545.3424641682903,7.479664188816446,0,0,0,1,2,0,0
77533.16451654502,724.4408612428881,10.48586302639232,1,1,0,1,5,1,1
86304.98286095957,674.9126680951465,6.149821042026806,1,1,1,0,4,1,1
30652.146190331063,758.9298766647054,8.843039990685545,0,0,0,0,1,0,0
73797.87487865092,634.4978943827441,8.123067480984206,0,0,0,0,6,0,0
27336.175958213546,616.4614896880868,6.60256635616426,0,0,0,1,9,0,0
116993.47751396529,761.0470589312241,13.69393131977791,1,0,0,1,5,0,1
29211.289864063547,802.9515331597955,8.644067959950396,0,0,0,0,4,0,1
80782.62322880012,650.7477741092584,7.879522334628005,1,0,0,1,2,0,1
75313.70077644727,589.7794002514315,6.250849508931839,0,0,0,0,8,0,1
59482.634663268014,714.8424610231639,6.898973819187186,0,0,0,0,12,0,1
29883.705157499506,629.678354706346,9.285504039000616,0,0,0,0,9,1,0
45458.075241757724,697.9410260320639,8.374091243439562,1,1,1,1,6,1,1
20000.0,629.2579220496997,9.61645290717902,1,1,1,0,6,1,1
56732.60115146751,775.121121456945,6.840703180876343,0,0,0,0,6,0,1
60488.45993085156,594.040839595944,11.37913518594699,0,0,0,0,2,0,0
54004.982571841145,688.4423730017568,7.999978821164607,1,0,0,0,5,1,0
20000.0,610.9038423814301,10.628069522946134,0,0,0,1,7,0,0
20000.0,627.4794750863384,7.461332175875671,0,0,1,0,8,0,1
27557.270514540123,617.0355476191538,8.918392966307236,0,1,0,1,8,1,1
58749.767995671384,709.0886452874732,11.324440871634401,1,1,1,0,5,1,1
58680.16716928953,723.4690491947097,5.914845301097686,1,1,0,0,5,1,1
44893.286240864625,694.6191063145897,7.316690136431173,0,0,0,1,6,0,1
69057.3660981187,641.3613226603784,11.584075357474475,1,0,0,1,4,0,0
20000.0,661.2144024801274,5.298374340620673,1,1,0,0,8,1,0
68307.05017081989,721.8177254767539,7.4232342966174425,0,0,0,0,7,0,0
64242.26314519673,724.3449269766085,8.099730152700133,0,1,0,0,2,1,0
61326.641985137314,434.7779494917172,9.78007338795542,1,1,1,1,6,1,1
44538.78706743033,628.2222262581844,16.3343217178264,1,0,0,1,6,1,1
104922.31474493784,632.0592966848411,10.68383146184236,0,0,0,0,12,0,1
64795.87065469636,703.540205130093,7.625173264201111,0,0,0,0,4,0,1
20949.924102393234,644.6583345831403,11.927303706887667,1,1,0,1,6,1,1
57449.16427207953,707.534670475943,7.133208693612604,0,1,1,0,10,1,1
72574.50131222655,563.7071383175559,6.896432005276592,1,1,0,0,9,1,1
32356.742032270715,670.8043612368624,7.871668120464115,0,1,0,0,12,0,1
82678.16740793297,722.0164522760396,7.056508712583783,0,0,0,0,10,0,0
61461.01117148032,532.0493704545481,5.169696138332963,1,0,1,0,12,1,1
20000.0,850.0,12.862195977760491,1,1,0,0,9,1,1
58990.15932013779,745.2708746293215,6.947280573596277,0,1,0,0,1,1,0
37819.12536761854,650.1082641972514,5.017958524933707,1,0,0,0,11,0,1
66115.39443625209,583.7273514208986,10.238075625868948,1,0,1,0,7,1,1
78326.44520755442,635.9931879781035,7.466190184274284,1,1,1,0,12,1,1
55854.86141425454,656.7041887689072,8.248552444457893,1,0,1,0,4,1,1
99957.56701834087,685.2530045449638,13.241975280284674,1,0,0,0,2,0,1
44638.79346309513,770.0528679568025,9.66812070189094,0,0,0,1,8,0,1
68744.53469161625,611.9121224445723,8.601387868447057,1,1,1,0,10,1,1
74148.27720912042,695.0167870058049,5.521091876299041,0,0,0,1,3,0,1
47079.620933218015,546.6056669919909,6.625372476716875,1,0,0,0,2,0,1
73363.22923933346,616.9119428539786,5.840718229423438,1,1,0,0,9,1,1
32159.810385134937,680.1373478295487,5.427119034615861,0,0,0,1,5,0,1
37322.94742936344,705.3009992807043,9.966065141493159,1,1,1,0,12,1,1
20000.0,589.7414018668304,8.55816367315797,0,0,0,1,8,0,0
57242.27349110141,614.7366643190469,8.985727772886415,1,0,0,0,8,1,1
59757.55027563032,766.8445308466836,7.389509835173655,1,0,0,1,11,1,1
85377.89475737687,742.9526895702436,5.413182373453969,0,0,0,0,4,0,1
73734.2001306765,666.6765773641893,10.968345028362329,0,0,0,0,11,0,1
41456.13330057701,471.0683877423428,8.434293446099703,0,0,0,1,3,0,0
20000.0,850.0,10.27793216056036,1,0,0,0,11,0,1
62985.51207559922,648.4054750674204,8.663851234408428,0,1,0,1,6,1,1
83322.59517243927,624.9946353582939,9.250847042573742,0,0,1,1,7,1,1
72655.5492141183,608.2112059316709,9.0580321213111,0,0,0,0,7,0,1
82534.32574571863,680.1093629759287,5.040771661225303,0,0,0,0,5,0,1
43643.31406405273,680.9266071336743,7.235029585788362,0,0,0,0,7,0,1
36001.43095473063,726.050229850121,11.401607021792495,1,1,1,0,2,1,1
27892.95943304603,575.915026852079,5.275419971272931,0,0,0,0,9,0,1
48323.10600159213,625.0004097486991,6.447249173023916,1,0,1,1,3,1,1
47642.27612093542,812.4436578579362,8.636471710392037,1,1,1,0,1,1,1
56200.32885617349,667.9672506599993,10.921828446079985,1,0,0,0,3,1,1
46121.07628893476,636.1980501338603,15.108662416066373,0,0,0,0,5,0,1
45991.16810819686,574.6705787533039,9.631919894547506,0,1,1,0,1,1,0
26699.178410835684,690.4747444656601,8.345208314608128,1,0,0,0,6,0,0
78248.57040654472,732.4814573633955,8.458489701545997,0,0,0,1,12,0,1
52295.54186731134,719.9670116647846,5.1846494871120825,1,0,1,0,1,1,1
44766.68197144153,629.2959309112866,9.655957856509913,1,0,0,1,10,1,1
27577.12240252386,678.9001826690829,7.429129678696786,1,0,0,1,6,0,1
20000.0,783.7327549318888,6.64068076092431,0,0,0,0,10,0,1
89238.92577648032,735.6705833737175,9.309361345226048,1,0,0,0,1,0,1
66639.16124395421,587.2669806245344,9.20518548878701,1,0,0,0,8,0,1
20000.0,446.3195948302824,11.931355016686913,0,0,0,0,2,0,0
72894.26902128971,673.7418005667388,6.612099528730951,0,0,0,0,2,0,0
77674.43510699327,713.8854501398746,8.74160297778077,0,0,0,0,2,0,1
53731.283669027885,562.862040650139,5.13888851081942,0,1,0,0,1,1,1
97943.32687255277,649.2968382301777,5.726889978049492,1,1,1,0,2,1,1
56501.58926368649,628.9040747301538,8.766226724718683,1,1,0,0,8,1,1
20000.0,658.3429057785759,11.091598856555283,0,0,0,0,8,0,1
60955.07003144963,606.424297030423,15.134843316520517,1,1,0,1,6,1,1
57346.919051381876,753.2408798102394,5.194130103912995,0,1,1,0,4,1,1
31901.094536655353,661.837510450621,12.29353181104119,0,1,1,0,10,1,1
67206.76510632275,579.67864910682,9.65974713490716,0,1,1,1,4,1,1
20000.0,723.3969722874976,6.284661205961634,1,1,1,0,8,1,1
79717.00482328369,548.8649923206635,5.723858549359235,1,1,0,0,8,1,1
23656.34889183642,752.7595502028106,5.607663127868593,0,1,0,1,12,0,1
20451.61624648903,729.2847539378051,12.37680275572976,1,1,0,1,8,1,1
46585.256830775696,761.1820236256629,8.31933476657365,1,1,1,0,10,1,1
62989.18784130906,637.3402902046707,8.229090984105083,1,1,0,0,4,1,0
54917.72190780289,610.3108816173299,6.406475346218899,1,1,1,0,2,1,1
27720.22502682865,656.7217408746475,8.21725736568101,0,0,0,1,3,0,1
34817.32126424334,643.2450570915574,9.701276195620299,0,0,0,0,3,0,1
20000.0,597.781097154919,6.976597379221406,1,1,1,0,6,1,1
43259.602951103894,605.7101348699487,10.381955824820482,1,0,0,0,1,1,1
82250.6364353273,620.6901722186828,8.429890606500585,0,0,0,0,1,1,1
49872.111870683715,556.399705084811,7.877274270338038,0,0,0,0,12,0,0
75782.42764278359,704.2370631679468,9.641890021389358,0,0,0,0,3,0,1
93662.04013178575,645.8162289943194,6.41694525162597,1,1,1,0,3,1,1
32359.44442889099,625.3297224613083,8.928033653676396,1,1,0,0,2,1,1
44402.80240833906,561.1716671246659,8.529092172136302,0,0,1,1,4,1,1
115135.78583187485,557.1701617866028,7.30741694690336,0,1,0,0,5,0,1
93330.30235939835,804.873124057793,5.377575629984311,0,1,0,0,11,1,1
20000.0,599.8194029710744,9.498330513794816,0,0,0,1,3,0,0
61614.44948182719,698.8422715367461,9.782540972778222,1,1,0,0,7,1,1
50016.79977019086,663.0107575920142,5.3312916352911195,1,0,0,0,10,0,0
74793.59332576286,427.9849231113518,12.897305550210813,0,0,0,0,10,0,0
27650.636975448342,793.3960658510873,11.333559813707991,1,1,1,0,5,1,1
24811.748838779833,704.7267183020892,12.937193799562436,0,1,1,0,4,1,0
29717.878541191716,588.5863876556153,9.120469693732726,0,0,0,1,2,0,0
32842.14361404702,647.7306796456323,14.021167278568955,1,0,0,0,9,1,0
74459.72500427043,558.0653306077068,6.298859978899017,1,0,0,0,3,0,1
20000.0,796.0976382768907,9.844872793200253,0,0,0,0,9,0,1
31321.58300122043,577.3873833406828,8.257273594958699,0,1,0,0,1,0,1
20000.0,608.1532802644273,9.36227258713149,0,0,0,0,11,0,0
80213.5347023712,591.6351137481927,12.01931623894032,1,1,0,0,3,1,0
88130.90298293422,656.4303520167337,5.518942964123251,0,0,0,1,10,0,0
40187.797074086404,759.625320011145,5.494705769921657,1,0,0,0,12,0,1
41061.51905560331,793.1499559276126,5.3295571502085775,0,0,0,0,11,1,1
63596.65706848692,618.0803084622163,5.523114727919094,0,0,0,1,4,0,0
94234.46022134766,680.2607185854338,13.929126841663045,0,1,0,0,3,1,1
62258.32242691752,656.5524330083258,8.238218063190768,0,0,0,0,6,0,1
29073.741725746564,571.4712588444754,11.172003461029558,1,1,1,0,7,1,1
20000.0,843.8044459676755,9.787484342038724,1,0,0,1,9,0,1
20000.0,759.0207649837005,11.666443254256798,0,0,0,1,9,0,0
52196.58350937395,665.1292679768827,10.627289647113624,0,0,0,0,7,0,1
30340.17430397617,776.5500874799191,11.108162529649285,0,0,0,1,10,0,1
55849.031179722755,746.9685370174244,8.807115269056386,0,0,0,0,7,0,1
33412.27951291298,656.5489072865405,9.516331873147674,1,0,0,1,10,1,1
20000.0,676.0770884262395,7.184483318997511,0,1,1,1,11,1,0
20000.0,770.9700913901323,6.3816279537565705,0,0,1,0,3,1,1
96870.63528119688,574.3077135096255,5.294547688068816,0,1,0,1,8,1,1
76669.6324755093,783.8952557857071,5.217848730921278,0,0,0,0,2,0,1
101915.53855483876,631.9909951451907,10.096472370430295,0,0,0,0,11,0,1
66198.52702265308,771.9741394278053,8.086071763948155,1,0,0,0,4,0,1
37100.25774155483,649.5818722029744,9.571612788649505,0,0,0,0,3,0,1
89700.22767469814,677.0084977978378,6.102283134366657,1,1,1,1,12,1,1
49007.95995914697,647.2553314742033,11.973759280123328,0,1,0,1,12,1,0
56625.25310871057,607.4525101751018,6.278247156671743,1,0,0,0,9,0,1
48715.26862773443,628.395608148455,11.031383856365279,0,0,0,0,6,0,1
20000.0,760.3289122534853,10.748155609507162,1,1,1,0,7,1,1
98142.0503688456,464.8668813862025,8.560581234264895,1,0,0,0,6,1,1
64730.1183787326,550.882724415613,7.8097492687042545,0,0,0,1,8,0,1
59894.6918260553,591.9622632513518,8.685462300549327,1,1,1,0,1,1,1
48146.71813188318,563.7324166051183,7.990520715897387,1,0,1,0,7,1,1
54902.83461158393,770.7983688332391,11.397568546876997,0,0,0,0,6,0,1
32081.631924612568,750.6141582282563,10.831435358642405,0,0,0,0,1,0,1
68497.38056921813,697.3625447515692,11.417112147289828,1,1,0,0,12,1,1
20000.0,598.9756746017972,7.221955100251218,0,0,1,0,1,1,0
55582.05297411641,756.804149343531,5.710639276519551,1,0,1,1,1,1,1
66847.20411713314,522.9496059203565,6.609920321867344,1,0,0,0,6,0,1
44039.92598531291,821.3586112118348,5.069547554451373,1,0,0,1,12,0,1
61126.033774130745,595.2296162257959,8.504093217827464,1,0,1,0,3,1,1
20259.968232972493,629.0371822526849,6.437194898076122,0,1,1,0,6,1,1
21025.196873121076,615.6524919604228,10.100478993190404,0,0,0,0,9,0,0
57101.51363079179,564.1514068721058,11.436284033749974,0,1,1,1,4,1,1
70356.48963863155,804.0090499149535,11.162678902765673,1,0,1,0,1,1,1
20000.0,713.1115704627589,8.322122417673715,1,1,0,0,11,1,1
65660.619053323,747.2376433663829,6.400691698733899,1,1,1,1,2,1,1
33703.954988709884,552.1064582351383,12.702572098233336,1,1,1,0,5,1,1
44215.817380777626,664.47502616032,5.2453366253617615,0,0,0,0,7,0,0
20000.0,691.6822951465123,5.81648633925443,0,0,0,0,5,1,1
24451.482794398755,671.6605218839875,6.724337905965336,0,0,1,0,12,0,1
78983.75976590934,557.17012391456,7.742824105925936,1,1,0,0,6,1,1
50985.9012194064,736.0400016904509,10.332782275166387,1,0,0,0,12,0,1
38516.647948713246,659.7240066228123,5.051941659438379,1,1,0,0,1,1,1
46505.34942106896,573.6028771485597,5.84388997844975,0,0,0,1,5,0,0
64676.35473992904,501.5799568357869,5.151300911646817,0,0,0,0,6,0,1
63214.834884900134,698.5333210791904,11.92874463254688,0,0,0,0,1,0,0
47749.189988095975,846.03645873052,7.090595552560035,1,0,0,1,2,0,1
82788.77332690006,568.7796581322975,5.07907676414891,1,0,1,0,6,1,1
79113.87910719999,663.6357640330373,7.164638545191585,1,1,0,1,7,1,1
62401.16087391187,738.8397823273261,12.385586021649997,1,1,1,1,2,1,1
51638.35348730211,548.427818711896,8.223793554956082,1,0,0,0,1,0,0
69719.63285358617,611.6034584731981,6.844620802533662,0,0,0,1,6,0,1
59428.0226540355,581.1872976590878,10.08589916912151,0,0,0,0,11,0,0
81824.00215417842,728.7741355859637,6.215289786172936,0,0,0,0,10,0,1
76986.84130214923,756.0418055483248,11.21571265453942,0,1,0,0,11,1,1
20000.0,662.7229011785388,9.477091160248461,0,0,0,1,5,0,0
20000.0,582.6612744804719,6.783511162569848,0,0,0,0,3,0,0
28962.513667877713,614.5767249657722,12.695820702933164,0,0,0,1,11,0,1
79284.16070200763,599.5601188602598,6.787741259626714,0,0,0,0,9,0,1
20000.0,571.8184910701594,13.771875904246953,1,0,0,0,1,1,1
61842.7216732398,641.8369439345229,6.212729017133224,1,1,0,0,9,1,1
60876.29273278884,695.9861187569489,7.247719438042544,0,0,0,0,1,0,1
84879.44176058579,689.2205955542815,8.070146573413627,0,0,0,0,7,0,1
55410.160719916625,649.3414108344391,6.422973818931757,0,0,0,0,1,0,1
20000.0,654.5643069460291,7.285179768118665,0,0,0,1,6,0,1
21219.351180556314,643.4759363928177,10.085554227834775,0,0,0,0,11,0,0
20000.0,546.2230768666982,5.115896978201007,1,0,0,0,9,1,1
33861.68101000579,662.8107917586298,11.456090690249637,1,1,1,0,7,1,1
44512.95297728219,603.309953163628,5.852017263486754,1,1,1,0,12,1,1
20000.0,542.2125424672449,5.502052172441146,0,0,0,0,11,0,0
94119.85971956869,679.6564453692467,6.874430484676043,0,0,0,1,11,0,1
20000.0,601.0615970865164,6.070368087937083,0,0,1,1,6,1,0
90383.10271587441,668.2203137007068,5.176437732515589,0,0,1,1,5,1,0
85554.89094318022,717.8110252055542,7.535061469506266,1,1,0,0,3,1,1
76949.07649067105,573.9809023083815,7.299915754732883,1,0,0,0,11,0,1
29187.001775097488,657.3697025658378,6.459611425596287,1,1,1,0,2,1,0
60273.52637530705,505.1661694615711,10.195423615080259,0,1,0,0,2,0,1
20000.0,772.6026472487421,13.476066912569246,1,0,1,1,9,1,1
77327.21105101248,541.2746802488974,11.223942813329243,0,1,1,0,3,1,1
47780.456553911936,608.81442700821,5.514836707260361,1,0,1,0,7,1,1
37720.39356239945,757.0703923011166,9.377733405395212,0,0,0,1,4,0,1
20000.0,631.2381659135211,6.585352646640502,1,1,1,0,7,1,1
20000.0,554.208185095976,5.553622899229233,0,0,0,0,6,0,1
20000.0,707.0458585829228,5.675064338480835,0,0,0,1,11,0,1
83383.94586838719,705.2425969720948,11.07109113575141,0,0,0,1,10,0,0
37914.99714575588,599.3450928507814,9.433983668708466,0,1,0,0,11,1,1
44920.13428654858,608.0058783375681,6.308461372366123,0,0,0,0,4,0,1
69666.63074865358,615.1672823505531,8.216538567665015,0,0,0,0,3,0,0
104170.06634348795,633.4380831451175,11.258721031353815,1,1,0,0,11,1,1
89750.13964836916,498.5623138462555,9.405380158171852,0,0,0,1,4,0,1
20829.949885514357,635.486091110552,5.544874341870016,1,1,1,1,2,1,1
20000.0,792.7131358546519,11.361203605718067,0,0,0,1,11,0,1
120788.42777300312,578.3224026210637,6.298591619679441,1,1,0,1,2,0,1
118069.74834978361,603.3205125224189,7.67444134157596,0,1,1,0,4,1,1
55653.607892878485,555.3105869442884,8.078467601134086,1,0,0,1,11,0,0
20000.0,698.9729541116283,5.090181068232167,0,1,0,1,3,0,1
78896.79601681817,746.2557886513902,5.331551235064102,1,1,1,0,5,1,1
46760.48941962169,744.4254271342099,10.550842543220972,0,0,0,0,1,1,1
46610.56630680169,550.1591528885072,12.415264702360357,0,1,0,0,7,1,0
76833.76529315388,689.9833384397568,9.700857881202808,0,0,0,0,4,0,0
60031.24240619896,764.7000027371389,5.342222732704441,0,0,0,0,6,0,1
20000.0,690.7730486168099,9.590864987791267,1,0,0,0,2,1,1
40257.74194754078,688.2727746675022,7.5951528233210786,0,1,1,0,4,1,1
69834.5878598404,612.2685937091874,5.299598305526962,1,0,0,0,5,1,1
65307.566672150555,667.6087859034931,13.369561156013198,1,0,1,1,6,1,1
57860.49723075427,748.9054543765125,7.952073759530003,0,0,0,1,12,1,1
78002.68863427592,676.2567174743011,7.41563590243817,0,0,0,0,1,0,1
39148.49036548207,550.1380195176218,8.358242582215693,0,0,0,1,4,0,0
55360.09325657216,613.5166660571223,6.149995358094934,1,1,0,1,2,1,1
20000.0,746.7423631111195,7.236552751517366,1,0,0,1,10,0,1
36510.494184715586,675.9794656280876,8.781989000884579,0,0,0,0,1,0,1
72917.08725726933,659.5249662594462,5.978537682111657,1,1,0,1,11,1,1
38288.16598648572,605.678757340264,6.889982253371127,0,0,0,1,11,1,0
36013.17824848664,745.0879344427548,5.421724491796084,0,0,0,0,9,0,1
20000.0,782.9930078257805,8.19008044610684,1,0,0,1,1,0,1
80100.97678187437,751.0551298414426,5.915914676775223,0,0,0,0,2,0,1
66453.89820621713,765.4073297156298,6.247191133571419,1,1,1,0,9,1,1
74762.43793469254,621.3035007387067,5.0822406153966035,1,1,1,1,8,1,1
20000.0,609.9864722100876,9.734675496793239,0,0,0,0,10,0,0
45186.49870203098,637.4923861200651,11.989452594683936,0,0,0,0,12,0,0
41596.669767499814,653.0858593581003,8.637477266843268,1,0,1,0,10,1,1
41582.84880204342,764.4815824100205,14.103080193141766,0,0,1,0,10,0,1
31519.173688461324,743.2709391574733,6.100753667097198,1,0,1,0,4,1,1
39616.87184659954,693.0775509803595,6.628144187850808,1,0,1,1,2,1,1
75489.34348119955,535.505058732249,8.17940734195315,1,0,0,0,8,0,1
20000.0,514.95825243225,8.140108000808102,1,0,1,0,3,1,1
103318.8430409136,669.2370195841363,13.41115564877995,1,1,0,0,10,0,1
64515.23375079384,720.4210564480574,6.4191997909895555,1,0,0,0,1,0,1
48730.04313019362,643.634636081109,7.923135336179315,1,1,0,0,2,1,1
77205.02439118779,803.1923603982724,5.405559112519599,0,0,0,0,4,0,1
20000.0,563.4047164975651,6.317603159353877,1,1,1,1,1,1,1
30058.97284546958,553.331844040352,5.568464678263108,0,0,0,0,6,1,0
46367.73702828339,596.8575220420544,11.83598164844793,0,0,0,0,4,0,0
90966.81111296533,593.8162229447012,5.1051233703496335,0,0,0,1,12,0,0
48605.10256620326,692.1028694945584,6.7784077654576285,0,0,0,1,11,0,1
63501.640135554386,616.2630518525198,10.60023705289698,0,0,0,0,6,0,1
32312.63012191617,526.172763097707,11.076694235386135,0,0,0,0,5,0,0
64605.26206902473,721.3262765356094,9.276098343417587,1,0,0,1,11,0,1
100317.1877892337,509.20384591422965,7.987058955040945,1,0,0,1,4,0,1
79865.80075022342,564.3025421591433,12.993262985950283,1,1,1,0,7,1,1
47556.32036666362,520.1834743404905,8.319095404577416,1,1,0,0,12,1,1
70264.72541796409,666.5697021656699,6.56822299316092,1,0,0,0,7,1,1
67325.50863821636,664.883816972097,6.030007802127658,0,0,0,1,4,0,0
65197.63015091827,803.3163456813082,10.92251864960165,0,1,0,1,4,0,1
83358.60082581226,723.1061324916441,8.185870179564873,0,1,0,0,4,1,1
83134.33111512399,765.331694667376,8.127616208042538,1,0,1,0,8,0,1
46185.24209375347,673.0887721038795,10.026900807373444,0,1,0,1,11,0,1
69256.37184433307,571.8454543127549,9.125451270565055,1,1,0,1,5,1,1
38507.15236520619,660.2486081594797,9.567454041135115,1,1,1,0,12,1,0
22307.82811053267,697.3936805909846,7.743500930832514,1,1,1,1,5,1,1
41915.187328880405,706.3045905801259,5.027348791059138,0,0,0,0,9,0,1
47711.65544781252,612.2070284713326,7.951420518561608,1,1,0,0,10,1,1
20000.0,689.1029179025919,7.32556008511996,1,1,0,0,6,1,0
75809.97678250162,575.3577623326988,12.291690464617197,0,0,1,0,4,1,1
20000.0,566.5377924711427,5.713767256852231,1,0,1,0,7,1,1
131444.50818458965,560.7372230891613,10.319473368043635,1,1,0,0,8,1,1
95056.37401388957,651.9700790845437,5.966231933152564,1,1,0,1,7,1,1
42169.73827483059,555.7730915938957,6.810791702365732,0,0,0,0,6,0,1
50282.7908169132,616.0204488103194,7.336360721740544,1,1,1,1,12,1,1
59089.15620761849,722.2333241131166,13.631340288319569,1,1,0,0,12,1,1
32325.18836033174,567.6696257537355,7.576466641944387,1,1,1,1,2,1,1
55778.57442760809,609.6550373196546,8.65547561378941,0,0,0,1,5,0,1
45680.00066895017,655.7305021420935,5.762035929150506,0,0,0,0,6,0,0
47171.81848307102,669.7509521225813,10.79807206548925,1,0,1,1,11,1,1
55443.83190441916,610.0567527355552,10.887495371359666,0,1,1,0,12,1,1
20000.0,712.9488054988126,6.807934987754185,0,0,1,0,2,1,0
51187.09172400944,697.236184062778,6.389954336563676,1,1,1,1,9,1,1
54903.43239852432,741.1885283489362,8.513491878754053,1,0,0,0,10,1,1
53865.48864067743,643.4718460522352,11.283652215924938,1,1,0,1,4,1,0
43525.07733691537,608.9744952434926,7.610790080628548,0,0,1,0,5,1,1
84135.73327908115,595.3894382390303,5.473521022120821,1,0,0,1,5,1,1
39390.423353553466,674.562201434349,5.013255126130194,1,1,1,0,7,1,1
56819.77720469571,619.8275373750981,7.354447384131383,0,0,0,0,9,0,1
88918.92601776638,604.4664177855368,11.984421280469295,0,0,0,0,12,0,1
47618.71579939063,614.1370188603743,6.214567201624392,1,0,1,1,9,1,1
56433.89802402654,595.3047611900598,10.426947930836162,0,0,0,1,6,0,1
47108.46091055308,665.9216890210186,5.748370051716896,0,0,0,0,9,0,1
87121.09380690797,536.9933453964751,8.408536092585926,0,0,0,0,4,0,1
42268.26315241114,674.2413033979971,8.540173587666187,0,0,0,0,5,0,1
88500.63731864616,704.123900832236,7.6632974963612295,0,0,0,1,5,0,1
46892.36316058806,603.5296689458162,7.040124621356275,0,0,0,1,5,0,1
24216.208296559496,803.7629551685238,10.471301190469177,1,1,1,0,1,1,1
70381.19511722363,651.4097048781483,7.358031023295715,1,1,0,0,7,1,1
40859.96498733032,525.0925613520089,9.856947438391726,0,1,0,1,6,0,0
68615.02697297488,627.5005674930663,7.772044065700734,0,0,0,0,3,0,1
20000.0,655.0124915948637,7.773157434778538,1,1,1,1,12,1,1
50156.15785684839,685.9174044456171,6.870771746924122,1,0,0,0,8,0,1
36211.84103727559,629.4055580711323,5.449853159936609,0,0,1,1,6,1,1
20000.0,569.0743779436488,5.794711468478212,1,0,1,0,11,1,0
33402.769944806016,562.4015505510174,7.459258693284436,0,1,0,0,9,1,1
32788.905671220455,597.7120571854663,10.526720136440211,0,0,0,0,7,0,0
48560.426154482564,605.377970998499,5.156877108187616,1,0,1,1,8,1,1
20000.0,559.2020668080594,5.260130441919379,1,1,0,0,12,0,1
59488.21340779141,591.374947111704,10.444189454612209,1,0,0,0,9,1,0
90986.44355617365,702.7566819551485,8.127968286511436,1,1,0,1,6,1,1
58427.85490843479,781.873008615559,9.273984695124444,0,0,1,0,8,0,1
74269.65827687026,710.436937109677,9.588277915705744,0,0,0,1,12,0,1
82836.87363841388,754.468886894945,10.378408798795082,0,1,0,0,2,0,1
87094.6853655253,727.9294774586958,6.203449778837101,1,1,1,0,1,1,1
106104.16078463916,716.6504262718676,8.763636042438888,0,0,0,0,9,0,1
35023.94005172209,622.9762989554138,10.434463229513774,0,1,0,0,10,1,0
28445.480445166508,661.2728702709558,12.777321263259093,0,0,0,0,6,0,0
73503.96944974204,616.3504526035183,6.806590545423768,1,1,0,0,10,1,0
71247.98658972199,632.4714270133098,14.245214347024996,1,1,1,1,10,1,1
73270.25898847068,655.4533680309269,8.978935195594305,1,0,0,0,3,1,1
106678.47362750757,707.0852921263222,11.834186266531994,1,0,0,0,3,1,1
50341.09726395483,683.8658705212099,10.165158875713296,0,0,0,1,8,0,1
62784.69678938555,637.0536589588515,7.906626529040996,0,0,0,0,3,0,0
20588.352455495755,654.4430992713333,5.555463192795278,0,0,1,0,10,1,1
114059.63371927873,684.6770939354822,10.422533940051531,0,0,0,1,11,0,1
39903.652363726665,703.3915550446268,5.152452567720174,0,0,0,1,6,0,1
40753.5221551751,528.4803869394239,10.48650427942837,0,1,0,1,6,0,1
39597.50326975272,563.808882888085,5.295629590843857,1,0,0,1,5,0,0
30653.12424066987,738.5848427151474,6.8957301579539205,0,0,0,0,7,0,1
28116.888534570524,645.1304344055153,5.921070921544414,1,0,0,0,11,1,0
34288.87151331424,616.0738725306417,7.502765484435247,0,1,0,0,4,0,0
20000.0,628.9200421659169,5.964319996796882,0,0,1,0,11,1,1
26440.46239210285,628.9035755538757,6.804186168648596,0,0,0,0,12,0,1
108468.89334342857,694.6350225219498,5.436130701598096,0,1,0,0,11,1,1
72069.65430924106,561.3586884815386,6.741274806262549,0,0,0,0,10,0,1
77777.12530183155,651.9822197197409,6.880474731158272,0,1,1,0,6,1,1
85316.26362250745,669.6894183560323,5.445791263512739,1,0,1,0,1,1,1
105024.03693087172,681.7014333252403,5.293239128456577,0,1,0,0,3,0,1
20000.0,667.8291196968235,6.5909798617874475,1,0,1,1,7,1,1
20000.0,691.2724984251223,9.132862392090072,1,1,1,0,11,1,1
25888.290173159443,604.184307915335,10.718444376377729,1,0,1,0,9,1,0
35908.10610531207,574.6557814140035,5.997426322225052,0,0,1,0,12,1,0
40982.91828244253,846.5603554600411,5.496726463880284,1,0,0,0,1,0,1
36590.673415818776,625.8988252340611,5.178077791722312,1,1,1,1,4,1,1
56579.26739396162,635.2436423476346,7.61097261560848,0,0,0,0,7,0,1
51058.86172235648,704.2272078174308,6.356726683883357,1,0,0,1,12,0,1
28314.95614465251,777.6871433755393,5.19969578747798,1,0,1,0,10,1,1
20000.0,606.4377506452244,10.795016464547487,1,0,1,1,9,0,0
20213.938838639053,570.0947785448379,17.813382436818742,0,1,0,1,8,1,1
33522.84040062274,550.6277319366711,9.970697521867788,1,0,0,1,2,1,1
42587.61689576841,777.4484977202341,8.680861620763839,1,0,1,0,2,1,1
20000.0,566.9514410831173,12.343266531209785,1,0,0,1,9,1,1
35275.8060051074,647.7955250787546,8.71713287086901,1,0,0,1,12,0,1
20000.0,571.8172134365625,9.233869782238155,0,1,0,1,2,0,1
46225.41945355001,534.1315265633357,7.247053959524225,0,1,0,0,10,0,1
20000.0,626.6099717525051,11.23634977472567,0,0,1,0,7,0,1
24532.860308886065,574.9770666927071,7.730610870256902,0,0,0,0,12,0,0
20000.0,594.6697259661349,9.028787424007714,1,0,0,1,10,0,0
45394.97913290648,810.4884077933923,7.288825979123489,1,1,0,1,11,1,1
24006.56690142805,683.9916883337922,6.764535423944227,1,0,1,0,9,1,1
77203.52800026289,724.5175615643191,6.412831582077807,1,0,0,1,8,0,1
62175.50800078697,715.9727650279402,8.541507962067369,0,0,1,1,12,1,1
47904.44395449071,641.9311261536781,6.254026740910973,0,0,0,0,11,0,0
26075.435079686344,614.8225312497901,7.3204698513840505,0,0,0,0,11,0,1
61415.60915948909,669.9147689488893,5.157186170678877,1,1,0,0,12,1,1
70721.02668045911,663.4760615945995,10.36660848193343,1,1,0,1,5,1,1
54280.65236604891,604.4955666267754,5.5543279329294455,1,1,0,0,2,1,1
98111.05566400792,660.3878264373488,6.448370949432953,0,0,0,1,6,0,1
63789.11954224448,593.4936234642967,8.479837077465405,0,1,1,0,7,1,1
77408.21652704102,636.2833655487328,5.995826954552798,0,1,1,1,10,1,1
54006.96246607935,623.177322038613,10.730406548345591,0,0,1,0,7,1,1
70269.9335977093,548.4901925915376,10.409084552919051,1,0,1,0,5,1,0
26096.56301992474,461.9073429510264,10.744634025496957,1,1,1,1,10,1,0
36248.049103616184,574.8749400048241,5.450269021083129,1,1,0,0,9,1,1
60480.90660447139,794.328373166904,8.007766484594619,1,1,1,0,6,1,1
60262.98444672145,625.2254574370618,7.126471745846182,1,0,0,1,10,1,1
65228.354688297426,712.0774528717124,5.8140895908723405,1,0,0,0,9,1,1
83011.78676836187,480.04438855253136,6.11467382479064,0,0,0,0,8,0,1
20000.0,569.3371145628538,6.217941126038959,1,0,0,0,10,1,1
20766.423571691117,541.640830611012,8.433550135604703,0,0,0,1,9,0,0
56887.179232227594,633.8159991930308,9.092039536865748,0,0,0,1,1,0,1
28269.091045896177,843.7564384428194,6.029143552296404,1,0,0,0,11,1,1
151333.04723868085,686.8191154582335,9.209488089743793,1,0,1,1,2,1,1
65471.58857510408,785.6490026622469,6.165241825143162,1,0,0,0,8,1,1
47650.074532095285,629.6450617851469,5.647483315116327,0,1,0,0,6,0,1
34535.92180748422,759.1895499084058,7.872211647777565,1,0,0,1,1,1,1
35595.131504208664,815.8605365346313,9.780199038443946,0,0,0,0,11,0,1
50904.21983945532,641.2504746871633,5.539556825709263,1,1,1,0,10,1,1
53359.45797863773,606.8588231018108,5.866486568328671,1,0,1,0,1,1,1
36299.02565919461,544.5751250407877,5.333926992301686,1,1,0,1,11,1,1
41805.432604402944,625.2751793138424,6.775667183419306,0,1,0,1,1,1,1
90328.53725703788,656.5517340160633,5.2887336581204165,1,1,0,0,3,1,1
91535.14887953103,812.476289387932,5.3221746921555,1,0,0,0,9,1,1
57561.01939804631,546.4020820723131,9.263860273301518,0,0,0,0,6,0,0
20000.0,654.7729514957582,10.673617309949062,0,0,0,0,2,0,1
66155.0946991713,504.85535028883066,10.006212558379845,1,0,1,1,8,1,1
96628.47324833077,615.8589736929146,8.107853439967748,1,1,1,1,11,1,1
91093.43305887136,674.9116285929615,14.663399148334536,0,0,0,1,10,0,1
72032.77558429001,691.0066522150846,8.505981800608208,0,0,1,0,3,1,1
92672.68865857465,697.1218463713537,12.456835184290899,1,0,0,0,1,0,1
51601.52817437065,681.7923226309476,6.737486454862912,0,0,1,0,10,1,1
68843.08909501115,696.4337552076993,7.548324713351272,1,1,1,0,6,1,1
29576.733010244592,653.6591303202131,6.826132692984205,1,1,0,1,4,1,0
58767.96368467136,566.1706955208823,8.814595839308122,1,0,1,0,6,1,0
89886.02731911573,501.8674429055955,10.24620360512942,0,0,0,0,12,0,0
32317.297655393268,606.2649742610226,5.8528734913193325,0,0,0,0,8,0,1
24156.697116071406,639.2307653549416,5.1080686705762135,1,0,0,0,4,1,1
52924.66817071091,750.3145437740384,7.7154808627414955,1,1,1,0,4,1,1
43200.13388828001,641.951865987505,7.248887306182975,0,0,0,0,11,0,0
69474.43163211261,634.2744772626646,8.372277204236772,1,0,1,0,6,1,1
36402.21422158873,680.8421701473424,6.8787379243632945,0,0,0,0,2,0,1
101553.18846808141,628.3990410039038,8.193805687437816,1,1,1,1,3,1,1
20000.0,714.8433599157551,6.347498761491096,1,1,1,0,2,1,1
87612.04358659204,808.3466894707103,8.493026707410152,0,0,0,0,12,0,1
27054.523150756908,825.2628411368561,6.692412207356686,0,0,0,1,9,0,1
20000.0,657.7632501795591,8.808371609510035,0,1,1,0,4,1,0
57136.25469046602,676.9513891756359,6.2470133561373675,1,1,0,0,12,1,1
42361.760419583494,776.3084896298786,9.1449946192729,1,1,1,0,3,1,1
20000.0,638.0030381682983,7.443551168283468,0,1,1,0,11,1,1
20000.0,704.3353713539343,5.361915389418062,1,1,0,0,2,1,1
49749.1763818563,559.187189625134,6.829962417981286,0,0,0,1,1,1,0
79275.10674871453,625.1328681380002,8.532649640097915,1,1,0,0,2,1,1
67548.60479259332,742.4891693316246,9.55118988632832,0,0,1,0,4,0,1
51701.19946517797,592.5443492969902,5.478366869511437,0,0,0,0,11,0,0
64365.42719653205,639.7559057016258,7.111712185731697,0,1,0,1,12,0,1
49183.57602866429,524.0632283518305,9.329596442807905,1,0,1,0,4,1,1
20000.0,810.4614635607709,12.487979540572596,0,0,0,0,7,0,1
20000.0,751.0422455853522,5.888188054924485,1,1,1,0,3,1,0
43904.94413045963,665.0479652922198,10.512874814079886,1,0,1,0,7,1,1
45180.401409017766,690.6010297665863,7.848145837443812,1,0,1,0,12,1,1
75529.48035520295,681.6718485554695,5.117964778394115,0,0,0,0,4,0,1
72719.12671324241,760.7449402424629,11.233443116552543,0,0,0,0,9,0,1
68153.99047276848,608.4959966102901,5.892297092948527,0,0,1,1,7,0,1
41591.51860768458,708.5814095942585,7.906631189038599,0,0,0,0,2,0,1
20000.0,736.1933199081739,12.520030409473797,0,0,0,1,9,0,0
62362.13411198072,747.2260776381165,8.226175454967025,0,1,0,0,9,1,1
65755.07939786505,469.2503292934642,10.19579304214156,1,1,1,0,2,1,1
20000.0,602.0580417387885,6.632578090759047,1,1,0,1,8,1,1
24969.85440252012,568.4663502958476,11.696352986219654,0,0,1,1,7,1,1
29268.36867818312,661.9670628456548,7.443933396194906,0,0,0,1,1,0,1
53550.50603370309,488.71758243885824,6.559461818139763,1,1,1,1,12,1,1
25899.187017029184,486.35016872435176,8.777289772480437,0,0,0,0,12,1,0
48855.96293526079,823.6075993501008,8.62819927562211,0,0,0,1,1,0,1
43683.95178941024,699.4151510610673,11.32378572781668,1,1,1,1,8,1,1
45225.515853868164,659.6807394559049,7.408717401875475,0,0,0,0,10,0,0
28508.171188977616,679.0938118271185,6.50673661372306,0,1,1,0,5,1,1
30830.448377999674,661.7072738999344,8.689538516246749,1,0,0,0,9,1,1
20000.0,729.7880525241221,5.130790545535893,0,0,0,0,3,0,1
61402.02321721496,599.4044646348817,5.5289309166807765,1,1,1,0,3,1,1
67133.07885774106,664.9291860858856,12.019808949342295,1,1,0,0,8,1,1
26881.461496239834,668.1937014350173,7.615603028378185,1,0,0,0,5,1,0
95619.20288051134,566.251363323333,10.756466136795865,0,0,0,0,1,0,0
40561.956576738536,752.1586447250442,5.976834379548341,1,1,1,0,9,1,1
95905.56871389682,614.3458608078872,7.861594472346852,0,0,0,1,2,0,1
30736.1847850519,731.3937335847121,5.482178671402725,0,0,0,1,7,0,1
20000.0,659.1930181097184,12.548374096791367,0,0,0,1,11,0,0
62065.93474737054,780.6867865927246,5.514543687318157,1,1,1,1,8,1,1
57456.35315356962,566.6896729182781,9.166786230083915,0,0,0,1,4,1,1
51031.81385922749,563.2192958791641,9.742735164975638,1,0,0,0,3,1,1
30733.02564668032,577.5443527196553,7.988155706974548,1,0,0,0,12,1,1
48962.83323542543,660.66364404115,11.807326677170707,0,0,0,0,1,0,1
34662.21626391418,773.3174716622564,5.080764952929323,0,0,0,1,12,0,0
40929.51301004748,777.44748945322,7.1780738005865175,0,0,0,0,10,0,1
75248.96767295225,465.20251196492484,6.248450097077569,1,0,0,0,7,0,0
55526.516885902805,669.9765728978031,14.8898861618134,0,0,0,0,7,0,1
68298.54161995932,392.96371115879816,6.97276174835441,0,0,0,0,9,0,0
43043.9448012263,713.6025435028027,7.313664950712809,0,0,0,0,11,0,1
39739.47962585675,739.4535531916166,5.817968167420018,0,0,0,1,11,0,0
20000.0,646.7804580246252,8.019892543348835,0,1,0,0,6,0,1
38898.90162295409,656.7185261995804,10.765350375261246,0,0,0,0,4,0,1
20000.0,655.8911114352192,9.390679099688867,1,1,0,0,1,1,1
32293.341010830954,587.2446465007002,8.031947038191582,0,1,1,0,6,1,0
47543.77468427483,684.5364628257184,6.21975823550142,0,0,0,0,12,1,1
66910.20962810468,631.4873598677394,11.808083802007705,1,1,0,0,2,0,1
41939.6636742513,724.4233367431694,6.7649449802901405,0,0,0,1,10,0,0
60430.20626734998,640.9098452384616,7.842041418929192,1,1,0,1,9,1,1
20000.0,581.1181514809393,7.043367917847482,0,0,0,0,7,0,0
48294.89443379151,527.1308263307592,6.824603228720084,0,0,0,1,1,0,0
20000.0,500.87481399554304,8.515235716663637,0,0,0,0,4,0,1
20000.0,755.0007475163549,11.92721479570379,1,0,0,1,5,0,1
44385.03356408417,613.3768517712784,7.212483118720371,0,0,0,1,3,0,0
88287.91963620664,677.0859352065319,9.79303893020058,0,0,0,0,9,0,1
61136.20290410177,792.6583913395615,11.359722687016937,0,0,1,0,9,1,0
50546.92991411351,604.9756534961687,6.481779739986697,0,0,0,0,9,0,1
49414.08831598693,599.8018012495077,7.667673320770994,0,0,0,1,2,0,0
28591.133203865982,639.427059811574,7.2054766012808305,1,1,1,0,3,1,1
33680.49759881949,652.3546160335994,6.314610751810671,0,0,0,0,10,0,0
62821.28136412392,801.0041080204677,10.291922281671265,1,0,0,0,7,0,1
20000.0,775.265647527529,6.5375727638673995,0,0,0,0,6,1,1
67791.62150849064,699.6700332725397,9.945533838143618,0,0,0,1,8,0,1
38344.787986434414,765.9531015197495,6.875221300843249,0,0,0,1,12,0,0
74766.71224608696,635.7424789945716,6.434458400635013,0,0,0,0,1,0,0
78832.8037169625,673.9331653750783,7.104399781978647,0,0,0,0,12,0,1
20000.0,625.8789084369045,6.494076221461937,0,1,0,0,8,1,1
32552.57710318346,546.7705293936289,6.7603860536015095,1,1,1,0,12,1,1
24334.16936178129,746.3099793434876,8.161937088356074,0,0,0,0,1,0,1
20000.0,692.5358987191888,6.178706719178624,1,1,1,1,6,1,1
20000.0,651.4458778738931,8.140137106850085,0,1,0,0,12,1,1
123237.6753579602,649.802572055026,8.386566358704552,0,0,0,0,8,0,1
68285.2968863732,529.5028103274793,10.09933422913605,1,0,1,1,10,1,1
107518.63905817262,571.8019733477828,7.860518285837076,0,0,0,1,7,0,0
74872.95320055007,676.892253609122,6.390419128591061,0,0,1,0,3,0,1
27744.705169745735,607.6709866180395,9.178417839797717,0,0,0,0,7,0,0
38546.86409977871,632.5829567026008,8.000005585086118,1,0,1,0,3,0,1
67653.08540720922,641.6275148176719,11.564828866646138,0,0,0,0,11,0,1
63125.18610419109,595.4024984786312,6.931207458016713,1,1,0,1,3,1,1
32679.739528749986,572.566534398076,7.401597558744232,0,0,0,1,5,0,0
20000.0,521.0113895259701,13.228578595823597,0,0,0,0,2,0,0
148632.83562166215,638.2785376790767,7.328322978221073,0,0,0,0,12,0,0
45765.509829715826,699.4886838088227,5.618781355206664,1,1,0,0,1,1,1
40227.833204521405,518.509268622404,5.22986219880208,1,0,0,0,4,1,0
53400.03391715905,648.0761739920139,5.717126317802859,1,1,0,0,4,1,0
42718.14232066914,672.4914602153249,5.9472474991572986,1,1,1,1,4,1,1
53681.86723116451,570.8335677016685,10.503422407668669,1,1,1,0,12,1,1
88608.41858349257,763.7713449238471,11.506884208986326,0,0,0,1,10,0,1
46263.54560940729,619.1427704769274,5.0873363046990825,1,1,1,1,10,1,1
20000.0,641.8992249234791,5.733986050810573,1,1,0,1,9,1,1
45150.68616564167,637.0984399521617,13.312576237577918,1,1,1,1,3,1,1
36067.94655770268,508.3380461927155,7.733141052870341,1,0,1,0,6,1,1
92716.96811740554,730.7001657347236,7.621941298856417,0,0,0,1,7,0,1
85133.57194212712,573.558498526461,8.169194734279934,0,0,0,0,7,0,0
53225.75001292396,631.0783587675411,6.284084650181755,0,0,0,1,5,0,1
20000.0,697.8128801022397,5.806022985005432,1,0,1,1,2,1,1
20000.0,766.8722740915628,8.162404388561267,1,0,0,1,2,0,1
50453.69784753661,563.6054174482529,9.832674870761334,0,0,0,1,9,0,0
60089.689079638425,614.2813131524458,7.318084364798687,1,1,0,0,1,1,1
38761.31542021835,760.5934904005723,10.666699362895674,0,0,0,1,1,0,1
35594.91247378298,687.0971103420358,10.94992375424525,0,1,0,0,8,1,1
32216.023004640592,703.6937087241287,5.9999415387740385,0,0,1,0,7,0,1
49298.181192681615,565.9094611379065,5.026330325612518,0,0,0,1,12,0,0
20000.0,619.6632376058753,6.9774004797977565,0,0,0,0,9,0,1
20000.0,636.5731654095655,6.221764855374552,1,0,1,0,12,1,1
31188.47463657948,581.368419412562,9.813902621000272,0,1,0,1,6,0,1
86225.09584855763,516.0344299460875,8.110143089316763,0,0,0,0,12,0,1
25585.59074213212,609.1601152989124,13.201175570099087,0,1,1,0,3,1,1
55414.04425493619,758.3430559667544,7.788379403050745,0,0,0,0,2,0,0
56796.282527929885,654.7338772448397,5.18464820427827,1,0,1,1,12,1,1
88937.49516982287,759.9432730858701,10.199189321711756,1,1,1,1,7,1,1
87877.32220892451,664.3216731383616,7.180978277207626,0,1,0,0,11,0,1
48274.91093615251,588.823381632963,6.711406684410312,1,1,1,0,1,1,1
35735.457764316714,752.2095210585378,5.323936457800923,0,0,0,1,8,0,1
30085.006915229293,666.9860912534319,8.780475601889336,1,1,1,0,8,1,1
42768.103326026576,726.9471065941918,6.502342995829483,0,0,0,0,9,0,1
36978.999370292004,564.5337463103543,8.320837552158888,0,1,0,0,9,1,1
66608.82228074696,733.1005031691602,7.20253966061836,0,0,0,1,9,0,0
62609.29452455613,735.5111420435359,9.056099576633343,1,1,1,0,7,1,1
67754.03573435047,673.1813715485229,6.468513276213451,0,0,0,1,3,0,1
87778.51134308505,585.4462331352174,6.950912076157044,0,0,0,0,10,0,0
105886.0736420053,646.3192937029911,5.121295487399887,0,0,0,0,6,0,1
53739.901802226705,698.9032917790595,6.26909976105636,0,0,0,0,6,0,1
82983.91314186959,668.7656015949227,9.9676301226189,1,1,1,0,12,1,1
39450.194484973545,698.0866190486212,8.146282573559997,0,0,0,1,2,0,1
85550.20950749048,730.9796726122324,7.724038691095881,1,1,1,1,4,1,1
81845.27471527533,598.1242677302463,9.580088951030227,1,0,1,0,2,1,1
80252.47909828974,557.5939503231889,11.82952441901779,1,1,1,0,3,1,1
52822.09523574571,646.9968958902207,11.33063868789738,0,0,0,0,7,0,0
29949.25508027334,623.6205472904106,6.810011390764204,0,1,0,0,8,0,0
20000.0,712.867713052492,7.580979281288467,1,1,1,0,11,1,1
48798.88377436702,564.0401288272953,11.555044987800128,1,0,0,0,1,0,0
95990.37626747548,731.6305499342144,5.75864610049678,0,0,0,0,8,0,1
40704.65295907781,758.2889687637413,5.109371977083574,1,1,1,0,11,1,1
73553.79756380164,650.0243971409832,8.5001096863897,1,1,0,1,8,1,1
75318.54201556793,654.8588900465044,5.506464448540818,1,0,1,1,7,1,1
41489.41337218482,588.5962799015878,9.600615917203518,0,0,0,1,7,0,1
89490.34512558559,606.5871280820747,8.001139812874612,1,1,0,1,3,1,1
20000.0,617.3330655483453,8.055562216553923,1,0,0,0,9,0,1
20000.0,765.4352054270345,6.734307267447703,0,1,0,0,11,0,1
22531.031109246207,644.2503371351381,8.66899568821228,1,1,0,0,3,1,0
25408.549313978303,544.2261634687993,5.614028506596442,0,0,0,0,7,0,0
60087.888535576865,670.4283473689603,10.475360371483259,0,0,0,0,8,0,1
58701.13409161706,716.103209969782,9.673461102845204,1,0,0,1,2,0,1
61819.71716525024,647.9670904542724,10.261304340207554,1,1,0,0,4,1,1
67882.44482397461,767.5370751781592,7.407150035442459,1,0,1,1,4,1,1
21496.86292563052,712.2006933812718,5.798796327752573,0,1,0,0,7,1,1
20000.0,566.0697016089717,9.02331448263683,1,1,0,0,6,1,1
61889.590460235886,605.8853750082878,7.105939290760974,0,1,0,0,10,0,0
31093.037790606828,668.0981025139687,8.706868649880336,1,0,0,0,6,0,1
20000.0,516.7048609578715,5.6506922862415845,1,0,0,1,6,0,1
79140.32853624444,676.9085389976492,5.855862892906477,1,0,0,0,12,0,1
91853.05719506892,509.07340581962814,6.8695623961566445,0,0,0,1,9,0,0
96714.82669095977,731.8746764451607,5.865941425951382,1,1,0,1,11,1,1
55610.231644241605,722.5818947833367,9.814384861572528,0,0,0,1,4,0,1
68777.96287918708,690.3825088732057,11.887362163862722,0,1,0,1,11,0,1
91096.04670085732,595.9297308518151,13.554920429073027,0,0,0,0,10,0,1
30757.526299296973,663.6162259690831,5.41674437344631,0,0,0,1,2,0,1
83320.33052162276,608.9298009988281,5.696723527849079,0,1,0,0,12,1,0
58261.88702429626,567.5347778039948,8.12795752270831,0,0,0,0,2,0,0
77411.34957027773,622.9005590582872,8.590795373976043,1,1,0,0,12,0,1
55582.79062627806,705.8612429193677,7.133941040583386,1,1,1,0,9,1,1
88887.70129244006,653.5051354265408,16.144590751122138,0,0,0,0,4,0,1
56705.71287624611,766.0567939307539,7.268133362034526,1,0,0,0,10,0,1
20000.0,711.262443158422,6.1256523116978,0,0,0,0,9,0,1
93557.79896944166,702.6952651124495,5.680334417338051,0,1,1,0,1,1,1
21574.07777083664,521.2858760443517,5.796046650978329,1,0,1,0,12,1,1
87591.74630731743,627.1873175875777,7.579658467905109,0,1,1,0,11,1,1
47292.71355679034,564.850207165264,7.966084238813472,0,0,0,0,11,0,0
85280.3295559312,635.3597696300877,6.191914667168122,0,0,1,0,2,1,0
84043.05844600295,594.5379100861475,11.58190434814366,0,0,0,0,7,0,0
62904.28922946114,619.7916037553649,12.830385175242169,1,0,0,0,12,0,0
65256.05952881392,734.893018589908,5.392221959678554,0,0,0,0,11,0,1
62678.85851577698,688.0199943204667,5.458939497059962,0,0,0,1,7,0,0
20000.0,730.5691543185308,8.517602320215989,1,0,0,0,12,1,1
53549.90656694607,521.9453512787211,6.022261241483088,1,1,1,0,11,1,1
20000.0,654.6379757292531,9.774508852430117,1,1,0,0,1,1,1
55135.614312369886,727.336398511728,12.758587260791867,1,0,1,1,8,1,1
20000.0,770.5036731909724,8.560784303827464,0,0,1,0,12,1,1
20000.0,526.1529288246005,6.690078976230077,0,0,0,0,7,0,0
98148.03505261705,621.8813091071064,10.765795613635689,0,0,0,0,11,0,1
82083.42164372568,732.738133920381,5.216341651086056,1,1,0,0,10,1,1
49875.72245167536,634.6177349750843,9.854359561344447,0,0,0,1,2,0,0
55543.059507470716,577.166586066422,8.51968241002028,0,0,1,1,12,1,1
42562.51922770974,526.0000657203194,8.394823696257271,1,0,0,1,1,0,0
67096.29127938568,574.1038772269467,6.623954406259243,0,0,0,0,2,0,1
29718.369003535852,514.8878665149017,9.48358169997948,0,0,0,0,7,0,0
79812.20788603873,654.676836546722,9.795637800627127,0,1,0,0,12,0,1
42407.39476957668,721.7048148622928,5.689023579099546,0,0,0,0,10,0,1
37404.59012506313,549.1220192873117,5.73228044045439,1,0,0,0,4,1,1
50651.39055454528,670.6183792968842,8.190231571493863,0,0,0,0,6,0,1
32265.595102231684,717.6216823556693,11.839633777414825,1,0,1,0,5,1,1
59860.47048489449,649.783333852132,12.153353413850983,0,0,0,0,11,0,1
33879.122320598006,521.1444564066204,14.289948202374157,0,0,0,1,8,0,0
64055.70808456508,680.8969243730003,12.34336127065821,0,1,0,0,7,0,1
86480.19616734429,645.6282444188424,12.185623420638585,1,1,1,1,11,1,1
28420.34939575479,637.4796281119316,5.066461618681787,0,0,0,0,7,0,0
46082.73628114486,606.2530203391628,9.503659628352171,1,1,1,0,11,1,0
63839.92139106265,656.9429941019233,7.730814524357245,0,0,0,1,11,0,0
36924.279350557794,690.7854326757567,8.092213224183912,1,0,0,0,9,1,1
63929.61682479995,841.2518507468678,10.330742580590979,0,0,0,0,4,0,1
66661.96581955219,658.9865654709764,7.131381505878298,1,0,0,0,9,1,1
82497.85328882912,770.8912928010138,8.504983454822883,1,1,1,0,3,1,1
31820.29861745264,678.6204066741501,8.267622985481964,1,1,1,0,3,1,1
21716.742793085763,642.0377337881797,6.12865495445533,0,0,0,0,5,0,0
40772.67831308769,661.8838022169034,10.699248745465091,0,0,0,0,10,0,0
20967.429813587,552.2610904245993,14.569939326164473,0,0,0,0,3,0,0
66934.94612142492,674.468821660163,6.364993277315048,1,1,1,0,9,1,1
20000.0,490.6347948142902,6.046543994269956,1,1,0,1,1,1,0
119990.49254758065,580.9866913689175,12.168197543773633,1,1,0,1,6,1,1
88877.83584721253,658.7874474507048,7.118445561009873,0,1,0,1,7,0,1
50377.273088009424,745.5185818543075,9.177994576567254,0,0,0,0,1,0,1
76021.83478993928,764.4499517598715,7.817260594975558,0,0,0,1,5,0,1
20000.0,631.0762736287252,10.937305743543035,1,1,1,0,9,1,1
125701.19994198674,662.4573855624353,9.523327292649043,1,1,1,1,12,1,1
32293.561633985315,728.7489975665623,6.778006774121728,0,1,0,1,6,1,1
46385.077583019214,543.6405142245665,5.275425166018484,0,0,0,1,4,0,0
20000.0,682.3798004252403,5.393567308432089,1,1,1,0,4,1,1
64588.619142226846,583.7685706107353,9.113129884419767,1,0,1,0,5,1,1
20000.0,636.2539964258625,6.178113300036917,0,0,0,0,5,0,0
53049.67284698087,613.2781399604547,7.582448585074168,1,1,1,1,6,1,1
33671.76701226385,684.8286501638518,7.77026557922834,1,0,0,0,12,1,1
20000.0,694.0242939207272,12.66942003522698,1,1,1,0,3,1,1
25869.154947121486,721.2862941917917,7.48765480083382,0,0,1,0,4,1,1
56773.64102256564,677.8559062771559,9.403711686664728,0,0,0,0,5,0,1
20000.0,663.7323015975118,5.898247870689936,0,0,0,0,2,0,0
27535.649869292687,798.3219040350882,8.551026335174054,0,1,0,0,12,1,0
69898.20143793433,528.0512743842258,6.340851172707669,0,1,0,1,10,0,1
128074.3962462294,785.6487888103392,5.36279664527389,0,1,0,0,4,1,1
64327.664586590145,626.8142472905282,12.009715153549092,0,1,0,0,7,1,0
22482.150734681378,695.6713269094644,6.1660802148257225,1,0,1,0,4,1,1
38986.574897830666,623.9472255525119,6.4022775702135775,1,0,1,0,8,1,0
50947.67018457735,593.7966696358699,12.479918092829257,1,1,1,1,1,0,1
39517.25148092878,688.7661754235382,7.760292639923968,0,0,0,0,9,0,1
77091.74500210799,733.3702646891554,7.839365461817228,0,0,0,0,5,0,1
56524.20449042674,687.8406363973924,5.588900044050771,0,0,0,0,11,0,1
77235.5715472961,606.6307370653694,6.260156349730872,0,0,0,1,2,0,1
40566.68629107112,850.0,6.783170861967771,0,0,0,0,6,0,1
89765.0065916377,745.8858936693002,5.470917959446574,1,0,0,0,4,1,1
45005.43247155362,724.6673843365802,5.163409358237633,1,1,1,0,8,1,1
20864.30392586025,621.7628615406237,9.7043162385409,0,0,0,1,8,0,0
115319.61143126665,599.9867369368768,11.080847426770315,0,0,0,0,10,0,1
20000.0,627.6128739325649,7.602860409766351,1,1,0,0,7,1,1
27837.838240852172,736.5125235513987,10.086223653883426,0,0,0,0,12,0,0
31189.164445088165,570.7516530339337,8.41658988298686,0,0,0,1,12,0,0
125249.1881916969,564.5436934836546,6.9784564077432805,1,0,0,0,3,0,1
104205.76652439535,693.1638026688814,10.820571741173778,1,1,1,0,10,1,1
94817.84430926593,675.5357155713697,10.233898523701294,0,1,0,1,4,0,1
40080.240128710044,588.3749169687284,7.737848804996946,1,0,1,1,3,1,1
122785.34011525325,562.703713726782,8.283606107424372,0,0,0,0,1,0,1
61050.560115229135,765.0317594694745,6.205551666557834,0,1,1,0,7,1,1
79317.90110909367,678.5603540239649,7.743601432337178,0,0,0,1,11,0,0
55390.861433186205,540.9171309017574,9.460413808746992,0,0,0,0,10,0,0
48516.002860302455,546.5099571134165,7.0111967872444225,0,1,0,0,8,1,0
42446.63978220862,621.0790422039624,7.348243673616951,1,0,0,0,11,1,1
43710.80019742513,708.6273445598107,6.3882562127477724,1,0,1,0,8,1,1
68254.74946034237,697.6007041686623,5.801662653735425,0,1,0,0,8,1,0
61015.993963261644,740.5342829600975,11.724992556245997,0,0,1,1,1,1,1
49055.85889388948,530.7720154031363,7.849388209016509,0,1,0,0,1,1,0
95285.71978096564,667.9077351823726,5.320373573973743,1,1,1,0,10,1,1
20000.0,764.0728265857089,9.312900902388222,1,0,0,1,5,0,1
65296.617437635854,756.6241384380879,7.8877908653788875,0,0,0,0,11,0,0
71532.16119976938,678.7127985130148,9.349365739697898,0,0,0,0,10,0,1
84408.88604765509,837.8414806923101,5.979140351866287,1,0,1,1,12,1,1
48053.856768399164,698.7428093132688,6.701235077955115,0,0,0,0,3,0,1
56237.60202151873,733.4197306273074,7.748197386895308,0,0,0,0,1,0,1
79578.45149944164,653.5558335020405,8.014598843625365,1,1,1,0,11,1,1
94734.9921284054,587.521976572457,7.031772314180103,1,0,0,0,2,1,1
40983.920444636955,579.9832639377003,5.452400312992071,1,1,1,1,8,1,1
58009.273493826804,664.5292171835536,5.231009989005312,1,0,0,0,5,0,1
100357.21893046272,633.0798394519834,9.96569131003084,1,0,0,0,4,1,1
20000.0,508.51314640692146,5.613013997272461,0,0,0,1,2,0,0
29299.622005562444,567.9365132059407,5.739826479644659,0,0,0,1,8,0,0
93975.0793580889,624.5277140756725,5.406913778168935,0,0,0,0,6,0,0
82776.1350082491,708.1823500749728,6.600203029108838,0,0,0,1,11,0,1
65673.35632780082,648.714089107034,7.778382636277723,0,0,0,0,8,0,0
36542.09380672639,644.2348631599589,9.392093235830878,1,0,0,0,1,1,1
23545.44503043742,571.0469898397347,5.866784345713408,0,0,0,0,11,0,0
32263.53142272879,651.8532864049679,7.0630704062569745,1,1,1,0,3,1,0
96440.24662456076,755.528082195679,6.073579283500011,1,1,1,1,1,1,1
31146.71932533961,662.4460090206845,8.83769422824738,0,1,0,1,4,0,1
53042.68892718974,529.4149134814511,5.360713986770261,0,0,0,0,5,0,0
27388.77065414762,549.8781764556375,12.819690564494204,0,0,0,0,6,0,0
75283.22090297082,697.1031101778523,8.357715676790775,1,1,0,0,6,1,1
33838.21158960676,632.0547619821905,5.468412907421321,0,0,0,0,7,0,0
47072.18329536757,644.0335815917189,12.078843332501146,1,0,0,0,6,0,1
20000.0,600.9812659988195,6.009159441147191,1,0,0,0,3,0,1
20000.0,690.2729769759931,10.073457514458454,1,1,0,0,2,1,1
50230.19579964519,625.9265829403721,8.012525142376612,1,0,1,0,8,1,1
20000.0,635.0709422617116,5.143363920584661,0,0,1,0,6,0,1
113152.59918003506,581.9021286669499,8.694981459207064,1,1,0,0,12,1,1
20000.0,723.7353038514216,8.243392227851439,0,1,1,0,12,1,0
25994.74104007688,632.3093766706863,6.834102663984995,0,0,1,0,1,1,1
50501.02601802651,698.6304266495808,5.943058948101433,1,1,1,0,10,1,1
39046.011866126464,554.5126748772786,9.982389758145443,1,0,1,0,10,1,1
20000.0,788.7106510702887,8.369895174146373,1,1,1,0,9,1,1
21262.164815141958,752.1899230810578,8.429831638824155,1,0,0,0,2,1,1
20280.377675022846,497.21618642728583,7.9859888130575545,0,0,0,1,10,0,0
41398.349155398115,585.8450019949028,11.723589142576909,0,0,1,0,11,0,1
108557.87268552271,688.2107512807908,5.188939266252332,0,0,0,1,5,0,1
52338.118896746295,544.4217075080796,6.001137563088345,0,0,0,1,2,1,1
85487.01468162572,639.4724734269339,9.142156071101667,1,1,1,1,9,1,1
65209.29037484425,684.1305428781437,5.930946230701281,1,0,0,1,9,0,1
83415.87193946661,635.2219270416413,7.140841140574675,1,0,1,0,3,1,1
20000.0,693.1070962829677,7.101440014920074,1,0,0,1,11,0,0
40866.25936555312,594.5336076318495,9.923992750021046,0,1,0,1,2,0,1
89214.06269452142,470.46547662655024,6.30190390350597,1,1,1,0,11,1,0
32847.92531751999,728.5692249732049,8.108649543705729,0,0,0,1,8,0,1
102874.19494608836,728.0651722882025,8.099562524607073,0,1,0,0,9,0,1
94516.70461303284,850.0,6.722350284462786,1,1,0,0,2,1,1
35926.07851617613,473.4250785652548,8.442975218594231,1,1,0,1,11,1,1
34905.0944286093,710.0665687477452,9.226716499628747,0,0,0,1,9,0,1
20000.0,492.50542895332904,5.546506410906245,0,1,1,0,3,1,1
31112.17304408607,790.5194625340255,5.5462046868773305,1,1,0,0,1,1,1
20000.0,689.0293466956807,10.892766051903035,0,0,0,0,6,0,0
62864.33541299017,573.8456921858998,5.493323030475498,0,0,0,1,2,0,0
20000.0,712.4177979681149,7.455063975228553,1,1,0,0,1,1,1
68111.99048570666,605.7563993826451,8.121871951616875,1,0,0,1,4,0,1
68842.36090700746,674.0332879641015,5.166804019716496,0,1,1,0,9,1,1
20000.0,666.4768572967267,5.560313822147463,1,1,1,0,8,1,1
96494.55818985018,789.5334508917836,5.562122111377513,1,1,0,1,12,1,1
65408.27883245666,795.194072806921,5.087275187479705,0,1,0,0,3,0,1
72490.94064334607,602.2187701381196,5.5048738704804245,1,1,0,1,8,1,1
27240.04395371683,734.6484494396828,6.924147252377262,0,0,0,1,6,0,1
68671.37355419356,678.3872124456238,9.676472173655046,0,0,0,0,5,0,1
83791.80349166197,536.985434639447,14.06219116655884,1,0,0,1,1,0,0
47041.74802985968,594.3017295702256,9.45495005655475,0,0,0,0,9,0,0
110057.67377745084,836.8916879679699,11.843232465271907,1,1,1,0,2,1,1
51321.93904738813,678.6283520883724,6.235051284147009,1,0,0,0,9,0,1
84223.57401357422,729.9823663614018,14.422515876353893,1,0,0,1,5,0,1
58790.26421775965,633.0364550106407,5.170161153703127,1,1,1,0,3,1,1
67565.64598570604,606.8046468224527,5.720076557658567,0,0,0,0,10,0,1
20000.0,652.181160610758,6.241038855681872,0,1,1,0,7,1,0
61131.612146460895,628.7116755803027,7.669049389059747,0,0,0,1,1,0,0
27950.74696228202,530.5397655174721,6.448834210558966,1,1,0,0,5,1,1
24608.05082666937,569.7339634036774,7.704188979116284,1,0,1,0,5,1,1
102323.09553397936,706.6307611529785,5.457412220739284,0,0,0,1,11,0,1
43586.89255812953,619.5447448718071,9.473746015108851,0,0,0,0,7,0,1
20000.0,652.0563905622325,5.47576568492926,0,0,0,0,8,0,1
39226.05115673376,668.7938440397769,6.677488747666947,1,1,0,0,8,1,1
20000.0,675.0440039054976,5.546163806362867,0,0,0,0,1,0,0
93016.5340458881,741.7263249052296,7.839655588567757,0,0,1,1,4,0,0
29129.577675004548,562.1043347945174,5.857726760344798,0,0,0,0,6,0,0
65878.99801831009,695.62021788349,5.0350911007525765,0,0,0,0,10,0,0
90683.20142630975,710.4022234815718,5.313670791826629,0,0,0,0,11,0,1
34995.41956355812,728.8681423201205,6.097134862823369,1,1,0,0,2,1,1
65960.67296818359,536.9665920468102,5.696670661123945,0,0,0,0,7,0,0
20000.0,670.3855374677598,8.146774635726786,0,0,0,1,9,0,1
123373.08707341053,787.2860757118814,5.328293090598312,1,0,1,1,10,1,1
78091.40403849867,642.0703584674701,5.715431302383052,1,1,1,0,5,1,1
44221.80683717582,688.6795761571433,9.09858256842884,0,0,0,1,5,0,1
26814.988073331086,712.4316475668148,9.602966003641438,1,0,0,0,12,0,1
46580.10341481121,567.9624124481392,10.488321741748086,0,0,0,0,5,0,1
39800.48832945443,796.7059783199979,7.468618193671004,0,0,1,0,9,1,1
108588.3366199852,689.9600637575123,8.270976644359632,1,0,0,1,5,0,1
20000.0,691.5602251354741,10.38332518345656,0,1,1,0,4,1,1
54044.0426987061,517.0378097591572,7.317891275650856,1,1,0,0,12,1,1
49449.8580009887,713.563583857065,8.583819671065203,1,0,0,1,11,1,1
46477.690989653915,690.512827310331,8.798586551514362,1,0,0,1,8,0,1
46741.500351849725,779.9353062177652,5.945366492484154,0,0,0,0,4,0,0
46517.8756963855,625.0987828556517,5.745279743280887,0,0,0,0,8,0,0
76191.981989963,570.9873336321247,7.281832240397112,1,0,0,0,7,0,1
68269.53339477305,595.4208804180533,8.953757641790414,1,1,1,0,8,1,0
62567.34834118359,609.6017411994161,9.62802679126245,1,1,0,0,2,1,1
20000.0,560.49227854949,13.117392520262412,1,1,1,0,11,1,1
58993.846224894914,753.2128019012795,10.294982195701998,0,1,1,0,4,1,0
20000.0,756.2158290345333,7.201069871159673,1,1,0,0,3,0,1
69389.60489407476,634.3366639087956,7.487086044571217,0,0,0,1,7,0,1
94234.92102711543,618.5792062332645,8.45762337082832,1,0,0,1,9,0,1
22212.826622343473,504.761446934455,9.19119617440852,1,1,0,0,6,1,1
42146.578329718795,705.6769004242884,5.459744217575501,1,0,0,0,11,1,1
32019.328848410092,782.2752087060675,5.95401949523438,1,1,1,1,4,1,1
87062.95327270402,599.0244226192355,5.944539255836058,0,0,0,0,10,0,1
52850.83655816219,640.6572379378881,8.358870228461384,0,0,0,0,4,0,0
101849.88141699,684.7433169052584,6.984308689430309,1,1,1,0,3,1,1
62412.62608842163,787.9534688487925,5.506979464603261,0,0,0,0,6,0,1
57273.50541907458,665.9820977468075,7.9069749718663145,1,1,0,1,12,1,1
52046.20347808509,665.6343932821214,6.085811177106433,1,1,0,0,3,1,1
74539.76297772011,664.3454800927842,7.456503872906314,0,0,1,1,5,1,1
20000.0,535.9973994477061,9.000000104308974,0,0,0,1,5,0,0
52560.3186656153,534.2567476936108,11.250739802283743,0,0,0,0,5,0,0
47898.60668816105,585.3603864708102,6.189856698629037,0,0,0,1,11,0,0
71762.56481473298,731.0312459229898,8.68103504388042,0,0,0,1,7,0,1
44368.951823778894,623.1714343563206,5.8492181663063985,0,0,0,1,5,0,0
20000.0,607.6316760958166,8.745724786965374,1,1,1,0,1,1,1
50220.520247590975,606.2260316684985,6.70287096222065,1,1,0,0,7,1,1
20000.0,638.9874497221858,5.342278963024852,0,0,0,0,7,0,1
20000.0,786.1686347281312,12.147830657708287,0,0,0,0,10,0,1
71813.6744445648,637.9042091442303,7.502627045781986,0,0,0,1,3,0,1
67371.84718084012,587.0962075700113,5.344083395745455,0,1,0,1,6,0,1
64012.72831980724,652.0196503265306,9.002175829876618,0,1,0,1,5,1,1
89087.85265837432,790.406688460923,7.432550215085433,0,0,0,1,1,0,1
30049.043290882244,609.7740224851507,5.479793268655554,0,0,0,0,7,0,1
20000.0,555.5195993255244,6.423339741397852,0,0,0,0,4,0,0
47899.106695758666,609.9206984215666,11.09144688681195,1,0,1,0,2,1,1
39574.99100882269,660.3010989078747,13.679490747344133,1,1,0,0,2,1,1
24731.12849689794,705.0592760660272,6.356597620239246,1,0,0,1,8,0,1
47604.52539536612,730.5506862945797,9.169173894810204,1,1,0,0,3,1,1
31651.845613862457,566.3426180830137,7.8269986358612105,1,0,1,0,6,1,1
20000.0,573.9323732432745,7.350743814756241,1,0,0,0,8,1,1
36764.69927618719,624.1390192490007,6.544979805993996,0,0,0,0,7,0,0
20000.0,704.7594419757517,7.738730750425399,1,0,0,1,3,1,1
56949.44214832768,549.1993681878196,9.299653177356232,1,1,0,0,9,1,1
30318.95725278035,601.4138471665842,11.199856908016937,0,1,0,0,11,1,0
83348.94422423156,602.5805016470441,8.751489029492118,0,1,0,1,2,1,1
98115.98201803598,725.3399084291497,7.6460608217155235,1,0,0,1,8,1,1
70381.44119035719,692.260860853155,6.175258664010755,0,1,0,1,7,0,1
20000.0,722.2974688839936,8.317950359426966,1,1,0,1,10,1,1
95155.87996637118,757.0942379386444,16.66945144521226,0,1,1,0,2,1,1
97271.61351121296,625.5479923928735,6.763605453969996,1,1,0,1,5,1,1
50563.715339238224,555.0075076117055,5.640488270650982,0,0,0,1,12,0,0
89687.78481006596,555.5229105722384,12.544862260871579,0,1,1,0,5,1,0
33449.74585859966,502.9513947952928,6.625011930928675,1,0,0,0,10,1,0
20000.0,613.2986536267045,7.363566903504291,0,0,0,1,2,0,1
27191.46684135219,619.262190813461,12.414930979336713,1,0,1,0,8,1,0
101879.02598134268,713.0042725444039,9.747085670608323,1,1,1,1,11,1,1
20000.0,651.3531373741283,13.257556607403805,1,1,0,0,2,1,1
49985.638457944835,610.7737244525915,5.745414184409865,0,0,0,1,7,0,0
51024.31680020637,640.7201019071531,8.902504237993549,0,0,0,1,6,0,1
34610.772680965645,566.8821213028189,9.507207697158702,1,1,1,1,7,1,1
36694.35200488655,732.0325256601029,6.575747255981071,0,0,0,1,9,0,0
52167.47402708608,587.1267549752394,9.068965404757115,1,1,0,0,5,1,0
33135.12974195818,558.8054982451283,13.451553432658873,0,0,0,0,7,0,0
20000.0,715.4305573365976,5.92211764672263,1,1,0,0,11,1,1
56450.95828830368,695.9331366691081,17.32239490869571,0,0,0,0,11,0,1
82200.99747334917,512.1051697152791,11.984374658268992,0,1,1,0,4,1,1
76087.17555960263,718.4001307768178,7.18405798793979,0,0,0,0,4,0,1
25707.935978305653,590.6725888724754,7.661537755984725,0,0,1,0,10,0,1
20000.0,620.0716377948864,5.165641156569919,0,0,0,0,9,0,1
41474.36353535664,664.961608615515,5.082602046411958,0,0,0,1,7,0,1
97033.74529386993,696.9299906093457,5.534969719924927,1,1,0,0,8,1,1
69367.94236878637,685.6383339750021,5.698838594522716,0,1,1,0,9,1,1
71118.94030382701,646.0145335275198,6.331690898411884,1,0,0,1,11,0,1
76695.70855356484,616.0285336867271,8.836178709647847,1,1,1,1,7,1,1
62622.99687555759,682.9776554852358,7.899169277455206,1,0,0,0,5,0,1
53618.25642840736,640.5289730124617,5.1475122371790105,1,1,1,0,4,1,1
69869.20689943904,794.4283567300739,5.085371802691695,1,1,1,0,11,1,1
33615.016873459404,696.9127207975921,9.327709461185194,1,1,0,1,4,1,1
20000.0,576.1267500007716,9.326237524052205,0,1,1,0,12,0,1
71689.9080387297,611.7920038901079,7.899202710203303,1,1,0,0,7,1,1
87132.14317247676,653.8553741807864,8.438866741452514,0,0,0,0,1,0,0
20000.0,753.9544972056364,5.833464051666743,1,0,1,0,11,1,0
74657.64447247701,762.8884007289709,13.038158603188462,0,0,0,0,1,0,1
100422.9714016457,618.3092223707548,5.642308151337126,1,0,1,0,8,1,1
49932.61394728637,575.3092626728445,6.582743820800262,1,1,1,0,6,1,1
25459.93445774761,565.080188703505,7.4357422045245185,1,1,0,0,1,1,1
53690.56020580267,670.1943005772624,6.252448434113366,0,0,0,1,11,0,1
33483.98095397896,834.3027447373995,11.04530394313361,1,0,0,0,5,1,0
31498.09670130795,693.1275283404082,5.453177709170145,0,0,0,0,12,0,1
62995.52201814628,522.4869978652794,5.283712875491526,0,1,1,1,8,1,0
20000.0,591.9196717403199,5.030564343745863,0,0,0,0,1,0,1
20000.0,600.086863852407,15.181531153660737,0,0,0,0,10,0,0
50578.72641121828,584.2397983908073,5.1592300125915385,1,1,0,1,8,1,1
49330.743832627064,618.9684940052624,8.320306796854405,0,1,0,0,3,0,1
60306.63731119807,679.5515888815953,7.621403606460953,0,0,0,1,10,0,1
106256.76165450166,704.5584935458118,8.123024009552417,0,0,0,1,10,0,1
53135.42108227463,737.3410792733315,10.713924506587107,0,0,1,0,3,0,1
67945.16451004383,691.9362058437742,6.802331925856919,0,0,1,0,4,1,1
20734.011931561043,493.66798077369276,7.895270110597771,1,0,1,0,8,1,1
73038.12990549611,565.4156329974949,12.43507822580803,0,1,0,1,10,0,0
34208.27404667967,637.3524770512647,8.92028886765438,0,0,0,0,8,0,1
52142.624977432795,661.7823884613983,5.110135238714638,0,0,1,1,2,0,1
46734.541247925146,718.9134687901005,10.580669573971267,0,0,0,1,2,0,1
80989.22704742092,653.4547340973418,8.653317647786551,1,1,1,0,11,1,1
20000.0,654.056580309094,6.174760904683012,1,1,1,0,5,1,1
20000.0,669.0237890511247,8.88874827927237,0,0,0,0,1,0,1
43597.01908736226,629.5982608975039,6.427119316956219,0,0,0,0,8,0,0
64055.937707153724,656.950811190225,10.866046338983558,0,0,0,0,9,0,1
54568.081274225,740.06657432094,5.084350542530706,1,0,0,0,4,1,0
86966.12712241734,643.2871280972797,11.023735980027139,1,0,0,0,8,1,1
63121.18022539005,647.5829818572573,8.165633229940248,0,0,0,0,2,0,1
33084.5500442042,647.3131676186248,8.22352035602751,0,0,0,1,11,0,0
20000.0,753.8219051032935,8.51987975812105,0,0,1,0,7,1,1
42880.63297414345,561.3557338536446,5.582390027302648,1,1,1,0,5,1,1
80838.77006773395,792.0677515832956,5.544196936765765,0,0,0,0,10,0,1
38238.56651998656,555.8894516387589,8.487853527068966,1,0,0,0,3,0,1
50849.607910332925,597.6623790937792,9.980273015935392,0,0,0,0,3,0,0
62640.807629201256,709.5790615772256,7.397950094272721,1,1,1,1,1,1,1
20000.0,732.4253356378937,10.267077004022038,1,1,0,0,1,0,1
68697.07689916453,537.720078640121,8.108754950691482,0,0,0,1,11,0,1
99113.65370005116,562.5838509402331,9.250789605332583,1,0,0,0,8,1,1
44815.59944319781,672.2274247577478,7.67836557455957,0,0,0,0,10,0,1
20000.0,837.5535510211037,9.876515466166158,1,1,1,1,5,1,1
48001.96918934079,749.7010224798944,11.296131852075154,0,0,0,0,8,0,1
20000.0,630.1522360294551,9.398333780842194,0,0,0,0,4,0,0
60107.09791929848,456.4696689539395,10.753824952650563,1,0,1,0,7,1,1
63568.23132945737,656.5314187536927,6.383260776606127,0,0,0,0,10,0,1
100269.08881536686,678.9837442917243,5.7821031241174445,1,0,1,0,11,1,1
44180.15622300125,619.3843887133758,6.2496792803996915,1,1,1,0,5,1,1
62254.560144394105,581.9420807562724,7.415033474924508,0,0,0,0,4,0,0
24161.356928422967,662.7332208257111,15.498506716650976,1,0,0,0,11,1,1
39307.18638424764,574.6191044884831,7.346125161737165,0,1,0,1,5,0,0
20000.0,799.7958928646979,10.269604678629275,1,0,1,0,4,1,1
44156.31136150293,771.3395838027054,7.964909669696569,0,0,0,0,3,0,1
40840.725394443056,702.6330105274209,11.387233118014597,1,1,1,0,8,1,1
58975.992982666874,657.1768455295453,13.049314327020678,0,0,0,0,6,0,0
31292.09359002082,597.1868730709152,6.543963244077374,0,0,0,1,1,0,0
52500.36052925276,648.3370252887279,6.146629074268602,1,1,0,1,10,1,0
39998.59833177003,781.1437708165821,8.826316099138314,1,1,0,0,6,1,1
40055.01835101457,719.4923246749303,9.30267043827314,1,0,0,0,8,0,1
52410.869778890905,666.2953822781168,6.191658420662513,1,0,0,1,4,0,1
51215.6882695103,723.9179467334077,10.832769908724483,1,1,1,1,2,1,1
72835.22117154916,693.6488530704662,7.192809956596122,1,1,1,0,4,1,1
46380.70897610496,681.7022031909497,13.831716871176743,0,0,0,0,9,0,1
39503.43952630991,728.4450607193228,7.440583758519352,0,0,0,0,7,0,1
44575.776647383216,691.3622115859806,5.917567762999883,0,0,0,0,10,0,1
28560.076494770223,718.6841176082703,5.928065865614623,1,1,1,0,7,1,1
39202.667192999856,662.9109639707607,5.4061375009420685,1,0,0,0,2,0,0
110934.76139219693,629.6699341447917,13.17531006530492,1,0,0,0,3,0,0
22619.637179123987,606.1469696847881,7.476292401723584,0,0,0,1,7,1,0
41640.30998362072,596.6152315623233,5.798557169211489,0,0,0,0,5,0,0
38375.340101909285,521.5863646046773,5.383940383920855,0,0,0,1,8,0,1
42584.85163266802,577.0448042550669,7.54481063761113,0,0,0,0,7,0,1
40062.82073364815,574.7317176334255,8.027343647967406,0,0,0,1,4,0,0
58377.20303662999,609.4123843212772,5.960313844715639,0,0,1,0,11,0,1
20000.0,774.9795368510634,8.849721489261785,0,1,1,0,4,1,1
81115.14417596013,637.3950435556978,11.193270821533652,0,0,0,0,8,0,1
68977.48398926592,669.3413511907448,10.421849322062608,1,1,1,1,9,1,1
20000.0,671.8655715609542,7.381228893728594,1,1,1,0,8,1,1
20000.0,777.0064730273893,8.399839695895205,1,0,1,0,5,1,1
20687.835615757966,603.9531636923767,7.98583048720843,0,0,0,0,1,0,0
42720.006157186326,632.198233579355,10.268087897922364,0,0,0,0,6,0,0
127408.75696072324,641.5040502580654,5.6947735020437795,1,0,0,0,3,0,0
66297.7089492282,740.9227884619814,5.91910704133965,0,0,0,0,4,0,1
20000.0,757.5284555003564,6.715087283956598,0,0,0,1,10,0,1
29310.334852971682,687.9667055755156,12.216016394355444,1,0,0,0,1,1,1
48403.626911810505,748.6327499249504,12.09429376885271,0,0,0,0,5,0,1
57610.50662894291,664.2128797175192,7.976887596507714,0,0,0,0,8,0,0
20000.0,636.1917401906542,6.506098991758013,0,0,0,0,2,0,0
45950.29316068816,744.2979269268498,6.483358100983281,0,0,0,0,6,1,1
28470.82587168378,689.0094140187039,6.304906942881182,0,0,0,0,11,0,1
20000.0,591.1575467273934,7.963315903319671,1,1,1,0,10,1,1
57787.869400968615,729.7936750499481,7.332650849931212,0,0,1,1,8,0,1
73216.31520328467,633.3205895183776,13.634002423665194,1,1,0,0,8,1,1
75231.23830884858,623.5341181820636,5.509926351174741,0,1,1,1,7,1,1
67231.59053401629,721.440349455977,5.107620733161306,0,0,0,0,11,0,1
35078.91400579212,642.893428732407,5.7251951426791,0,0,0,1,9,0,0
71436.49284390517,681.1166828832231,7.2119153485835525,0,0,0,0,7,0,1
59271.63314312864,702.955166725664,5.128233045943791,0,0,0,0,10,0,1
54018.25648856039,587.3645536582093,5.052836580259068,1,1,1,1,12,1,1
31649.20634894605,680.7880451745762,5.071319440025027,1,1,1,0,6,1,1
35093.71617975415,757.9578484209298,5.538434277960373,1,0,1,0,6,1,1
52216.60808373662,573.4826285008312,7.434691208609631,1,1,0,1,4,1,1
123196.23400956504,685.9927111064982,6.672426152787644,0,0,1,0,8,0,1
59037.27440274171,583.642581233577,6.140190260066475,0,1,0,0,12,0,0
31664.34493249142,731.7118147072318,7.454718011281775,1,1,0,1,11,1,1
25028.316650916717,730.9524466999817,5.443070515711988,0,0,1,0,2,0,1
35247.00162031392,621.6542127800722,6.5462995053161865,0,0,1,0,10,1,1
115318.80342647198,826.770292175269,11.259321620140259,0,0,0,0,2,0,1
38022.300621621136,738.5300247309827,5.409250342187906,0,0,0,0,9,0,1
77206.11603830855,706.5543188108935,7.491292058247225,1,1,1,1,8,1,1
38722.15263585931,702.0488716884909,7.799931623968405,0,0,0,0,5,0,1
57835.53623838886,728.7141527364979,13.102157324524718,1,1,0,0,12,1,1
73752.35822026167,570.3486074204671,7.267996670708188,0,0,0,1,3,1,0
32842.91450570228,665.568607876882,13.549794825599175,1,0,0,0,4,1,1
30766.650375416913,680.6552308301862,5.947451467276993,0,1,1,1,3,1,1
99766.0908336599,617.9891149357952,10.874588058156215,0,0,1,0,5,1,0
79537.7868468739,687.1836215555172,8.621140088306603,1,1,1,0,8,1,1
73720.16956072184,748.5355440347205,13.424175430376753,0,0,0,0,3,0,0
73618.28879368742,616.2584729787275,11.001027964050106,0,0,0,0,11,0,1
63787.26464933196,645.6460559702955,6.901419053297007,1,1,1,1,4,1,1
110533.27439525194,584.3531763316844,5.062953528674751,0,0,0,1,9,0,1
51317.2490563147,507.0408792151366,8.15311987652431,1,0,0,0,4,0,0
67317.87101602758,712.3145744416408,7.092691059956597,1,0,0,0,5,0,1
20000.0,647.9412964128602,8.002049678447476,1,0,0,0,4,1,1
25251.179402262773,653.806353372223,8.601715958181696,1,0,0,0,12,1,0
20000.0,571.0581105461179,11.984458530357818,0,0,0,1,12,0,0
88221.90750548447,635.1597176771047,10.657390960560077,1,0,1,0,6,1,0
20000.0,737.7275031345698,9.684678650515364,1,1,1,1,6,1,1
37930.69931741832,650.0657069423568,8.126956572366748,0,1,1,0,6,1,1
20000.0,652.334700644433,7.690583379854237,0,0,1,0,5,1,1
25061.3631355433,666.6022622290739,10.051370088657272,0,0,1,0,7,1,1
35271.531508044005,551.0894297274835,6.619791557389928,0,0,0,1,3,0,0
91546.13281382131,699.9936371281885,6.397264254737884,1,0,0,0,8,1,1
61898.838176643716,549.5841508067335,8.74984275074063,0,0,0,0,3,0,0
25005.75430013101,574.8307534976778,9.212330979502978,1,1,1,0,3,1,1
81978.91159195478,566.0628184794268,6.2746523687028235,0,0,1,0,4,1,1
50534.967635892725,635.9820026695563,8.230677067553717,0,0,0,0,2,0,0
51127.00576121757,621.8037837169713,7.425249027913046,0,0,0,0,6,0,0
20000.0,649.9019969353396,13.745113387096323,0,0,1,1,8,1,1
20299.58858290582,577.5795072178845,12.752800970124099,0,1,0,0,10,0,1
25247.08100163427,730.4396256245103,8.767296117898802,1,0,0,0,11,1,1
51393.838194625685,716.7222054981064,6.979224213307768,0,0,0,0,11,0,1
52336.571809420246,636.0949189686623,8.596323742630881,0,0,0,0,9,0,0
96322.77990572134,611.730662672965,5.043555188932499,1,0,1,1,4,1,0
61551.65503813503,603.6514005323841,5.066134358390617,1,1,0,0,4,1,1
20000.0,625.1884003991456,10.10386627805859,0,1,1,0,1,1,1
57879.25963615072,537.9803816999058,15.20214491568944,0,0,0,1,9,0,1
20000.0,573.2314150230527,7.104303630066676,1,0,1,0,2,1,1
21020.872261653905,718.8096313587973,11.253498123598053,0,1,0,0,4,1,0
25634.9158482101,674.1449988860695,5.685519786894167,1,0,1,1,12,1,1
30099.850294630945,780.7419588781224,5.712326266642698,0,0,0,0,7,1,1
20000.0,626.0643879864543,8.892850793367634,1,1,1,0,8,1,1
56104.46010356863,621.0789418314506,7.138337070621812,0,1,0,1,12,0,1
20000.0,617.3680860365082,12.052166767912334,1,0,0,0,10,0,1
60700.028217495405,624.4668413425466,8.10051410508385,0,0,0,0,2,1,0
117109.13231184888,597.2036789482721,6.809011082835616,1,0,0,1,6,0,1
20000.0,671.679057174976,14.167837307743916,1,0,1,1,1,1,0
41464.69086982334,652.3283253718729,9.787749647886578,0,0,0,0,10,0,1
20000.0,609.2068398529382,8.25077889926622,1,1,1,0,7,1,1
40971.94121089601,750.0919130415122,5.4420566828317085,1,1,1,0,2,1,0
69281.51457894451,801.7266337989046,11.124028261505263,0,0,0,0,6,0,0
71619.17694071801,743.3261764458721,12.161236658511386,1,0,0,0,10,0,1
52320.9119085229,694.6499210466716,5.732608154837123,0,0,0,0,3,0,1
76677.90274276928,710.9415781011019,8.159795427599178,0,0,1,1,11,1,1
126381.63607828376,798.5132414261068,6.791147805619046,0,0,1,0,9,1,1
101369.14062312798,710.8255452607539,5.584223393191565,0,0,0,0,4,0,1
34324.3721177109,603.1851317920572,6.218604336503386,1,1,0,0,12,1,1
20000.0,681.3818021320438,9.834060667285922,0,0,0,0,2,0,1
37815.457502785895,700.0995412850655,10.744847702116427,0,0,0,0,2,0,1
21590.517031479554,570.4226180771265,13.747203989772906,1,1,1,0,8,1,1
63540.42643593898,627.2055345085457,10.410939540439989,0,0,0,1,2,0,1
20000.0,738.0313459244372,11.791862077405503,0,0,0,1,10,0,1
47815.32702228974,504.1205811960331,8.379036590463823,0,0,0,1,2,0,0
75140.4216360893,549.9657163967524,8.16013027016129,0,1,0,0,11,0,1
46979.12381548469,635.8874357097338,6.861732360323118,0,0,0,0,7,0,1
21610.585317566107,678.2943676404564,7.661674801185667,1,0,0,0,1,0,1
85244.42172757076,541.3894044040875,7.928057088960761,0,1,0,0,1,1,1
20000.0,639.8568598667247,11.446262489350044,1,0,0,1,6,0,0
40166.148323676105,742.3014831270854,7.705383969896708,1,0,0,0,11,1,1
48750.19929855996,655.4921165659426,10.472191836870856,0,0,0,0,10,0,1
50477.25975198893,725.1271154904905,5.7572042433903885,0,0,0,1,8,0,1
55414.881682342435,602.6308702931997,10.293377328496906,1,1,0,0,10,1,1
68313.1945942848,585.2066514568655,12.924188708292885,1,1,1,0,8,1,1
48937.77682863947,717.9099064228038,5.949909346174298,0,0,0,0,7,0,1
38958.25153568958,679.5412427724951,13.836316209949784,1,1,1,1,4,1,1
37772.319660209134,555.1523193780433,6.034952778883826,1,1,0,1,6,1,1
31654.52593884936,585.9327267069768,10.030518093510967,0,1,1,0,9,1,1
73626.29972980596,775.1664992845931,8.362318992320912,1,1,0,1,4,1,1
30604.14561570456,576.0355824424547,14.121663892630801,0,0,0,1,8,0,0
75403.13327024733,724.7462997380798,11.600408855234184,1,0,0,1,8,0,1
50569.97246779613,611.745064221304,10.851659547912316,0,1,1,1,6,1,1
34362.355794316114,649.7459314586295,6.45600493819158,0,0,0,0,7,0,1
68552.21647232404,673.5674096754698,12.166954369844984,1,0,1,0,1,1,1
28176.382258306454,481.9215031600321,8.342671233523088,0,0,0,0,12,0,0
69145.52122184639,532.982613165816,12.007287124096841,0,0,0,0,2,0,0
56381.78363575354,656.906641502973,6.189906941061391,1,0,1,1,10,1,1
32110.25932724238,592.0553948972896,7.894523985242318,1,0,0,0,10,0,1
65859.04446003678,729.7265036219698,5.136693918621853,0,0,0,0,5,1,1
66397.69177065916,521.51032953055,7.242236226746446,1,1,1,0,4,1,1
84725.58817429873,695.220404500639,5.369682319310347,1,0,0,0,5,1,1
78984.41037227889,539.9023023676539,7.975474876131845,1,1,1,0,5,1,1
64738.22062178848,621.8316004684457,6.324391959628157,0,1,0,0,12,1,0
20000.0,564.8497788609629,5.879965895700418,1,1,0,0,10,1,0
123457.6096452217,802.1943904376958,5.945981990593021,1,0,0,0,3,1,1
20000.0,542.8406269623971,6.304582589190973,0,0,0,0,6,0,1
78477.89522846928,640.2352243704781,7.9437039586802225,0,0,0,0,1,0,1
62938.51450658895,511.85310815838784,7.100733426417843,0,0,0,1,4,0,0
20000.0,777.9656097656472,7.796741006140307,0,0,0,1,10,0,1
46270.971833645024,682.1025932941764,8.129666819901802,1,1,0,0,10,1,0
47637.41341266078,660.9578471678934,9.551177325073883,1,1,0,1,4,1,1
89167.4814743157,767.945035143338,6.043957337552034,0,1,1,0,12,1,1
28600.672991593656,661.793795313809,8.011687476409339,0,0,0,1,9,0,1
42141.64980726938,667.5657084912862,8.199809718864564,1,1,1,1,1,1,1
20000.0,660.5380230452121,6.884812159119604,0,1,0,0,12,0,1
102042.88379370733,695.0907460354496,13.803695270285472,1,0,1,1,9,1,1
20000.0,610.604689286299,5.8715895595882115,1,1,1,0,8,1,1
59807.32592717525,632.8570154109334,9.727985816892888,0,0,0,1,10,0,1
46957.76510834408,714.8267702765957,9.058443307213464,0,0,0,0,11,0,0
47059.970996499804,672.1898361246306,5.046888596343463,1,1,0,0,2,0,0
74295.85954612624,640.86048687183,7.464692393480894,1,1,0,1,2,1,1
100137.87380910903,537.958208717543,9.133200967287202,1,0,1,0,4,1,1
57544.81009825975,769.8440227629276,5.081370847242309,1,1,1,0,6,1,1
69652.34052891578,597.0836712039384,9.207436128802145,0,0,0,0,3,0,1
59866.74610181122,728.9789790735406,6.309800031693943,0,0,0,0,9,0,1
80525.94271791879,664.0602921350468,8.407010018290501,1,0,0,1,7,1,1
36112.50861541019,546.5239581816104,12.211837821890072,1,1,0,1,1,1,1
82261.71663249242,750.1820382024492,9.686981206585195,0,0,0,0,10,0,1
83314.99596942152,670.3632517119631,5.62356251352635,1,0,0,1,4,0,1
82476.1102604873,756.8276285389634,7.833105353347227,0,1,1,0,3,1,1
30195.56397990572,635.4073039411265,8.747336955430209,1,0,0,1,4,0,1
44949.87097288427,706.3240983973643,7.9666283308130375,0,0,0,0,11,0,1
57184.009663413046,508.9978310923989,5.822143646650152,0,0,0,0,6,0,0
20000.0,609.9827309124994,6.623545861678791,1,1,1,0,3,1,0
97847.60624258044,548.1605334214983,14.020582884500778,0,1,1,0,9,1,1
49631.70399493472,620.0172919969286,7.012479127848241,1,1,1,0,10,1,1
58517.836628141646,687.7449391604916,7.882383647265333,1,0,0,1,9,1,1
32689.866808183913,601.6335929876683,12.515407804633075,0,1,1,0,4,1,1
20000.0,719.1073674911025,12.538958219148704,0,0,0,0,9,0,0
31879.10343575687,581.4709885159991,7.404054105978508,0,1,0,0,2,1,0
56576.125629007656,720.8189290919983,5.909109650718392,1,0,0,1,9,0,1
70202.8643826108,754.7805732699229,9.997675398959462,0,1,1,0,4,1,1
54853.74621808161,731.0820908072789,5.990277125554144,0,0,0,1,10,0,1
60401.72048725851,622.4648758536182,8.194456040574424,0,0,0,0,4,0,1
39889.2087595587,479.9637121644686,5.699870441929509,0,0,0,0,11,0,0
64887.45698736284,696.5733597389878,7.71346485276821,0,1,0,0,10,0,1
94484.98599157721,639.9812228227756,7.0014115712988385,0,0,0,0,3,0,0
71143.6832731696,571.7285647898117,10.030814663436965,0,0,0,0,2,0,1
74286.2566475882,605.4976748103671,8.880082303201277,1,1,0,0,8,1,0
58820.49197919893,764.7540253155842,8.5783421306747,0,0,0,0,5,0,1
20000.0,559.0127839511877,6.328301755212991,1,1,0,0,10,1,0
20000.0,687.464734049697,7.0120522101260345,0,0,1,1,11,1,1
63646.2740199153,667.4366540509923,9.11212745785254,0,0,0,0,6,1,0
49671.828441197424,621.4089868269414,6.621587915231732,0,1,1,0,3,1,0
63195.28659418484,701.5626149850438,11.735399211868275,1,1,0,0,4,1,1
100292.7025353222,780.5796207119092,5.5065223976974105,0,0,0,0,2,0,1
71781.07997688,626.3222796891041,8.781885927970258,0,0,1,0,3,0,1
87766.58617228465,630.5455241538319,14.467890640236092,0,0,0,0,10,0,1
52840.4416841219,699.765192399216,9.413034890256473,1,0,0,1,5,1,1
25783.529675466805,723.4594257148001,8.615209783802436,0,1,0,0,11,1,0
48264.01522356977,639.7834234281091,7.828845782791503,0,0,0,1,11,0,0
25857.445588425864,625.5701011125082,9.51382516020405,0,0,0,0,4,0,0
96748.84870317344,472.58827834241913,9.515592515423908,0,1,0,1,10,1,0
73711.73229606409,587.7592870106757,5.562942905707867,1,1,0,0,10,0,1
65615.37489884839,558.8550662345959,8.723174494773078,1,0,0,0,2,1,1
87078.2960668431,704.7699997049513,7.42738308517394,1,1,1,0,2,1,1
20000.0,630.4877641119326,6.761605322949047,1,1,0,0,6,1,1
67644.13854027979,627.3582715568857,7.959871359595643,1,1,0,0,9,1,1
20000.0,649.2754989101616,8.250338210796583,0,1,0,1,7,1,0
49782.329046030165,580.385882389968,14.716639050073901,0,0,0,1,8,0,1
40648.772225983565,774.2597749351003,5.347813160447476,1,0,1,1,4,1,1
69852.09836290844,753.8555129357288,5.270685958233807,1,0,0,0,2,1,1
56845.61866882866,779.448542643815,8.189379398942048,0,0,0,0,7,0,0
90353.51520835365,704.6733784991113,6.441537081553484,0,0,0,1,1,0,1
31943.085172021594,647.641750798245,10.587630128262745,0,0,0,0,1,0,1
71273.43168899852,779.1783442405508,5.094319331337135,0,0,0,0,5,0,0
54866.69650696496,595.5226531269616,10.321031116624912,0,1,0,0,3,1,1
20000.0,580.303281677359,13.95252768170848,1,1,0,0,6,1,0
22441.50624430902,601.8790788184112,15.122098756481094,0,0,0,0,4,0,1
45503.65899433495,691.8297013531438,9.752944346040003,0,0,0,0,7,0,0
83368.77349675183,589.0315845289862,9.732252025674681,0,1,1,0,1,1,1
63911.691726713434,637.57016094256,6.777719986902845,1,0,0,0,6,0,1
20000.0,521.8515764892179,5.514860805039363,0,0,0,0,2,0,0
45790.51315858521,688.4878132342595,11.346607999374323,1,1,0,0,3,1,1
110534.1934637909,528.6317306253512,7.50896488436382,1,0,1,0,12,1,1
53336.70004522574,575.427115610771,9.81314851869,0,0,0,0,10,0,0
40180.23274782813,747.3733707917315,7.446629633897313,0,0,0,0,5,0,1
64752.18922268662,744.4254653588888,5.168000831862058,0,1,0,0,6,0,0
72901.7923874591,679.9450471637198,10.95663991258198,1,0,1,1,1,1,1
36314.94957559823,672.0530865388184,5.054673830163658,1,0,0,0,5,1,1
65077.24323114311,607.5232282276593,9.753742364236981,0,0,0,0,3,0,1
40133.31509987572,588.1677069006239,11.602884534229489,1,1,0,0,9,1,1
71579.82805488315,621.0206641794097,8.787941117878457,0,1,0,0,8,1,0
55090.79473913851,528.9076660430146,6.644084219569342,0,0,0,0,10,0,0
64459.03481158677,670.1958843962931,6.616462843946077,0,0,0,1,3,0,1
27224.49361497487,653.9064899846728,5.386615666749759,1,0,0,0,4,1,0
25361.408477814224,575.3262986631787,8.966454642163509,1,0,0,0,10,0,1
78364.91913978185,775.4945535073086,8.542332936853738,0,0,0,1,4,0,1
47618.10855843519,698.5530968229639,5.817525368281109,1,1,1,1,9,1,1
58551.042262980845,705.3473443207085,5.265527400102818,1,0,0,0,4,1,1
40808.13718740441,611.0128059168668,5.518186820880386,1,1,0,0,9,1,1
76961.80322040932,649.8935937578941,5.590580719748328,1,1,1,0,4,1,1
31765.70059911027,700.1898136149938,13.697370906510704,1,0,0,1,6,1,1
45931.96280297352,662.2225893680188,9.541939379279277,0,0,0,1,5,0,0
73579.78438109395,778.1520627815897,6.590091327574706,1,1,1,1,11,1,1
85189.03097492797,633.6969944466599,9.865309783308245,0,0,0,0,6,0,1
34287.221269199494,609.6351574211111,10.711266477089747,0,0,0,0,8,0,0
108790.51945867648,700.7402301177141,7.359919472851082,1,1,0,0,12,1,1
59397.25081080849,548.828218217079,5.431076010634489,1,1,0,0,9,1,1
20000.0,723.943754584649,9.094302382273014,1,0,0,0,2,0,1
61071.56145769904,545.9430559526413,5.880557433558355,1,0,1,1,1,1,0
38510.02356549627,701.086773284684,10.341503367663597,0,0,0,0,2,0,1
63022.054615495304,598.138115666187,6.408405996171159,0,0,0,0,4,0,0
48714.31257018986,688.1267317586714,11.764692845121342,0,0,0,0,6,0,1
52228.21070570435,722.5874356848814,8.111211599330089,0,1,1,1,12,1,1
22652.198702415622,662.2736956403135,10.270489317238471,1,0,1,0,5,1,1
79701.8369214908,554.0303238687457,14.06043687559759,0,0,0,0,4,0,1
20000.0,578.2579804394278,9.4007682053366,1,1,0,1,8,1,1
20000.0,591.7072687172974,6.191864553957277,1,0,0,0,3,0,0
61020.8104744246,498.3994485121781,6.60178170457243,1,1,1,0,1,1,1
98085.3274153391,740.1982286985543,5.298994479610252,0,1,0,1,9,0,1
39422.207088067786,658.8086068605063,5.166603680642845,0,0,0,0,7,0,0
71029.16968111898,559.1585563848804,9.76361043250822,1,1,0,1,12,1,0
82200.20530590636,766.4539885966685,9.463718459490268,0,0,0,0,4,0,1
74440.53311882207,593.893751988947,5.928488195233682,1,0,0,0,10,0,1
40663.751324789555,670.0457991259897,7.665331807287119,1,0,0,0,10,1,1
20000.0,583.9783563843039,10.364135435844673,1,1,1,0,1,1,1
20000.0,488.53918773367775,5.76778862173114,0,0,0,0,9,0,1
42114.785016128204,540.8447552918991,7.8750049724273214,0,1,0,1,3,0,1
85342.62105686523,614.1207655306855,6.771406677228429,1,0,0,1,4,0,1
20000.0,721.8637496964839,7.404644228690744,1,0,1,1,4,1,1
71006.29542556296,677.7226517455396,12.92131514780949,0,0,0,0,1,0,1
21495.424098443837,661.2164100936997,9.739765470484189,1,1,1,1,4,1,1
53182.17729160515,489.19779018040947,8.91563630678857,0,1,1,0,10,1,1
71233.74842465053,751.6068918144076,6.615032221914978,0,0,0,1,12,0,1
30215.136894847165,667.8943757196445,5.603369766266296,0,0,0,1,2,0,1
55114.54042090742,640.4465864086272,5.204046272414724,0,0,0,0,4,0,1
37547.25989824014,740.5938487991116,8.847834650156074,0,0,0,0,7,0,1
71154.4597681453,749.7997378854619,5.023296231693108,0,0,0,0,8,1,1
57059.515054539115,742.3672198087353,5.509416361037323,0,0,0,0,7,0,1
51695.23023287802,630.233080263737,9.073823826180053,0,0,0,0,1,0,0
96750.49880425933,569.7218751372643,7.40260948754714,1,1,0,1,4,1,1
69869.18427104906,729.1138333713659,7.9422817839226205,0,0,0,0,7,0,0
29289.444016211328,540.7956445543666,9.588621509915331,1,0,0,0,6,1,1
47424.08297606715,805.7805390931426,8.294799100799677,0,0,0,0,6,0,1
47723.036447610175,652.239963615565,5.196879000752859,1,1,1,0,11,1,1
52409.58717875636,565.1292595440333,9.984215100681688,0,0,1,0,6,1,0
125735.27829822485,551.4505156674711,5.363012188649872,1,0,0,0,6,1,1
61125.556781329906,547.7916140755152,5.516793239161363,1,0,1,0,6,1,1
20000.0,661.2290325376674,15.170076129242249,0,0,0,0,11,0,1
33716.03084849105,649.488614395217,10.62470074506918,0,0,1,1,6,0,0
20000.0,551.1262261192645,16.543000974736614,1,0,1,0,8,1,1
40106.05228862481,621.4835370755278,6.375612244177237,1,0,0,1,11,1,0
20000.0,540.5651691126926,9.296054581384002,1,0,0,1,2,0,1
23852.28586794716,697.1441444755338,12.562631821712017,0,0,0,0,1,0,1
20000.0,645.6325387109829,10.289147279173458,0,0,0,0,6,0,0
61524.80533902433,619.7277995266041,5.654951469092726,0,0,1,0,7,0,1
50016.18087886636,546.9511415945979,9.25501211541371,0,0,0,1,10,0,1
59088.869224961934,625.9875519821787,9.274691068267167,1,0,1,0,9,1,1
46863.45834294421,616.8217694922938,7.166376424692638,0,0,0,0,3,0,1
20000.0,675.4181360967677,6.979581778291683,0,0,0,0,1,0,1
65405.64107764206,663.3614382493569,10.946899549591926,1,1,0,0,6,1,1
107666.73680808357,713.3648081663474,13.350863560228403,1,1,1,0,10,1,1
62276.377358196405,611.233876519595,13.833631080254925,0,0,1,1,5,1,1
37222.26202047302,501.16707982428045,9.513236218250684,1,0,1,0,4,1,0
20000.0,729.2874301278432,6.806533384248066,0,0,0,0,10,0,1
22757.99087720104,575.1173989561455,5.3514320466557495,1,1,0,0,10,1,1
63591.18969716177,561.4466357587796,6.954124248387952,1,1,0,1,7,1,1
82193.54080398125,646.5506763908999,7.0418269231650035,1,0,0,1,5,0,1
57825.98524165928,674.1816410363614,8.416857470871523,1,1,1,1,11,1,1
73996.61869117951,607.5330875428253,7.172692865907294,1,0,0,0,12,1,1
71230.3473208173,606.9045854825498,6.821603360777987,0,0,0,1,4,0,0
65196.03174157753,618.7178945787556,10.81543641778563,0,0,0,0,10,0,1
30245.79214216232,763.3232280794515,7.965660378648419,0,0,0,0,10,0,0
55217.70535925457,649.7857529953494,9.935655510363711,0,0,0,0,12,0,0
24548.665883535854,572.5629728430563,6.249669350044717,1,0,0,1,10,0,1
50522.868588743055,573.3773314477626,7.492041629507773,1,0,0,0,9,1,1
59925.90593200736,629.9292656334104,12.753524556327696,0,0,0,0,8,0,0
100363.51422160564,669.0286347222406,5.2887934293651355,0,1,0,0,4,1,1
20000.0,688.7184129572952,6.516188125425761,0,0,1,0,4,1,1
64445.22892973916,659.9326883077772,6.200021582908823,1,1,1,1,10,1,1
94437.09774870783,582.6501319266329,8.10680530439894,0,0,1,1,9,1,0
72765.43297516389,616.0846960351374,9.973613759372528,0,0,0,1,12,0,0
74988.36328475125,708.71263054917,7.5272171087866155,0,0,0,0,8,0,1
67630.84705603437,558.3126431637523,10.251301802076046,0,1,1,0,7,1,1
88950.03469326251,612.739728553803,8.814316380064817,1,0,1,0,1,1,1
20000.0,697.7970286305082,7.832936506192093,1,0,1,0,4,1,1
20000.0,720.0225141308141,9.812708973006385,0,0,0,0,1,0,0
49809.97578604232,634.5667703126894,5.1893883190231636,1,0,1,0,5,1,1
20000.0,617.1034551543347,7.276416446714219,1,0,0,0,4,0,1
86919.37412534034,544.2305646845008,6.998060095051359,0,1,1,1,7,1,1
86621.45586486324,692.0511938181676,5.0443221045372155,1,1,1,1,8,1,1
36999.483347464215,755.5023748117432,9.011807263341641,0,0,1,0,1,0,1
38876.88210018471,850.0,5.642051408366354,1,1,1,0,5,1,1
47829.57574547986,680.9156946814437,8.162131320711111,0,0,0,0,10,0,1
51560.61951318859,645.9296278684815,6.869511107384192,0,0,0,0,7,0,1
53815.21757582856,576.4151509479274,8.513356160723895,1,1,0,1,3,1,1
66746.96320634909,499.69144690054804,8.516517471948493,1,1,1,0,9,1,1
44821.20940974566,664.1567399791867,6.801066367725913,1,1,1,0,8,1,1
78295.79910433383,838.0271296123442,10.347350618649074,1,1,1,0,12,1,1
63378.4333137591,751.664978372553,7.056555423197572,0,0,0,1,5,0,1
31791.096623820933,739.3251415291038,11.053733666925538,1,1,1,0,3,1,1
90053.38003412292,669.6482253646333,5.125561343309481,1,0,1,1,3,1,1
20000.0,678.7618528224258,8.065810664349813,0,0,0,0,3,0,0
47235.025675355704,456.1002145377618,12.66297860728191,0,0,1,0,2,1,1
79007.52203226404,711.0008464611197,8.722469278904816,0,0,0,0,1,0,1
28307.806852635662,603.6527544339348,8.847531867221551,1,0,1,1,12,1,1
59286.669403014545,593.8618122723291,9.917942727226798,1,0,0,0,1,0,1
66300.18790997144,624.1394437561114,7.6452722384012795,0,0,0,0,9,0,1
24184.28396056283,621.4396408439188,5.5202354101055455,0,1,0,0,7,0,0
47825.66841217895,592.589152642267,8.327635599956645,1,1,0,0,7,1,0
45304.88509372369,651.1097657740781,6.202400004916668,0,0,0,1,10,0,0
33447.86444503121,605.3377923033557,9.744769662955303,0,0,1,0,12,0,1
119050.24556152323,658.0258364604917,14.590338828057224,1,1,1,0,2,1,1
27106.809396635726,531.0257748359974,7.269380606829161,1,1,0,0,4,1,1
80147.9088220365,632.8753783494386,9.339699343593118,0,1,0,0,8,0,1
38215.969493565746,562.2963528250999,6.713880353386461,0,0,0,0,6,0,0
20000.0,598.6840545201707,6.8403887933969765,0,0,0,0,4,0,0
53084.427294652065,661.4719074426824,5.737941793780269,0,1,0,0,10,0,1
69472.80153162502,521.6801908196034,11.774001178457597,0,1,1,0,12,1,1
77615.28725197037,584.207409818229,6.625582774825266,1,1,0,0,3,1,1
96867.95331965208,695.5171507869068,6.435517321786313,1,0,0,1,2,1,1
138357.388698053,536.9457726507359,8.148585022017468,1,0,0,0,11,0,1
57515.42611266791,792.2293712223046,6.450152628111807,0,0,1,1,4,1,1
30107.234785238365,746.3526364904517,6.566988368388445,0,1,1,0,4,1,1
63586.229803846734,610.4378332438176,5.290519996571919,1,0,0,1,12,1,1
42013.611487805254,587.0232249771949,9.18763896369886,1,1,1,0,1,1,1
77778.9838955669,666.1551922668385,6.534683652653917,0,0,0,0,8,1,1
20000.0,534.2030194378273,8.823399993608067,1,0,0,0,8,1,0
121050.03627201312,489.82858201340537,6.910186855718144,1,0,0,0,6,0,1
75681.44284326538,613.2531900757947,5.081185136905108,1,1,0,0,5,1,0
20000.0,639.2760986798247,10.353660306056167,1,1,0,0,1,1,0
28729.132930550833,657.5541779482824,6.8941025211292235,1,1,0,0,8,1,0
74482.43132341816,600.8207507105692,11.930275209592113,0,0,0,0,7,0,0
85290.32168514363,751.9157383579958,6.762267613964752,1,1,1,0,12,1,1
20000.0,530.3888273212893,8.022392993375995,1,1,1,0,11,1,1
71390.77551298846,558.9390292033521,10.141205278299875,0,1,0,0,3,0,1
20000.0,688.930876491585,5.075212051303354,0,0,0,1,7,0,0
47319.92403586862,557.0682091490287,8.891470567233213,0,1,0,1,7,1,0
83361.40526309618,553.9743638242146,7.295522158644076,1,1,0,0,2,1,1
33454.52809691058,659.8683833765731,6.986295548730519,1,1,1,0,10,1,1
20000.0,565.7181903747174,7.727654652169731,0,0,0,0,12,0,0
54386.44389132678,639.353245766345,8.167185974666516,1,0,1,0,3,1,1
31858.434000935657,594.0114752273795,7.929089238474406,0,1,0,0,7,0,0
68886.75098197507,581.0669037301808,9.484328231733542,0,0,0,0,9,0,1
23440.207033458188,481.8155686924048,8.93901241983438,0,0,0,0,12,0,0
26820.89331040699,661.165052225707,8.16389868848988,0,0,0,1,6,0,1
20000.0,550.2248006309657,7.669572618683247,0,0,0,0,10,0,0
55098.341331544485,636.5406237175584,8.828602402801339,0,0,0,0,4,0,1
45172.851851702035,609.0316081321148,13.530576105374545,0,0,0,0,10,0,0
20000.0,633.4793553040093,9.305455866348662,0,0,0,1,4,0,1
55813.96141301276,638.0259700789392,8.997856338802904,1,0,0,0,12,1,1
80812.10901932417,665.4902600734611,11.078661756820843,0,0,0,0,8,0,1
43532.96169743151,591.7792558806846,5.439030423973457,0,0,0,1,8,0,1
58045.00849465921,749.4157183418695,8.078895374323324,0,0,0,1,10,1,0
58199.33748755493,502.20799513155384,7.991512109793386,1,0,0,1,9,0,0
20000.0,631.8727105178217,6.048360801451496,1,0,1,1,12,1,0
111697.57462122788,716.8984781128694,9.323483112272132,0,0,0,0,11,0,1
35874.505096331486,688.1418042402083,9.79950325079939,0,0,0,0,4,0,1
69683.48605580813,572.0131538777123,12.355064129651101,0,1,0,0,5,1,0
73076.45831687149,585.3403605609581,6.448219962277214,0,0,0,0,8,1,1
45812.14618652745,569.4565952538717,7.326451005036321,1,1,0,0,8,1,1
68203.85075178904,697.9382104531511,12.871877787197073,0,0,1,1,3,1,1
57374.57665449168,590.8061017187594,10.529275901066923,0,0,0,1,5,1,1
20000.0,670.409847049876,5.539226447848954,0,0,0,0,10,0,0
40031.81896249735,671.1441131260764,9.647349728481911,0,0,1,1,10,0,1
31623.472929378146,839.4714774588298,5.483448670410927,0,0,0,0,2,0,1
36147.64875961619,675.0601007841362,5.7817567562460965,0,0,0,0,6,0,0
20000.0,585.1084788199629,8.159621987718165,0,0,1,0,5,1,1
83793.0115023809,533.187979034688,7.397555856826393,0,0,1,0,10,1,1
98059.7796384024,627.9317828289803,8.405643367816594,1,0,0,0,11,0,1
79340.08927995226,640.4731326058145,10.014252768761102,0,1,1,1,8,1,1
88115.8767244143,473.14403780875557,11.077726813131587,1,0,1,0,2,1,1
39660.95488975532,592.8916671765589,6.094352075649321,0,1,0,0,7,0,1
30912.294950418906,673.7882034262043,15.253159147586267,0,0,0,1,12,0,1
26642.388595648656,607.411546378706,5.338798546851613,1,0,0,1,5,0,0
69321.94768871668,727.489902856467,11.930245370818845,0,0,0,0,5,0,1
56811.89159432449,525.3314844223584,6.129682082265507,0,0,0,0,5,0,0
47683.34865204723,704.1506256122574,5.741837752467782,1,1,1,0,5,1,1
88854.45632586029,723.1111793220763,5.271849544659269,0,1,0,0,1,0,1
62148.24061446029,726.519718067323,6.745634670152368,0,0,1,1,8,0,0
24840.27087438246,524.7314892276497,5.816789874456348,0,1,0,1,2,1,0
29572.735125929157,675.1642236685907,6.172002413325086,1,0,0,0,12,1,0
70459.79897762436,596.4996705182788,12.324027921908527,1,0,0,1,12,1,1
81251.98557963791,537.5086046413679,6.573242774209771,0,0,0,0,7,0,1
66550.40696767908,616.8905820021033,8.08763234924351,0,0,0,1,5,0,1
106906.66243616244,577.6017606479353,9.292318975890371,1,1,1,0,4,1,1
99050.21497194257,723.6600374531096,7.672597516168359,1,1,0,0,2,0,1
63231.075045522884,691.0450674410855,13.251331675699221,0,0,0,0,11,0,1
24842.58021555493,557.8044425512905,5.664027539284785,1,1,0,1,4,1,1
20000.0,592.0622948935256,5.0278453833442445,1,1,0,0,6,1,0
38378.54764955855,619.5442059506701,7.598288351226461,1,0,0,1,9,0,0
72596.4033924847,644.2075882145682,6.025095746239927,0,0,0,1,5,0,1
104799.41237935814,730.5102619843025,7.924898276204649,0,0,0,0,3,0,0
62523.411032323995,705.2625861184506,7.708847652006158,0,0,0,1,3,0,1
85061.68382693711,654.1113575179872,8.649264989274553,0,0,0,0,5,0,0
42640.775414365926,629.1480920084063,5.2951686795925115,0,0,0,0,4,0,1
68683.0737568265,508.13167723140225,7.2381877372095005,0,0,0,1,8,0,0
74700.70488431517,753.3598100900845,5.601295546380884,1,1,1,0,1,1,1
20000.0,614.2322721707475,8.583659502279708,1,0,0,1,10,1,1
37596.83592870469,774.3872192341006,7.795779656023939,1,0,0,0,3,1,1
78491.0115283361,665.6887433705468,5.341358834143789,1,0,0,0,5,0,1
58234.05006909695,812.0227366897155,16.4908488657858,1,0,0,1,4,0,1
20000.0,698.5057226693053,8.933406762333547,0,0,0,0,1,0,1
20000.0,535.4384295023297,10.604528945610932,0,0,0,1,5,0,1
39026.57764093981,600.846761579103,10.937287366058737,0,0,0,0,1,0,1
47852.42921318363,636.4692031462428,7.1044448402607925,1,1,0,0,8,1,1
23482.31150514964,580.0973690313341,8.136275907833323,1,1,1,0,10,1,1
54292.54811083983,619.8351346254365,8.11317592503146,1,1,1,0,12,1,1
65191.60241698684,540.6448673134313,6.040577674956236,0,0,0,1,6,0,1
70120.61512178698,650.4577024879297,9.94146640183855,1,0,1,0,7,1,0
20000.0,668.9929559208751,6.703660970248297,0,0,0,0,9,0,0
20000.0,569.6712474235105,5.259793535548207,0,0,0,1,11,0,0
40861.32054935793,805.2203434785529,5.747234171572076,1,0,0,1,8,0,1
67165.19393112391,655.0810609024367,9.697888004938829,0,1,0,1,1,1,0
64677.02040650106,584.6607307101671,9.488128614200585,1,1,0,0,2,1,1
64156.09843630027,519.6368560027827,7.598687003075046,0,0,0,1,2,0,1
38497.46174093205,654.7954311517735,5.265100264330245,1,1,0,0,3,1,1
40170.996880701176,629.1609173749317,6.427025943067152,0,0,1,0,5,1,0
28150.12194734778,712.6432725829154,7.772054878738852,1,0,0,0,6,0,1
73045.82384317543,638.5303788022426,9.407639379897923,0,0,0,0,3,0,1
22385.336367812655,554.5024974185019,8.578279390346168,0,1,0,1,6,0,1
75501.09185568709,783.6574636942065,10.804365443139758,1,0,1,1,6,1,1
56235.59714412938,684.8499903605749,9.940919111972502,0,0,0,1,10,0,1
48648.66564634539,629.6713030721313,7.88266649651738,1,1,0,0,3,1,1
30298.688006706,663.171082515979,6.616031147006501,0,0,0,0,4,0,1
20000.0,687.9233565249326,5.50223008283811,1,1,1,0,4,1,1
30570.41730865863,535.6914708885251,16.59015596048774,0,0,0,0,1,0,0
40099.79394125341,662.6155375970249,6.767621816143346,1,1,1,0,10,1,1
20000.0,613.9901221364887,12.448563036981374,1,1,0,1,1,1,1
44079.34533996007,690.5839988503801,9.701743026386335,1,0,0,1,4,1,1
77730.72104078016,590.7854460314977,6.548603854422737,1,0,0,0,8,1,1
67016.53716301618,601.6238515922334,5.803711207796216,0,0,0,0,9,0,0
35113.823727754774,783.0296878851246,7.690049052040173,1,1,1,0,6,1,1
51408.088952456834,748.472967270571,5.782450074553849,0,0,0,0,12,0,1
33315.06291734001,386.3551056026153,5.730052550699285,0,0,0,0,12,0,0
54462.82200007088,742.5409585971449,7.581908710594513,0,1,1,0,3,1,1
96203.23471232095,644.1078378993794,7.032578081945715,0,0,0,1,1,0,1
79054.96407874627,593.3454349680791,5.405144532353267,1,1,0,0,4,1,1
65623.82917078258,569.426021143388,14.370925946040249,1,1,1,0,2,1,0
35213.45262848845,574.0705897376009,10.765989882014807,0,1,0,0,12,0,0
72498.15178834516,595.6051244193268,11.679968384392073,0,1,1,1,7,1,1
20000.0,559.8293933054525,6.311283777280966,0,0,0,0,3,0,0
42429.39554027328,541.6320271141886,7.099635946963118,0,0,0,0,8,0,1
67511.3425947185,566.7695879324872,11.784331326147342,0,0,0,0,9,0,0
72212.63642143254,675.871508405255,5.225264659785909,1,1,0,0,4,1,1
70096.53470647223,654.0072118856638,8.940768367124422,1,1,0,1,5,1,1
58844.920676290836,694.4685161241486,15.556824418599764,1,0,1,0,5,1,1
44128.25062748351,644.6904128631957,12.56822569998279,1,0,1,0,8,1,1
66139.27909479466,545.4656535484166,8.54775208051414,0,0,0,1,12,0,1
21414.168782410987,689.5552738794885,6.983198125537162,1,0,0,0,1,0,1
24659.682101202503,569.6248576900068,10.885996920946688,1,1,1,0,6,1,1
51852.0402938089,701.7291441591148,8.366620266495806,0,0,0,0,11,0,0
55195.92928126242,556.7263997634432,5.851372652499007,0,1,0,1,2,0,1
20000.0,595.0018698877179,6.468547986504575,1,0,0,1,9,0,0
63654.39142848556,621.0886687545668,13.218269226317725,1,1,1,1,7,1,1
73181.8513375818,703.9523840845559,10.261427769904863,1,1,0,0,11,1,1
47681.44287601114,664.0797801701916,5.180377796751589,0,1,0,1,12,0,1
121233.98849851977,651.6001057720739,13.253839049186574,0,0,0,0,10,0,1
29511.946810544414,800.8535028044245,6.323563121950935,1,1,0,1,9,1,1
39167.38509839391,503.0413471019883,10.3668213627038,1,1,1,0,12,1,1
38147.992816183716,566.9297885839559,9.410505233531168,0,0,0,0,10,0,0
47714.37166126947,563.5049217568807,6.164103572061166,0,1,1,1,4,1,1
40138.255611011264,508.34781520621806,10.607937073131572,1,0,0,0,5,0,1
20000.0,592.4384389691178,13.410807014231832,0,0,0,0,11,0,1
33603.55111290574,705.0215331037365,8.914549954438685,1,1,0,0,10,1,1
47071.37912677772,602.6682081187399,5.957523562971352,1,0,0,1,7,1,1
86857.16246185993,623.3597622410953,6.686054588625848,0,0,0,1,12,0,0
116067.2982011874,512.1956137695774,6.993751924693094,1,1,1,1,3,1,1
90064.21693551964,586.2779539871722,8.703188173731876,1,1,0,0,8,1,1
26738.629109821806,613.0641027529933,9.542971571580283,1,1,1,1,7,1,1
29125.711681215034,701.3920338037691,16.708239370034278,0,1,1,0,11,1,1
45220.14267471947,516.0066881665423,6.130214602969998,1,0,1,0,6,1,1
103536.76666560757,613.599300342309,10.160383250733535,0,1,0,0,8,0,0
45037.2784345432,736.9454424055112,10.197334694630973,0,0,0,1,2,0,0
20000.0,614.3933371501389,10.199236962461338,0,0,0,0,5,0,1
34964.685891408946,480.7550868705057,7.178772749286233,0,0,0,1,9,0,0
72711.68005458251,752.3340621878554,7.89528006296203,1,0,0,1,8,1,1
70698.2083068826,708.7917554030666,7.508424431835083,1,0,1,0,1,1,1
43993.50000525032,719.5517740063033,5.421539442433975,0,0,0,1,10,0,1
70502.44020680092,510.49730826036847,7.865759583241129,0,0,0,0,8,0,0
20000.0,770.9964580677772,9.357555029845495,0,0,0,0,2,0,1
53114.87705098093,588.1379131911042,8.58549460562703,0,0,0,0,7,0,1
75820.5626410589,609.2448844623815,8.822900771804926,1,1,0,0,1,1,1
25014.101745363943,593.7778267206397,5.055131058523496,0,0,0,0,3,0,0
24909.84390511136,725.7549745564165,10.087526553622231,0,0,1,0,7,1,1
20000.0,635.6161317995764,7.08168277981768,0,1,0,0,10,1,1
97696.86784432082,688.53928260701,11.425860925923772,0,0,0,0,1,0,1
28395.380689352998,656.0720818307494,8.272272771834944,0,0,1,0,11,0,1
57231.29833586335,642.3966397045664,8.037363320986818,0,0,0,0,9,0,1
68117.51124450123,574.2572749003043,5.481951594542728,1,1,1,0,4,1,1
95362.0384742436,794.9712469846213,17.0368263059866,1,0,0,1,5,1,1
45383.06678043094,532.9285097195817,5.450792879578138,1,1,1,0,3,0,1
33817.10618664744,682.9803179227747,12.893693476503522,1,0,1,0,9,1,1
55192.0294571166,680.1325273685823,6.072134158455867,0,1,0,0,11,1,1
88522.40829626861,742.348502892194,8.929168972949721,0,0,0,0,6,0,1
44894.82405797649,761.0472025903423,9.06808608640646,0,1,0,1,12,0,1
21353.927552477708,639.008912046658,7.903267032723754,1,0,1,0,7,1,1
20000.0,692.4315444739802,5.766054599730606,1,0,1,0,8,1,1
20000.0,791.1898968362008,8.551572053772643,1,1,0,1,12,1,1
75931.74492219994,644.7858586462198,5.585702906883216,1,1,1,0,1,1,1
40381.265710795655,564.6853219947859,7.564935231428219,1,0,1,0,1,1,1
31774.37270237869,619.2425509840463,8.151215971135347,0,0,0,0,6,0,0
28520.983304481728,545.6283201108427,7.224062857032184,1,1,0,0,6,1,0
52551.37580600545,679.7453448795778,16.743866369973745,1,0,1,1,1,1,1
42816.34718703249,735.1564966512508,6.780458154603699,0,0,1,0,8,1,1
41806.035688422424,640.3166806345969,6.213702513938577,1,0,0,0,10,0,0
90479.71783432217,520.3231960437088,5.619102695747093,0,0,0,0,7,0,0
96140.488455849,731.7320668046142,5.443942137084326,0,0,0,1,7,0,0
20000.0,507.8960830747377,9.108315751845918,0,0,1,1,4,0,1
59827.78193428873,526.3236177661568,6.10538258024853,0,1,0,1,5,0,1
26694.137041358234,635.7329290004225,12.88952686457398,1,0,1,0,8,1,1
42552.466584167196,670.14281965404,7.329100438902807,0,0,0,1,10,1,0
59278.351553800836,683.7797999006683,6.9429441919520976,1,0,0,0,9,0,1
43618.40249207242,644.7088358362821,7.964982739922684,0,1,1,0,4,1,1
56913.79641882899,790.8035012107886,9.163488773633826,0,0,0,0,9,0,0
70189.10618095752,655.2134672866562,5.114080607547242,0,0,0,0,10,0,0
58837.3040162096,732.7734481402349,5.0362402150270205,1,0,0,0,10,0,1
30594.910874971294,712.9563651275759,7.393920905696476,0,1,1,0,9,1,1
31124.011790890283,546.5701014236377,5.24578272368203,0,0,0,1,9,0,0
20000.0,636.4215610171583,7.555819403211087,0,0,0,0,3,0,1
24382.39107437845,819.8656410624815,10.446845824903992,0,0,0,0,12,0,1
108862.05085695584,609.6519316847794,7.868240609021591,1,1,1,0,4,1,1
26239.892777142664,596.0303580514648,5.699075357203096,0,0,0,1,5,0,0
20000.0,663.6460465181618,5.7578723322109235,1,0,1,1,6,1,1
59597.835855343204,612.5184056591959,5.36869667295687,1,1,0,1,10,1,1
46689.057221244206,586.5036336398209,5.022160955488531,1,1,1,0,6,1,1
44132.20289452324,611.3373284561931,8.827744717236671,0,1,0,0,12,1,1
92271.3789923627,764.56077370949,12.603096513539928,0,0,0,0,10,0,1
66473.80026675096,639.0705046817942,8.190802665764114,0,0,0,0,1,0,1
34100.21204889574,543.753997379623,5.514069962660122,1,1,1,0,4,1,1
37265.722472246605,529.0602769529469,7.951332790869964,0,1,0,1,10,0,1
34922.40458282945,826.5443945643576,8.277352121582279,1,1,0,0,7,1,1
76242.18864740772,632.1332504452719,5.916612543603017,1,0,1,1,11,1,1
40755.571116405874,684.7662800772334,12.494294300114479,1,0,0,0,8,1,1
20000.0,588.2898218928312,7.245977032916596,1,1,0,0,8,1,1
48550.40963796967,675.6788775417133,5.562867194806228,1,1,1,0,6,1,1
20000.0,766.7463721281225,6.1554470246791375,1,1,1,0,3,1,1
115526.91805264706,597.8189453004996,6.759112230939289,1,0,0,1,4,0,0
21029.96258458307,686.6869423958866,9.263004515988175,1,1,1,1,4,1,0
45144.05703926808,537.540297928769,7.433123835708385,0,0,0,0,6,0,0
57746.08204103411,811.8292894693434,13.123185077864234,1,0,0,1,4,0,1
41340.2551796231,671.482874419566,6.99944644189147,1,1,0,1,5,1,0
41299.08795601422,616.9764924518166,9.043512569124156,0,0,0,1,6,0,1
62654.81858482631,626.1700701371069,6.239076713665112,0,0,0,0,11,0,0
95786.47876388836,609.1969460388532,7.757316747349348,0,0,0,0,3,0,1
73025.27245451893,613.2875868701205,9.479043633660158,1,0,0,0,3,1,0
94355.41635720628,454.2003886120272,9.623792029940201,1,1,0,0,7,1,1
20000.0,642.1627414322595,6.413543598204931,1,1,1,0,1,1,1
59520.87899766084,638.8097055515431,13.683749491672458,0,0,0,1,4,0,1
54657.38156174838,689.0929229808381,5.2747113031750485,1,0,0,0,3,1,0
60532.73875030204,608.1485002846779,11.82137097060708,0,1,1,0,5,1,1
91286.95911906718,588.3170948687182,9.790716898134036,0,0,0,1,2,0,1
43376.325506238376,649.3780044437619,7.444420328217991,0,0,0,0,10,0,1
37834.89900337737,521.0105505527613,10.206762910534088,0,1,0,1,9,0,1
66019.42392255992,661.4738550027668,5.454509444950183,1,0,1,0,5,1,1
20000.0,501.0544592382623,7.330572474088699,1,1,1,1,10,1,1
42894.43852633465,739.6654919064637,11.318875120348025,1,0,0,0,4,1,1
45974.06932143641,704.741596452862,5.987436686690492,0,1,0,1,12,0,1
22389.241510792242,575.905129886079,6.201615834075096,0,1,0,0,4,1,1
81711.77034069732,702.8910410670429,10.583593842948076,1,1,1,0,7,1,1
20000.0,658.9211379403105,6.676868052319076,1,0,0,0,4,1,1
45923.80854908611,569.2791815132113,9.69688912778733,1,1,0,1,10,1,1
58794.71675968905,488.16990742167286,6.769747651522859,0,0,0,0,8,0,0
90603.54684428356,675.3148546741162,7.320366905992012,0,0,0,1,1,0,1
49683.3069535744,586.4574522291972,7.998700447897459,1,0,1,1,10,1,1
78084.60782384631,737.5975655756863,8.826319724070851,1,1,1,0,12,1,1
71017.86191831382,651.1226987105481,6.099501757164953,1,1,0,1,11,1,1
53703.726685074274,594.0333842802146,10.88497478361688,0,0,0,0,6,0,0
20000.0,793.8270986472378,11.181149361254768,1,1,0,1,12,1,1
20000.0,696.1157194082405,8.693882296297275,0,1,0,1,9,0,1
53195.1620425756,357.59307879167153,7.02828216506592,0,0,0,0,5,0,0
33719.09378292159,611.0886584967307,6.7031778961889765,1,1,0,1,5,1,1
77577.83275043876,539.2728806390062,6.556738695697379,1,1,1,0,4,1,1
72375.69554295733,586.0161649823754,6.487447663720542,0,0,0,1,9,0,0
44461.67016688851,638.4214080865171,8.880750546240009,0,0,0,1,2,0,1
20000.0,678.3238806870037,11.765398406010885,0,0,0,1,9,0,1
65322.0664882182,670.9092593690859,8.824996600802557,0,0,0,0,6,0,1
20000.0,736.2298461251842,6.900226925001601,1,1,0,0,12,1,1
27246.08231207405,700.9278702006933,10.331904942062515,1,1,0,0,10,1,1
20617.527853545365,695.9797543300404,8.913471502621734,0,0,0,0,8,0,0
45844.9693418014,666.119385850662,7.629826506756655,1,1,0,0,4,1,1
85105.77002211685,752.9439082180721,13.014736446787268,1,1,1,1,4,1,1
49848.773893294136,624.6978765447266,6.354815439761483,0,1,1,1,10,1,1
36703.43922716913,626.7757385011847,10.324707189542483,1,0,0,0,1,0,1
20000.0,497.5541317621976,8.472127110038452,0,1,0,0,6,1,0
66563.73754189529,734.4931235048028,10.644270430670385,0,0,0,0,2,0,1
26587.861822141174,643.8459395376676,5.98442566312921,1,0,1,0,5,0,1
53525.5285747429,850.0,9.46544580733719,0,0,1,0,3,0,1
39373.44152250078,617.5573846590033,6.392070095250739,0,0,0,0,2,0,1
75145.31658798314,657.0862503533389,6.831332195688987,0,0,0,0,10,0,1
45282.908239143435,693.7203962886731,5.671835584619528,1,0,0,0,1,0,1
48232.20936430845,561.848002160903,7.7307740434825565,0,0,0,0,9,0,0
64572.41442366379,678.6838171103382,6.8683424570000575,1,0,1,0,12,1,1
113208.20546789558,652.7729145645749,15.860392775988727,1,0,0,1,1,1,1
76653.40791075664,625.704944825853,8.625226950646578,0,0,0,1,8,0,0
47341.81680954172,743.8083166994405,8.204607847843604,1,0,1,0,6,1,1
50095.93971845865,577.7001025671475,6.449251322633627,1,1,1,0,4,1,0
34254.21619026696,671.9921690465777,12.89682691093077,1,1,0,0,9,1,1
21500.128894409143,766.3731433108037,5.969896102537627,0,0,0,0,1,0,0
33417.47638801034,593.4702595234961,6.306643216545994,1,1,0,1,4,1,1
26835.531088641725,626.249121384616,6.7619339302433765,1,1,0,1,11,1,1
69601.05151387656,837.6243650777462,5.746798897386765,1,1,0,0,10,1,1
20000.0,687.9512852124845,9.287361031881481,0,0,0,1,7,0,0
89996.31684140133,609.5042018685906,14.590086873180667,0,0,0,0,4,1,1
72561.39150856489,714.2099808062783,5.587614691663465,0,1,0,1,11,1,1
50615.05188103006,604.5525158727179,6.335654725412969,0,0,1,0,1,1,1
50009.55834395205,524.8067260671943,8.295155500741574,0,0,0,0,4,0,1
33281.5607115634,759.7891156212136,7.005568183906314,0,0,0,0,11,0,1
58102.532340432925,561.7552588695189,5.544170521485918,1,0,1,0,11,1,1
82642.77389625767,846.1370099997832,9.710872141562392,1,1,1,1,6,1,1
28905.306132325586,610.8534099630235,8.275831024112232,0,0,0,1,8,0,0
20000.0,820.6611745249484,12.71741337603185,1,0,0,1,2,1,1
71096.54764570232,540.5063145183954,10.960904702640835,1,0,0,0,9,0,1
59730.97922731401,732.0394869013003,10.29493988259589,0,1,0,0,7,1,1
20000.0,689.978101838772,9.40833174094373,1,0,0,0,6,1,1
27998.25887257646,717.0196980444122,10.795441505257955,1,0,0,1,3,1,1
24226.87177849578,727.4418165341009,5.13251248668373,1,1,0,0,4,1,0
28264.03192897253,610.1803886175062,22.86241545411551,0,0,0,1,8,0,1
40289.517378764365,545.2924926397601,7.97411664759499,0,1,0,0,7,1,0
42003.58087157758,645.9265815728626,6.341974608597561,0,0,0,0,6,0,0
30476.190347946194,667.8424206068107,8.597651946310933,1,1,1,1,7,1,1
27255.085415002155,612.2524303075596,5.7405046277508625,1,1,1,1,9,1,1
43136.46968241855,672.2043176127889,12.594221795487908,1,1,1,0,5,1,1
55030.74604578684,676.3700424939792,10.704531278380003,0,0,0,0,5,0,0
40511.10390905466,577.1978842764908,8.235568981480554,1,0,1,0,11,1,0
84760.01070023904,681.5977025352372,5.25779711535263,0,0,0,1,10,0,1
65242.631432623595,628.6230381044284,6.978672231601568,0,0,0,0,7,0,0
20000.0,594.0015279837303,8.031005261109897,1,1,1,0,7,1,1
65711.8329624156,712.9900110579194,5.101578610000908,0,1,0,0,5,0,0
68166.31947756748,587.8407030645164,5.238817757489481,0,1,0,0,8,1,1
36957.95095627426,613.4665928076219,11.204862451524107,0,0,0,0,6,0,1
20000.0,655.7640680149325,7.85812152890357,0,0,0,0,4,0,0
50242.002782334086,759.944929652339,8.007441869267257,1,1,1,0,9,1,1
49768.74045553268,665.4227262179438,9.40426736299435,1,1,1,0,2,1,1
20000.0,692.2630665979734,6.062828394409829,0,1,0,0,2,0,1
20000.0,626.1885971202803,6.650014379456557,1,1,1,0,5,1,1
47373.393606396814,643.7208300498927,6.8835512630160745,0,0,0,0,3,1,0
43007.68423847534,646.0898213184324,7.241056865430757,0,1,1,0,3,1,1
37482.03904032819,673.4644988813619,7.510904212560261,0,0,0,1,7,0,1
47497.67795760316,626.3225941561392,7.495172368170117,1,1,0,0,5,1,1
20000.0,757.1999908380967,10.870618254644695,1,0,1,0,6,1,1
36955.38161401657,620.1467009198286,8.4941416495334,1,1,1,1,3,1,1
65999.75091843042,513.4207091835706,7.919684787619646,0,0,0,0,8,0,0
39500.89758946134,850.0,9.803386375182779,1,0,0,1,5,1,1
20000.0,623.8105047244999,9.162442719538028,1,1,0,0,8,1,1
35819.23166829285,755.0535829673078,9.184576003030696,1,1,0,0,4,1,1
20000.0,762.3832673567807,12.383897818973042,1,0,0,0,4,0,1
58014.08889385192,725.6171449800305,9.588017464527198,1,0,1,1,5,1,1
59565.12210141276,634.1578224322078,9.001587653294681,0,0,1,1,11,1,1
20000.0,672.9347855899474,7.8670586108622444,0,0,0,0,8,0,0
72770.38911746567,548.0391832556058,11.995752626217385,0,0,0,0,4,0,1
20000.0,809.2118219054621,7.04657541965833,1,1,1,0,6,1,1
96775.46871447054,581.8555201453864,7.042188863574669,0,1,0,0,8,0,1
48536.7120649815,629.6879229807299,12.32309105953465,0,1,0,0,3,1,1
20000.0,657.9189189632201,8.813241239064046,1,1,1,0,6,1,1
20000.0,641.4048196130432,10.763923261436315,1,1,1,1,7,1,1
60442.85875362034,597.4501374165285,6.581934555946743,0,0,0,1,8,0,0
38261.003303048674,761.5471241643751,6.633060439982469,0,0,0,0,5,0,1
47100.38271145578,726.0223426790624,7.245760427022106,1,1,0,1,4,1,1
98383.40698091118,675.7637763460555,5.259206793926091,0,0,0,1,10,0,1
29022.678073127743,618.03575552026,8.114241415906793,1,1,1,1,10,1,0
51798.885730871196,735.1420697475577,5.163206325212836,0,0,0,0,10,0,1
92595.33462119159,612.8425093777947,7.422694640373052,0,0,0,0,4,0,1
58115.40426399201,775.6313472270252,6.829394739043582,0,0,0,0,3,0,1
20000.0,658.8976732386742,5.829054914490024,1,0,1,0,2,1,1
65161.6703519641,748.3825221578172,7.678014239707304,1,1,0,0,10,1,1
20000.0,640.8943739053134,5.169205688337463,0,1,1,0,6,0,0
92204.22586198896,655.7226545632756,8.009370012830358,0,1,0,0,1,0,1
25313.971850060665,748.0336849166933,8.462954913587772,0,0,0,1,6,0,1
139085.28523236993,825.5140121443555,8.223204856599622,1,1,1,0,5,1,1
94021.27964983035,774.8293454003905,6.787835226276622,0,0,0,0,2,0,1
26101.62291116064,720.170769550228,8.081518540946192,1,0,1,1,10,1,1
50600.41415004832,697.1426746366077,7.5405140046060435,1,0,0,0,11,1,0
72609.32844900391,609.44410477923,8.548877036216211,1,0,1,1,5,1,1
73509.81422680123,673.6183792884347,9.005127720267168,0,1,1,0,7,0,1
63270.08779928592,576.9560652802614,6.190428441127688,1,1,0,0,12,1,0
87564.77110898329,680.0625706947819,8.716871293068865,0,0,0,1,12,0,1
46310.931600968914,685.2040528554859,5.500466439885185,0,0,0,0,1,0,0
38998.469942719006,493.1323886825447,6.25265235151729,1,1,1,0,11,1,1
39594.08036226168,653.0990887353365,6.37291171578807,1,1,0,0,11,1,1
75751.19695916382,683.1899919271284,8.25280154113756,0,0,0,0,5,0,1
60955.43120907938,643.3032114288782,11.538184484035483,0,0,0,1,8,0,1
58738.50997070769,678.6439071085257,11.305590850837708,1,1,1,1,11,1,1
73857.02747771546,542.6622205314949,7.686843460408705,0,0,0,0,8,0,0
20000.0,587.9308555551793,6.425449859973453,1,1,0,0,8,1,1
59302.064716254514,732.7950530531145,8.102574592754484,0,1,1,0,1,1,1
56557.066666211475,650.0457332516621,6.457235636066965,0,0,0,1,8,0,1
100064.24243902115,677.1903185051926,10.631840840415604,0,0,0,0,8,0,0
20000.0,606.2783071433137,18.05715804347604,0,0,0,0,5,0,0
96715.59897130274,651.5595218621485,10.246285547311771,1,1,0,1,11,1,1
52262.273867739976,465.8390255891841,7.489210709631493,0,1,0,0,11,1,0
64669.68591980135,717.6809550736613,5.302521482709947,0,0,0,0,6,0,1
100277.56362828129,794.6346271161976,7.474912179221188,1,0,1,0,2,1,1
66822.83804016719,564.7985960628288,10.240744957383495,1,1,1,1,2,1,1
62011.04868387683,574.7734249992345,5.455290509957695,1,0,0,0,1,0,0
57268.73557406955,685.2703918589986,8.439042542780498,1,1,1,0,10,1,1
35495.65595016869,767.9103432405396,8.205767394612984,0,0,0,0,3,0,1
49145.326264688214,649.8322146093644,10.667026559098172,0,1,0,0,2,0,1
28534.61701631754,551.6545583349997,5.99865220772442,0,0,0,0,11,0,1
48662.99301723554,633.3106210689701,6.507974023291576,0,0,0,0,8,0,0
20000.0,567.6054335750566,7.140286299303479,1,0,0,0,5,0,0
62871.18702702646,596.4922965704978,6.8283951746191525,0,0,0,0,7,0,0
46347.882386491234,625.6767120677347,5.917858520318649,1,1,0,1,2,1,1
39913.88789999707,575.6540329406698,15.637761032216728,1,1,0,1,8,1,1
56592.74251820429,587.7675420660348,8.294822054262177,1,1,1,1,1,1,1
20000.0,655.9627200177795,10.042264042599593,0,0,0,1,4,0,1
107878.09989863847,667.2028649709785,6.834945791685877,0,0,0,1,7,0,1
46916.97615537201,536.0815732943227,5.216074971873957,0,0,0,0,11,0,0
45624.66701083431,681.710537800747,10.366122283305868,1,0,1,1,1,1,1
21038.11369601233,619.4452909494881,10.686531520306566,1,0,1,0,3,1,1
50718.39147347784,707.6209218842087,6.812811669118275,1,0,0,0,3,0,1
91608.79670819841,712.4398016550288,7.79019013951426,0,0,0,1,5,0,1
81077.48628296102,606.4367055235961,9.185028797298106,1,0,1,0,3,1,1
75633.13253421668,699.1318155230186,8.880668212778577,1,0,0,0,12,0,1
66391.96855001815,583.0435168240936,6.139657587261134,0,1,0,1,4,0,0
39243.72417312171,755.9009650268232,9.783436627770076,1,0,0,0,6,1,1
20000.0,586.0691039314828,9.358481593356972,1,1,0,0,4,1,0
43968.83684400095,678.219968690041,5.633747661611968,0,0,1,0,1,0,0
42923.85606398968,634.9912684284576,11.54239892040838,0,0,0,0,7,0,0
81463.83319013723,568.648438860992,9.496464360481866,1,1,1,1,8,1,1
59281.71327379461,722.0732609428247,14.561178019802782,0,0,0,1,7,0,1
98369.34583710645,600.8694552906567,8.51514272194358,0,0,0,0,5,0,1
85924.65620114523,513.9942268017355,5.192010926710721,0,0,0,0,7,0,0
36305.131714877134,419.4389309465576,7.268753194451051,0,0,0,1,7,0,0
20000.0,579.9964244457624,6.507163951518958,0,0,0,1,1,0,0
91567.25701824443,760.0726735439179,16.69421465005585,1,1,0,0,8,1,1
90781.55669692231,750.6190774002928,6.850882749644311,1,0,1,0,9,0,1
20000.0,592.5121278121974,8.404433489171687,0,0,0,0,12,0,1
95277.20059482503,620.0436068238896,5.941611645145668,1,1,1,0,1,1,1
61463.51511777553,612.8069539555181,8.746201718350989,0,1,1,0,11,1,1
54820.56494376959,543.3254283640345,7.176638073483968,1,1,1,0,10,1,1
98443.49762741983,574.0934502701325,6.024528374636685,0,1,1,0,11,1,1
90340.55519691845,728.4919615520628,7.514793201890969,0,0,0,0,1,0,1
69539.92855985611,690.311029710352,7.887245813345926,0,1,0,0,3,1,1
64196.51197435949,671.8471086823911,16.030903696902364,0,0,0,1,8,0,1
68491.82871591077,543.1882710671313,7.723764172935191,1,0,1,0,9,1,1
37998.27698352422,658.0562571227182,5.903883818069505,0,0,1,0,12,0,1
48346.95650803037,465.6924024409583,7.7889380674027695,1,1,1,0,2,1,1
22930.48536216372,717.4242153008427,5.366892094507928,0,0,1,1,1,1,1
40008.80672783244,670.6859920589714,9.863992042453878,0,0,0,1,11,0,1
39000.983639932005,542.3814038320136,12.129181055399773,1,0,0,0,10,1,0
30940.83891135006,779.3140445992033,6.725015089604322,1,0,1,0,4,1,1
54102.39507945389,506.3068272665135,5.351944269645579,1,1,1,0,12,1,1
40280.574478982686,692.4244945799682,9.18391141742685,0,0,0,0,2,0,1
65067.041610559216,694.4137415182929,7.886059112343871,1,0,1,1,9,1,1
20000.0,550.8263648518016,9.62383834572175,0,0,0,0,9,0,0
46599.35617678101,646.9719447351906,5.520532286914951,0,0,0,1,5,0,0
53946.54920532487,519.053772627771,5.510174597878362,0,0,0,0,5,0,1
40681.12280489358,422.2900546938549,7.12234482637108,1,0,0,0,9,0,0
44828.21900572306,564.5699018454673,10.905111665728906,1,0,1,1,11,1,1
20000.0,600.6700046190402,6.825267320076928,1,0,0,0,7,0,1
60694.31314008476,701.5404944648633,17.33385917267422,0,0,0,0,12,1,1
69428.1794770121,655.3926468048655,9.729396683624365,0,0,0,1,2,0,0
64806.11882611301,657.4836367508917,7.861046134801619,0,0,0,1,6,0,1
81161.81178326548,568.8462701373132,8.84410323429894,0,0,0,0,6,0,1
56045.88817347506,607.5990956766891,9.568018141252079,0,0,0,0,10,0,0
64360.43541952811,575.6058712104671,6.2984181962975025,0,0,0,0,1,0,0
54682.722153705574,552.0020794376153,5.102424620511976,0,0,0,0,2,0,0
70626.52158777483,602.5040458410194,9.312440555368442,1,1,1,1,2,1,1
20000.0,655.9609908077067,11.116379466067958,0,0,0,1,1,0,1
23192.570960659672,604.1889184460638,5.61232902089209,0,0,1,1,6,0,0
97606.98971099273,624.1197864460022,6.042466622328927,0,0,0,1,3,0,0
20000.0,705.5931848729113,10.774774434802538,1,1,0,0,9,1,1
45794.66210523968,609.9396465047437,5.432276938244241,0,0,1,0,8,1,0
85168.24878824205,543.2826695209687,13.299690005961063,0,0,0,0,12,0,0
47202.18003374706,695.0762817280992,10.160770199749276,0,0,0,0,7,0,1
37849.66785647908,671.2679718806628,5.69943318503562,1,0,0,0,5,0,0
53882.65030445901,676.2927598537851,6.213511234800441,1,1,1,0,3,1,1
39406.3945999266,700.0670926028567,7.754065445808226,0,0,0,0,11,0,1
50925.484782708176,686.5313221846357,6.42854251510609,1,0,0,0,7,0,1
29498.56890439611,652.2982953977044,5.5903967023373955,0,1,0,0,6,0,1
83260.23259867172,841.3162130281675,5.602537361273771,0,0,0,0,2,0,1
92697.94763196983,547.2025002958436,9.042999731612241,0,0,0,0,5,0,1
45998.29033665132,603.0866177209153,8.848331730965185,0,1,0,0,5,1,1
20000.0,727.3867491742534,7.08226712084433,0,0,0,0,3,0,1
34284.70489059814,661.4069033676459,8.996584712797155,1,0,1,0,12,1,1
44480.34019691107,710.6338427208991,8.84566128472721,1,0,0,0,12,0,1
65166.16630709624,663.5805143629497,8.551565881138343,0,0,0,0,2,0,1
20000.0,759.9245240927985,5.942081156826647,0,1,1,0,2,1,1
26925.13044073548,569.3991315493404,13.105284219024567,0,0,0,0,12,0,0
65320.28413576422,757.3967911525368,5.025100289858487,1,1,0,0,5,1,1
78167.26496118674,743.6797194563413,10.634570865816546,1,1,0,0,12,1,1
31352.178644879474,553.1768708615696,7.66730413872256,0,0,0,0,11,0,0
20000.0,700.4532327910139,6.402910443783134,1,1,0,0,1,1,1
148523.54603863653,646.5568054210728,7.793021654999121,0,0,0,0,6,0,1
73499.1271126614,601.4734384704749,8.22286113910673,1,1,1,0,9,1,1
41989.88714698905,498.9104648225824,6.2242214642090925,0,0,1,1,1,0,1
76070.93826592519,569.1349063106146,5.985729810330962,0,1,1,0,12,1,1
46266.301108567335,706.6489712147671,7.3561235156245655,0,0,0,0,3,0,1
76014.7066730056,715.1073015408446,5.305531958749096,1,0,1,0,11,1,1
54781.79593328667,633.1431615539062,6.212147055947954,1,1,1,0,10,1,1
52738.1569450272,715.3588114514628,8.137518279666859,1,1,1,0,5,1,1
46592.54395307634,725.620806231531,9.964676383914867,0,0,0,0,3,1,1
20000.0,662.3711966901078,10.468999311370865,0,0,1,0,2,1,1
108142.8469817942,592.2133100919837,9.90327829011536,0,1,1,0,3,1,1
21753.982391967696,685.2843290252516,10.392224750594927,0,0,0,0,12,0,0
20000.0,688.958776612709,5.663275770655821,0,0,0,0,7,0,1
43614.20351730898,703.9155512280248,9.526602547155367,0,0,0,0,11,0,1
21155.8455946848,719.2322616001792,8.933006426642569,0,0,0,1,7,0,0
48448.61628319187,541.0268342463023,6.366740399555331,0,0,0,0,5,0,0
70632.91545685305,609.2056603707406,13.812983047699571,1,1,1,0,2,1,1
79859.08701587669,498.1102923449744,5.941206709062166,0,0,0,1,1,0,1
74441.92164865046,709.7596830684278,9.43481598827485,1,1,0,0,3,1,1
40831.03835642959,633.0150841615667,10.79533775653104,0,0,0,0,7,0,0
51487.754829847574,684.4651256557931,10.584110200654289,0,0,0,0,1,0,0
62236.371526924726,531.9457001447873,8.776640232844619,1,0,0,0,7,1,1
20000.0,762.078467975444,11.41738973517509,1,1,0,0,6,1,1
67117.54100359579,554.452866830458,9.442321270034942,0,1,0,1,4,1,0
20000.0,711.9650643505967,5.396192743502711,1,1,1,0,10,1,1
111210.39796719467,659.4360136714033,9.684506256147435,0,0,0,0,6,0,1
37864.54746074914,634.8445777979057,7.408211601456151,1,0,0,1,4,1,1
44453.744684162266,628.3871914710261,12.044601548792478,1,0,0,0,5,0,1
26908.787022864337,598.9549592547096,8.68359612473484,1,0,0,0,3,0,1
31100.89904432931,753.6156941520615,6.70344539683373,1,0,0,0,10,0,0
118222.80707429719,651.0090267481794,5.191011515300746,0,0,0,0,9,0,1
78211.09065869893,548.4622775717423,5.8943605605288845,0,0,0,0,1,0,0
20000.0,619.2831838372128,8.172411663789992,0,1,0,0,7,1,0
95126.3870205569,660.267122176235,12.08959604343314,1,0,0,0,5,1,1
85797.26825424295,721.824422515626,5.728332452948999,0,0,0,1,9,0,1
41563.626131351346,601.6304223586234,6.516640769874574,0,0,0,0,2,0,0
59200.90826089513,606.9778755356361,8.966254240186863,1,0,0,0,6,0,1
49551.67761736777,651.8745701717925,7.13376108065488,0,0,1,0,12,0,1
109177.39713340797,719.873985595786,11.168533816357716,0,1,0,1,3,1,1
26111.294330237288,540.4996371523176,9.637991814294535,0,0,1,0,4,0,0
54380.318293271805,690.4283704793396,10.937698246915804,0,1,0,1,4,1,1
37155.64007021586,612.8749975897075,5.338545548923023,0,0,0,0,11,0,1
20000.0,624.0453934601211,10.819822729489008,1,0,0,0,2,1,0
115749.14765164962,810.1260596103799,5.865683989230078,0,0,0,0,1,0,1
20000.0,634.282462035878,6.075772753628652,1,0,1,0,3,1,1
56603.87562463328,710.3755000246864,9.370950506972306,0,0,0,1,12,0,1
20000.0,707.5131069762679,8.948276977100864,0,0,0,0,11,1,1
38027.8838227072,555.5980868721194,8.7412133815224,0,0,0,0,10,0,0
62659.06464300372,502.3684539821677,6.047938996696522,0,0,0,0,8,0,0
25257.980614929118,715.6785673933529,7.651552065100187,1,1,1,0,3,1,0
67604.05552206966,563.3163046041185,10.978982055820882,0,0,0,0,1,1,1
41928.76724335753,516.8653636343179,5.199494793874308,0,1,0,1,4,1,1
84802.4753719584,732.0929771875358,6.613638485254681,1,0,0,1,9,1,0
90852.8274002067,568.4458612979525,9.920290556358541,1,1,1,0,6,1,1
32397.65717809965,588.1986019452485,13.181759211588492,0,0,0,1,9,0,0
52301.9857817887,807.9498524071437,13.460019534263289,0,0,0,0,1,0,1
55503.62679416698,517.2211710894743,6.498045999099801,0,0,0,1,1,0,0
68580.47886304096,549.497116687446,6.0961609979875675,0,1,0,0,6,1,1
50431.459887327976,613.2241486020864,9.1166493325462,0,0,0,1,11,0,1
55706.328780285265,630.7794528132463,5.472209297659193,0,0,0,0,3,0,1
42697.805756146416,578.5003774305877,9.296475725830067,1,1,1,1,8,1,1
53457.19600916055,557.3075922141667,7.106533766829976,1,1,0,1,4,1,1
88938.20580605397,770.7995459545544,7.80451919264956,1,0,0,1,9,0,1
69382.49723635563,671.0388899283772,6.559909640557587,0,0,0,0,6,0,0
71037.66918330107,696.813499536735,12.242885220668109,0,1,0,0,2,0,1
71692.10972406736,639.0219858753171,11.281169193097545,0,0,0,0,1,0,1
45385.73666356893,673.1563959087309,9.347984348606946,0,0,0,1,10,0,0
59564.81130738591,724.6321328887673,8.843735695516013,1,1,1,0,2,1,1
20000.0,570.2960788363732,9.955688607057798,0,1,1,1,1,1,0
88064.2296895087,671.1868797214386,7.645133354256036,1,1,0,0,12,1,1
20000.0,705.6833850726313,8.587225514663311,0,0,0,0,8,0,1
47385.548229937245,773.5837877107408,8.48973376475561,1,1,1,0,2,1,1
84226.87931450823,805.8312783841409,14.857088206925779,0,0,1,0,9,0,1
20000.0,655.5887837585409,5.519709568215255,0,0,0,0,9,0,1
61993.397528505535,741.0911159749708,5.928260671262239,1,1,0,0,9,1,1
29577.006602629193,436.38656533027626,13.97762695156884,0,0,0,0,10,0,1
38935.90204433394,774.1826327501371,6.945363990662241,0,0,0,1,11,0,0
78378.22881918313,591.9293070623357,6.986356078872582,1,1,1,1,6,1,1
55941.707776554504,630.7122040809687,9.802859913893684,0,0,0,0,8,0,0
20000.0,685.2883587493617,5.385105839197047,0,1,1,1,10,1,1
20707.23380805205,637.724610614759,6.794891557570237,0,0,0,0,3,0,1
79260.07204666278,665.7162703654508,7.013394477276181,1,1,0,0,11,1,1
63468.28154578993,777.0154374580915,5.244064105394289,0,0,0,0,12,0,0
102444.06717572853,619.2623963723223,12.589416376235281,0,1,0,1,9,0,1
100479.42782039891,563.0460946799558,6.536440508156653,0,0,0,1,9,1,1
39732.64609559625,795.0771085838841,12.547102219169956,0,0,1,0,10,0,1
125097.13415208465,692.1411373603742,8.493947149565738,0,0,0,1,5,0,1
50734.390095557326,803.7791180250771,6.2572857832602145,0,0,0,0,12,0,0
21119.943967729236,719.0903928463123,11.835968045031652,0,0,0,0,9,0,1
30990.80402268268,544.1124486389251,6.710574709105178,0,0,0,0,10,0,0
20000.0,701.6307737405505,8.991454196550986,1,0,0,0,8,0,1
98210.57024747843,571.2841547293956,6.765289609457625,0,0,1,0,12,1,0
97842.8596713159,650.5945441951734,12.629054036817166,0,0,0,0,7,0,1
20000.0,643.9428477113794,5.707877337372885,0,0,0,0,10,0,0
43163.47134854282,520.5868956293555,9.333084796145945,0,0,0,0,4,0,0
52868.22632337733,584.9751608350571,9.913949271409509,0,0,0,0,5,0,1
21189.408435736586,826.4149840127279,11.077676585350723,0,1,0,1,1,1,1
20000.0,669.0701923872931,13.069481889582685,1,0,0,0,5,0,0
43689.271886692644,635.9523092269638,6.2312600542253485,1,1,1,0,2,1,1
40367.617116222595,795.031217595274,7.546679764645351,0,0,1,0,1,0,1
38347.66277033674,618.3011751944665,9.608089211381508,1,1,0,1,11,1,1
56681.481878028935,642.6863710424703,7.11125923919183,0,1,0,1,2,1,0
92885.58975577977,729.2642284898279,8.300465439050669,1,1,1,1,11,1,1
40907.21840924822,617.941136110692,7.694176649235269,1,0,1,0,8,1,0
55113.28996164088,590.2783408518,10.179219283129457,0,0,0,0,6,1,1
71806.11571234808,469.6994867711426,11.051941245650745,0,0,1,0,6,0,0
66624.28779538246,575.080134929379,10.227442063918133,0,0,0,1,12,0,1
31567.29426656474,574.3177803208309,10.134868956150914,0,1,0,0,9,1,1
52891.31369342108,662.6853356374888,5.8011457658471794,0,0,0,1,2,0,0
66426.19460507159,601.1633387417779,5.924318947651775,0,0,0,0,1,0,0
20000.0,822.6415208685756,10.67322987970375,1,1,0,0,5,1,1
87906.17032389523,565.3896855812155,10.642448024474444,1,0,0,0,4,0,1
92947.66715642333,762.0517349485924,19.409660096842117,1,1,0,0,4,1,1
28316.592336665188,667.580236410204,5.6979366774874975,1,0,1,0,8,1,1
55810.10055044506,714.5419228569912,7.953780664724763,1,0,1,0,2,1,1
69268.34770013095,709.6815675788696,10.549993328011212,1,1,0,1,1,1,1
33631.57531013742,472.54115757500665,5.783997372680577,0,0,0,0,2,0,0
64448.41537064283,649.0757856818755,5.4597675423811145,1,0,0,0,11,0,1
54897.66878876496,629.0217490212934,7.0113235752745116,0,0,0,0,11,0,1
20000.0,559.3617524246986,8.541862504524472,0,0,0,0,11,0,0
63774.83947935674,686.7700829772695,6.087436591170883,1,0,1,1,9,1,1
20000.0,787.3232252701978,5.541066720699819,1,1,1,1,11,1,1
78176.08554986141,436.15970848927475,7.037496793301983,1,0,0,0,7,0,1
29863.667745983337,607.2424259326623,6.803855792134807,0,0,0,0,11,0,0
45161.43699016565,550.3387068709102,7.30493381557257,1,1,0,0,4,1,1
91168.36740339725,655.7422260990155,8.190254117402176,0,0,0,0,10,0,1
64891.449395865355,623.9502973480003,5.987859073568919,0,1,0,0,12,0,1
20000.0,601.5458229794258,8.594669567156426,0,0,0,0,9,0,0
20000.0,705.1605462663247,5.988901880277198,1,0,0,0,10,1,1
32020.916341288237,780.8945040845679,9.198237065434437,1,1,0,0,10,1,1
61839.322500699986,850.0,5.0954842749878795,1,1,1,1,6,1,1
60748.994447983045,590.829676122513,6.748086484571877,0,1,1,0,8,1,1
24706.930860113924,504.32995585455444,8.95708876494497,0,0,0,0,5,0,0
20000.0,694.7357147262672,8.021514666979602,1,0,0,1,11,0,1
58447.50215257503,778.8387788258563,7.234118890804538,1,0,1,0,10,1,1
44544.19802629514,715.0951973632583,7.780639954880786,0,0,0,0,2,0,0
114716.47662343213,778.5077631624249,7.582080797567154,1,1,0,0,11,1,1
51098.10969689237,631.9610663518305,6.62001886278846,1,0,1,0,10,1,1
104427.58483100825,601.2340448181498,7.377956519534596,1,1,1,0,9,1,1
20000.0,659.234872592105,9.203613971532334,0,0,0,0,5,1,1
20000.0,623.5557450106489,5.364699636303075,1,1,0,0,4,1,0
20000.0,703.0475217072275,10.6212918191179,1,1,1,0,8,1,1
85673.89344360399,727.5814222402793,7.677880657829853,0,0,0,0,2,0,0
102683.04769080601,733.8466931657508,5.636574713630335,0,0,0,0,7,0,1
26534.61638142098,690.8474136643512,5.239877917264012,0,0,0,0,3,0,0
36183.01910721327,669.665786134024,10.13361395324489,1,1,0,1,6,1,1
20000.0,713.5541351400678,5.783343454421363,0,1,0,0,2,0,1
20000.0,492.9606473877823,9.774619144502875,1,1,0,0,3,1,0
71552.35093329889,666.8456601867153,6.927859953783037,1,0,0,0,10,0,1
56690.60908886489,654.1982445736361,6.71957611481536,1,1,1,0,12,1,1
50314.63948021626,667.0464316777244,7.078137585458233,0,0,0,0,12,0,1
20000.0,642.9901162996615,11.148621932356129,1,1,0,0,11,1,1
99198.70045485982,684.5484394769293,9.108383478736169,1,1,1,1,12,1,1
34899.297858515805,604.0317662772787,6.034258524917422,0,1,0,1,7,0,0
66008.79274449428,740.3618743562904,5.347923081351031,0,0,0,0,1,0,1
20000.0,687.891982193078,7.941960362770219,1,1,1,0,7,1,1
44284.24431139888,662.0548686307088,11.602300239866617,1,0,0,0,7,0,1
58741.23368715752,594.1986743491104,7.126502352709014,0,0,0,0,9,0,0
59812.25654159923,715.2253508166324,6.486165351090854,1,1,1,0,12,1,1
54639.45629709875,666.5327758795593,6.171040083659371,0,0,1,0,5,1,0
64835.674761463175,589.5613285170467,6.420129643556528,0,1,1,0,12,1,1
20000.0,645.467076606941,7.8733954387891165,0,0,0,0,11,0,0
55921.178163189805,700.3266095392992,11.013357588569335,0,0,0,1,8,0,0
53412.73050440832,694.125883105586,5.193813981690993,1,1,0,0,12,1,1
56950.18052585183,688.9607174246524,8.18624077508347,1,1,0,1,12,1,1
52170.356519575456,657.4025113392862,10.283226135062794,1,1,0,1,3,1,1
20000.0,732.0655626641517,5.600586645352408,1,0,0,0,1,0,1
20000.0,749.0237203049288,7.248411360131963,0,0,0,0,2,0,1
20000.0,708.9858092540433,5.9951546651566865,0,0,1,0,5,0,1
74526.03529535893,603.0038980115435,5.805121159071646,0,0,1,0,10,0,1
74829.72529205595,565.3550626167586,8.562861263081013,0,0,0,0,12,0,1
75306.50873666361,606.4848186422726,9.712875302678423,0,0,0,0,9,0,1
59203.698873843554,806.2925398381378,5.060524309394226,0,1,1,0,4,1,1
20000.0,672.5356731061883,7.281566620804304,0,0,0,0,7,0,1
20000.0,820.1153462021108,12.783247080246309,0,1,1,0,10,1,1
55112.46252779336,640.384132513005,6.996413963216163,1,1,0,0,7,1,1
54065.54008375386,629.2949063605663,12.368488431553567,1,1,1,1,1,1,1
43317.55360543937,644.0754770684741,6.91691020667982,1,0,0,0,2,0,1
61067.5160872474,642.6260735957358,11.150584134761992,1,1,1,0,8,1,1
50349.551230557365,588.107927050582,7.536179807154339,1,1,1,0,4,1,1
53623.11396654085,558.0921385466659,6.83162305997776,1,1,1,0,8,1,1
30828.040015039514,690.1069301744691,8.86693328137803,1,0,0,0,8,1,1
79460.3295836477,734.392057407789,7.494081421513302,1,0,1,1,7,1,1
37076.85173958848,845.5985040533121,5.37753830423874,1,1,1,0,2,1,1
20000.0,615.3029674647182,10.050063237074019,1,0,0,0,6,0,1
26870.029615438143,621.787561050874,9.627407848907641,1,1,0,0,1,1,0
39546.01425914059,588.3016564439187,15.040912590110846,0,0,0,1,5,0,1
79820.0836510654,740.0581943498854,11.287464753187013,1,0,1,0,4,1,1
48731.96004695621,715.1989963837011,10.614476598997754,0,0,0,0,10,0,1
44415.55343103053,579.8452334500379,6.873204570629485,0,0,0,0,2,0,1
20000.0,577.8241530421645,6.333874604152599,1,0,1,1,5,1,1
73564.47769488729,726.2011806876718,6.0785579501533356,1,0,1,0,1,1,1
30441.43537929843,680.6556920966726,9.822093116559989,0,0,0,0,3,0,1
46999.164231759925,710.6710970408915,5.148553779777541,0,1,1,1,11,0,1
94405.49230645594,579.378521732887,11.44501451120868,1,0,1,1,11,1,1
65262.899931479136,499.78201088718345,6.904329959112819,0,1,0,1,7,0,0
20000.0,580.0027986655864,13.934888151852675,1,1,1,0,4,1,0
20000.0,705.0213384008981,7.558125956654649,0,0,0,0,7,0,1
48070.68649642262,818.8846382907913,5.6749733531668465,1,1,1,0,11,1,1
20000.0,615.6428808377914,5.477912704290993,0,1,1,0,7,1,1
69456.40242898994,832.0684705501492,8.94587437596401,1,0,0,1,6,0,1
51267.89194894938,716.385581399335,6.622289476207204,0,0,0,0,11,0,1
54961.54307071589,538.557415863294,8.681384041407714,0,0,0,0,3,0,1
28797.70455072941,667.1227070248825,7.024941340809491,1,1,1,0,10,1,1
102241.50965860116,719.1179422729489,6.734276019279186,0,1,0,1,8,1,1
135277.81184031378,455.96136811578504,18.471222931743434,1,0,0,0,10,1,1
41642.458287298556,701.5560926330705,7.669850287956118,0,0,0,0,4,0,1
60591.17745245003,743.817694385849,9.87117083518105,0,0,0,0,2,0,0
52922.52029192938,681.9094499304915,6.310375525999702,0,0,0,0,2,0,0
42209.39409676794,645.0623031454861,7.981004434576819,0,0,0,0,1,0,1
25037.8859680161,636.1658733598874,11.144359330479631,0,1,0,1,1,1,1
20000.0,631.4942137846542,9.357731192888101,1,1,1,0,1,1,1
20000.0,555.9216156986313,5.497219245154897,1,0,1,1,9,1,1
62157.200766474365,594.9980934476026,10.812461945148954,0,0,0,1,3,0,1
34409.765653890936,616.6724763478272,8.611376636143145,1,1,1,0,7,1,1
20000.0,659.0795476980594,12.251150897387795,1,0,0,1,12,1,1
63345.74661794967,605.4548193874347,5.115786861352153,1,0,0,1,11,1,0
48852.161526075324,580.4696606001656,7.348304271388969,1,1,0,0,12,1,0
90400.19004203437,710.7816687300676,7.683747755240885,0,0,0,0,5,0,1
61193.67191273028,679.6491177558285,9.541952543708945,1,1,0,0,12,0,1
20000.0,606.8616370568346,11.498532280479644,0,1,1,0,11,1,1
20000.0,690.502277719007,6.249295895606259,0,0,0,0,7,0,1
28415.828469861877,613.7473685051252,7.065775961902363,0,0,0,1,7,0,0
31246.777379190422,655.0452023590497,6.8631471284252825,1,1,1,0,6,1,1
78294.776030005,728.0035243778293,11.288505345888579,0,0,1,1,5,1,1
49733.8720313128,601.7007125466989,6.493820805669668,0,1,1,0,9,1,0
84010.65494295527,556.2070713733006,12.379585752898755,0,0,0,1,7,0,1
20000.0,638.3892333582927,9.78666575313694,0,1,0,0,11,0,0
78957.93153141344,540.922798705163,5.780781256443017,1,0,1,0,1,1,1
71629.67460292758,627.804119251922,6.128751642003643,1,0,1,0,8,1,1
20000.0,627.5490016549235,8.068361568426335,1,1,0,0,2,1,1
89678.53523782318,452.905270087555,10.054574361474646,1,1,1,1,5,1,1
52803.75475299058,692.4508130995608,5.09207993660081,1,1,1,0,3,1,1
61761.33511605517,635.3848186654943,9.706206533312276,1,0,1,1,5,1,1
24053.11662714732,744.5517162217549,7.208545056567139,0,1,0,0,11,0,1
88257.41038765917,667.2425583835266,7.622329565231996,0,1,1,0,10,1,1
20000.0,708.8486856252439,5.932953888674045,1,1,1,0,10,1,1
74962.76055121838,745.2031002565634,7.466976093594023,1,1,1,1,8,1,1
74618.22427726013,639.4626333783403,7.835299056975582,0,0,0,1,10,0,1
20774.977154833337,649.9341448908879,8.54583640854581,0,1,0,0,1,1,1
109501.20798267722,524.1165421287815,5.632734003388827,0,0,0,0,8,0,0
56945.85440652558,749.1630196187393,6.526472956399272,1,1,0,0,2,1,1
69616.77830813073,638.3442080222757,10.76202129420061,0,0,0,0,4,0,0
20000.0,569.5415559721614,6.4262675103047915,0,1,0,0,6,1,1
113531.90009025694,709.1777989189942,5.285647415661252,0,0,0,0,8,0,1
20000.0,475.61750464285984,5.33035385243249,0,0,0,0,6,0,0
80746.59298297792,615.6580621701457,5.538627839122968,0,0,0,0,3,0,1
20156.84846204914,722.6648832969472,6.249197456814429,1,1,1,1,4,1,0
31430.33591456952,614.9822518427276,10.453291936465659,0,0,0,0,2,0,0
73662.62131656341,592.5662439241135,7.447105041336676,0,0,0,0,9,0,1
80826.58141025472,616.7076162309639,7.7498285546838535,1,0,1,1,9,1,1
20000.0,489.2056588425141,10.140159580792117,0,0,0,0,12,0,0
82714.16507170981,707.2382745426427,7.264587759434216,0,1,1,0,7,1,1
81349.41485399583,640.1691166418469,5.864379465410816,0,1,1,0,10,1,1
21861.397734653227,628.2140312004191,7.367189859263463,1,0,0,0,5,1,1
97959.4278077333,628.5065106872767,11.717937833425836,0,0,0,1,11,0,0
20000.0,651.1263838771667,5.792900773167847,0,1,1,0,3,1,1
31256.82251667154,702.2749896537654,9.460671576104204,0,0,0,0,1,0,1
64370.07872275966,645.8349167040601,5.2482194071708985,0,0,1,1,6,0,1
24393.011458921806,541.069076145615,10.926634253024911,0,0,0,0,4,0,0
57914.57257038023,696.0412897235253,5.436282332201661,1,0,0,0,2,1,1
57232.28236409886,689.8855752803381,8.023805554581568,0,0,0,1,10,0,0
44387.77190231838,666.4421598573168,15.478020332983046,1,0,0,0,7,1,1
74972.01615771679,736.0193045569056,5.323534886894161,1,1,1,0,2,1,1
43149.17622027083,652.4302941130367,7.07073677555213,0,0,0,0,2,0,1
56946.23206441417,738.9100871191405,9.710821912527665,0,0,0,0,11,0,1
84394.15632463708,762.5768817182717,12.027418959848564,1,1,1,0,8,1,1
73720.5863007752,696.5850308419587,7.603742709546038,1,1,1,1,8,1,1
73580.51872442625,590.1653102497651,8.734269634422375,1,1,1,0,8,1,1
20000.0,639.5371425198048,10.138261800312266,0,0,0,0,4,0,0
65743.77726503965,749.1084827246699,11.487303206185016,1,0,0,0,11,0,1
23645.036270914858,530.1897707144394,10.069440726286203,0,0,0,0,7,0,0
20000.0,618.6437065457113,6.468461939866093,0,0,0,0,8,0,0
47848.809611450946,622.5628130842605,7.726640501151373,0,0,0,0,9,0,1
22871.144400452307,580.7831519717013,7.324272733794441,1,0,1,0,2,1,0
73718.53156519932,719.830315993503,10.880854042201575,0,0,1,0,10,0,1
74436.06379085973,680.1452056832621,5.6044310886395365,1,0,0,0,7,0,1
20000.0,593.1153314719606,7.984930550800046,1,0,0,0,4,1,1
25150.923812693298,698.4410336188671,6.959993478645375,1,1,0,0,10,1,1
20000.0,637.3267012265426,8.587183933455469,0,1,0,0,3,0,0
36121.12170221328,578.7844341422126,12.679481640569337,1,1,0,0,6,1,1
63655.270096064734,592.9665271805707,16.98829375697401,0,0,0,0,6,0,1
42731.35705464835,684.8840859820752,8.576996027871914,0,1,0,0,8,0,1
32307.22277998594,725.1207902817471,6.099221856621198,0,0,0,0,6,0,1
89005.29580439418,611.0585413636171,5.07385334521271,1,1,0,0,12,1,1
20000.0,693.555306693521,10.222186511953826,0,0,0,0,10,0,0
87106.15680554675,776.5403326061986,11.839559058381152,0,0,0,0,1,0,1
33671.35120533543,549.2903554903797,7.538116333992743,0,0,0,1,5,0,0
47656.72969661631,678.4535898270899,6.446780397478726,1,0,0,1,12,1,1
34179.09986839674,716.4524553036326,7.34302285106882,0,0,0,0,7,0,0
96286.64316617354,642.3880146720935,8.600400800968089,0,0,0,1,3,0,1
20000.0,749.0626568684518,8.816237368081168,0,0,0,1,10,0,0
50352.091091658076,825.9069630609027,7.0773802926383365,1,0,0,0,9,0,1
65823.1595557999,677.4684278709042,7.812804218737478,1,1,1,0,3,1,1
20000.0,631.3128214177601,6.507660065938264,1,1,0,1,10,1,1
22403.05488661539,728.1586246129565,6.309399841290385,0,0,0,0,12,0,0
45554.64399505313,717.3655088302321,7.573953814595251,0,0,0,0,6,0,1
23400.048959468757,448.49352360654524,8.315762963211393,0,0,0,0,2,0,0
25532.246863425502,649.7811555127109,6.41670941558484,1,0,0,1,4,0,0
39504.120107706876,618.4320426608709,6.934825178578501,0,0,0,0,12,0,0
69487.4399493852,681.7364553211133,5.908593750205131,1,1,1,0,2,1,1
39718.46669365567,634.5073375764968,7.464734422213764,1,0,1,0,9,1,1
82352.7858341884,643.1859126183199,5.80596759965349,0,0,0,0,12,1,1
20067.266520219357,580.9429792431134,11.383739133684706,1,1,1,0,12,1,0
20000.0,708.762337473959,10.684333508398268,1,0,1,0,2,1,1
107790.36217163401,782.4033777174985,12.543565121714558,0,1,1,1,8,1,1
30261.25617003466,582.1862440627972,5.398879384470187,1,0,1,0,4,0,1
20000.0,538.2355981482422,5.720505559906016,1,1,1,0,11,1,0
20000.0,651.6002575861971,8.813513355206709,0,0,0,0,2,0,1
82253.10361426817,647.7075471171789,13.269064276233472,0,0,0,0,7,0,1
39760.86456019822,743.6746228896288,10.521278298319004,1,0,0,0,11,1,1
42388.70794800804,551.6644038097174,12.430903315793525,0,0,0,1,12,0,0
45223.94865240081,606.9635859980722,9.351891469836398,0,0,0,1,4,0,1
80388.28654009344,478.18374085865173,13.409141475642867,1,1,1,0,12,1,1
44614.10498072239,759.9986908969458,8.056671191201929,0,0,0,0,9,0,0
120321.61336497878,670.0435702658691,11.583994232074733,1,0,0,0,2,0,1
54012.81722162688,612.9253668815363,11.170995150943021,1,1,0,1,11,1,1
81853.54300874964,544.2182817127059,10.632356988905574,1,0,1,0,8,1,1
74157.1957371322,551.5619153458199,9.065427326412024,0,0,1,1,1,1,1
48906.58039225887,683.1413519833113,12.18228161111659,0,0,0,0,10,0,1
32390.8704193861,561.4059963519431,5.117862874584077,0,0,0,0,12,0,0
59958.91785699661,658.3204338518856,10.810804891158881,0,1,0,1,4,1,1
65302.96193621819,813.4355888908025,8.314610370899736,1,1,1,0,3,1,1
32822.41855620418,622.1929901644144,9.215431874607,1,1,1,1,9,1,1
54990.165978519675,573.0844444820497,5.55683265730361,0,0,1,0,4,0,0
87086.14934778788,680.560576436221,9.762893823455297,0,1,0,1,5,0,1
112098.43217209037,551.9366607374618,8.927488336144654,1,1,0,0,10,1,1
75631.07961048264,787.5987624263523,8.075235462487033,0,0,0,1,3,0,1
105882.79059140847,762.2895734822669,6.589386906155482,0,1,0,0,11,1,1
31118.77366380633,636.8662704837085,11.232665420051784,0,0,0,0,2,0,1
71056.46756177882,578.2165454860624,11.635192387808079,0,1,0,0,8,1,1
90155.58525743816,615.9384101779712,8.631055991877014,0,1,0,0,9,1,1
23110.000010840122,626.3467510331658,5.826328121279202,1,1,0,0,8,1,1
35432.29663864972,680.6853705365652,5.722613135938301,0,1,0,0,12,0,1
102137.1428550575,733.1705863440893,7.057265738131307,1,1,0,0,3,1,1
20747.034326391804,567.0789895393128,8.08553612565663,1,1,1,0,1,1,1
20000.0,730.8727652274196,9.700076547714572,0,0,1,1,2,0,0
95839.44720918534,699.4148490249038,12.136779088122712,1,1,0,0,12,1,1
85902.89674941316,609.3768407354714,9.927050837676859,0,1,0,0,11,1,1
62963.60731951308,563.0630483458392,6.486688740435855,1,0,1,0,7,1,1
48628.67736062517,659.2986173834054,7.279761649429464,1,1,1,0,9,1,1
36844.26483185054,565.2329213038332,6.94012829952662,0,0,0,0,2,0,1
58458.46621427154,731.8944679330085,9.647042013499824,0,0,0,1,6,0,1
97394.20872204649,560.0893782294236,7.609250439756559,0,0,0,1,9,0,1
57156.98378426228,693.8164954530515,6.311850294899289,1,1,1,1,10,1,1
115008.77801740897,643.5506908147935,5.947596615949704,0,1,1,0,4,1,0
23061.74043079309,605.1500092499839,6.207584253765874,0,1,1,0,5,1,1
49409.57737015192,641.7734794944568,8.841938224976014,0,0,0,0,11,0,0
38808.23997008253,736.3986535707361,9.242399098221245,1,0,0,1,8,0,1
20000.0,554.6194072804968,10.1695785541379,1,0,0,1,5,1,0
45407.48800971034,617.0274755846547,8.037218285347683,0,0,0,1,12,0,1
62519.879049813186,589.860514825025,6.48794303637468,0,0,0,0,5,0,1
65726.9053985609,646.9106293161028,5.237387178733637,0,1,0,0,11,1,1
115113.56536833668,595.2255285989877,11.275345792539053,0,0,0,0,4,0,1
63934.02409170679,508.55350060907085,10.12466487044471,0,0,0,0,7,0,0
84504.10411038848,565.588996245411,12.9754763620349,0,0,0,1,3,0,0
51982.82738896928,781.020401483049,8.122075413252695,1,0,0,0,5,0,1
100341.66801357786,669.7382569029019,8.48084913594853,0,0,0,1,8,1,1
121953.47856764209,666.9889643046462,5.5374811503284365,0,0,0,1,9,0,1
65932.5539292785,627.3910087993089,6.6275830291852005,1,0,0,0,7,0,1
20220.22953645256,645.8699660712664,5.569156660238251,0,0,0,1,7,0,0
33535.84931668495,615.6150461734896,6.558737711341623,1,1,0,1,7,1,1
58458.02909615486,692.1542824832852,10.069580731316517,0,0,0,0,1,0,1
63694.941057519376,658.0647083407498,5.362928362188559,1,1,1,1,11,1,1
70952.75403153116,556.2985431873108,9.860845671673296,0,0,0,0,9,0,0
63805.93043690123,670.2979602483354,9.398756347742099,0,0,0,0,3,0,1
50209.54748767816,453.30064613827597,5.9882573005340065,1,0,0,0,10,0,0
30914.04676393614,683.1087359742229,17.01060993964675,1,0,1,0,4,1,1
62034.14783792688,537.2514514530783,8.903774974980715,1,0,1,1,5,1,1
105649.6207244197,642.315593106394,6.259496274692239,0,0,0,0,10,0,1
80597.85816283265,554.4297917443049,14.619219101064159,1,0,1,0,5,1,1
66041.11848908594,650.2258559626478,6.937122919353877,0,1,1,0,10,1,1
80887.00771468254,696.2622815420978,6.821843365085621,0,0,0,0,8,0,0
38868.079132974424,770.2261668199665,12.503642890364924,0,1,0,0,3,1,1
34752.045617500386,526.6913875990817,8.805914723615288,0,0,0,1,4,0,0
27566.446869020543,728.0378364536908,6.237040888086243,1,1,0,1,6,1,1
46241.40131691686,660.4922164301977,6.937463734538162,1,0,0,0,11,1,1
37339.8230987276,613.94662777403,11.071581451868767,1,0,0,1,7,1,1
86248.24221956418,710.7885204047568,11.277463782754506,1,0,1,0,4,1,1
35740.29746953433,631.1260119131834,7.341617353879462,0,0,0,1,2,0,0
25918.34851325251,707.4024413120543,8.504982703287569,1,1,1,0,1,1,1
108277.31536491895,570.6184229497604,6.777735552281687,1,0,0,0,9,0,1
36458.74306755969,599.3602374162966,8.715325620616422,1,1,0,1,9,0,1
54605.85371751053,725.4880042235679,5.451574148031523,1,1,1,0,6,1,1
63539.68474230235,768.8320418856338,8.166665221721455,1,1,0,1,7,1,1
20000.0,647.197448067772,6.63659937966021,1,0,1,1,7,1,1
87064.51308509207,427.0168859715376,8.25037879099429,0,0,0,0,1,0,0
69113.57121233683,634.0760573913236,5.095058351611028,0,0,0,0,6,1,1
96751.52035642345,652.5940894257944,5.939043715462638,1,1,1,1,7,1,1
29623.34188345699,631.3781298645463,9.06350375352888,0,0,0,0,8,0,0
52973.773774284804,676.9070849332425,5.716740986053766,0,0,0,1,9,0,1
51180.67264982586,611.8472057922143,11.432766025160094,0,0,0,0,6,0,0
57916.65483050066,717.1096688542422,8.030539488361248,0,0,0,1,11,0,1
20000.0,556.6629381815167,8.123653863043168,0,0,0,0,2,1,0
53325.09136076667,748.9478965883313,8.615187120337383,1,0,1,0,1,1,1
20000.0,774.0063059168874,5.955385826759931,0,1,1,0,11,1,1
60750.02213590764,576.9552209551754,5.010016245465274,0,0,1,1,11,1,1
20000.0,576.912013951755,10.302543638291256,0,0,0,0,11,0,1
20000.0,682.8556251022022,5.387029071656743,1,1,0,0,7,1,1
74556.46149319995,555.0223672205689,7.261416749143823,0,0,0,0,5,0,1
33594.84634415652,610.5917703118143,10.861966219172118,0,1,1,1,8,1,0
20364.257791032775,738.2021565164812,7.084685705523542,0,0,0,0,12,0,0
88125.36863226644,709.0085411581571,7.269942914275921,1,0,0,0,1,1,1
59828.78651985245,808.4157073351671,9.357677063503683,0,0,0,0,7,0,1
76162.70586601351,663.6627318080166,6.263914087653852,0,0,0,0,1,0,1
45012.73783037509,601.1329598177451,9.352734275735187,1,1,1,0,9,1,1
130388.86081700008,654.0994809322416,12.180731052504072,0,0,0,0,2,0,1
31864.58418320615,637.9529328473093,6.7596608449965085,1,1,0,0,10,1,1
102334.86648079664,639.0754312637491,5.677013143310455,0,0,0,0,12,0,0
48159.018797002616,648.0957033523414,7.005592082542909,1,1,0,0,11,1,1
20000.0,575.458663292301,8.64301639508619,1,0,0,0,9,0,1
64485.46237244326,672.5774203976514,9.533625596462679,0,0,1,1,12,0,1
59442.876843654914,537.3069385793127,9.625743188470594,0,0,0,1,10,0,0
20000.0,592.6538713673508,8.64170726377573,1,0,0,0,6,0,0
22333.421685958558,640.4896989488146,7.428185206904884,1,0,0,1,4,0,1
49259.070707450235,469.2357349875527,8.438223095808972,0,0,0,0,11,0,0
60492.43445743945,711.5193229075934,5.614576814201713,0,0,0,0,4,0,1
20000.0,485.7476392121996,8.96645297024946,0,0,0,1,4,0,0
81593.64357571409,703.5670152718543,6.237621299358689,0,1,1,0,12,1,1
35165.060785550675,546.575256805747,6.129326659163267,1,0,0,0,9,1,1
20000.0,617.60650474372,6.409766615998723,0,0,0,1,11,0,0
78231.99654355792,691.5304517559543,6.870632074761445,0,1,1,0,10,1,1
49291.46061744631,825.8511615583586,5.45660487010586,1,1,1,0,5,1,1
86484.97330346762,659.316158216588,7.527555061567943,0,0,0,1,2,0,1
63138.56788939267,491.38989374403934,7.6387287839001425,0,0,0,1,12,1,0
49954.56491155862,726.2956106108619,7.604030603782115,0,0,0,0,4,0,1
45418.101650595316,631.4465276112785,8.427941391335956,1,0,0,0,5,1,1
64481.382816684134,655.5925323567059,7.796546378267916,1,0,0,0,3,0,1
37594.06223572009,694.6290423910092,8.004115326776393,1,1,0,1,12,1,1
24422.822337605015,471.96976344754285,6.85946256092058,1,1,1,0,1,1,1
68297.27367963931,650.5229478188156,9.693771661370455,0,1,0,0,9,0,1
45665.36475666712,617.2244888037843,14.086455135914647,0,0,0,0,2,0,0
51007.02944207018,747.7467924804415,8.414983830260645,1,1,1,0,1,1,1
82681.39508463824,708.1691010670994,12.901830108631504,0,0,0,0,8,0,1
46583.70176792777,519.8398461774761,7.487581899835433,1,1,1,0,2,1,1
50451.01776625372,751.0100681879238,7.934919433450014,0,0,1,1,7,1,1
32010.51465647204,685.962007052817,10.145276051895213,1,0,1,0,12,1,1
62922.19801945552,526.2206722037425,8.70695735791713,1,0,0,1,1,1,1
60494.83738040264,654.4602482794219,7.66689725030181,1,0,1,1,8,1,1
77023.25395371673,732.7860891084684,5.679794078791186,1,0,1,1,1,1,1
32626.134889793717,552.8764901941285,8.195804840612244,1,1,0,0,5,0,0
36265.49091229443,760.2061868676334,8.500098007974236,0,0,0,0,10,0,1
73764.12197436408,528.9896980697979,8.163208489028719,0,0,0,0,11,0,1
57566.3901008859,586.7018258682413,6.442533390826722,1,1,1,1,7,1,1
22813.45621421916,574.5703331688246,6.137929851986024,1,1,0,0,7,1,1
89196.62203203503,760.1546985270929,11.655552289633881,0,1,0,0,1,0,1
20000.0,610.7187090760642,9.661207465182914,1,1,0,0,7,1,1
73528.54259791256,556.9746397871202,7.118110165814615,0,0,0,1,1,0,1
20000.0,685.616870313125,10.057969625888983,0,0,0,1,3,0,1
106573.65549456581,702.8944792474175,8.351875367909745,0,0,1,0,2,1,1
20000.0,703.4028875835305,7.613563339013306,0,0,0,0,2,0,1
84567.51955618245,628.2928667819192,6.342706951615005,1,0,0,0,2,1,1
47550.96919966268,670.3627440829558,9.239310760254543,0,0,0,0,8,0,1
39001.92290483768,597.9813531016572,7.716047723147332,1,1,1,0,3,1,1
55561.899694032836,783.9841342348584,7.585972465750032,1,1,0,0,4,1,1
68957.01017473439,741.5364126926345,5.140166753211155,0,0,0,0,12,0,1
22867.984930073915,736.636546323254,5.078012263569863,1,1,1,0,11,1,1
25526.368244942834,713.5292747658837,5.734242479655643,1,0,1,0,11,1,1
69488.14595338657,691.5786644796001,7.646554006878591,0,0,0,0,4,0,1
20000.0,550.451001268017,5.971281487576884,1,0,0,1,6,0,1
32473.12720423744,700.6640989004519,7.965710327546169,0,1,0,0,4,1,1
141220.60862478323,659.1412184050656,12.438178535021786,0,1,0,0,1,0,1
20959.611062321575,751.0691267960735,5.41051851747068,0,0,0,0,1,0,1
84434.08375279258,714.5935345905942,5.627996162472114,0,0,1,0,1,0,1
32421.476938585634,694.0304376122417,7.841891320483969,0,0,0,0,2,0,0
65271.35434391432,515.2620161975875,5.250209848610144,1,0,0,1,12,1,1
69630.67071788653,642.8799570713223,8.423930690459542,0,1,0,0,7,0,1
83868.70205548842,605.3686192077075,9.447552339788718,0,0,0,0,3,0,1
43992.38519561673,670.1892739346459,11.140549673697565,0,0,1,0,7,0,1
109666.5391626456,616.7561382845885,6.443445204061339,1,1,0,0,7,0,1
32319.903062444588,627.9243379125355,8.844100849593708,1,0,0,0,12,1,1
57026.6124079868,686.7227123925363,11.384164138092096,0,1,0,0,1,0,1
57358.30796652823,615.4289509144979,8.26905461263367,1,1,0,1,11,1,1
20000.0,659.727323165921,10.51329171693031,0,1,0,1,12,0,0
41423.832350626384,528.4470487300555,10.400385128938474,0,0,0,1,3,0,1
54845.40497715222,583.4078818591953,9.593138252479779,1,1,0,0,4,1,1
37036.368706117406,702.4834853762368,6.127025328821366,0,0,0,0,12,0,1
123227.71896369605,551.584630664282,11.251293062575002,1,1,1,1,1,1,1
24841.28979201408,749.6580062082397,6.856124865021176,0,0,1,0,8,1,0
85382.73404421283,727.9519484241057,6.239562907041355,0,0,0,1,5,0,1
75693.79439446359,628.5416051728171,5.533570516815392,0,0,0,0,8,0,1
49584.13596487186,850.0,11.148200618891574,0,1,0,1,6,1,1
24043.728384432594,749.4482862278635,12.04989068303464,0,1,0,0,6,0,1
26952.3403882469,574.0576394635411,7.040616772162847,0,0,0,0,9,0,0
34460.981023504704,709.6939242960038,8.953849389413428,0,0,0,0,4,0,0
20000.0,655.2690453055806,7.430310011364413,0,0,0,0,9,0,1
20000.0,587.8630327312471,10.015902456714091,0,0,0,1,12,1,0
20000.0,564.4072685467033,6.920754980288168,0,0,0,0,6,0,0
90376.2500953315,729.5914667910704,8.960815894814818,0,0,0,1,9,0,1
68553.87177164655,602.1643628300693,6.63061083289466,1,1,0,1,12,1,1
73579.22296596381,641.8498915970358,9.52519658080975,0,1,0,1,2,0,1
67664.95854625842,576.3179257418777,6.469867413340074,0,1,0,1,2,0,1
55009.02870002489,590.1473650161128,10.874135608967729,1,1,0,1,11,1,0
93820.40996387412,639.8456639942823,5.599949885410981,0,0,0,0,12,0,1
31677.12032804788,681.0545834179321,5.866597285217461,1,1,0,1,1,1,1
53200.08966101135,442.9312669158841,5.269405191123123,1,0,1,0,12,1,0
72411.7648347237,651.35358393334,10.370564335194967,0,0,0,0,9,0,1
20000.0,590.3103189931971,6.611804302468471,1,1,1,0,11,1,1
142897.6668842765,762.189012276018,6.26053267896026,0,0,0,1,6,0,0
50856.97288332758,850.0,6.135999773147523,0,1,0,0,4,0,1
54259.68351726778,621.2576772037028,6.07316466865365,1,0,1,0,11,1,1
87706.34095024766,512.2217151429445,10.921316479293164,1,1,1,0,9,1,1
77448.65999030671,659.3501575934853,9.582455935442002,0,0,0,0,5,0,1
51142.340581893775,633.5656536405436,9.528278386553884,1,0,1,0,6,1,1
53903.88314294126,807.7080519201032,13.028992896255238,0,0,0,0,1,1,1
20000.0,783.3271474700434,7.4654842754913755,1,1,0,0,11,1,1
33306.026664500714,719.2299976477252,6.494238723190733,1,1,0,0,12,1,1
65516.30648476881,603.0644735029873,5.6404899266538076,0,0,0,0,8,0,1
63316.785171286596,704.2213252944642,11.232395141335758,0,0,0,1,12,0,1
86634.9725001226,671.2005087254644,5.524731143461292,1,1,1,1,11,1,1
46384.96825330026,669.3058562639512,7.501552022023077,0,0,0,0,7,0,0
20000.0,525.3416121145704,5.234267870727662,1,0,0,0,12,1,0
81701.91292327034,734.9436270762917,5.437504679013219,0,0,0,1,10,0,1
93082.68038546047,658.6246662648988,5.932701191361451,0,0,0,0,3,0,1
76947.33718568688,641.932692196434,7.804233394024907,0,0,0,1,11,0,1
45090.989874275256,601.9874803992938,7.926407464485363,1,1,1,0,5,1,1
81331.58155629737,586.5106800277298,9.528092754205053,0,0,0,1,9,0,0
152867.3143402464,675.3806865023186,5.29789989372435,1,1,0,0,3,1,1
53454.56943321427,510.06697585135345,5.771136014353981,0,0,0,1,8,0,0
20000.0,713.1599007720034,12.29663266159584,0,0,0,1,4,0,1
32411.44851343544,565.6715650403452,5.041949714442655,0,0,0,0,9,0,1
68764.28000912153,485.3055451035766,9.907507684858043,0,1,0,0,9,1,1
20000.0,795.7516252740817,7.507372429791282,0,0,0,0,6,0,1
55082.09224736209,581.3530360523537,12.214739423586533,0,0,0,1,9,0,1
61410.09950947648,592.2272670782644,12.700303319452356,0,0,0,1,4,0,0
96053.65219437957,740.763066480646,6.35279366654331,0,0,0,0,1,0,1
89305.84568162901,798.3544720413313,8.45984779394925,0,1,1,0,5,1,1
75937.54375255313,527.3598737117256,6.131889841472773,1,1,1,1,7,1,1
20000.0,573.5065551799464,7.225083434535566,0,0,0,0,12,0,0
77631.59384143776,579.3856942271523,8.561880356939747,0,1,0,1,6,1,0
71165.4015818074,724.7841330156524,6.0972452400993475,1,1,0,0,8,1,1
57678.3313123504,781.1305702343627,10.75476165924876,0,0,0,0,11,0,1
20000.0,563.5797950737536,9.849188534488723,0,1,0,1,12,1,0
26696.78272438819,763.1796270374576,6.145550794962981,1,0,1,0,3,1,1
20000.0,593.2772710777039,8.949308518041807,0,0,0,0,8,0,0
20000.0,676.8898322356458,9.469901006336475,1,1,0,1,3,0,1
49912.54545755617,548.2837040457746,5.672370301643127,1,1,1,0,3,1,0
26065.336356716612,640.2455669134401,8.869198264725693,0,1,0,0,11,1,0
128759.16740806735,641.1109828741827,12.649396870368005,0,0,0,0,8,0,1
44936.84181686271,624.7873354947781,9.761390850945169,1,0,0,0,8,0,0
88812.5946759788,680.7976785055757,8.688151605617486,0,0,0,0,12,0,1
20000.0,569.437530811798,8.226228732369137,0,1,1,0,8,1,0
34097.31241985391,579.3021361450527,8.850478481712013,1,0,1,0,7,1,0
52906.93628102944,685.0297715959484,6.844929911554988,1,0,1,1,8,1,0
22755.38154176989,757.3628264780583,7.602582513468555,0,0,0,0,6,0,0
37333.97945585767,648.1749044761661,10.044425115778047,1,1,1,0,2,1,1
43461.47281269384,690.2936618769738,6.434231393472763,1,1,1,0,10,1,1
42982.76043665317,710.6464008237872,5.4101853226458525,0,0,0,0,7,0,0
105653.55719106039,716.4404150906794,9.27946323064368,0,0,0,1,7,0,1
61346.78856294531,573.7180219330689,6.1860652705813,1,1,1,0,1,1,1
64385.3168882391,587.8391815836077,5.851409068650737,0,1,0,0,7,1,0
66189.64323035211,594.7940324845172,6.110477360730114,0,0,0,1,1,0,1
68378.79132011338,804.2907040715172,5.975505194681295,1,1,1,1,12,1,1
47513.39048375404,690.6554351337523,8.838039439044175,0,0,0,0,7,0,1
40377.608855634615,687.0652576308014,8.461458800868485,1,1,1,0,6,1,1
55004.48178554833,679.2988602546991,5.248352965826389,1,1,1,0,6,1,1
84704.11846740419,544.3365277104401,8.389048429823792,1,1,0,0,2,1,1
83787.14565309152,805.0552376621631,6.533431747110287,1,1,1,0,7,1,1
42788.045729347665,688.3350024629568,13.98535019046182,1,1,0,0,8,1,1
73035.31084004334,707.8528090123962,6.2849711011161755,0,0,0,1,8,0,1
44162.460108809966,508.7582968867358,6.183695809492878,1,1,0,0,3,1,1
51016.116483057325,712.3715081889214,7.1433446098686435,0,0,0,0,6,0,1
35794.29855337408,621.5030039897898,7.382945035045093,0,0,0,0,6,0,0
44550.645832812996,544.177362021901,7.3386024016231035,0,0,0,1,5,0,1
90239.9020864904,573.6989067302562,10.491520780182803,1,0,1,1,9,0,1
52772.63442017709,548.8084633237307,6.544371827813881,1,1,0,0,9,1,1
54058.47525656954,547.4572643908311,10.301648941641393,0,0,0,0,12,0,1
20000.0,654.8438256291367,5.920936454950041,1,0,1,1,3,1,1
40722.68277101811,619.0589769014679,11.049993070035494,1,0,1,1,11,1,0
42760.55288765814,676.7255489729109,9.826940782958417,0,0,0,0,8,0,1
25125.695436697846,784.0780696854404,8.687197646211603,1,1,0,0,9,1,1
50649.96235110691,639.639702909813,8.1567429430516,0,0,0,0,5,0,1
37124.53129317037,470.40885648332585,14.206070708281672,0,0,0,0,6,0,0
52399.875657307464,630.6433430761747,9.306470354665729,1,1,1,0,4,1,1
53645.090294568035,745.4715549118298,8.397268018498048,0,0,0,0,6,0,0
21327.369265320667,643.1248422002536,5.983602205873283,0,0,0,0,12,0,1
38038.94652550432,772.3464522953361,6.058867072909047,1,0,1,0,3,1,1
52321.228482825005,686.2353274510255,13.2579052671918,1,0,1,0,12,1,0
85528.98293470177,502.9384212482089,10.005750238381829,0,0,0,0,6,0,1
57701.57518387221,658.7665800350687,13.127804098484342,1,0,1,1,10,1,1
30141.94460247717,673.7601035411783,8.03997811293913,1,1,1,0,11,1,1
61970.142777315574,736.4284641018914,9.406698714199852,1,0,1,0,7,1,1
101226.46667965282,795.5709257289254,10.458115932144128,0,0,0,0,1,0,0
77501.19417767055,722.618041576696,11.36852933655193,1,0,0,1,7,1,1
66425.7959130686,685.2383837909774,6.587824529896376,1,0,1,1,12,1,1
71767.70526446964,704.0950617262677,11.04950054998282,1,1,1,0,3,1,1
93198.62124285892,636.5594554840346,8.970460163815648,0,0,1,0,5,1,1
82268.8038205298,532.9697730554057,5.067247387292974,0,0,0,0,5,0,1
67002.81143352974,653.3196868978288,9.755371472823544,0,0,0,0,6,0,1
82059.26658770254,679.2232261967124,8.385652644637211,0,0,0,0,2,0,1
20000.0,553.7073899270462,13.864746314851438,1,0,0,0,9,0,1
20000.0,756.1297311599953,5.013487968839444,1,0,1,0,7,1,1
54712.95951931491,730.4328812385945,6.76651817852267,0,0,0,1,11,0,1
52060.42128951615,540.2590867769704,9.37792432431591,1,1,1,1,4,1,0
33682.698394602274,759.26658310319,6.4719997604696005,0,0,1,0,5,1,1
74775.58009483128,625.3348504632122,9.414395836743617,0,1,0,1,5,0,1
20000.0,587.7206747905321,12.185781119638458,0,0,0,0,10,0,1
33956.832318265886,736.342215419722,12.853570325368352,0,1,1,0,6,1,1
35451.33365367155,645.9156469791953,5.19562719710157,1,1,1,0,4,1,1
20000.0,801.9348256669496,15.36586748491651,0,0,0,0,6,0,1
94841.93021807913,581.76895648906,8.357153746689935,0,0,0,0,4,0,1
20000.0,511.46739808218763,6.71523443481604,1,0,1,1,5,1,0
32349.798280769424,627.5649375067087,8.10147604702842,0,0,1,0,4,1,0
77239.39273415401,713.1377999248379,7.5630242599710575,0,0,0,0,9,0,0
69381.36030286195,575.8285611571565,8.494414976837774,1,1,1,1,1,1,1
20000.0,543.5919693760097,7.265295865057498,0,0,0,1,5,0,0
70474.67627781909,668.3141922162204,8.501637701671047,0,0,0,0,5,0,1
58693.534359746656,532.9050231865987,10.369086368607762,0,1,0,1,1,0,1
119991.06686334402,674.5354159690731,9.429420176669932,0,0,0,0,4,0,1
62118.21248204913,622.7501559017459,9.033958977767949,1,0,0,1,2,0,1
45762.745367944044,689.5573190681898,7.095274254676107,0,0,0,1,2,0,1
24304.94128641732,539.2936956860318,5.4859312402865505,0,0,0,0,2,0,0
27672.69899133286,753.8530521155124,19.91133337905275,1,0,0,0,12,0,1
25226.927135955255,635.3572412005049,8.089600568525501,0,0,0,0,10,0,0
91132.96441735767,711.0818134323858,5.4267552336271585,1,0,0,0,1,1,0
50539.09745049412,726.7900369027911,7.693098886983005,0,0,0,0,12,0,1
66957.4137192419,557.4044038107236,7.4124562176434186,0,0,0,1,9,0,1
95427.42799942661,720.5806007686461,6.049702044009219,0,1,1,0,6,1,1
20000.0,535.9946579884539,8.81864873924029,1,1,1,0,7,1,1
88366.21294101124,540.3889805792086,5.115982738165364,1,0,0,1,6,0,1
51661.90735350002,807.1199388790748,8.026213016188752,0,0,1,0,4,1,1
63051.45114921333,738.94826950373,5.311496210718769,0,1,1,0,10,1,1
25147.903347552463,815.8931340347004,6.278306434384733,1,1,0,1,2,1,1
27346.268046544446,620.3828775513672,10.42850967868359,0,0,0,0,5,0,0
64665.37669438963,658.1942931262407,7.2862086407704325,1,1,0,1,3,1,1
121537.93400994409,692.188379740189,10.571251145321778,0,0,0,1,1,0,1
80099.39938444704,649.0243546724885,9.947179561984099,1,1,1,1,2,1,1
87965.68764255621,590.3091183443277,9.56377795146588,0,0,0,0,12,1,1
44239.9618921574,578.3132241695961,8.813805192903448,0,0,0,0,8,0,0
31993.873262431156,667.108978626316,10.956660253438002,1,0,1,0,7,1,1
26575.8514526302,564.6512126670156,11.144318708152907,0,0,0,0,7,0,0
35351.78825909936,562.4109206106518,11.320734665097959,1,1,1,0,9,1,1
20000.0,681.4857608923675,9.506376691842185,0,1,0,1,10,0,1
28252.419713251944,642.3872518811507,7.987520375889432,0,0,0,0,2,0,0
33189.40531820471,724.9765016465349,6.034234283065222,0,0,0,0,2,0,1
44739.25476815477,616.0070871933726,7.543406178851414,1,1,1,0,10,1,0
53952.503292418754,603.4995240019572,9.662972211243849,0,0,0,1,6,0,0
60873.526058768315,683.8842716828377,12.249429130688423,0,1,0,0,11,0,1
49552.2388267112,585.0380100356938,8.211633640530286,0,0,0,1,2,0,1
32556.70740971729,597.3497819554652,6.707474599842628,1,1,0,1,8,1,1
20000.0,600.5236487696468,12.827616701943441,1,0,1,0,9,1,1
32740.741747946202,633.2238314963557,9.118894390744318,0,0,0,1,6,0,0
20826.480869389845,791.7949234636721,5.3953499465932415,0,0,0,0,6,0,1
63982.002448358115,539.8568940034274,7.996316794038475,0,0,0,0,5,0,1
77278.62190081082,753.6406065693967,5.068904731105376,1,0,0,1,10,0,1
78157.13201179818,709.0229405031934,12.723141444118648,0,0,0,0,7,0,1
72708.5820838346,775.3583077895994,10.992173341559607,0,1,1,0,6,1,1
45994.227936425355,850.0,5.096144313145223,0,0,0,0,9,0,0
34341.3330357231,764.5162416630284,8.66866265594434,0,1,0,1,6,0,1
27586.91738998801,724.0533558326289,5.928808093476431,0,0,0,0,1,0,1
20000.0,545.0002918699986,5.762512304507773,1,1,0,1,4,1,0
79755.61101523573,555.1022190791166,9.515489970586987,1,0,1,1,7,1,1
44758.66886210077,678.8152147492177,5.526867292376898,1,0,0,1,12,1,1
20000.0,514.1539081664348,5.670825296461821,0,0,0,0,3,0,0
25205.25872869296,699.2351401032976,8.175764170501996,0,0,0,0,12,0,1
23990.796307023433,479.2062487391191,7.137694246716399,0,0,0,0,6,0,0
51290.7345504538,742.1786708451692,9.051262551363742,0,0,0,0,4,0,1
82024.03553212057,624.2639750453121,7.952070353918661,1,1,1,0,5,1,1
39560.3135121325,660.1277556376151,10.004916441856668,1,1,1,0,8,1,1
20000.0,590.1302162863614,12.234437240028553,1,1,1,1,11,1,1
44324.589945232394,498.1178871821942,9.989099538517564,0,1,1,0,12,1,0
45314.18299708413,748.7756223355409,6.580687140147101,0,0,0,0,6,0,0
43252.39307193435,756.8561115963771,6.2707655608017765,1,0,0,0,12,1,1
31176.165005728948,621.8809787837042,10.587874266863052,0,0,0,0,2,0,1
56523.17242177527,702.9543651787206,5.539440872711678,0,0,0,0,3,0,1
51984.23345447005,618.7286863831677,5.029902818963474,1,1,1,0,1,1,1
49255.090576200586,673.0791875412997,7.9790772486389425,1,0,0,0,9,0,0
62379.24084328897,710.7311359136088,11.127120156369658,0,1,0,0,10,0,1
37105.01530556439,694.4067939659099,8.043753930997951,1,0,0,0,12,0,1
35402.429908980404,757.2775690727476,6.411914299005775,0,0,0,1,11,1,0
91403.69868756199,691.5104540564269,6.5097765620817185,1,1,1,0,12,1,1
66780.66229146309,652.2467693630877,7.397308410634392,0,0,0,1,6,0,0
74808.381828284,589.0864825698062,5.5830737820401515,1,1,0,0,10,1,1
86783.13756002205,611.7195695740863,8.164283944454334,0,0,0,0,9,0,1
65778.325418744,714.8041117380013,8.92845051892445,0,0,0,0,3,0,1
77851.66037408513,529.8538784868705,9.713886463674122,0,0,0,0,12,1,0
20000.0,738.4645842730238,7.53339228200559,1,0,1,0,5,1,1
56124.61615988081,627.5085019188374,10.559533688288571,1,0,0,0,5,1,1
44518.446145570175,584.5115276473688,5.805057650373461,0,0,0,0,5,0,0
100330.52272699428,562.1020658574826,8.537353248412913,1,0,0,0,9,1,0
77829.365954099,703.949422851871,6.1148620681976755,1,0,0,0,2,1,1
31086.644276204606,648.8286916957345,7.6514265239988575,1,1,1,0,6,1,1
61183.82475587618,777.1012178583856,6.341207415221165,0,0,0,1,8,0,1
55030.4400034772,548.9539479579263,14.225253259905948,1,1,0,0,10,1,1
63629.94299456686,603.746910155051,9.767712399694194,1,1,1,0,10,1,1
20000.0,642.622307349807,7.923988690918644,0,0,0,0,4,0,0
60800.493957146755,589.8514604824053,6.2802715823306885,0,0,0,0,1,0,0
43155.45952135297,650.4894931313443,5.050965858476194,1,0,0,0,5,0,1
58473.49292166802,675.5600613132415,8.626528656381517,0,1,1,1,5,1,1
28268.445046334906,688.7587391303792,9.246761697232127,1,0,0,1,4,1,1
32448.104858102015,770.4933704707569,7.2716427060528455,0,1,1,1,2,1,1
85215.26061100108,545.7222056974736,8.815119519208135,1,1,1,0,7,1,1
20000.0,677.0208255948248,7.431251848079381,0,1,1,0,7,1,1
20667.367968738545,598.2445744329467,5.40758250447831,0,0,0,0,11,0,1
48452.56228353266,684.4010704018867,5.101206354251833,0,0,0,1,3,0,1
26843.288744421363,684.5065749082438,7.481525101537898,0,0,0,0,10,0,1
23449.14103211604,571.0464493414134,6.9808382185608195,1,0,0,0,6,0,1
53152.27913624885,577.907812589273,5.756025488593534,0,0,0,0,2,0,1
20000.0,690.931445077566,5.85879452471272,1,0,1,0,11,1,0
20000.0,651.8723608595304,7.978361539734298,0,0,0,1,1,0,0
111622.8674877093,632.4302527414717,7.7714902180400305,0,0,0,0,9,0,1
63784.25176907027,702.6389463819979,7.139384401006336,0,0,1,0,11,0,1
27603.09943190267,708.5374780689706,11.434216946954624,0,1,0,1,10,0,1
62546.45234798591,607.6295909838637,5.899965416364669,1,0,1,1,12,1,1
67019.91430959888,581.8357489886,5.378736245978096,0,1,0,0,12,1,0
79832.43260270715,549.0464818529887,7.374353945368909,0,1,0,0,1,1,1
46185.31911629809,652.6763296161188,8.247400773819946,0,0,0,0,10,0,1
79294.93108318668,536.1471778281148,8.678374720765325,1,0,0,0,5,1,0
20000.0,657.9542766583227,12.10235213205588,1,1,1,0,3,1,0
20000.0,747.3469433139552,7.647542093616135,1,0,1,1,9,1,1
54916.14205209367,621.7232183770973,5.2679459553788615,0,0,0,0,8,0,0
59889.00598423374,607.1036575567869,7.1185836616072695,1,1,1,0,4,1,1
22646.531369940745,809.8275818901716,5.535313132798713,1,1,0,0,12,1,1
57782.59973789477,770.7761455350117,10.936065961715535,1,0,1,1,8,1,1
31284.79253938219,588.8321703555669,10.547865212089475,1,1,1,1,5,1,1
41691.227173185034,661.121054484718,8.276032465836376,1,0,0,0,12,0,1
80743.21401995033,676.2942593878466,5.875946974134248,1,0,1,1,10,1,1
77268.12490665799,666.2928338180942,8.329261878186959,1,0,0,0,8,0,1
20088.190179102126,795.173875817023,6.635087939368593,1,1,0,0,12,1,1
20000.0,656.9783913935536,12.224938153386045,0,0,0,1,11,0,1
37664.79813340051,668.9787900504814,6.192372158519838,1,1,0,0,2,0,1
49197.610964812244,705.0929836117133,6.64659426065178,0,1,0,1,8,0,0
30263.045342757774,745.1935772838134,11.632787399982941,1,1,1,0,7,1,1
81219.27328399004,724.9519355443284,9.409749077273855,0,0,0,0,6,0,1
60421.69525125666,693.0467829049311,8.730734438488003,1,1,0,1,8,1,1
62182.55329623287,525.3040155684873,11.672113754179557,1,0,0,0,7,1,1
20000.0,610.948982075326,5.885642389154096,0,0,0,0,5,0,1
85018.72152151339,715.5536965764217,6.2240650375586615,0,0,0,0,5,0,1
20000.0,670.0318957823445,6.984646523555238,0,0,0,0,11,0,1
75021.66355548106,716.0902907058362,15.389738064875003,1,0,1,0,10,1,1
78029.35213012314,800.9732849336998,5.916485374072171,1,0,1,0,7,1,1
37027.96438166115,555.842943595254,9.184442400430004,0,0,0,0,8,0,1
88187.30651742272,741.0328139843667,8.176371928896167,0,0,0,0,12,0,1
48107.07341136961,623.5709230005095,13.769195632723777,1,1,1,0,4,1,1
51872.95109982329,724.8279855419786,7.513503903637122,1,1,1,0,3,1,1
60185.86362212649,646.7023405305506,5.16390335243198,1,1,0,0,2,1,1
145597.24735433166,820.1603631114397,8.047164731823816,1,0,0,1,6,1,1
90333.01724249014,660.406954900939,6.501937600752569,0,0,0,0,7,0,1
71033.93602138755,598.7588620515215,8.617737402706032,0,0,0,1,2,0,1
22615.86540196415,683.5899698233414,5.097984058069032,0,0,0,1,12,0,1
54307.69476438477,675.9154224574615,8.7223232198583,0,0,0,1,2,0,1
25606.277184608403,741.0477675288358,8.761600264031166,0,0,0,1,3,0,0
74663.32541848438,685.844223888394,6.003923476284649,1,0,0,0,4,0,1
54214.0092720457,848.0051711335443,6.169949918339987,0,0,0,0,5,0,1
20000.0,641.0876691678183,8.570044100912416,1,1,0,0,4,1,1
52433.73750255509,642.0304040175621,15.19042669064821,1,1,1,1,4,1,1
24517.475908510834,601.6891159957556,8.624524933425489,1,1,1,1,3,1,1
54536.48664012641,656.8534670683341,9.031474312141933,1,1,0,0,7,1,1
24227.680509042304,668.4847296866363,7.453187828722887,0,0,0,0,7,0,1
50824.62900082438,672.4968423964702,8.36742266396922,1,1,1,1,11,1,1
72514.09585805284,655.3750140395199,5.4507940361878635,1,1,0,0,4,0,1
48408.44024224682,601.2143026618161,8.523509884182811,1,0,1,0,1,1,1
38273.35198482834,579.4667897534116,9.304645709411517,0,0,0,0,2,0,1
56098.28663172388,619.9861020131555,8.348847433454512,1,1,1,1,4,1,1
70915.47862378559,741.323012818809,8.590499903246819,0,0,0,0,4,0,1
20000.0,758.5439748393184,5.2356031732793555,0,0,0,0,8,0,1
57819.68464115608,643.8428370847652,11.26066339268021,1,1,0,1,11,1,1
89526.224570522,574.673362682606,11.338937331891639,0,0,0,0,2,0,1
67209.70889830145,643.5061111746567,10.392920177700525,1,1,0,1,1,1,0
51732.62440001684,817.3332348216063,8.984413345558718,1,0,1,1,9,1,1
69192.12520096684,729.9174268253296,6.175061150336331,1,1,0,0,6,1,1
63574.893683080474,694.0594153226039,6.6511404678761155,0,0,1,1,11,1,1
72608.03327479442,727.0147933642056,5.759652146277882,0,1,0,0,1,1,1
20000.0,773.2453289073051,13.913891576810315,0,1,0,0,6,0,1
20000.0,557.7707038762304,6.203327601885171,0,0,1,1,12,1,1
80144.87448449711,618.6368105042302,11.557951499694568,1,0,1,0,9,1,0
20000.0,607.7022693730547,6.425788270107381,0,1,1,0,9,1,1
62046.159071576156,696.9691517656787,5.680159938897839,0,0,0,0,5,0,1
39438.51031903125,662.8088712511678,7.21920483287669,0,0,1,0,1,1,0
20114.322632120093,710.5049032551526,8.52838096749493,1,0,1,1,5,1,1
60489.49271442421,609.4490120106221,5.134758686817851,1,1,1,0,10,1,1
56031.00511149712,759.7561640543325,6.745241722569192,0,0,0,1,5,0,1
113310.27956289132,644.4533033480559,5.576951728948122,1,0,0,0,2,0,0
31255.663863923324,705.5636441566546,12.167549776298847,1,0,0,0,3,0,0
93203.3036020752,745.6325199138352,6.482247011470661,1,1,0,0,4,1,1
60572.68743152943,739.2099452395975,7.748280792039452,1,1,0,0,3,1,1
30169.34355371863,678.8662726721437,8.522923612444913,0,0,0,0,3,0,0
73977.39372551735,715.5477525106036,8.716719261370866,0,0,0,0,3,0,1
66972.15513361854,789.332853117783,6.5686312223301835,1,1,0,0,2,0,1
51075.298845741476,691.0880987179756,5.678356614676616,0,0,0,1,6,0,1
57988.8606932187,591.6282878350736,5.405282738167733,1,1,0,1,9,1,1
32090.38906863405,696.6440584771108,14.749218496040678,1,0,1,0,11,1,1
25226.386242364795,647.0175025584327,9.936346979688937,0,0,0,1,11,0,1
72783.26521467749,462.1599092476525,9.086318133277727,1,1,0,0,1,1,0
43281.81727060178,686.9598418962474,7.122282561907893,0,0,0,1,11,0,1
47597.51005252723,659.3320520012486,7.766056485760702,1,1,0,1,2,1,0
58394.64787832832,742.5134217197951,6.045926746950883,0,0,0,1,10,0,1
57958.650343514244,589.9925074009354,7.333297203314681,0,0,0,0,6,0,0
20000.0,529.5432270096554,5.795941720557475,0,0,0,1,1,0,1
88587.56259364577,663.4944687528407,5.379001309375845,0,1,1,1,10,1,1
53635.46455702035,680.4141910084358,6.589797195157621,1,1,1,0,7,1,1
43920.40211533552,657.5066356308455,6.093834598725131,0,1,1,1,3,1,1
62925.380155092396,651.6566946948323,7.102285405814106,0,0,0,0,6,0,1
57096.26580844589,564.5018436634939,7.813692718269042,0,1,0,1,3,0,1
73011.88068469106,638.8866290420061,13.063084804630547,0,0,0,1,12,0,1
66139.51016452824,622.1275336396468,10.43497426579977,1,1,0,0,6,1,1
71535.386869888,735.8166992613952,10.246663607471557,0,0,0,0,4,0,0
90529.81717182547,680.3460291224492,9.26902009627823,0,1,0,0,9,1,1
76508.73646912916,627.7602302603844,6.635416742486718,1,1,0,1,3,1,1
45185.41339014312,787.9107901138212,7.15976732141865,0,0,0,1,11,1,1
20000.0,628.4873859027992,13.313111905617475,0,0,0,1,5,0,0
100033.93799013546,694.622937910893,6.185138117236503,0,0,0,0,6,0,1
42868.29879958662,636.6462933128574,5.161819063971336,0,0,0,1,10,0,1
35806.77759918433,780.4922012022403,5.765197514171296,1,0,0,1,1,1,1
20000.0,656.9487820650888,11.361951045151113,1,0,1,1,7,1,1
60154.19315936334,659.3131382312539,14.697599962657518,0,0,1,0,9,0,0
54466.5981186131,638.8103712981829,5.739201195635942,0,0,0,0,6,0,1
20000.0,665.7209540800972,7.17108966468845,0,1,1,0,10,1,1
63598.22126399528,745.9630270918327,5.297556737982107,0,0,1,0,4,1,1
35054.24237895683,717.6675075747751,5.377065365015462,0,0,0,1,7,0,0
130709.45021866082,652.2460944892937,12.51620249545907,1,0,1,0,12,1,1
32919.16423727396,786.1060085165323,8.702926895453958,1,0,0,0,4,0,1
36944.200034066205,719.8388513074055,14.337124835533313,0,0,0,0,9,0,1
23756.71327236897,614.945510464212,6.269777436186214,0,1,0,0,8,1,0
88336.29563125916,539.572131701285,9.804026115048295,1,1,1,0,11,1,1
38816.72616605741,616.7988958562744,5.879586505004124,1,1,1,0,1,1,1
28252.5753870351,683.0679022840202,7.008814204832047,0,1,0,0,3,0,1
71208.65029761627,697.7760296505141,8.009573524507573,0,1,1,0,1,1,1
20000.0,758.7310146641615,5.443644293638423,0,0,0,0,11,0,0
68753.31638746843,562.43632199048,7.225230493793301,0,1,0,0,1,0,1
103441.99149802573,614.8675732842552,7.158447594614639,1,1,1,0,7,1,1
66998.23498505267,555.788586410039,12.83441838895795,0,0,0,1,12,0,0
69136.94948779774,542.8960630736443,5.455467574919166,1,1,0,1,7,1,1
76101.80650722451,599.7745003237345,11.291131331837992,1,0,0,0,9,1,1
101291.24086026556,679.3289795435217,5.152686020429689,0,0,0,0,1,0,1
86296.81880057312,711.7115547912252,6.981123795357737,1,0,0,0,2,0,1
63190.09166819071,574.131671470266,9.136045017471313,0,1,0,0,9,0,1
77116.74201908003,585.2579264490208,5.9776510368399896,0,0,0,0,12,0,1
23421.95223604668,507.6141459741253,6.8927713843529155,0,0,0,1,9,1,0
73288.80772241966,667.1481766621597,5.765802871849003,1,1,1,0,10,1,1
20000.0,591.4288878423409,9.20872505042545,0,0,0,0,2,0,0
38989.3274410512,783.0425102569478,11.389301362090935,0,0,1,0,4,0,1
20000.0,682.7847039719676,8.582009808485358,1,1,0,1,7,1,0
62042.88978102386,636.284340523458,10.145228486435212,1,1,1,0,1,1,1
30683.83966674942,598.7110057964438,6.742593996528737,0,0,0,0,2,0,0
83334.35645613389,530.4263823844617,13.583328020683542,0,0,0,0,12,0,0
61705.77831816208,540.5702578443655,10.810565106455542,0,0,1,0,5,1,0
83722.87684104877,600.2287236342293,9.307744285439192,1,0,0,1,10,0,1
20000.0,594.0877694380556,7.84387762644293,0,0,0,0,2,0,0
81151.58111478898,570.0662525723204,5.37762402780681,1,1,1,0,6,1,1
113175.69033089982,680.1675781953876,11.642988072634786,1,0,1,0,1,1,1
72924.74899795683,691.1412473931887,10.034473716250005,1,1,0,0,6,1,1
73710.47026076866,613.3094082158617,11.19142427516804,0,0,1,1,12,1,1
55087.93029184805,804.8121814612254,7.782001921788923,1,1,1,0,5,1,1
34259.936583039074,510.2616506787126,5.491183405004327,1,0,0,0,9,0,0
72835.77118104526,654.6531119177811,6.596659484059197,0,0,0,0,8,0,0
20000.0,632.513583672966,10.075695369863487,0,1,0,1,11,0,0
37467.34625237551,605.9439294426195,7.008182461865379,0,0,1,0,8,0,1
20000.0,594.1869723189552,7.341429339182417,1,0,1,0,12,1,1
28890.308680547514,649.4432093670114,6.399125327629296,1,1,0,1,10,1,1
69261.35275680684,631.9577738142617,7.454724112466534,0,1,0,1,9,1,1
65161.801286613896,618.6498778309953,6.328711326396575,1,0,1,0,5,1,1
51527.41086606418,546.10242920085,8.469710765387843,0,1,0,0,10,0,1
55112.02982186032,520.5510545751602,8.528429172570876,0,0,0,1,10,0,1
20000.0,626.9186819843547,9.220446140034808,1,1,0,0,7,1,1
38823.13158287255,617.8323116402776,5.96231490887459,1,1,1,0,3,1,1
29559.4518069437,634.2370511778538,8.315141582009147,1,1,0,1,6,1,0
30228.209284563774,641.3102561688393,9.635141858636093,1,1,0,0,12,1,1
67987.3588344126,608.1998126493746,9.198748076036782,1,1,1,0,8,1,1
24184.780204840685,633.0074060945435,11.570352537540849,1,1,1,1,4,1,1
31859.574496177673,581.7177353517204,5.9869835023771625,0,0,0,0,10,0,1
20000.0,771.9156647330626,10.652304508410563,1,0,1,0,1,1,1
41176.30458871491,586.0207881480026,15.439597456732928,1,1,0,0,3,1,1
20000.0,620.3215432427728,6.465807219101015,0,0,0,0,11,0,0
52376.08786068931,592.0968968708895,5.711244434524459,1,1,0,0,7,1,1
21466.75859772606,590.7534767836078,10.588395731321956,0,1,0,1,10,0,0
53136.26736647649,651.9713253310357,7.066455431939119,1,1,1,1,6,1,1
45659.4271777297,641.821263209359,6.767300907717256,0,0,0,0,1,0,0
100161.25319126961,613.2431687699832,6.472598667956676,0,0,0,0,6,1,1
64916.53941359581,627.3219206756551,5.794724462273594,0,0,0,1,6,0,0
20000.0,592.4149159205383,6.593826281292201,1,0,1,0,2,1,1
20000.0,682.1380510180928,7.329208525719839,0,0,0,1,6,0,1
51656.240269769994,814.4154194072571,7.38134909897231,0,1,0,1,9,0,1
22104.561548220478,580.0126978213425,7.498789465182942,0,0,0,0,8,0,0
20000.0,681.5170578987684,8.012571504292296,0,0,1,0,11,1,0
90486.3894150123,653.5959165616568,9.06917839076321,0,0,0,0,3,0,1
71606.72050716223,703.4903806506072,6.518849270871316,0,0,0,1,3,0,0
65629.30620475314,705.7434368396857,7.559711409312069,0,1,1,0,12,1,1
31780.30863587255,666.4330157774929,9.286794522062774,1,0,1,1,11,1,1
62830.30313029789,646.814353910792,8.064058621427812,1,1,1,1,5,1,1
28869.19027337355,615.2439840281243,9.930543887666861,1,0,0,0,7,0,1
56145.71900653072,588.8031717513092,5.0004110984136,1,1,0,0,1,1,1
22382.503224905675,642.2523471238572,5.265891951723356,0,0,0,0,3,0,0
95488.65351668042,547.2328934865856,7.77025586347839,0,0,0,1,6,0,1
20000.0,602.4915207906025,9.268125427163989,0,0,0,0,2,1,0
86968.51488532493,738.5482899578055,11.95272446030536,1,1,1,0,2,1,1
51167.474840519906,657.8809776863753,5.655175316102647,0,1,0,0,5,1,1
35315.99013974028,721.413153514844,7.085786113570087,0,0,0,0,11,0,1
55010.08765087215,767.571510932674,6.365901063819381,0,0,0,0,5,0,1
72000.44021534543,635.8376435268146,5.515724176153555,1,0,0,0,12,0,1
91002.40210083191,666.5860667354913,7.000621901829158,1,0,0,0,3,1,1
59394.29069400596,625.8523284677796,6.884783332129402,1,0,0,0,10,0,1
23279.117442131683,584.9915391619516,8.75263042955959,0,0,0,1,4,0,0
51668.90371297365,573.7625392534076,8.143273605299118,1,0,0,0,5,0,1
104503.79709987118,717.4520298077193,15.168135918862417,0,0,0,1,10,1,1
90430.34256537873,666.6901824388518,11.131768628391312,0,0,0,1,6,0,1
77262.90434373076,797.7282457664842,8.406762905363603,1,1,0,0,5,1,1
73870.61060367161,727.7641610339113,5.935872121209453,0,1,0,0,12,0,1
70983.50271819625,591.5029608370905,13.987492473506196,1,0,0,0,9,1,1
84762.6450352961,717.2273744181417,7.2503627667225,0,1,0,1,6,0,1
36301.13642834284,625.5939568718196,9.262985250382346,1,1,1,1,10,1,1
20000.0,747.3487767303201,7.1969659137149815,1,1,1,0,2,1,1
52070.10502211184,611.0932898205584,5.994377630872284,0,0,0,0,5,0,1
25472.55239666927,565.8059231805862,7.661022779817728,0,1,1,0,11,1,1
20000.0,586.3395938350873,5.283122199601679,0,0,1,0,10,0,1
28391.642702362045,590.4268078068069,8.428666168519822,1,1,0,0,9,1,1
124559.41773601058,582.7798588305069,14.39550388165692,1,1,0,0,1,1,1
54083.739022275324,604.1913379515914,16.817562396322877,0,0,0,0,10,0,0
60857.23509082964,718.5353496260191,12.280955001399086,1,0,0,0,1,0,1
20000.0,793.6835366612947,8.733047616935709,0,0,0,0,4,0,0
20000.0,543.5848387557197,7.982357166108859,0,0,0,0,7,0,0
25428.420706435823,751.081043426652,12.48968041933506,0,0,0,1,9,0,1
93145.86755626244,611.7837027220457,10.485676796977042,0,0,0,0,2,0,0
60028.26398229563,677.8306024961787,9.032443848030098,0,0,0,0,9,0,1
67957.85274333176,517.6683175541363,13.33058045218844,1,0,0,0,4,1,1
72156.98117606185,691.9228013875885,9.583512771881502,0,0,0,1,1,0,1
32259.518606051668,489.575008254715,9.593447302591509,0,0,0,1,7,0,1
91638.96751920102,675.1148057848133,8.002626641715196,0,1,1,0,5,1,1
31015.772023334535,670.580483762347,5.046324461514633,0,0,0,0,1,0,0
92186.97077787659,665.2806107436373,8.30390545643263,0,0,1,1,1,0,0
63269.06468406022,591.2071879493657,13.145643806791155,0,1,0,0,10,0,1
20000.0,693.9621339543716,6.853803074802714,0,0,0,0,2,1,0
27559.71540198395,681.2865207533374,5.195803691709916,0,0,1,0,7,1,1
20000.0,633.2037773087104,6.63570936359272,0,0,0,1,7,0,0
84898.46398382625,703.7480245740155,5.687671637063908,0,0,1,0,3,1,1
49257.93737592797,642.3516682747596,8.816941127940662,0,1,0,0,2,1,1
20000.0,692.302172712701,5.301929412644413,1,1,0,0,10,1,1
61272.40645158975,639.9296538084728,9.050082539241238,1,1,1,0,11,1,1
33885.072128350395,667.3361592887633,8.102786592404911,1,1,1,1,8,1,1
20000.0,695.977835286021,7.874681517355412,0,0,0,0,7,0,0
100338.9751090609,618.1669941105572,10.504157581592771,0,0,0,1,11,0,1
53218.57598289736,551.2930730996644,10.422674632909157,0,0,0,1,9,0,0
41197.057930600626,672.0863204438524,7.294968571123331,0,1,1,0,9,1,1
38017.256570419486,745.1513102890344,8.55643165143923,0,0,0,0,1,1,1
20000.0,673.9320778365957,8.878529741183026,1,1,0,0,2,1,1
20000.0,675.4513851757098,10.312255849445084,1,1,1,0,7,1,1
88547.5035462525,646.6259114802688,10.090659710312638,0,0,0,0,8,0,1
35783.51390642843,709.129492221856,5.2543174306805005,1,1,0,0,6,1,1
50662.03102810591,635.125166708965,14.367539707879413,0,1,1,1,5,1,1
20000.0,613.6880975098511,6.835600287784557,1,1,0,1,6,1,1
20000.0,738.4238602299893,9.428797496124478,1,1,0,0,2,1,1
68294.37559624258,607.5569345365855,6.102524398671567,1,1,1,0,12,1,1
61331.35280341501,721.1576757161399,5.021882312021495,0,1,0,0,9,0,0
102601.25596172948,738.4748369566167,5.345594546996454,1,1,0,1,10,1,1
90288.68994893678,695.3453545649649,10.000012871406831,0,0,0,0,4,0,0
43078.67082545531,550.0611584341893,8.825155650657436,1,1,1,0,9,1,1
64188.60694139813,652.1723927377998,10.326049196448867,0,1,0,0,11,1,1
40501.89671290778,633.8400002353106,7.409294732020381,0,0,0,0,8,0,0
111644.29455915946,610.320059573175,7.027938035703415,0,1,0,1,10,1,1
84470.440881572,661.4201269877142,14.694024493867298,0,0,0,0,4,0,1
55090.55272573254,711.5365077998039,8.77288152590253,1,0,0,0,5,0,1
56011.84354629054,613.3157871895041,7.1015858093609605,0,0,0,0,10,0,0
93345.50861779423,636.2893860581061,9.851414955136825,1,1,0,1,7,1,1
67387.33541341542,630.715285293441,7.921643180332023,1,1,1,0,5,1,1
96758.84051210259,743.1096836435449,7.534788589853113,1,0,1,0,12,1,1
20000.0,629.4319505751531,5.488975726353971,1,0,0,1,2,0,0
63836.847844963944,551.2475473790604,6.681803406553863,1,1,0,0,8,1,1
34536.95405955845,524.1252128807589,13.411831602370658,1,0,0,0,10,1,1
102691.33962883978,679.0183653252776,10.268357616888203,0,0,0,1,8,0,1
96391.96061569487,589.1454608091278,18.744249558672088,0,0,0,1,8,0,1
50985.0742730392,703.4979604217983,6.76849237610366,1,0,0,0,10,0,1
96068.92936433095,543.5024009194295,11.382842212776136,1,1,0,1,8,1,1
103493.43559977518,606.8870266711514,7.003404564926093,0,0,1,0,6,1,0
52232.20015778442,543.5544920383882,5.296469089648421,1,1,0,0,10,1,1
124158.01317295573,684.7688572439139,9.787174135664845,0,0,0,0,11,0,0
49059.765419908326,701.9078032499721,16.097908970556965,1,0,0,1,2,1,0
43564.371489922734,677.090012610928,5.828262896564232,0,0,0,0,4,0,0
75976.1776575303,563.1250943676926,13.345759128111583,0,0,0,1,12,0,1
39386.278065730585,590.3389004711468,6.405120667400027,1,1,1,0,11,1,1
52560.19327384682,668.7451190889243,8.8373238249032,0,0,0,0,2,0,1
92283.0327215273,514.9806873500509,11.017539350227544,1,1,0,0,2,1,1
50576.56556651811,630.7092044489677,12.600151698183193,0,0,0,1,9,0,1
20000.0,771.3524282668704,6.8291006059132835,0,1,1,0,9,1,1
61019.5816354759,635.60355606557,10.105542446755205,0,1,0,0,5,0,1
29111.192628428158,530.9164288774439,8.225108151912655,1,1,1,0,3,1,0
75958.13471883637,601.4072601859092,11.808046804586517,1,0,0,0,9,0,1
70885.69147478737,599.5446139457939,5.894717945696769,0,0,0,0,12,0,0
94142.01044499566,821.224702386925,8.155294404180696,1,1,0,0,7,1,1
77225.9690237809,783.2543264411116,5.175596423855142,0,0,0,0,4,0,1
82707.32850974194,708.4748347281262,9.842210582942176,0,1,1,0,12,1,1
29927.0971958686,622.5539255406882,7.712462788874824,1,1,0,0,3,1,1
74119.59487671507,746.0503728783779,10.010301485771286,0,0,0,0,8,0,1
109053.5386808087,559.3232288759633,6.269496864674628,0,0,0,1,6,0,0
29340.502740896984,736.1260252195407,6.956497447039739,1,0,0,0,4,1,1
103992.14875181294,724.2378829936035,9.939205545467138,0,1,1,1,9,1,1
33519.49726396009,637.8923412280575,7.827454532596905,1,1,1,0,1,1,1
24440.862648500774,741.1349050680617,10.384055291705396,1,1,0,0,5,1,1
58886.01330064514,614.222309642892,6.618341897085814,0,0,0,1,3,1,0
71477.31248386428,548.7931521521414,12.18713298350757,0,0,0,1,11,0,0
77352.50371916794,728.2372010399937,11.542518003101126,1,0,1,0,2,1,1
21147.127376803946,643.1805656688433,8.779295574575055,1,0,0,0,5,1,1
63036.20291762871,698.1424482638934,6.551147307559646,1,1,0,0,3,0,1
29433.362855494845,795.6709273247525,8.811905074243674,0,0,0,0,7,0,0
20000.0,592.2196742082963,9.318473288203977,0,0,0,1,1,0,0
22137.91053401646,638.5296396128019,12.200227247119383,0,0,0,1,5,0,0
27472.989021325455,775.5707603662171,5.468869024291751,0,1,0,0,7,1,1
65647.85481057521,703.4985384684227,5.204086443530436,0,0,0,0,6,0,0
84566.40989206007,594.0173804636323,10.756112750906045,0,0,0,1,11,0,1
20000.0,573.5985837168417,6.834894169642518,0,0,0,1,2,0,0
60558.83222624167,607.7535487917323,10.79247064417984,0,1,1,0,5,1,1
20000.0,590.9268236157698,7.159670399540614,0,0,0,0,3,1,1
68872.56227042,668.9878495591624,5.296664818244869,0,0,0,0,2,0,1
31318.082569887563,656.2747605758079,5.775437686152637,0,0,0,0,8,0,1
20000.0,672.3390203420281,11.094387668409851,1,1,0,0,11,1,1
73989.93546042724,582.7349758752174,10.187727342004996,1,1,1,0,2,1,1
32392.321836647152,644.3332873979796,8.623818040482128,0,0,0,0,4,0,0
40521.08145941905,485.5440180835027,7.510463964883148,0,0,0,0,8,0,0
20000.0,661.6005053889094,8.369916336994812,1,0,0,0,12,0,0
78396.54084270421,744.0352515964692,9.093705466464693,0,0,0,0,11,0,1
74627.25563507322,536.0203272523056,8.532349020043975,1,1,0,1,12,1,1
50163.73532843942,688.6742584517968,6.508298867701299,1,0,0,0,10,1,1
20000.0,601.1188518591549,6.95576568863906,0,0,0,1,9,0,0
86281.0753500429,714.2000922954695,14.427746783585894,1,0,0,1,12,1,1
30012.098409176266,662.6917960969823,6.910863920417396,0,0,0,1,6,0,1
36399.39649698236,682.3763290128353,5.505285091827158,1,1,1,0,11,1,1
119361.32169078593,655.1859119004353,12.640322057659272,1,1,1,0,5,1,1
28890.90667672311,756.2665445107482,7.7943581661554475,0,0,0,0,4,0,1
72266.29887279501,677.7928382156082,12.22796846684922,0,0,0,0,12,0,1
66862.76786247853,593.5661028798039,7.926759549185652,1,1,0,0,1,1,1
61705.165786402555,657.8972041856803,10.551972810840386,1,0,0,1,11,0,1
58460.01627663533,620.4895165627161,8.397962420184744,0,0,0,0,12,0,1
61291.65685667598,662.9919925215671,8.956520627200366,1,0,0,0,10,1,1
58158.21772821621,616.418423010655,7.071321622667257,1,1,0,1,5,1,1
48442.449236718174,595.8551411562948,7.187712044441497,0,0,0,0,4,0,1
95338.49372332226,665.9417770198756,5.036274520568642,1,0,0,1,6,1,0
20000.0,654.4631702893242,5.741258064355278,0,0,0,0,6,0,1
80643.7431204613,735.1164676036678,8.829725841818089,0,0,1,0,7,1,1
74670.26896062655,616.8035296693749,9.701949682588944,1,1,1,0,4,1,1
70951.97363988204,491.53169220037546,6.559025558554063,1,1,1,0,1,1,1
83509.38282920385,620.890336122935,10.630579245420195,1,0,0,0,3,0,0
47222.01814194821,519.8855392866739,5.749618138771425,1,1,1,1,9,1,0
20000.0,683.253757927726,5.8770931412555365,1,0,1,0,5,1,1
47831.22020856543,516.088165732097,6.138391520056626,0,0,0,1,3,0,0
20264.17347126337,570.9303150068719,8.331983673856492,1,0,0,0,8,0,1
28044.223704258085,621.013243338011,12.658327861936229,0,0,0,1,1,0,1
20000.0,773.5160483808916,7.6836542047659036,0,0,0,0,4,0,1
35679.654246684964,564.1687907428066,8.855552757269763,1,1,0,0,3,1,0
32101.289180496526,650.992398651727,10.003575154767162,0,1,0,1,2,0,1
20000.0,696.3981261565807,5.83348357340955,0,0,0,1,2,0,0
71006.65733846868,768.7248442576558,7.051534278247152,1,0,0,0,5,1,1
116609.65574014647,712.2235801377128,7.153206769786311,0,0,1,1,7,0,1
68187.11580488866,737.5125561305972,7.372025403664091,0,1,1,1,9,1,0
43912.28130397317,719.1445647081233,5.060779107187397,0,0,1,0,5,0,1
48357.60812971353,553.2701622883088,12.256284800448105,1,1,0,0,2,1,0
37370.42395960472,678.7753683453637,12.145161295546576,1,0,0,1,12,1,1
52701.24751600875,717.8928761737778,6.629537292251276,0,0,0,1,4,1,1
48889.75717780299,573.4799768260784,5.729447208638311,0,0,0,1,4,0,1
24768.547088051168,603.6192098620782,7.476114002923222,0,0,0,0,6,1,1
100486.65166843493,585.7446163898355,12.70346110016068,0,0,0,1,12,0,1
20000.0,711.8098388774426,9.14475738038687,1,0,0,0,12,0,1
71549.9462958274,644.4575103736695,14.685368466687057,0,0,0,0,2,0,1
46964.07118047404,624.3323284531922,6.773797750603092,1,1,0,1,3,1,1
107024.95445197234,547.466406667761,8.267174909157086,0,0,0,1,6,0,1
60225.93797744664,644.6084597444966,6.091387185360026,1,1,1,0,4,1,1
39202.83388450255,604.5929316012201,5.340184191314341,0,0,0,0,6,0,1
42568.784046965084,669.467165221133,9.54212044082752,1,0,0,0,6,0,1
51197.200835592834,558.5626241083639,6.833913843936525,0,0,1,0,3,1,0
20000.0,664.232500760496,9.059589015752074,0,0,0,0,7,0,1
26993.91424646265,614.8839383600944,5.509522537869086,0,0,0,1,4,1,1
20000.0,550.0562459411883,10.081544112515921,0,0,0,0,7,0,1
22310.693048777182,543.8172769697483,6.459071411446007,1,1,1,1,9,1,1
52817.19444981349,555.8383689581844,9.355669075091676,0,1,1,0,3,1,1
59005.25147853563,633.4880754047566,7.304055906879038,0,0,0,0,9,0,1
20000.0,659.67963474908,5.993648254217926,0,0,0,0,2,0,1
45883.64890867399,671.5858905901745,9.490357103844431,1,0,0,0,5,1,1
66902.29852466397,674.6042334182758,10.009278931642427,1,1,0,0,12,1,1
45112.63419871294,589.318139121664,9.768802213462902,0,0,0,0,4,0,1
30986.340626665988,734.672232647614,7.0632175512552635,0,0,0,0,10,0,1
37635.165648553586,614.6219579193478,6.464960061690151,1,1,0,0,11,1,1
33777.09935068334,686.0119808047785,9.72976652437179,1,0,1,1,7,1,1
30898.083226758285,636.8675653204947,8.585681531786546,0,0,0,0,7,0,1
55214.70575734545,680.0496985362433,14.829601071815393,0,0,0,1,12,0,1
119230.64683206353,632.8537547084069,5.5228204752128605,0,0,0,0,3,0,0
27689.0024928445,681.4907901259653,11.590220121575282,1,1,1,0,4,1,1
40455.721020157194,649.4088904095742,5.138277667794424,0,0,0,0,7,0,0
48449.06181874305,715.1072456520551,10.488372972531478,1,1,1,0,3,1,1
29379.366969251194,584.5051965431041,11.497106384826985,0,1,0,0,1,0,1
82947.0741057028,508.4086931287537,9.791607655693962,0,0,0,0,11,0,0
20000.0,572.1314064452722,8.229747085767645,1,1,1,0,2,1,1
34068.22488863973,735.5134732190427,11.16718131062612,1,0,0,1,12,1,1
74549.41208959886,637.6352944089808,7.616373795405135,1,0,0,0,5,1,1
41177.170748340985,657.3649836437249,8.07827485761874,0,0,0,0,11,0,0
25374.83123449126,565.709070876289,9.668547377246565,1,0,1,0,5,1,0
63222.702633162924,655.2442980120222,8.695588613053076,1,0,0,0,8,1,1
77190.29706191456,568.1749884741843,10.789348449779993,0,0,0,0,3,0,1
56319.06335645175,579.9374979957796,8.466981573377781,0,0,0,1,9,0,0
25963.3892056135,617.8013053740896,8.074946606360875,0,0,0,0,5,0,0
63686.099574552296,685.6077806273717,9.551867956005346,0,0,0,0,10,0,0
37938.520991756304,694.1478064514008,6.584109051471646,1,0,1,0,3,1,1
72355.60645681483,696.323591835027,12.473245244556583,0,0,0,0,8,0,1
94497.76654569773,522.95327079645,11.227065844512225,1,0,0,0,2,1,0
20000.0,649.4668399687791,9.270582287437453,1,1,1,0,8,1,1
53332.02419586898,634.2574533293811,10.175987517000497,1,1,0,0,9,1,1
20000.0,527.4254067134835,6.061721504258265,1,0,0,0,8,1,1
123253.65755989312,651.2787013377758,12.752463378897804,0,0,0,1,10,0,1
35956.26398611429,629.9658226050591,8.18310629610235,0,0,0,0,1,0,0
72391.19725476117,690.9220537694309,9.512923379962958,0,1,0,0,9,0,1
48940.49421215313,656.4997660991842,7.777503062666221,1,0,1,1,1,1,1
25907.462578428214,606.0543575773397,6.997162717195229,0,1,0,0,9,0,1
22338.408584677196,724.0609960365582,6.556856667972344,1,1,0,0,10,1,1
97570.37519302277,472.30131993799006,11.285018943408037,0,1,0,1,2,0,1
78678.14180534933,644.8587897256311,6.8696015178034155,0,0,0,1,8,0,1
108307.5226213269,508.93992544064514,11.155109164272755,0,1,0,0,9,0,1
51663.600054730974,577.0245383035104,13.415643833688913,1,1,1,1,6,1,1
58637.58863738001,691.9850962407479,6.399627465154902,0,1,1,0,6,1,1
41984.25303034135,548.0642015647358,6.502578484245232,1,0,0,0,3,0,0
41387.533906549725,536.1025745036852,6.442477469564467,1,1,0,1,10,1,1
20000.0,840.55559867325,5.249959942751546,0,0,0,1,9,0,0
52520.305727730534,541.2568758863869,6.432716387127304,1,0,1,1,8,1,0
26322.60215341409,782.0416722470379,8.536709845557223,1,0,1,0,2,1,1
63257.26766492608,636.2238268336591,11.195325121571127,0,0,0,1,5,0,1
55100.30656940629,608.013670284882,7.138488381184448,1,1,1,0,7,1,1
58630.46131027167,695.3429112470563,6.316698692288941,0,0,1,1,11,0,1
100253.89819070678,756.92752604356,8.480338028642047,1,0,0,0,1,1,1
48868.46150703226,558.3145646313337,13.781140254722963,1,0,0,0,8,0,1
72701.81008560285,609.1800168217176,10.156100910523765,1,1,1,0,3,1,1
111545.28392256744,717.7495787747401,7.608169656749024,1,0,0,0,10,0,1
89198.51207885143,673.03954499416,14.065626292909348,1,0,0,1,2,1,1
84595.09095364534,738.1534264513106,9.439476029411457,1,1,1,0,7,1,1
40799.353534385,691.2089563545424,12.07570118773617,1,1,1,1,5,1,1
56889.291667033904,794.6579207319319,7.085189580257314,1,1,1,1,8,1,1
20000.0,664.287087906692,5.913462370566525,1,1,0,1,1,1,1
64967.43202893244,667.7448918664769,6.8778169593502465,0,0,0,0,9,0,1
58233.80532841525,675.7377097612639,6.194398121279687,0,0,0,1,12,0,1
50701.55375468543,638.6008918618753,6.879748321648616,0,0,0,1,6,0,1
80815.8436472858,717.846972704074,5.456296668375772,1,1,1,0,8,1,1
20000.0,668.9632979090421,9.133292823000733,0,1,0,1,6,0,1
99045.88553481041,713.0544007316115,11.745094823363512,0,1,1,0,7,1,1
77052.94063820851,725.5599882899328,7.334727999584263,0,0,1,0,11,1,1
47880.980610440776,684.2763745248262,11.586011940058029,0,0,0,0,8,0,1
45538.11236547819,690.1373059387357,15.141540046728064,0,0,0,1,9,0,1
64418.33645745783,569.1736169922773,8.741818804938484,0,0,0,0,4,0,1
95625.53696191339,605.9717129744143,10.830060847776249,0,0,0,0,3,0,1
53048.231560700326,717.4706762392585,6.845838816155741,0,0,0,0,10,0,0
54320.92705937679,763.890494545481,6.208037542360846,0,0,0,0,10,0,1
50543.55432877614,494.76558195933114,5.444004095166112,1,1,1,1,2,1,1
103460.72338104418,604.5709482198868,5.423238576083457,0,1,0,1,2,1,1
38933.506911889286,651.889648193172,7.428306221716539,0,0,0,1,4,0,1
49114.77204142786,579.6580430335457,7.082388325458895,1,0,0,0,8,0,0
93903.06962782983,584.1984284654653,5.589769806348768,0,1,0,0,11,0,1
54410.32500838591,687.9935899035044,9.711865131857554,1,0,1,0,6,1,1
84111.76580136566,776.5100775337147,6.899706676259636,0,1,0,1,3,1,1
22661.598292911243,487.45411549422874,8.836390164586007,1,0,0,0,4,0,0
43841.22435114458,636.3619080814643,5.134979961920851,0,0,0,1,3,0,1
94533.02115320685,687.0624273432311,7.001964374569521,0,1,1,1,3,1,1
29709.808527093635,712.4171177760194,7.3435657254792535,0,0,0,0,9,1,1
45461.02880690878,675.5301874455231,8.086034151261739,0,0,0,0,11,0,0
57700.55692674436,790.9122039948892,5.853166100592223,1,1,1,0,3,1,1
20325.3644602104,652.3125274660636,6.94425511755875,0,0,0,0,11,0,1
37585.69644134308,754.9594232313677,6.946501052448816,0,0,0,0,2,0,1
53379.100454769214,598.2905863723224,12.883494852040894,1,1,0,1,12,1,1
51400.45202485884,654.638635727108,7.121237094966238,1,0,0,1,2,1,1
88410.56062511407,552.982793936092,6.193952427456567,0,0,0,0,12,0,1
96243.7158449676,722.0691552439196,9.053294011596543,1,0,0,0,8,1,1
24317.45383997266,640.3645709887059,5.101154851486405,1,0,0,0,10,0,1
53338.055575024686,678.6256850015918,11.412653462869645,1,1,1,0,3,1,1
70227.44925274297,624.9305094971941,5.36652313745689,1,0,0,0,10,0,1
95490.42397397592,696.9142801327213,8.546322258958913,0,0,1,1,10,1,1
71554.70891951388,681.7947179084601,6.904139235185709,1,1,1,1,9,1,1
58727.40204776995,570.4278856023035,5.586978291579343,0,0,0,1,11,0,0
69996.27595947892,575.0586053933591,11.654236911652731,1,1,1,1,3,1,1
70213.06503008779,647.7785015726919,9.10406781961569,1,0,0,0,10,1,1
22168.571231468948,702.7659165925326,6.908955447405472,1,1,1,1,2,1,1
55783.963775188065,799.0316442491078,11.660628608297117,0,0,0,0,8,0,1
93774.82982566074,674.2392685332583,6.2729796590273414,0,0,1,1,6,1,1
43779.29693917986,730.6025121990832,5.1536887159056874,1,1,0,1,4,1,1
53883.399276423326,520.9719252188665,9.599748623360245,0,0,0,1,1,0,1
42724.50651421934,811.0364679547185,7.457962204522166,0,1,0,0,10,1,1
20000.0,698.4548968903355,8.851244931295856,0,0,0,0,6,0,1
50617.705317040374,646.0316391072976,6.207413296130437,0,0,0,0,7,0,0
59053.757919586176,636.8243162033659,8.38164392884597,1,0,1,0,8,1,1
34625.19827357294,561.4240161712802,7.454641871634188,1,0,1,0,7,1,1
20000.0,584.2970563423863,8.730638556965115,0,0,0,0,12,1,0
23581.806206550522,802.8348505706731,7.363123367704821,0,0,0,0,2,0,0
72925.62848406693,570.879644937119,7.77568887569023,1,0,1,0,3,1,1
109175.74319140715,569.3385793706924,6.576001252113933,0,0,0,0,1,0,0
91473.000227163,593.8223611139537,5.089964952747393,0,0,0,0,4,0,1
20000.0,554.1455397630982,11.565249786325118,0,0,0,0,5,0,0
75638.81931652108,651.2245259876408,7.628535631772923,0,0,0,0,12,1,1
30105.128725721297,737.112841013219,8.091413698404438,1,1,1,0,9,1,1
32531.988124736687,601.1606138982373,5.607390628931572,0,1,1,0,1,1,1
36140.73206086148,540.1340576191343,11.605247041983352,0,1,0,1,12,1,0
71182.00849566291,673.3489050411723,7.460717313715765,0,0,0,0,12,0,1
78777.60129347115,645.538052985615,11.393009437996241,1,1,0,1,11,1,1
47059.06786160636,730.21796400653,8.660957714551058,0,0,0,0,7,0,1
47567.87776975926,613.6393360558184,8.967742010012481,0,0,0,0,4,0,0
63927.912297073795,629.187457629866,10.762919301439872,0,0,0,1,8,0,1
67039.83618572725,638.0375708365385,10.025124943454623,1,0,1,0,10,1,1
85286.77120275587,657.1203288442786,7.500147911142459,1,1,1,0,2,1,1
20000.0,618.5950658113928,7.5863208792293175,1,0,1,0,5,1,1
50600.8201941209,605.6284713563193,5.178767130649135,0,0,0,0,2,0,1
20000.0,501.96978520945265,5.29867618437384,0,0,0,0,2,0,0
48471.73162809791,604.7690232703907,8.849303717291988,1,0,1,0,7,1,1
43214.74136957717,707.2178614465402,5.9965226995941725,0,0,0,1,4,0,1
48597.51638291893,718.0196415495109,10.814413079412837,0,0,1,1,12,1,1
26007.71335668405,612.310958112696,10.089282819644144,1,0,1,0,9,1,1
20000.0,753.958879854541,12.041322051326718,0,0,0,1,10,0,1
20000.0,647.7036742639716,12.08575768757099,1,0,0,0,2,1,1
46064.595372054784,542.9722902547242,6.74015781804772,0,1,1,1,7,1,1
37069.96682501183,517.8092754836596,9.947504951336217,0,0,0,1,8,0,0
29721.870055885185,747.4606338095781,7.00385983253816,1,0,0,0,1,1,1
89676.45388494982,620.1597019791141,5.252691444410464,1,0,0,0,1,0,1
24216.854396140672,552.8748381541936,7.701203319467348,0,1,1,0,7,1,1
92505.02246416408,469.2579062851572,5.884328471795497,1,1,1,1,5,1,1
98715.3123280777,618.3427111299885,12.116687189119176,1,1,1,0,7,1,1
20000.0,682.3800687197089,5.001755954639637,1,1,1,1,1,1,1
52771.44376996909,594.1847084763036,9.76317883303497,0,0,0,0,9,0,1
38009.10527492028,565.7403871892902,6.114223121465974,1,1,1,0,2,1,1
20000.0,606.0499385114618,13.524839032029325,0,0,0,0,11,0,1
20000.0,749.4553615315884,9.233454015696754,1,0,1,0,5,1,0
73248.08321325423,538.5614705859848,5.173879101890453,1,1,1,0,4,1,1
110575.97758133794,598.6639175661986,7.515322867629924,0,1,0,1,5,0,0
77080.34428097746,746.8606191694073,6.043263422123728,0,0,0,0,9,0,1
59708.97417538933,689.5341031539003,6.083599353420471,1,1,0,0,5,1,1
49360.02855106737,664.3302251023165,10.213643312142342,0,0,1,0,4,1,1
100479.88743944341,598.1243091667001,8.233046409868514,0,0,0,1,4,0,1
114447.17605872921,652.4403851600342,13.243885540622886,0,1,0,1,5,0,1
32394.719614274418,606.9736745237359,9.816125485114318,0,0,0,0,10,0,0
20000.0,581.2491095143399,7.621970851134554,1,0,1,0,1,1,0
20000.0,563.5954019758608,5.374874707836411,0,0,0,1,9,0,0
89656.42976479407,712.7276477097998,5.241637179010282,1,0,1,0,1,1,1
48588.2437767684,645.1675094227091,6.534903278923842,0,0,0,0,7,0,1
55497.257313761555,675.1610995042157,6.876482832456252,1,1,1,0,4,1,1
20000.0,662.1338548641123,6.781505467985349,0,0,0,0,9,0,0
27404.33261634601,685.2735062246687,9.569541764586901,1,1,1,0,10,1,1
41135.57558297653,629.6224968011287,10.066529375926,0,0,0,1,1,0,0
56235.15150092212,611.467403915634,6.070047202547361,1,0,1,1,4,1,1
38042.23883258723,584.7775736487102,7.445373715611858,0,0,0,1,7,0,0
20000.0,536.882469327431,9.584534488564755,1,0,1,0,2,1,1
26462.990221924312,560.2373463501667,7.886864181089321,1,0,0,1,5,1,0
86249.69857841698,620.7665823119822,9.694933594762169,0,0,0,1,11,0,0
57343.538588104995,521.7568412451617,5.1829787550386035,1,0,1,0,10,1,0
68364.70420866655,539.4171276691176,8.436877105439777,1,0,1,0,12,1,1
23033.78567368011,733.3711914108142,11.082774235219178,0,1,0,1,7,0,1
20000.0,667.9343587883034,6.544020890324602,0,0,0,0,10,0,0
34306.87079346511,613.8530617437184,11.914335103123808,0,0,0,0,10,0,0
24002.883367235103,831.7259567123648,10.308772414584569,1,1,1,0,12,1,1
60470.36805884238,518.1400225029577,7.230092244973095,1,1,1,0,3,1,1
148571.71141045526,728.0489021169458,8.941264294552516,0,0,0,1,8,0,1
70854.98052854768,641.0827133776468,6.968269960139887,0,0,0,0,4,1,0
132078.80478150467,712.803761833025,9.779751303802403,0,1,0,0,5,1,1
67063.09086018347,658.7162973816646,9.702095885423677,1,0,1,1,5,1,1
31103.412872818546,500.2203950203794,5.354814332430954,1,0,1,1,7,1,1
60437.4823436265,657.6368374047063,12.547637143649187,0,0,0,0,8,1,1
103419.15798433125,676.8444683711679,6.866091704932861,1,1,0,0,1,1,1
104886.87788963717,474.6411761180469,6.779721198265731,0,0,0,0,10,0,0
32739.878958707628,805.5238635041519,9.019163368876438,0,1,1,1,11,1,1
57595.51087097897,674.8966075338218,9.047010601996181,1,0,0,0,7,0,1
20000.0,703.7590192109196,5.613721546058606,0,0,0,0,8,0,0
74740.0587407429,556.757648833895,18.341072759232574,0,0,0,0,2,0,1
96600.64097167682,705.2494017716494,6.122243169281405,1,0,1,0,1,1,1
51193.98362348048,737.1603567650445,10.077852947876071,1,0,0,0,9,1,1
29978.478369196157,670.2854582510276,9.010220162322861,0,0,0,0,11,0,1
60803.92853832688,649.2502753183388,6.098957957436907,0,1,0,1,9,0,0
62523.77094089498,578.5129500081267,11.075100021966604,0,0,0,1,11,0,0
52434.314955488604,632.7034465773339,5.745375448586721,1,1,0,0,11,1,1
55361.45373007859,609.0376388592576,11.264208393464552,0,0,0,0,11,0,1
44785.554485918874,695.7596509914148,6.7377004615125,1,0,0,0,12,1,1
79878.64784679218,582.0099259906078,9.333477185442066,0,0,0,0,11,0,1
72086.82335495381,695.1720577202846,6.548674506507217,0,0,0,1,3,0,1
20506.905585675522,582.8811549816274,6.516992026487749,0,0,0,0,12,0,0
20000.0,629.0117956671985,8.010842404424299,1,0,0,0,10,0,1
42368.76748920314,699.2835517610254,7.266833928342981,1,1,1,0,9,1,1
72105.11372315537,593.6962624011165,7.222854178189951,0,1,0,0,1,0,1
54441.72241672444,702.0429191182081,6.398187944658378,0,0,0,0,1,0,1
30705.487696320342,694.2395326137095,12.76444590202409,0,0,0,1,2,0,1
57845.557901774904,628.3239461298446,11.163012901067919,0,0,0,0,7,0,1
40075.684414331845,742.9426561084631,13.11674247776011,0,0,0,0,4,0,0
76414.59380672395,656.2227473581692,6.054975344914451,0,0,0,0,9,0,1
59991.75305201142,738.1821221268281,9.123388321974979,1,1,1,1,6,1,1
40541.65437643569,793.4771939901743,5.205504342720725,1,1,1,1,8,1,1
56945.563161393846,630.6959182638951,9.67731938726018,0,0,0,0,7,0,0
89451.44178572606,701.5963987221917,5.316373987465552,1,0,0,0,9,0,1
32911.09770360867,598.99456597417,11.931892851532636,0,1,0,0,11,1,1
62079.70944941483,567.3748472393441,7.5156682434967,0,0,0,0,10,0,0
47886.18978602013,634.3632274090858,6.236432065812366,0,0,0,0,9,0,0
62809.51051586299,540.9919776200429,5.32812999818172,0,0,0,1,2,0,1
30363.05175212809,574.9913776282152,6.708741882044569,0,0,0,1,1,0,1
53310.06299478128,697.3146079456855,5.822755669504437,0,0,1,0,9,1,1
83234.69847250402,608.9080787640929,7.165038294924445,0,0,0,0,9,0,1
21889.790562616778,706.8411269697489,9.134451350585884,1,1,1,1,12,1,1
20000.0,673.9529550413989,8.187730258556213,0,1,0,1,3,0,0
20000.0,798.0923249615292,12.097136768897059,0,0,0,1,12,0,1
20000.0,691.9469828460836,5.920970685890394,0,0,0,1,7,1,1
67859.69863677993,739.1374456223451,9.321147174785109,0,0,0,0,8,0,1
20000.0,682.1507730502037,10.07223239678169,1,1,0,0,2,1,1
41063.139657694075,674.9114800862458,7.140534494046476,0,0,0,1,3,0,1
68548.67909932123,743.1786433690652,6.677045122660962,0,1,1,0,7,1,1
62499.77181645781,703.5037972692212,5.571086595785641,0,0,0,0,12,0,1
38433.23060112545,666.8050890365943,7.678739735108241,1,0,0,1,3,1,0
55727.711952653175,666.4523732743775,6.480701811279311,0,0,0,1,9,0,0
53214.359892127046,693.0583449464333,7.713387541276126,0,1,0,0,7,1,1
43272.77133355441,596.2901184432092,13.6810194519053,1,0,0,0,9,0,1
43674.95844036259,592.8960427089041,5.723897057992606,1,1,0,0,7,1,1
117062.82304270883,764.0324745898346,10.793669899102046,0,0,0,1,12,0,1
74279.32711793903,799.1530931087998,7.0155747617260715,0,1,0,0,11,1,1
124419.52752536429,575.6894033271867,8.388239685526626,0,0,1,0,6,0,1
35091.10601238496,596.4804454048236,8.090580760521233,0,0,0,0,12,0,0
47451.00209335558,741.4018255603316,10.928510397819922,0,0,0,0,5,0,1
20000.0,692.6815994513918,8.00727074515228,0,0,0,0,2,0,1
25712.99593731283,704.1142484256737,7.133463670997257,0,0,0,0,8,0,1
107057.39445987504,721.7281035882446,9.330678191858626,1,1,0,1,4,1,1
34338.971304747305,630.7414270604739,5.869906056465751,1,1,0,0,8,1,1
107578.43900433378,676.3975939992149,5.316089124826879,0,0,0,0,6,0,1
20000.0,670.1753720558473,8.158820963275188,0,1,0,0,10,1,1
20000.0,581.3206719803632,6.7834393397023565,1,1,0,0,6,1,1
39763.063369297364,675.2072754572563,7.2322590742740065,0,0,0,0,3,0,1
48087.502349624665,749.0168556919734,6.969083176094664,0,1,0,1,7,1,1
77692.61877350388,623.2693408925311,9.518449447234943,1,1,0,0,7,1,1
63523.11251558798,662.2055398992748,7.172076540983731,1,1,1,1,5,1,1
37510.54227967917,666.5367132808685,11.47306875620119,1,0,0,0,12,0,1
46000.52580445681,627.2268359651783,12.152862559931915,1,1,1,0,11,1,1
40428.112406459,704.1520990155486,5.569998991144009,0,0,0,1,6,0,1
22560.387940228105,595.594749499601,8.181627561321852,1,0,0,0,6,0,1
23361.11190195135,756.6116414956747,6.510576649128241,0,0,0,1,12,0,0
80836.51674300228,700.0964449305797,14.801855932960278,1,1,0,0,8,1,1
20000.0,575.0585119461684,10.73741290028727,0,1,0,1,9,1,0
98520.76092335164,785.8407747909002,10.346192176856935,1,1,1,0,11,1,1
39710.17323193304,663.4481169009276,5.430167616640386,0,1,1,0,6,1,1
26824.741808235198,592.1641986211959,6.2778491842536255,0,0,0,0,3,0,1
72192.77872091808,738.3643619992953,10.070707107702642,0,0,0,0,5,0,0
94556.49752441351,689.573721555842,9.779879581042069,0,0,0,0,1,0,1
83528.97324811872,508.24322366127694,11.789184596750928,0,0,0,0,1,0,0
65055.56148079672,607.9471746204918,5.6442723430943635,1,0,1,1,10,1,1
82605.90469165507,672.3277869777235,9.24414161946373,1,0,0,1,10,1,1
20000.0,477.23466578858734,6.532858514809381,1,0,0,1,1,0,0
34345.083755355554,656.8056068309916,6.390783320710468,1,0,0,0,9,0,1
22664.89819925466,662.6383498164208,8.915335579574265,0,0,0,0,10,0,0
86739.16193645526,555.3206494099342,11.496402711912154,0,0,0,0,2,0,1
38495.6594322834,671.651590900797,12.382261701517105,1,1,1,0,10,1,1
75362.19670346167,650.5971071300027,9.62928154972507,0,0,1,0,11,1,0
66075.70827465913,554.6964715291988,7.055570871041704,1,1,0,0,1,1,1
24130.79191508957,723.5648437490261,8.69637812214429,0,0,0,0,12,0,0
32391.253700711466,717.0283035814244,8.88430521310028,1,0,0,0,5,0,1
88814.53072444178,626.8210330518111,6.170559546359249,0,0,0,1,8,0,1
26735.520539467598,634.1134941286541,10.713111811570277,1,0,0,0,5,1,1
53746.02830586437,708.1011150076276,6.8106413944698145,1,1,1,0,5,1,1
26523.761410206647,633.9469485510555,6.847244820781594,1,0,0,1,10,0,1
40581.43439252418,495.52734395838763,10.28657120500024,1,1,0,0,2,1,1
48615.141680900844,688.9549245919942,15.764799024236844,1,0,0,0,7,0,0
26514.00469107526,584.9392543409193,6.751853383896631,0,1,0,0,1,1,0
21186.59138048355,618.8125556465925,7.898419913773418,1,1,0,1,2,1,1
58588.200103323274,766.629645436118,11.83376546353777,1,1,1,1,5,1,1
24657.877736264712,639.2817220792962,6.127280344066334,1,1,0,0,7,1,1
25680.27332903982,650.1387948699098,8.174823921438556,0,0,0,1,11,0,0
21828.40568894088,690.7733820370878,6.587225126364946,0,0,0,0,7,0,0
47662.758610060446,690.4267155099226,5.3799971856430036,0,0,0,0,8,0,1
78311.04903199524,576.4641786097774,8.785312676681173,0,0,0,1,6,0,0
95195.859089368,645.17611875725,9.438654654405804,0,1,0,0,3,1,1
28222.45742018664,652.8922022340662,6.673460095958021,1,0,1,0,12,1,1
114509.32379993633,671.7621517303062,6.0798551760863315,0,0,0,0,8,0,1
20000.0,673.1377552733295,10.256190493936394,1,1,1,0,1,1,1
82506.4556998361,850.0,8.666777977532725,0,0,0,1,11,0,1
28349.106379536723,555.9312183530204,5.032196991891309,0,0,0,0,3,0,0
23872.30190389969,728.4073296158365,6.9813085801733585,0,0,0,0,8,0,0
27657.31529646834,744.6700644666447,6.088718578150896,0,0,0,1,3,0,0
48426.56901052643,689.4227179138821,13.62434083162583,0,0,0,0,5,0,1
67399.16513100831,597.974768410154,6.827103536281118,1,0,0,1,5,0,1
70096.04113714467,783.1734424214101,6.2543707064888245,0,1,0,0,7,0,1
21680.449539563353,474.6413708207842,7.096349335725841,0,1,1,0,4,1,0
20310.22137466194,595.3386642225739,6.721038510329864,0,0,0,0,10,0,0
22500.83919909359,743.734575777825,12.303254155940731,0,0,0,0,2,0,1
46659.367928434665,620.3910717261986,14.18704328208883,0,0,0,0,2,0,1
43695.33187427376,777.7171619840149,10.857478100554578,0,1,0,0,7,1,1
21494.73613790615,529.055620425728,11.930377064105127,0,0,0,1,3,0,0
58088.110821897324,561.0318484841594,7.472061460089006,1,1,0,0,10,1,1
117877.06425005954,607.468946389842,5.723116072537887,1,1,1,0,2,1,1
34858.53614494546,683.3919422029223,6.221939904306566,0,1,0,0,5,1,1
36994.645363894,632.2383879695982,15.420642204373191,0,1,1,0,2,1,1
66789.84710973105,610.7680597950064,7.417958240697705,0,0,0,0,11,0,0
33235.51124789615,763.6317144878819,5.070752259673597,0,1,0,0,12,0,0
70068.93445154547,771.075598031132,7.14105081804136,0,0,0,1,5,0,1
28443.71879662879,616.8496187433956,7.620593074988342,1,0,0,0,8,1,0
104963.58822731904,513.218575413627,5.202443388688858,0,0,0,0,12,0,0
60343.249177768834,477.40129366500963,8.722412126644972,1,0,0,0,6,0,0
31399.311527698654,669.1432091824284,7.718604191778984,0,1,1,0,1,1,1
32339.249015921778,702.4764497775038,7.5825694689453496,0,0,0,0,10,0,0
34586.00741875895,655.0398228462836,9.019822057783298,1,1,1,0,7,1,1
91182.4899874662,644.3273514335393,8.930349525245147,1,1,0,0,4,1,1
20000.0,585.6365908244734,5.2217427164967685,0,0,0,0,4,0,0
29961.74988621486,702.3983835131071,7.321208919419908,0,0,0,1,9,0,1
33150.18329223722,784.2548303119128,7.5214556381071915,0,0,0,0,10,0,1
49529.360997291864,472.6497858131555,10.8493264365792,1,0,1,0,6,1,0
41866.70922059617,643.7999048969828,11.926771954614496,1,1,1,1,10,1,1
20000.0,572.3721320469119,6.0229748571486175,1,1,0,0,7,1,1
38005.31949213597,530.7627204756918,7.782294053662802,1,0,1,1,2,1,1
47013.479504450945,559.6019303372467,7.894494044211296,0,1,1,1,11,1,1
31157.0649476065,680.3738284547524,14.958148366141634,1,1,0,0,3,0,1
70603.26467142995,682.3969758072933,7.627716778997877,0,0,0,0,10,0,1
77582.25286260941,766.823020893984,8.361475281704223,1,1,0,0,1,1,1
47648.39900811821,650.702523771637,5.249009837740812,0,0,0,0,5,0,0
56916.24760552188,509.34226961043373,7.755877345352279,0,0,0,0,7,0,0
20000.0,630.9464366099222,5.369466245780735,1,0,1,0,6,1,1
37366.91683514505,539.0896742227374,9.91752717521258,1,0,0,0,6,0,1
80144.65075273738,553.4563290862396,5.456135553777643,1,1,1,1,6,1,1
37296.90250462167,696.4447246725197,10.696356387121906,1,1,0,0,4,1,1
27882.149708241173,665.5344724475536,8.920114308848177,0,0,0,1,7,0,1
118330.66778092794,697.0052476348264,5.510560277915778,0,1,0,0,6,1,1
104572.31570587415,621.4005722182618,7.3735982743281525,0,0,1,0,5,0,1
64027.247374464714,713.2423650740285,6.554544256249061,0,0,0,1,7,0,1
84167.31834440143,616.9277681367911,6.1146717795303065,0,0,0,0,7,0,1
20000.0,739.3346266193798,5.918056748374547,1,0,0,1,2,0,0
26373.456781138804,677.5711151577234,7.819065453000987,0,1,0,1,5,0,1
35901.26380480546,633.4402503612306,6.8429420677141755,0,0,0,0,11,0,0
42920.59703399162,666.9674435340878,5.0411082556667095,0,0,0,0,11,0,0
35301.67937078112,648.5711439220066,13.085380604732691,0,1,0,0,7,0,1
20000.0,777.6885212250338,14.207055424124707,1,0,0,1,8,1,1
61580.738561256796,669.6350098063032,5.236583769229931,0,1,0,1,9,1,1
66309.62384841821,649.8709862084394,16.076706260934166,0,0,0,0,4,0,0
98056.96374769944,630.9207314359361,5.772569107232285,0,0,0,0,5,0,1
26350.722056751096,717.4547375396008,6.508655044764856,0,0,0,0,8,0,0
23895.105266602935,706.6330671242804,7.168151479443494,0,0,0,0,8,0,0
20000.0,628.0926695749897,7.688073516207718,1,0,1,0,2,1,1
41192.994902273414,557.5486788301753,11.278059077167864,1,1,0,0,1,1,0
77033.35343186515,577.8425489297317,8.392651492921736,0,0,0,0,10,0,1
31646.96413421842,635.2669968366243,11.049176126606056,0,1,0,1,10,0,1
114303.34455630944,757.9142004895266,6.13738542989737,0,0,0,0,12,0,1
42302.154926314295,629.9858696602469,11.1087405767355,1,1,0,0,4,1,0
54409.76852865667,602.4701112027549,7.790527621598136,0,0,0,0,11,0,0
20000.0,509.14245494010834,5.211569300101645,1,0,0,0,2,1,0
58616.61035525838,771.0833148481837,10.616510303419108,1,1,1,0,10,1,1
20000.0,695.5222516785168,7.162382464251113,0,0,0,0,3,0,1
70810.93865039435,713.6807976004686,9.49191976033157,0,1,1,0,2,1,1
71732.84528706237,726.93504415435,8.639998410454476,1,1,1,1,4,1,1
90778.74273009531,636.8215816992829,16.550455400584475,0,0,0,0,8,1,1
20000.0,656.7672506998028,9.914117265762506,0,0,0,0,11,0,1
54816.86354892258,769.0881553561595,6.754940160229903,0,0,0,1,9,0,0
66914.49678159512,664.3664711455309,7.018257101337863,0,0,1,0,7,1,1
63268.4491499093,697.0020232051196,9.371851165221099,1,1,0,1,2,1,1
24041.021745954462,719.6440573760409,9.053410465987454,0,1,1,1,7,1,1
20000.0,701.4345065938115,9.60174607894456,0,1,0,1,10,1,0
60408.80890653443,639.7464663786805,5.9728292296170515,0,1,1,0,6,1,1
45425.00965070241,647.2892925748864,5.469824229351039,1,0,1,0,4,1,1
32999.882211156786,712.2112350380754,5.8837066484566565,0,0,0,1,1,0,0
72918.36091146398,712.0802287947781,11.034022120049201,1,1,1,0,10,1,1
48652.413855367005,743.4586079215569,7.894752908210279,0,0,0,0,10,1,1
20000.0,694.0877586647871,6.898580789540632,1,1,1,0,1,1,1
20000.0,697.7284490873644,10.613951444480207,1,1,0,0,6,1,1
20000.0,614.3013306572443,7.352215047311141,1,0,0,1,12,0,0
121790.3688430036,603.5080391142478,8.695872042536916,1,1,0,0,7,1,1
71683.3032179832,712.4504539481195,9.729507750475062,1,0,1,0,1,1,1
55658.370259250354,604.06519455869,10.26299674749627,0,0,0,1,12,0,1
44550.17218442586,648.343919750651,8.489622987032586,0,0,0,1,2,0,0
42578.21180157693,760.3218592777033,6.542743706721991,0,0,0,1,9,0,0
85015.87950077285,747.6456233876071,9.953588243748998,0,0,0,0,12,0,1
35282.12774289705,674.1431064637746,12.15706424306833,0,0,0,1,10,0,1
67307.61232052877,626.3088336133031,9.115473258863398,0,0,0,0,11,0,1
39547.161491252176,640.1296871725197,6.215142404249577,0,1,1,0,12,1,1
108204.69895505188,719.4128112844492,7.061120232643463,0,1,1,0,4,1,1
72268.65522734911,647.0800578043068,5.313958965235738,1,1,1,0,4,1,1
87366.70444050877,605.3374085591789,6.913674666154605,0,1,1,0,10,1,1
32467.706759352837,747.2619805126379,13.847415827140432,0,0,0,1,6,0,1
81744.08337702265,664.5280111303425,6.542113498819459,0,0,0,0,5,0,1
40622.677238159275,603.8195343206603,9.271531486160908,0,1,1,1,11,1,1
53301.044717985475,688.3152151146105,11.353663433332311,1,0,0,0,9,0,1
99051.43011858375,727.6974730554007,7.276247333148426,1,1,0,1,3,1,1
20000.0,569.3861548169791,8.145720432466916,0,0,1,1,8,1,1
56097.43193916201,633.9636869317652,7.7015504243442825,1,0,0,0,1,1,1
63140.157755561806,630.2653305929271,5.234248202180217,1,0,1,0,7,1,1
65600.1314240243,686.1829732626782,8.891987058090784,0,0,0,1,8,0,0
36476.46520719604,700.5606658287886,5.192731707913562,0,1,0,0,9,0,1
112587.92302424244,605.8820870976411,9.679444425328875,0,1,0,0,11,1,1
20000.0,530.579905927518,5.0948710501476135,1,0,0,1,11,0,0
93766.56165897408,732.5439003679521,8.091125865838633,1,0,1,0,12,1,1
86451.96816774916,560.404378353823,11.871120264767992,0,0,0,0,10,0,1
107026.66368811054,671.6947364035102,9.351396463777153,1,0,0,1,1,1,1
20000.0,639.4415281015454,6.001834415983711,0,0,1,0,1,1,1
23935.05536330869,662.995512416326,7.099244336901123,1,1,1,0,12,1,1
94758.29177484922,782.0987177365487,6.0949575100299525,0,1,0,0,8,0,1
20000.0,850.0,11.08723350524328,1,0,0,0,2,0,1
20000.0,519.3250070881113,8.714650708499867,1,0,1,0,12,1,0
35350.76639865525,728.7124924266338,11.768066232274542,0,0,0,0,6,0,0
55759.81365866803,637.5001781857883,10.753218162660417,1,1,0,0,8,1,1
97766.75220946324,733.8283610970042,7.641751175648341,1,0,0,1,10,1,1
44442.022552089256,726.581046094333,11.68353045130355,1,1,1,1,6,1,1
31752.82555806382,762.779584575853,6.390401907730533,1,1,0,0,9,1,0
59341.698130892815,672.7971932130158,5.259983494399226,0,0,0,0,8,0,1
64087.89449883203,578.8338812035981,10.387544016113939,1,1,1,1,7,1,1
63237.19466510814,724.2119590967696,6.534391524733676,1,0,0,0,5,1,1
44660.41376145965,659.4398060915252,6.91030444558803,0,0,0,0,1,0,0
20000.0,631.2925427892694,6.892097860719205,1,0,0,0,12,1,1
22471.520326810038,611.9020895436031,7.549313422436327,0,0,0,0,2,0,0
92608.13255802388,730.5068455284104,10.244507798925676,0,0,0,1,2,0,0
55612.068139298,778.2695593605902,7.404358264165568,0,1,0,0,1,0,1
40324.3364267883,554.3717953040293,6.12209365639621,0,1,1,0,12,1,0
83545.05645121925,699.7561793983144,6.378875790067682,0,0,1,1,5,0,1
20000.0,620.2090251661884,5.147033660178814,1,1,1,1,3,1,1
43239.55598860977,532.6182081446309,6.460277863470755,1,0,0,1,12,1,0
54132.75215522112,661.8164656610406,8.646707007586997,0,0,0,0,8,0,0
36758.674901161125,583.3489775848352,6.5965072318208415,0,0,0,0,2,0,0
53022.88468704796,523.7797417759842,6.991064348135364,1,1,0,0,11,1,1
44369.18205734705,587.4607622220373,6.4151860319679574,0,0,0,0,3,0,1
20000.0,567.7780865668917,12.653088438374144,1,1,1,0,11,1,1
55444.336456371675,598.2650517549287,6.345684651879577,0,0,0,0,9,0,0
20000.0,543.9292738437049,7.987627611184955,0,0,0,1,2,0,1
54968.45375290167,618.3887913099029,7.478123437454991,1,0,1,0,12,1,1
91224.07472450328,592.9400697532822,5.786881701402779,0,0,0,1,9,0,1
41569.304081718365,680.0491101716526,8.66127326169751,1,0,0,0,9,0,1
20000.0,697.4831189118653,10.091835531823389,0,0,0,0,3,0,0
46190.36560385059,670.8118861422754,5.356824260826121,1,0,0,0,11,0,1
25040.86675764406,631.1644433701193,5.773583204642796,0,0,1,0,5,1,1
67835.27007894409,629.0057923446149,9.145598756164347,1,0,1,0,10,1,1
45560.33757431439,583.0340010070908,13.081972682098192,0,0,0,1,2,0,1
101292.8975499372,584.9604272472051,9.2325188717092,0,0,0,0,12,1,1
84889.68787032014,706.2883094462989,11.989003234522063,1,0,1,0,1,1,1
45407.58486555792,509.2237921079629,14.722264495379848,0,0,0,1,11,0,0
71468.27203919273,643.5420049349646,8.257695886750003,0,0,0,0,3,0,1
38202.90772511464,624.1176750751039,7.801308652108569,1,1,1,1,8,1,0
51018.706554955046,697.9305681099914,6.018810414584399,1,1,0,0,2,1,1
39156.974109490635,535.9990413262119,10.655129615437415,0,1,0,0,5,1,0
72993.67879549126,650.9984564388751,6.172827484315321,1,1,0,0,4,1,1
92989.64830128735,677.4387473087286,10.73813350704407,1,0,0,0,9,0,1
73959.4462157343,497.6215025100804,6.969396723147206,1,1,1,0,10,1,1
77658.09803856068,564.0537621710611,6.44070502337163,1,0,1,0,5,1,1
77691.00311707187,642.6568122549767,8.1473689953909,1,1,1,0,1,1,1
66537.6776700413,691.1317526107443,6.757721841129326,0,0,0,0,7,0,1
20000.0,664.599944889016,7.3893855241520106,1,0,0,0,9,0,1
101029.145582495,694.8363402359846,9.735216866310733,0,0,0,0,6,0,0
104132.32480095275,563.6501989887477,8.473347577149555,1,1,1,1,10,1,1
42983.611900598946,522.8999720217579,11.315646261786329,1,0,0,0,8,0,0
38879.06254351454,656.7604644605432,6.365523108198087,0,0,0,0,9,0,1
68372.34958746124,551.6517409428708,6.127329936219287,0,0,0,1,11,0,0
66524.38505550515,580.7742139161758,5.975574158517568,0,0,0,0,7,0,0
43941.617937409435,724.58226838611,5.317464053566133,1,1,0,1,5,1,1
20000.0,665.1279645413481,6.18028297707704,1,1,0,0,3,1,1
59171.03572249331,604.5484075795669,7.106272482870279,1,0,1,1,4,1,1
66543.09614526636,594.157479628723,5.773755521823455,0,0,0,0,4,0,0
71774.63444116391,699.6737245511332,9.72413891202742,1,0,1,0,7,1,1
60478.78317062622,666.9576748519987,6.911367147629286,0,0,0,0,9,0,0
41866.54554914272,552.8354686141847,11.106714411063262,0,0,0,1,2,0,0
79820.06118518834,494.1741013519242,5.465986782770765,0,0,0,0,12,0,0
51975.45492697755,800.544146611212,5.772888817434199,0,0,0,1,10,0,1
36052.30956905838,552.2016619745954,8.663180848194516,0,0,0,0,2,0,0
44580.39853862837,692.2157202640099,12.141039235315388,0,1,1,0,4,1,1
20000.0,770.8554345870539,5.981645932187363,0,0,1,0,8,1,1
44532.745274643836,661.8078055066525,6.146211776318481,1,0,1,0,10,1,1
70653.09559624006,601.9650658826237,7.55453265938185,0,0,0,0,1,0,0
60193.490664176905,535.916076664343,6.657392082949201,0,1,0,0,11,0,0
95619.92518943558,534.7991570943975,6.297653883394144,0,0,0,0,6,0,1
42110.752579528875,680.1355878941109,6.329004199227551,1,1,1,0,11,1,1
64619.394891599484,766.0781058359987,5.0132134275530715,1,1,1,0,1,1,1
73782.20528917316,618.3632722636377,8.227298461413858,1,0,0,0,9,1,0
120285.71024862224,605.5423630280509,7.07210471807541,0,0,0,0,5,0,1
54342.96473352921,705.7984872648949,10.328644732951545,1,0,1,0,3,1,1
20000.0,595.1242196876202,11.105057158713654,0,0,0,1,1,0,0
75437.86260065845,671.9586326102736,10.753756145547452,1,1,0,0,4,1,1
105971.82067905371,653.344116006841,8.724586802302278,1,1,1,0,10,1,1
40323.53869320136,617.2425553137556,7.623198668750957,1,1,1,0,6,1,0
75232.44615819247,648.7569473010784,6.74421122348805,1,1,0,1,8,1,1
86861.8416568676,791.0521691719983,10.332320043951336,0,0,0,1,9,0,1
80511.9663191046,698.3626355280765,6.12920645398459,1,1,1,0,4,1,1
53766.755674207336,737.4000643404783,5.3734174851441825,1,0,1,0,5,1,1
29045.787253605617,576.5044511263951,9.526206666989115,0,0,0,0,8,0,1
47561.61355959243,737.6748918086059,10.87862525219448,0,0,0,0,3,0,1
63758.01361632892,701.1216380375188,11.92125042561573,0,0,0,0,4,0,1
77246.67572275187,530.0323122752505,7.629572750175377,0,0,0,0,10,0,1
60018.35143997118,693.183258669688,9.821433260812057,1,0,0,0,12,0,1
38602.76100378269,608.9380690564258,6.237641282863753,1,0,1,0,6,1,0
66661.38968449306,526.3357058939507,6.591199413628994,0,0,0,0,5,0,1
75802.55203228461,660.3820585862096,7.358551635104545,1,0,0,0,8,0,0
61388.30169243441,693.1234072850087,6.343298047876068,1,1,1,1,10,1,1
24914.38656385025,662.1286454915651,5.927749671565145,1,0,0,0,11,1,1
44557.8189584843,641.2689132123396,5.521813700836869,1,1,0,0,2,1,1
78434.623292374,623.5531729233335,5.441344433506851,1,0,0,0,12,0,1
20000.0,847.3270407473245,7.461388602532287,1,1,0,0,9,1,1
20000.0,555.3944489177084,8.920331141831452,1,0,0,1,1,1,0
95242.48550432062,719.8337585885763,6.6922950129679935,0,0,0,1,2,0,1
65342.45765065639,651.2338376711187,5.34740058500592,0,0,1,0,8,0,0
68201.90007560319,581.6426794986374,10.660500398630024,1,1,1,1,8,1,0
20000.0,646.1280759497137,6.096178415379251,1,1,1,1,8,1,0
72125.84190399614,538.5653889929106,7.4423263885818445,0,1,1,0,2,1,1
58257.460627050925,602.3607674554517,6.90739463663161,0,1,0,1,8,1,1
20000.0,646.2452539331515,8.358243443537766,0,1,1,1,5,1,0
92728.50242821572,525.9106353120696,5.4959857915533945,1,1,0,0,4,1,1
54760.49970856187,690.5106030790447,13.025890460147973,0,0,0,1,2,0,0
38117.48101762193,572.8991167270774,7.729428051653038,0,1,0,1,9,0,0
38660.30762044347,533.8623233589158,5.1546590987169125,0,0,0,1,3,0,0
20000.0,563.5665811337303,6.869142404808828,1,0,1,0,12,1,1
67800.0979889409,824.0763329468389,11.192922663163671,0,1,1,0,5,1,1
57855.71621737176,491.7548686504928,6.7322667459198815,0,1,0,1,4,1,0
44177.59603000715,684.8898471015832,7.537310241180304,0,0,0,0,9,0,0
88354.55622355017,589.8690983184571,10.224347480993258,0,1,0,0,4,1,1
20000.0,621.989746278595,6.9452758493191284,0,0,0,1,5,0,1
32096.825708971544,698.3144742944266,11.138622754748493,0,0,0,0,11,0,1
24499.752357188423,694.3854971871136,5.547880163154288,1,0,0,0,8,1,0
41636.15060685341,595.5442864670567,9.311291044648621,0,0,0,0,4,1,0
52024.10075771669,541.3740794693365,6.851084181192868,1,0,1,0,11,1,0
62900.405714340646,699.7712778960512,6.803925648815186,0,0,0,0,2,0,1
39590.79640684648,694.1901754407476,5.748840073936538,0,0,0,1,11,0,1
23679.327945353187,627.2024392969449,8.335945065835745,1,0,0,0,10,0,1
100580.20849311333,685.3555507046702,13.275117731897486,0,0,0,1,2,0,1
122349.20575365706,614.3336415219571,5.4034604388216545,1,0,1,1,10,1,1
54298.60015646076,583.8369947972169,5.104841166074603,1,1,1,1,9,1,1
27296.588989373984,650.316974489686,6.559943446534075,1,0,0,0,10,1,1
94263.62393126883,691.5226192873214,9.347781297266911,0,0,0,1,6,0,1
20000.0,674.7400215641946,10.2854844226663,1,0,1,1,12,1,1
39956.800258855175,690.7330144061337,9.101318203072204,0,0,0,1,1,0,0
29116.488459610948,589.15369013687,10.005882249445577,1,1,1,0,10,1,1
20000.0,776.5504899806602,5.666096050812103,0,0,0,0,2,0,1
41599.273012346915,622.60953157291,10.117189991158337,0,0,0,0,9,0,1
24074.837624781052,640.4867478818727,11.247762144765506,1,0,0,0,8,1,1
50379.63392445963,544.5075272625705,5.92281307873222,1,1,1,0,9,1,1
50815.31503017392,634.4915874962173,17.88466999136172,0,1,0,0,11,0,1
31360.04829434062,692.5790189481214,5.799794072500168,0,0,0,0,12,0,1
38884.59930218391,711.0008490154132,7.214023947416162,1,0,1,1,6,1,1
43074.53096288868,774.9552589749426,6.685728993560871,1,0,0,0,3,0,1
74295.38183358281,691.6187916660368,10.423572103044835,0,0,0,1,11,0,1
45547.11796807443,672.1530556639763,5.413228066665992,0,0,0,0,4,0,0
74741.05222358293,614.2963910788544,6.926821868907378,0,0,0,0,7,0,0
67574.38950663967,597.0607673413595,8.902287679436146,0,0,0,0,8,1,1
67145.92090702226,727.6198811734524,9.255300280379002,1,1,1,0,12,1,1
91635.3791103792,726.0856281391127,5.624942995749539,1,0,0,1,10,1,1
20000.0,563.8389839320982,8.612087201558623,1,1,1,0,9,1,1
35804.506810786595,707.8476709722785,6.846175351988389,0,0,0,0,10,0,0
102898.96400898708,702.0306953116674,11.91199143435352,1,0,0,1,8,0,1
42280.504982321974,560.8952891988645,7.461912018223931,0,0,0,0,2,0,0
20000.0,693.2365443831342,8.089896048108196,0,0,0,0,2,0,1
43910.94970556344,566.0362832414554,10.574787003391066,0,0,0,0,12,0,0
54048.185904897495,455.6565625861209,8.79955102436758,1,1,0,0,5,1,1
20000.0,637.191806904636,5.22641055745851,0,1,1,0,2,1,0
90018.06919663845,670.6251764203992,7.270097001215328,0,0,0,1,1,0,0
28588.626084031937,640.7943356093509,7.110214792558445,1,1,0,0,10,1,0
59856.89345562547,850.0,7.207639401386513,1,1,1,0,11,1,1
43220.55363967813,680.308098338798,5.096105304871631,1,1,0,1,11,1,0
20000.0,661.771345543896,8.385819266622185,0,1,1,0,4,1,1
20000.0,684.3673042651272,8.044968954762185,1,1,1,0,1,1,1
21947.51490717359,614.6944796479922,9.997157425099426,1,1,0,0,4,1,1
82570.15727550915,724.3583249674831,8.985674649586688,1,1,0,0,12,1,1
45573.85435699545,678.8801556941681,9.672001136678455,1,0,1,0,4,1,1
34344.034503447605,675.2137363113993,6.377515458927238,0,0,1,1,6,0,1
21961.73262229306,600.0703821706448,5.122291137369977,0,0,0,0,10,0,0
85884.50664578378,524.8535738840725,10.246485509706954,1,1,1,1,5,1,1
93926.03817570761,609.8891128738168,7.077680696358098,1,0,0,0,9,0,1
85542.31696120041,672.6107085007914,8.267125913042214,0,0,0,1,10,0,1
64773.120174625,614.4240416204043,7.566670184987611,1,1,0,0,8,1,1
58694.901256121346,673.3381733653897,15.099881587226585,0,0,0,1,6,0,1
20000.0,631.4110498514956,6.210319618696115,1,1,1,1,11,1,1
42625.426198668276,684.4463587701218,8.525003776688592,1,1,0,0,6,1,1
29484.1938996069,571.8540699299749,13.087149963198598,1,1,1,0,6,1,1
20000.0,665.4312009508066,8.553019192769582,0,0,0,0,4,0,1
81711.30257496097,598.7236682918882,7.899302242341637,0,0,0,0,5,0,1
29125.101608231744,526.9373646295492,8.332377177205467,1,1,0,0,4,1,0
85878.25722305922,636.78767015773,9.765933430746024,1,1,0,1,2,1,1
76452.39202280037,772.9054059054438,8.265098352931354,1,1,0,0,5,1,1
66701.53929900256,533.3138873723215,5.58835832735206,0,0,0,0,12,0,0
68386.52215289552,659.5513800315359,11.865212491488988,0,1,0,1,1,0,1
31540.58353778877,713.8061650611379,5.0796800099113115,0,1,1,0,9,1,1
105735.50453871995,834.0024548115562,11.919722856661515,0,0,0,0,10,0,1
51293.76292859147,610.565361404265,5.881531278968162,1,1,0,0,12,1,1
59057.95055356112,599.4399516316549,6.505866108327452,0,0,0,1,9,0,0
30527.709993000826,556.6646243248587,5.9138293723546775,0,0,0,0,9,0,0
22065.0421766912,741.2413067876976,5.637009227255266,0,0,0,0,2,0,1
64318.8802642827,580.606853660874,8.198456855107755,0,0,0,0,11,0,1
56525.404878163565,620.352285457972,5.164979317451261,1,1,0,0,3,1,0
26319.429022922683,502.0849698102996,10.770938118182197,1,1,0,0,8,1,1
20000.0,720.717747414282,10.317819515643915,0,0,1,0,2,0,1
20000.0,742.660662462242,8.017343641296257,1,1,1,0,12,1,1
85884.01151273321,717.6620050867492,10.103589538202776,0,0,0,0,6,0,1
31602.385560497853,521.5739774917025,8.044565250611,0,0,0,0,9,1,0
39832.74362972499,698.5720832623444,7.533354150446648,0,1,0,0,7,0,1
93510.20776277187,516.18636922208,6.727647526560536,0,0,0,0,3,1,1
20000.0,654.6432241651393,8.721505515117823,1,1,1,0,8,1,1
28190.155228488296,666.4062063987038,6.6223127398284625,1,1,1,0,9,1,1
26936.995143179207,674.8146574486613,8.331673612485304,1,1,0,0,5,1,1
98542.05443498118,692.7709226109974,9.82748137549979,1,0,1,0,8,1,1
109801.50501747242,649.3573117152582,9.163100421583504,1,0,0,1,8,1,1
72546.89676206512,493.00563898171583,6.224789699063623,1,1,1,0,1,1,1
73501.5417246272,692.8096807039626,8.158130642636413,1,0,1,1,2,1,1
32589.349914418068,657.8086512902198,8.295577414803066,1,0,1,0,12,1,1
108419.85460712848,577.7904166903013,8.01687182502618,0,0,0,0,7,0,1
58030.887630759855,524.4482063090713,5.977520579452587,1,1,1,1,1,1,1
75593.3079334922,773.2017748739487,6.312286258602925,0,0,0,1,4,0,1
46834.25183687138,748.5040430632546,6.928378711589907,1,1,1,0,7,1,1
41959.02238017168,706.4765925845963,5.9585865186183735,0,0,0,1,10,0,1
99891.26778788352,595.8960071012237,7.720045920159819,1,1,0,0,5,1,1
66191.71039214921,448.6403558230786,5.074418822608946,0,0,0,1,2,0,0
93541.26383211145,711.1743340348188,8.846748960351707,0,0,0,0,3,0,1
57659.845152351336,679.334941908406,5.894031005988235,0,0,0,1,8,0,1
24549.00390730728,620.0270152742258,7.993964031180863,0,1,1,0,1,1,1
32499.712013645363,739.9845045358301,9.547004316242685,0,0,0,0,12,0,1
53088.957273938315,717.839802717028,6.948277647911576,0,0,0,1,5,0,1
31204.993518700197,664.087639058468,7.073049639939796,1,1,1,1,3,1,1
20000.0,652.8046734296892,13.310579126722649,0,0,1,1,9,1,0
86042.51095361073,654.0774174079745,12.422336145597349,0,0,0,0,6,0,1
33653.897875294635,704.3951898267796,9.181031656123734,0,1,0,1,5,0,1
54145.782433739616,581.401892276561,11.153342320949282,0,0,0,0,3,0,0
58884.007696568144,684.0786497428029,13.416783199727007,1,1,1,1,4,1,1
32355.406240382938,576.3527244424328,5.1184703493362464,0,0,0,0,12,0,1
93523.98398926218,756.9244137401787,9.480976783608462,0,1,0,1,8,0,1
20000.0,692.5702857260187,8.845973160793648,0,0,0,1,1,0,0
57848.757907423125,594.9417390688857,6.576008648526752,0,0,0,0,7,0,0
57383.53119129751,656.44766592238,5.493516065349082,1,0,1,1,1,1,1
48372.36191407556,581.6970895977568,7.28102554009441,0,0,0,0,1,0,1
20000.0,770.3290270160637,11.400030559157411,0,0,0,0,4,0,1
76124.52655590393,779.8300787576968,8.013808402886742,1,0,0,0,2,0,1
72305.3201100379,705.6978946050278,7.412663236082583,0,0,0,1,1,0,1
29732.94414226351,774.5325254123662,9.800223858509769,0,0,0,0,8,0,1
71224.61621616085,662.1436759098,9.075443453971477,0,1,1,0,10,1,0
61247.230589023275,711.0810053739838,10.138951476156361,1,0,1,1,10,1,1
20000.0,747.9779617527804,6.05843318545055,0,1,0,0,7,1,1
24382.132562859275,649.5405123587267,6.338918786409799,1,1,1,0,9,1,0
84148.44334668739,655.6883085853876,5.625852038687733,0,1,0,1,2,1,1
59282.48555426151,724.6925281143118,12.51146242549434,0,0,0,0,10,0,1
33070.91162568121,701.7198372476795,8.829393043888992,1,1,0,0,10,1,0
24245.72326482074,589.5631423839158,12.297933291629825,0,1,1,1,6,1,1
34538.18605653737,475.0536502982825,8.8660824000503,1,1,1,0,3,1,1
36665.614103668864,635.9577549922361,6.8112985217124855,1,0,0,0,5,1,1
24621.10902112245,482.2468656619857,12.814462184037115,0,0,1,0,9,0,1
20000.0,570.7186131115561,9.40249049121483,0,0,1,1,3,1,1
84200.39859202356,580.0570434239693,5.979280363136126,1,0,0,0,9,1,1
79119.01017834329,604.5086151247899,6.386604766142147,1,0,1,1,8,1,1
20000.0,715.6350515330834,6.0566114949006025,0,0,0,0,10,0,1
54089.33886691003,733.0143632584209,8.66002580395436,0,0,0,1,11,0,1
22932.853918557,690.6992575845766,5.184725295031558,0,0,0,1,9,0,0
42152.98330320394,700.6005580849444,6.300992100786396,0,1,1,0,2,1,0
39657.0026037903,702.4896365094917,11.563861604073468,0,1,0,1,4,0,1
37164.97352846382,450.2536007023261,5.803674678283711,0,0,0,0,3,0,0
110088.41252228859,650.8158145605693,9.967647307672562,1,0,0,0,6,1,1
36790.22945971429,506.2833023063996,8.59078844777026,0,0,0,0,8,0,1
25752.085247992258,690.7311580537232,6.566026938794417,0,1,1,1,11,1,1
27122.557115088563,482.55134821442425,15.086097722923144,0,0,0,0,7,0,0
81313.30869205265,635.5649171719441,8.86761014608581,1,0,0,0,12,1,1
20000.0,693.8215820815669,5.521076701148674,1,1,1,0,2,1,1
27121.312506934395,560.5793641346951,7.317915332895675,1,1,0,1,5,1,1
93404.68520334602,726.9372768410576,13.359196754846517,1,1,1,0,4,1,1
57319.585639929406,690.5297735961398,8.849517627639022,0,0,0,0,12,0,1
55757.6601510834,680.4659756670328,8.281161988629968,0,0,0,1,1,0,0
113964.39380431105,705.8401270008426,5.358932148177415,1,0,0,1,11,0,1
57390.43858845496,621.2639929786676,7.910490051400046,1,1,0,0,5,1,1
28754.415159212527,662.1535091005447,7.485273500973449,1,1,1,0,5,1,1
41537.688293709536,650.804125778736,5.724528359917701,0,0,0,0,5,0,0
20000.0,648.9960844307084,5.307331100026472,1,1,1,0,3,1,1
87678.11120047091,596.2375138682338,5.10766352315717,0,1,0,0,1,0,0
67236.85152610147,550.5974308221836,5.007938496552113,1,1,0,1,10,1,0
83732.42449912668,623.0513320568419,11.502730829925774,0,1,0,0,7,1,1
86389.51785648112,618.6441674244586,14.328198417056436,1,0,0,0,9,0,1
37573.67657217402,591.0615209986488,5.92792131627204,0,0,0,1,10,0,1
21657.414439733308,718.1643025448019,6.750269382548528,0,0,0,0,6,0,1
48448.606660758625,556.2234705715509,6.359964443180244,1,1,1,0,11,1,1
23817.16787634385,636.2792672887007,8.496618778230486,1,1,1,0,4,1,1
54948.70626227074,743.3071769249002,5.604142923880699,1,0,0,0,12,0,1
83962.90642504068,722.7303482079642,6.157107642564109,0,0,0,1,5,0,1
44955.810618524985,747.3035108077826,10.207235509818933,0,0,0,0,3,0,1
54499.85269723217,602.7375538100619,13.31047073405919,1,1,1,1,4,1,1
47184.631513299006,712.7430500582166,10.908089615960861,1,0,1,0,10,1,1
74081.82717313094,564.9623682417495,12.066115693679837,0,0,0,0,3,0,1
29966.5281713513,627.9300835346768,6.841672563239172,1,0,0,0,12,1,0
20000.0,635.4595351375846,6.34326847981747,1,0,0,1,10,1,0
64126.06578126142,603.9327830241592,6.601142609649735,1,0,0,1,7,0,1
79635.03263923981,621.054880953238,5.175307266982944,0,0,0,0,4,0,0
63391.22734275607,610.5299258002118,13.580544976372725,1,1,1,0,10,1,1
30793.085135959584,571.4084951118643,8.656852003933219,1,0,1,0,6,1,0
20000.0,718.5130804804633,12.501820955225835,0,1,0,0,8,0,1
64834.92595340964,635.4039997700585,11.289958096589332,0,0,0,0,11,0,1
54244.36858804021,666.1149235133829,9.058683137166582,0,0,0,1,12,0,1
46226.22117025011,663.1021496954284,5.3901358150751975,0,1,1,0,8,1,1
104673.90028981373,654.3781140088017,11.490901420715437,0,0,0,0,12,0,1
21595.99717456005,657.4243636845143,9.241568936259322,0,1,0,0,6,0,1
103251.11063382396,625.5666223975182,9.595780169238179,1,1,1,0,9,1,1
50953.5171461192,763.471749481189,5.449441412101698,1,1,1,0,6,1,1
20000.0,710.8595809308288,6.734187914792248,0,1,0,1,9,0,0
44623.920370425774,651.4705626216816,9.944971136998978,1,0,0,1,6,0,1
78784.88229798323,614.2356451227149,5.215344098228918,1,1,1,1,9,1,1
39048.34901585088,640.4943325816736,5.543466425245474,0,0,0,1,8,0,1
20000.0,683.4097213097397,8.18108188362556,0,0,0,0,7,0,0
45064.5640461149,769.995207402905,5.204308416471434,1,1,0,0,8,1,1
24284.828783248828,540.1561964267964,12.568501171291672,0,0,0,1,4,0,0
64754.43203263888,702.7819806913423,6.754434977344526,1,1,0,0,7,1,1
73201.99448202834,740.1378909422907,6.5979708702125714,0,0,1,0,2,1,1
20000.0,531.0625224075815,6.028877567293911,0,0,0,0,3,0,0
28825.878346530513,635.507929861498,8.407063208467132,0,0,0,0,3,0,1
72699.27395320813,564.8385621533569,6.728133909832037,0,1,0,1,5,1,1
24234.671651031225,684.4423689341628,6.273356756244447,0,1,0,0,4,1,0
20000.0,621.3319254115559,9.466344116448134,1,0,1,1,1,1,1
20000.0,639.5888746495899,10.314645619150363,1,1,1,0,11,1,1
60561.15838874361,617.1155354177221,10.360488007710742,0,0,0,0,7,0,1
59274.73158552393,707.6130746214615,7.517467610404605,1,1,0,0,10,1,1
29478.61908862875,668.3226368478511,11.389575776825462,1,0,0,0,2,0,1
50152.561883847025,668.4741411231724,8.6714932125805,0,0,0,0,8,0,1
95813.97152465391,662.8497460065163,9.042403411534274,0,0,0,0,4,0,1
20778.19529245335,695.799270436171,12.650443372753871,0,0,0,0,10,0,1
20000.0,629.0422516114942,6.79734021075174,1,1,0,0,5,1,0
63652.26727161111,786.0619830032741,6.466014590999419,0,0,0,0,4,0,1
46687.965082952345,551.2164199025184,7.812197218744105,0,0,0,1,4,0,0
28699.24739554696,511.9265241464281,6.460961100073274,1,0,0,0,6,0,0
69562.40712064724,505.30555451131414,8.84926277116089,1,0,1,0,5,1,1
75176.7543400637,483.63295045660516,5.868931869879484,1,1,0,0,6,1,0
20000.0,703.8535851856202,11.658586145735876,0,0,0,0,2,0,0
30422.06272005535,694.1094159426112,9.431253903798293,0,0,0,0,1,0,1
119525.48693590565,746.6221193420477,6.2914318334046895,0,0,0,0,11,0,1
67502.14747394572,565.4689428235582,9.6050154958202,1,0,1,1,12,1,1
70283.10914891449,709.6369163796401,8.963011235442579,1,0,1,0,12,1,1
85186.82835894436,654.5459249719445,10.667146588463254,1,1,1,0,3,1,1
50512.064755991785,663.3269199324687,10.064409334604498,1,1,1,0,10,1,1
73900.52480274861,700.0498316279686,6.579885446305599,0,0,0,0,8,0,0
71541.86131511608,589.4974599150045,10.098415091966777,1,1,0,1,11,1,1
66171.24490258277,850.0,5.541440162528306,1,0,1,0,1,1,1
40339.64088147786,756.5504243420282,10.48508558521288,0,0,1,0,8,0,1
55161.76767098776,607.4635236803712,5.205232497634524,0,0,0,0,2,0,1
32349.153070796652,562.7409553821321,8.111251152643215,1,0,1,0,12,1,0
50384.42913699485,642.9676670556247,5.501638690853543,1,1,1,0,11,1,1
20000.0,664.5806754865633,5.274691416273302,0,0,0,0,11,0,0
26281.280261811426,735.2492207766649,6.810630555212969,1,1,1,1,10,1,1
41530.638742252115,556.5023270745339,11.47657821527541,1,0,0,1,4,1,1
21688.837057097717,672.8389554559333,6.587075435347902,0,0,0,0,11,0,0
34849.48187764471,527.6787980468168,13.135130047063615,0,0,0,0,11,0,1
45082.220697334524,684.9086074728895,6.821207613910169,0,0,0,0,3,0,0
62067.87033993132,641.3996623633559,8.069325170832176,1,1,0,0,1,1,1
78477.71905558728,804.9343809828611,14.153211976914402,1,0,0,1,8,0,1
36086.468858656764,526.3197964624259,5.499272069380868,0,0,0,0,1,0,1
90053.13851805872,759.6486705192084,9.21956892756402,0,0,1,1,7,1,1
78158.3323587648,513.6934931867025,14.294914654519738,1,0,1,1,3,1,1
65122.81495831825,543.8231780474797,7.932467544721918,0,0,0,1,3,0,0
54609.47387889857,515.8324353222267,8.089557728143582,0,0,0,0,9,0,0
59573.62525605624,670.0282086760843,7.205882032177636,0,0,0,0,8,0,1
85611.53451999146,556.1040951397013,5.65850565328882,1,1,1,0,12,1,1
86707.38979277821,542.133479577557,8.72344558979555,1,1,1,0,10,1,1
90048.40185150929,666.2214081298705,15.595166454752748,0,0,0,0,3,0,1
51239.804956310094,686.1420308699752,8.706001941246008,0,0,0,0,12,1,0
66649.0149499584,653.1879443320261,7.218138409318524,1,0,0,1,11,1,1
90306.39519866154,637.0224680782758,6.651577772640533,0,0,0,0,9,1,1
31288.518952508217,796.3127705949743,11.86076724368527,1,0,0,0,6,1,1
40447.49438845088,661.6669012993576,5.8532326394759995,0,0,0,0,3,0,0
50481.09989040435,714.4553179137799,6.790805391460406,0,1,0,0,7,0,1
76987.9621393822,661.4337700551966,5.1942404592782525,1,1,0,1,4,1,1
77455.16452155868,562.1698969396252,8.054570335529341,1,0,0,0,6,1,0
43074.07666406194,693.9910145521613,11.472042291819513,1,1,1,0,2,1,1
20000.0,597.5362150824167,14.900261132292158,0,0,0,1,9,0,0
57385.518328879014,642.7211089568611,9.338471962944972,1,1,1,0,3,1,1
22450.515880147963,674.4322145514741,11.188132255501412,1,1,0,0,10,1,1
20000.0,494.68655464906857,7.004252991602369,0,0,0,0,4,0,0
20000.0,521.2398300886616,7.709449690819396,0,0,0,0,9,0,0
59791.43023536682,722.756733799805,9.60908979160071,1,0,0,1,7,1,1
90831.12082798421,596.9002842720845,14.447382747653048,1,0,1,0,2,1,1
51166.835487087315,600.6942408712912,8.619934746491458,0,0,0,0,11,0,0
56341.41963937894,663.3150717896656,11.070566284225007,1,0,0,0,1,1,1
85486.84816633776,619.1461922302504,6.5620452979030865,0,0,0,0,7,0,0
20000.0,683.4070705314232,13.183323224059285,0,0,0,0,2,0,1
65605.29264800815,645.9102569013564,6.273040657239463,1,1,1,0,12,1,1
49652.30647043536,665.8882360144358,11.43032369446755,0,0,1,0,12,1,1
66981.72376496202,593.8513287806198,5.008683388783769,0,0,1,0,6,1,1
35495.482747885515,665.4875858624742,10.945790551601668,1,1,0,1,6,1,1
25461.881287205535,738.4071269468355,15.708242124830388,0,0,0,0,11,0,1
54215.267128568164,604.5801427108642,7.517992896323502,0,0,1,1,5,1,1
99475.73970003385,723.2254640217722,8.11252179741783,0,0,1,0,2,0,0
75827.30313624388,645.8751745341881,8.115081132104219,0,0,0,1,9,0,1
34769.21689459725,708.758532478235,7.774358722493307,1,0,0,0,1,0,0
20000.0,660.3017054682489,5.52812197006822,0,0,0,1,10,0,1
20000.0,647.3271263921658,5.441458525439087,0,0,0,1,1,0,1
89482.98355551444,677.9783745661093,12.775553853677826,0,0,0,0,2,0,1
21347.531355925174,747.0878049841799,9.628367194329329,1,0,0,0,8,0,1
40234.597610151905,668.887783537206,7.914335559019198,0,0,0,0,5,0,1
89636.33378232729,688.2824664726718,6.451724424904062,0,1,1,1,3,1,1
20000.0,620.5212069138639,7.694586636442565,0,1,0,0,12,0,1
94767.93528425175,775.6709179196021,10.835705818070203,0,0,1,0,4,0,1
42390.78638322494,701.2269688743737,15.818818081699701,1,0,1,0,4,1,1
20000.0,656.2166768020005,12.307377862684934,0,1,0,1,9,1,1
42579.472185532606,640.1877062196261,9.39611973032596,0,1,1,0,5,1,1
28322.09655795567,728.2326615418489,5.032875603916882,0,0,0,0,4,0,0
63224.59396717147,601.5036738363792,8.342155665016278,0,0,0,0,7,1,0
30556.026983366668,507.36999869829333,7.330054383633449,1,0,0,1,6,0,1
20000.0,655.7919679539564,5.393342641036374,0,0,0,0,2,0,0
43383.12396773032,745.2003658491475,11.452630003835534,1,0,0,0,12,0,1
20000.0,777.304704894774,11.210890422629667,0,1,1,0,4,1,1
56129.596519649596,641.4164845252897,8.767888530369095,0,1,0,0,3,0,1
20000.0,653.4870131153426,5.809671149161676,0,0,0,0,12,0,1
35359.615904837425,691.5624346012764,7.071877710196962,0,0,0,1,9,0,1
55477.634126430086,628.8520464908988,6.482553194581569,1,0,0,0,6,1,1
43626.23824897192,691.3124758712919,5.6677071746164716,1,1,1,0,2,1,1
57512.90849003135,643.1678599145386,6.617479237761591,0,0,0,0,5,0,0
70408.6149715327,730.9094605752143,9.489471781204504,0,0,0,0,6,1,1
20000.0,707.8384410478259,10.182510195584541,1,1,1,0,1,1,1
48068.07378125876,714.8182265841946,10.949433108994569,0,0,1,1,10,1,0
20000.0,633.574588415833,6.101771226991257,1,0,0,1,6,0,1
57419.999050475715,804.0741856401809,10.25621401879073,1,1,0,0,3,1,1
40975.57608875473,688.7129553903578,7.182019430786449,0,0,0,0,8,0,0
20496.50709566086,669.7835242789465,8.497631548365096,1,0,0,0,12,1,1
59471.582668895724,589.1245615546422,7.3026974084154,0,0,0,1,5,0,0
85180.92731555202,642.2342543881157,7.37581407474866,0,0,0,1,6,0,1
35719.4675720317,659.1503808562109,7.534779085500892,0,0,0,0,4,0,0
21655.565292748397,586.985816286056,6.231828272559341,1,1,1,1,1,1,1
54950.75787316135,626.6146283384729,5.25909332824429,0,0,0,0,4,0,1
20000.0,636.7359985517592,8.05543854072387,0,1,0,0,10,1,0
30188.558883933827,654.4736528738574,5.979810527948399,0,0,0,1,4,0,1
86672.06484951507,508.98344079667163,6.304083226510377,1,1,0,0,4,1,0
51865.37689436863,639.1783567436588,5.0301252481941505,1,1,1,0,3,1,1
20000.0,619.8123053536054,7.162323081971838,1,0,1,0,12,1,1
20000.0,648.329268030008,5.1867013586234405,0,1,0,0,3,1,1
54862.570779403264,732.8221252944205,7.587287101267879,1,1,0,0,1,1,1
75871.71727753062,814.1916393696965,8.672798610562346,0,0,0,1,8,0,1
20000.0,704.2701759715701,5.8409183940168585,1,0,1,0,7,1,1
63491.378224895256,551.246226234693,10.093513959602554,0,0,0,1,11,0,1
89910.30522469156,622.3674438533973,5.91649850803894,1,1,0,0,3,1,0
106635.76963875917,697.6770647064873,7.80345461531281,1,1,0,0,7,1,1
59936.68279579629,688.6632397143219,6.024682701086277,0,0,0,1,9,0,1
65204.07783657423,728.986058836246,7.245578043609957,0,0,0,0,11,0,1
20000.0,642.2119204567523,7.667922076447657,0,0,0,0,7,0,0
112992.57643987967,620.9199804507596,10.774378326001006,0,0,1,0,4,1,1
32735.29360711636,790.1939203132831,5.9776331450475535,1,1,0,0,1,1,1
21995.86524724876,654.693648269571,5.943108615373549,1,1,0,1,9,1,1
42343.815966811264,568.6660499183108,9.327616628792207,1,0,0,0,8,1,1
95350.20242556294,768.0106925626337,8.513359001071416,1,1,1,0,3,1,1
116241.38142630644,530.3123606884444,8.792247977952853,0,0,0,1,11,0,1
53762.26038427533,370.39638220091155,10.546711868184808,0,0,1,1,10,0,0
79942.52517810966,711.5509406430059,8.822368414557069,1,1,0,0,9,1,1
51296.12146056512,722.8560776819705,5.791425715303835,0,1,1,1,5,1,1
20000.0,683.1210353555753,10.368231224179354,1,1,1,0,4,1,1
94302.31012364873,545.803513280636,5.550169869859344,0,0,1,1,6,0,1
31336.175589308332,645.2904115806143,7.813867169841659,0,0,0,1,11,0,1
96065.92320115647,627.7465141156903,8.71592823528118,0,0,0,0,7,0,0
88956.23989307252,607.0168791286088,6.5088352654925306,1,0,0,0,6,0,1
68421.08791871625,762.9655544647424,7.56050242125561,0,0,0,0,9,0,1
104869.24268763058,566.2667153094649,6.8800554642706,1,1,1,0,1,1,1
116970.38099557215,675.288356248512,10.192027240000868,0,0,0,0,4,0,1
44742.69911107066,745.523758693006,8.680222534967886,1,0,0,0,1,1,1
25736.176447507063,680.515322025523,11.263498190369456,0,0,0,1,10,0,1
20000.0,749.2894697996298,6.391164516210642,1,0,1,0,7,1,1
117340.46766290769,695.0971777943143,9.54453853148786,0,0,0,0,4,0,1
36809.53973244651,684.3479736393623,7.215793364248068,1,1,0,0,1,0,1
84051.10571305218,679.3467895065718,5.275099626489483,1,0,0,1,1,0,1
27762.338974715505,699.075461332012,10.018015439362852,1,1,1,0,8,1,1
96147.96922736106,619.1568722070192,8.195299234253122,0,0,0,0,11,1,0
28996.4722455376,545.850091850177,5.255627399342832,1,0,0,0,4,0,1
20000.0,726.3234729170647,10.039823925956496,0,0,0,1,10,0,1
43744.80707138749,742.9393840404613,12.524148191469942,1,1,1,1,3,1,1
34046.72897115088,670.1583048724835,5.997766120239417,0,0,0,1,9,0,0
67888.99356383637,606.1299504292504,6.239758906502404,0,0,0,0,2,0,1
48458.152184224295,525.382630677629,6.288569870315936,1,1,1,1,12,1,1
68831.07183655765,656.864567993871,11.440604663954836,0,1,1,0,5,1,1
41269.355807441185,542.0839724225623,9.067649606713893,0,0,0,0,2,0,1
30046.778869435842,530.8809997889659,5.665897688630905,0,0,0,0,3,0,0
32493.183563117796,648.3414777587445,9.459166019845913,1,1,0,1,5,1,1
111348.1639409308,588.8984399049589,12.661057982870647,0,0,0,1,2,0,1
56755.127966808075,677.6247644931816,7.657741006333691,1,0,0,0,7,0,1
20000.0,637.25635179505,10.239387167884384,1,1,1,0,2,1,1
34393.72959637757,601.4692347021912,8.263045745700488,1,1,0,0,11,1,0
52905.980974276266,513.6067935416827,15.457480045203532,0,0,0,1,10,0,1
105361.99043751135,581.7689499335714,9.427762533204739,0,1,0,0,12,1,1
80860.96147669698,584.7090807959128,7.994530895976105,0,0,0,1,5,1,0
22348.464905542547,551.975386118803,16.444557172868848,0,0,0,0,5,0,1
122550.67260717353,623.6764563806092,7.747198481875655,1,0,0,1,3,1,1
49065.18905595567,558.2198407060279,8.164052854366775,0,0,0,0,2,0,0
87389.89433224834,636.9005802167028,12.737208665350844,0,0,0,0,8,0,1
20000.0,669.2328970934925,8.479967245595361,1,1,1,0,6,1,1
20000.0,583.9064036488658,7.484354074647774,0,0,0,1,10,0,0
20000.0,684.0326903534868,7.9064832893644965,0,0,0,0,5,0,1
20000.0,541.0913703001837,5.099621271557019,0,0,0,0,3,0,0
113362.67981758725,561.0258081282967,5.148028528019068,0,0,0,0,10,0,1
56435.98756659248,640.9426161900185,5.154766006571188,1,1,0,0,1,1,1
22260.67944655906,704.9632873510911,9.457919703480643,0,0,0,0,10,1,0
63578.72089940363,719.3919633191413,14.297562558846492,1,1,0,1,11,1,1
55680.02108540497,778.9912497726048,6.13805554354588,1,0,0,1,5,0,1
68628.00186841974,619.8728900145992,6.160813508322072,0,0,0,0,1,0,1
86285.94203408805,639.7998945057357,8.009984130122463,0,0,0,0,1,0,1
41302.36540924954,567.385957678561,8.020545671733336,0,0,0,0,3,0,1
23604.820816970394,549.6986934407182,15.548438676876879,0,0,0,0,2,0,1
74833.25643115753,668.285766906202,8.193672414404777,0,1,0,0,5,1,1
74069.98333653397,587.9302800443006,10.161850899757349,1,0,1,1,12,1,0
53022.074243640345,748.5903360013832,8.328219512110158,1,1,1,0,12,1,1
115326.62566042317,533.0091414506087,5.76552704957797,0,0,0,0,12,0,1
36865.33631415043,688.9082564659757,10.645022887362625,1,1,0,1,5,1,1
23004.26085094195,569.5408608946377,8.287479089036514,0,0,1,1,7,0,1
62542.742825198045,584.3641226582333,10.239393646641673,1,0,0,1,5,0,0
29751.86429259505,693.1289652201625,9.13677868319066,1,1,0,1,7,1,1
64865.49572434687,595.9295651113673,8.87490221994548,1,1,1,0,8,1,1
25009.752324816804,608.737274598408,8.459514723450749,0,0,0,1,12,0,1
37992.731512043436,585.0273309158745,11.623645035376857,0,0,0,1,1,0,1
106725.21260117495,792.8023833290754,9.837084165987843,1,0,1,0,4,0,1
37832.379297569634,600.6010951135993,6.912853462062284,1,0,1,1,1,1,1
26034.45367948111,654.124177394621,12.110944588292778,0,0,0,0,11,0,1
85120.363661195,633.8469119775141,6.2012614694956625,1,1,0,1,12,1,1
20000.0,667.7133649379409,7.340601602937423,0,0,0,0,6,0,1
29211.70309558796,600.8210442427252,5.119863828568451,0,0,0,0,4,0,1
67296.83361526983,633.934621236668,7.09565328422043,0,0,0,0,9,0,0
78152.34271619875,681.5161607195148,9.904820302614983,0,1,0,1,1,1,1
86614.29173243223,580.9594289597607,8.280007857982621,0,0,0,0,7,0,0
27583.345033385456,737.1457085302524,6.927273513995476,0,1,1,1,8,1,1
67880.2601895836,744.8384415233306,7.787552568209501,1,1,1,0,1,1,1
36016.75401367461,698.5194100926991,5.879251412251451,1,1,1,1,11,1,1
31830.33099468103,655.5901106877187,8.78823096663325,1,1,1,0,4,1,1
86096.38346876856,410.7518841436371,11.628831754285105,0,1,0,1,1,1,1
33513.368124212415,683.943290612357,6.8647918013874385,1,1,1,0,6,1,0
58346.137880629394,618.6935675816909,12.290735092904736,1,1,0,1,11,1,1
54667.38407691917,630.2980470865969,10.13387531597488,1,0,1,0,3,0,1
20000.0,498.2098135581747,7.534552660030178,0,0,0,1,5,0,0
78982.78566068962,689.4870788699354,5.621467893422013,0,0,0,0,1,0,1
66808.4268103686,534.1135162538436,9.139262513399874,0,0,0,1,1,0,0
20000.0,659.4739636793115,6.716566078646427,0,0,0,1,7,0,0
58322.63333712029,722.3725985527873,11.069761458428916,1,1,1,0,6,1,1
26810.79697500137,612.4537454945959,8.983049788224518,0,0,0,0,9,0,0
82912.25919237884,747.2841380182753,8.464173657288931,0,0,0,0,5,0,1
20000.0,590.2407697434255,8.03875300007271,1,1,1,0,1,1,1
39305.69094111367,698.0346461384802,11.463891154977194,0,0,0,0,8,0,1
60860.73652965397,545.6171398833178,11.396077328400835,1,0,0,1,1,0,1
51630.20882425625,732.4904347744418,6.099585515208477,0,1,0,0,11,0,1
72888.74770141914,720.0792306063432,9.437345328884707,0,1,0,1,1,0,1
20000.0,687.4686338370984,7.754020932283096,0,0,0,0,12,0,1
99557.43010602135,618.5372690708951,6.347396389254821,1,1,0,0,10,1,1
65754.33976364814,537.8399501257511,5.023078865709079,1,0,1,0,9,1,0
90791.54639002688,618.7487747824434,10.272582545358661,0,0,0,1,11,0,1
76227.20507699726,738.8245740598499,5.280570465909631,0,0,1,0,7,0,1
49651.69656634869,660.3969497255292,13.683667190890084,1,0,0,0,5,0,1
20000.0,525.757045639004,9.918954048675644,1,1,1,1,5,1,0
33093.40456253897,560.0217888464047,16.030139169664402,1,0,0,0,10,0,0
97686.89998587732,750.2521120681824,5.541555182651704,0,0,0,0,8,0,0
91563.13344969146,689.0330201702309,8.803160456041939,0,1,0,0,3,1,1
31412.0005968893,551.2799903408057,6.233384557975354,0,0,0,0,1,0,0
20000.0,508.7334803060325,9.01844525682745,0,0,0,1,5,0,0
43619.307970846436,599.9966292319947,6.9251288895272145,0,0,0,0,5,0,1
41368.913356126504,501.89130336080643,5.513304336233607,0,0,1,0,12,1,0
42506.8216387885,637.5332407994399,6.840945348908269,0,0,0,0,7,1,0
65856.17605494204,846.1300297469043,12.673871066119059,1,1,1,1,10,1,1
76286.3773796499,522.2435139440663,7.465011176906499,0,0,0,0,12,0,1
79708.98641298572,635.1179469435028,9.219342441001043,1,0,0,0,8,1,1
63371.27420406101,754.9541260265,8.235211038809274,1,1,1,0,7,1,1
20000.0,709.9270286640076,8.728010015379786,1,1,1,0,7,1,1
39764.00801920113,638.100742816069,5.119908486153943,0,0,0,0,9,0,0
119122.6935064757,638.2921063865442,7.408574490162911,1,1,1,1,1,1,1
61226.502044074354,557.5272174060336,12.602635256692064,0,0,0,0,12,0,1
61034.587053315954,628.5875383995557,9.882886089776441,0,0,0,0,8,0,1
60784.57819321574,669.4752571392104,8.474243639686842,1,1,0,1,9,1,1
62461.388675179696,738.4090834619273,6.759553278996383,0,0,0,0,2,0,1
20000.0,600.3859501188196,5.238289913718907,1,1,1,0,4,1,0
42814.27049266794,634.813189754923,5.906708730086448,0,1,0,0,8,0,0
48863.21504615932,574.0629215394654,11.514920965145357,1,0,0,0,8,1,1
88444.86197760237,668.0260143632404,9.151673211816906,1,0,1,0,3,1,1
51430.18683866888,712.7023560247171,7.480245976079679,1,0,1,1,1,1,1
20000.0,700.3718410743916,7.8669049562559135,0,0,0,1,7,0,1
62902.67468515257,556.3850339646116,6.240645145769095,0,1,0,0,1,0,1
25885.260552717642,661.7490567565131,5.22451781478909,1,1,0,1,7,1,1
20000.0,595.814997739985,5.800272653851264,0,0,0,0,8,0,1
24975.228598502577,730.8840012522267,8.522428502164665,0,1,0,0,3,1,1
66275.12688993546,637.094982178117,10.939587321641579,1,1,1,0,10,1,0
87762.83719280205,528.4389329407132,6.816180428884947,0,0,0,0,12,0,0
64487.898355327605,632.4157835513813,9.7503597975861,0,0,0,0,12,0,0
68960.69670851064,686.6778055359105,17.556455989125375,0,0,0,1,2,0,0
64191.35818514004,669.520485051424,8.493344215257512,1,1,1,0,4,1,1
53039.81530581405,609.0563189078416,6.369539599485186,0,0,0,0,1,0,1
70907.91904888273,603.1781288103083,5.526414553023678,1,0,0,1,2,0,1
20000.0,570.9996481426947,13.123526219691323,0,0,0,0,9,0,0
53332.650539145,618.4200303731755,6.1226157099403995,1,1,1,0,8,1,1
20000.0,581.5456826779358,5.994765910072345,1,0,0,1,9,0,0
84887.07717632418,727.6068788941852,5.907473278045306,0,0,0,0,1,0,1
45585.34084349419,577.9090087414706,5.401595079791365,1,1,1,0,11,1,1
50928.44264803491,659.7827569889761,8.02189507146738,1,0,0,0,10,1,1
20000.0,654.3443122661066,5.373585601820179,0,1,0,0,6,1,1
80504.92667038554,725.6533958307929,6.927406952180324,1,0,0,0,1,0,1
68819.84360821429,737.1494631166697,5.854410819427856,0,1,0,0,7,0,1
66708.43647021509,705.6775954625062,7.418150902842553,1,1,1,0,10,1,1
25609.31443493533,678.2342674632104,6.07584823890084,0,0,0,1,5,0,0
26790.8046518561,566.1083083124754,7.22169141097184,0,1,0,1,8,1,0
56707.98363337716,564.4903929809394,7.205441207613385,1,1,0,0,6,1,1
29165.047692558466,582.3447344188041,9.980036195246779,1,1,0,0,1,0,1
63046.78888032016,710.1536799702333,12.436976591354675,0,0,0,0,12,1,1
20000.0,655.8663942600509,7.084275508964037,1,0,1,0,12,1,1
35373.66330780222,719.492579258845,5.539496633118557,0,1,0,1,7,0,1
103902.60396279473,730.2242187456067,5.773623238207225,1,1,0,0,6,1,1
63184.57483987295,591.9238479760602,9.429230549595506,0,0,0,0,3,0,0
55003.80993592978,652.565946204575,7.258220555217687,0,0,0,0,8,0,1
109556.7960701407,648.9605057053128,8.111348656023422,0,1,0,1,3,0,1
20000.0,623.7769848300628,9.307964904746061,1,1,1,0,8,1,1
25540.666556356777,607.2125716380231,6.497997356701276,1,1,1,0,5,1,0
37964.80484757833,744.7804402728846,6.888358089717375,1,1,1,0,10,1,1
75750.5369901617,654.15773813724,11.033698812900672,0,0,0,0,3,0,1
76269.6908968471,651.0515830847814,5.145509320660492,0,1,0,0,8,1,1
24019.798730521215,585.7777860105124,9.580966705754276,0,0,1,1,2,0,1
79938.6296642765,704.0169944330804,5.635974765021306,1,1,0,0,12,1,1
37900.556980348774,569.5913999329588,6.076486099839162,0,0,0,0,11,0,0
86349.188769475,686.3924423075746,6.572091133218904,0,0,0,0,10,0,0
20000.0,688.5783488044129,6.76528871091952,0,0,0,0,1,0,0
46300.65202801518,616.9987960541146,11.123762866390141,1,1,1,1,8,1,1
35294.980538703196,675.4121664946543,8.234584563262363,0,0,0,0,8,0,1
81680.91114697141,664.853564723559,8.033927264068947,1,1,1,1,4,1,1
34316.56350301487,646.8511500151881,7.620655588704567,1,0,0,0,7,0,1
48726.54412964732,651.0355184116186,5.527926101262857,0,0,0,0,3,0,0
65204.341929891474,654.9425458554817,9.501306428233109,0,0,0,0,9,0,1
66357.75449078358,660.3929338137639,7.246755169464178,0,0,1,0,1,1,1
76608.57822419515,654.8193625074965,12.672445313171444,1,0,1,1,8,1,1
56333.74330534,561.6908647830287,5.365313799090765,0,1,0,0,7,0,1
37452.53254160506,637.8231239195516,10.928158287946339,1,0,0,0,8,0,1
39509.03763923749,671.1958880957498,6.362645679916586,0,0,0,1,5,0,1
50770.16945622836,657.7830982831433,5.286696631656314,0,0,0,0,12,1,1
57487.774282231505,726.3000207516111,7.137949946058283,1,0,0,0,8,0,1
45584.85056454691,699.6069271599564,7.6504287467008165,1,1,0,0,7,1,1
50576.102628966415,580.3672371957491,7.138194060383691,1,0,1,0,7,1,0
20000.0,636.6698313556484,9.036022634100622,0,0,0,0,5,0,0
70020.65853364035,625.093067724225,5.5837734000495445,0,0,0,0,7,0,0
55433.368666682894,649.6521210698253,14.524766143097825,1,1,0,1,11,1,1
80056.11240623266,649.761488012904,5.322669035144871,1,1,0,0,10,1,1
50004.81522221255,698.9217335391879,6.629752300544655,0,0,0,1,1,0,1
20000.0,664.1862690512914,8.446700177970722,0,0,0,1,8,0,0
39246.61432079975,748.443600416684,12.943394134172461,0,0,0,0,9,0,1
44002.102306447494,669.2802510129889,5.02538123920255,0,0,0,1,10,0,1
72287.09916300797,583.5527583730179,11.304897138868558,0,0,0,1,4,0,1
20000.0,612.6175503865425,7.701605311804075,0,0,0,1,5,0,1
51235.38550846805,698.3031256585407,8.922687982751452,0,0,1,0,7,1,1
65410.256473799185,520.8665388395452,6.35893409051979,1,0,0,1,6,0,1
30155.363441554407,542.3295668191964,11.646136279602638,0,0,0,1,6,0,0
52238.84029450542,650.8557765700184,5.66611669240991,0,0,0,0,11,0,1
31188.904725504664,726.0737694816933,6.633957440256017,1,0,0,0,7,1,0
28112.812003388284,754.5628345563903,9.312898176763095,1,1,1,1,9,1,1
37747.40449606049,632.6315402382583,5.506215373437334,0,1,0,0,2,0,0
28679.240225989677,734.8662949588708,16.604282516175665,0,0,0,1,5,0,0
70508.54935808998,655.7814327815119,6.336392703767232,1,0,1,1,7,1,1
27951.443694938665,527.4868014205415,6.74550377126521,0,0,0,0,1,0,0
22912.69978856218,649.3538770817304,10.608957422453393,0,0,0,1,7,0,0
103037.860005186,600.4873500302759,7.4128924105147735,0,0,0,0,9,0,0
78822.20035472106,723.4584704382193,6.0654282343819155,0,0,0,0,9,0,1
20000.0,647.945979171641,5.316915109107234,0,0,0,1,7,0,0
27056.951304423994,547.7669514754824,7.36128009572152,1,1,0,0,12,1,1
57273.889151681324,530.0228151273153,7.879165687328636,0,0,1,0,10,1,1
59712.652016944805,648.3216034068439,12.969568055427521,1,0,0,1,6,0,1
20000.0,456.38260228322355,9.54630681657652,1,0,0,0,10,1,0
84756.96478466966,608.5467768137679,5.0475124732634775,0,0,0,0,1,0,1
74756.73257544878,668.4824260594273,10.206588539181705,0,0,0,1,6,0,0
64457.04896121016,565.4386796755714,15.988928568457085,1,1,1,0,4,1,1
90701.85472136363,729.5189725524264,14.74491728244443,0,0,0,0,4,1,1
63568.69977712754,745.2805239800554,6.167914238342001,0,0,0,0,2,0,1
63457.42637755541,568.6639237798438,7.023661552002243,0,0,0,1,8,0,0
96730.37815466727,626.1564660642811,7.219730864012697,0,1,1,0,9,1,1
83036.58742183127,729.5754521057177,7.335383320330061,1,0,1,0,1,1,1
24754.77623265406,649.8953972595929,8.925239029771852,1,1,0,0,12,1,0
68995.85536015747,538.4417137520784,7.663998188085472,0,0,0,1,7,0,1
30071.96405124254,638.5343145148518,5.413074017520325,0,0,0,0,7,0,1
65124.63652850834,581.7657342163328,5.382411398616226,0,0,0,0,11,0,1
64298.40521059443,738.6558317140708,7.459180345553536,0,1,0,0,12,0,1
20000.0,698.4745675459671,5.2214972968151105,1,1,1,1,7,1,1
46344.63166066894,624.8994443787498,9.096923548938907,0,0,0,0,4,0,0
57957.710707412065,661.3718410024032,8.138917869444231,0,0,0,1,12,0,1
36911.29427017529,545.3502738422011,7.05745679818702,1,1,0,0,6,1,0
59441.29827172279,589.6978033153911,6.851524526125397,1,0,0,0,12,0,0
74176.93331003207,774.2623350153995,7.950247576677332,1,0,0,0,11,0,1
49082.20807307733,654.2811722063734,6.796924052739972,1,0,0,0,10,1,1
56737.98430124779,724.4068643833092,6.519598627721669,1,1,1,0,9,1,1
91502.72235667925,668.5610470726423,5.861198341794445,1,0,0,0,12,1,1
64195.897496756785,755.142547442362,5.595741722886551,0,0,0,0,9,0,1
56024.72869023421,490.09299739206244,6.663791559519629,1,1,0,1,4,1,1
21257.61861075918,634.9425932784795,8.875828465535562,1,1,0,1,2,1,1
70130.78034166546,781.5825316973112,5.804342636615045,1,0,0,0,2,0,1
59904.49848175816,726.4938748448516,9.76813564150845,0,0,0,0,2,0,1
88512.18301104225,756.0297807032152,5.885709971053805,0,1,1,0,12,1,1
51406.35629909934,649.4588325074807,6.628599351173667,0,0,0,1,1,0,1
20000.0,607.0314867669293,9.211944425497784,1,0,0,0,10,1,0
20000.0,567.8268432249657,6.9917310624084035,1,0,0,0,7,0,0
72070.422912792,562.2457526670792,7.299410317581335,0,0,0,0,6,0,1
32894.1920690554,714.5648449766816,7.904833686823839,0,0,0,1,5,0,1
63103.03253331492,691.0568840336682,8.96365181632836,1,1,1,0,3,1,1
53426.97933507068,644.6741240535712,5.629803748316693,0,0,0,0,11,0,0
44994.80996918238,690.6552523881345,5.025100931376508,0,1,0,0,11,1,0
47109.1614323533,661.3961407241649,6.2296123733675435,1,0,0,1,11,1,0
24038.314848643196,726.9774161119586,5.518905965992771,1,1,0,0,3,1,1
49526.66933300988,726.2149403926536,5.050183779665224,1,0,1,0,11,1,1
32465.19701616804,564.7300719612126,5.5308950378981905,1,1,1,0,12,1,1
38832.30439622886,671.8916789975832,9.42736244010208,0,0,0,0,1,0,1
40290.52865872517,516.4906599844735,8.447256030077144,1,1,1,0,1,1,1
43199.201903038425,660.6416590472477,5.692683483060195,1,1,1,0,10,1,1
77665.20369521259,698.3443423761269,9.325482667223842,0,0,0,0,8,0,1
46106.275123859195,544.9024524165471,8.244223696125637,0,0,0,0,6,0,1
80711.07009770296,616.6829811631334,8.040351710975948,0,0,0,0,5,1,0
96135.64853979445,650.7621101775842,7.935763777807237,0,0,1,1,4,0,0
75648.33953168448,668.7131933098711,10.69565536258817,1,0,0,0,8,1,1
66034.05605205533,627.7117037420132,7.642524492105975,0,0,0,0,10,0,0
59804.96628450561,556.2169478076262,6.958538316987854,0,0,0,0,11,0,0
75960.7612715021,645.6794238464594,6.64000246208169,0,1,1,0,12,1,1
52680.82215788718,517.8205146447217,9.882938268222507,1,0,0,0,12,0,1
79537.09537871595,631.3886850654284,9.740305066233473,0,0,0,0,9,0,1
68423.17415869053,614.6901109042457,9.868954599558172,1,0,0,0,1,1,1
39204.786176588364,639.2587461248463,7.899801414186616,0,0,0,0,2,0,0
76875.52640308418,605.2542418019453,9.70184953510394,1,1,1,0,4,1,1
52744.40017932706,529.385532947504,12.233203484356254,1,0,0,0,6,1,0
46816.039771630516,620.6925343528391,5.285527127420516,1,1,0,0,10,1,1
35714.025188030384,724.4656100029855,12.803428379987935,0,0,0,1,3,0,1
54980.565436237164,750.9168643191044,8.275549949642638,0,1,0,0,1,0,1
79893.8784623895,845.1467422975413,6.770602784195182,1,0,0,0,12,1,1
76668.20016779112,785.3320326718131,9.842876814928676,1,1,1,0,3,1,1
60601.8139237687,554.2449658665516,10.704784087100464,0,1,1,0,12,1,1
67989.30922175106,617.3249918981872,7.797066623479768,1,1,0,0,11,1,1
88150.90374567674,648.1771492129778,6.980273718757328,0,0,0,0,8,0,0
45501.01126487417,643.155213261304,9.075122306785332,0,0,0,1,11,0,1
20000.0,655.562666391698,7.087269688076178,0,0,0,1,5,0,0
89033.89556535718,842.6073137238047,5.681617540086873,0,0,0,1,1,0,1
34106.65243907845,563.4358763366082,11.054582494968738,0,0,0,1,5,0,0
29289.85629968286,592.9175091028561,8.871075151933866,1,0,0,1,10,1,1
20000.0,781.5060744071275,10.049732372778276,0,0,0,1,8,0,1
67138.4915949289,600.7214925532119,8.085116387891748,0,1,0,0,11,0,1
20000.0,681.4864520268573,5.513901592977124,0,0,0,0,9,0,1
27492.235769247894,732.7725895894566,6.820049858822968,1,1,1,1,6,1,1
67647.10383545177,688.9199213385624,9.421610099843535,1,1,0,0,4,1,1
71657.63757225116,665.3412506481993,6.317077301632598,1,1,0,0,11,1,1
30448.875553452992,725.0888615755188,8.490099173910108,1,1,0,1,11,1,1
45975.40019022784,578.5545154796024,9.831813904210307,0,1,0,0,5,0,0
23822.164207815407,610.2909496403199,9.977802437213597,1,1,1,0,3,1,1
33548.09636566452,692.8510070772131,11.568136083943987,0,0,0,0,7,0,0
57986.45780458721,484.44485926285995,6.123589748301233,0,0,0,1,11,0,0
34950.59963610627,763.3267058675754,6.617239221993504,1,1,1,1,10,1,1
42673.548794729926,674.2713900158225,6.187610322682628,1,1,1,0,4,1,1
20000.0,662.242540222492,6.480350331209016,0,0,0,0,10,0,0
83988.68494418412,519.5589697887154,5.992022153316428,1,0,1,0,7,0,1
65301.997795131974,547.0712699680209,6.74642902235441,1,1,1,0,10,1,1
73787.16115511605,618.1133068559311,9.926257464067591,1,0,0,0,4,0,1
88712.75973850588,714.5943880236479,5.080493662384127,0,0,1,0,1,0,1
25243.613733628506,483.8707190241132,10.612909322134234,1,0,1,0,12,0,1
39248.16550915929,713.0691840621885,6.629683705847608,0,0,0,1,9,0,0
20000.0,621.1974940713307,11.223407120226092,0,1,1,1,11,1,1
144212.68730306713,632.1261221806678,11.226314281888055,1,0,0,1,10,0,1
45512.44054047872,670.2874353352645,7.956599841605526,1,0,0,0,11,0,0
81161.83699744736,671.5453790277129,6.562292454333763,0,1,1,1,7,1,1
20000.0,593.0057128050722,8.533857241598081,1,0,1,1,10,1,1
79891.65276929029,699.9928070775075,6.5824441964485,0,0,0,1,8,0,0
105727.72629948996,464.44814880828494,11.243812102491061,1,0,0,0,5,0,1
48191.57752916055,613.9664890745876,6.361776707132684,0,0,0,0,2,0,0
20000.0,662.2945410541523,6.050176840164957,1,1,1,0,2,1,1
45836.107971633915,622.404054782842,10.184196958425476,1,0,1,1,10,1,1
20000.0,503.84717568272146,5.395396644410946,1,1,1,0,1,1,0
48863.398969344744,710.6421903008377,10.328599281157764,1,0,0,0,9,1,1
74629.01417938987,550.1289750298358,6.23969688568092,0,1,0,0,7,1,1
48927.270668794576,644.5988793977368,5.2522305935664155,0,1,1,1,12,1,1
41475.813359330976,662.2427677654098,14.4421659628419,0,0,0,1,4,0,1
65827.04348336099,651.5861723012293,10.553288818351547,0,0,0,0,5,0,1
68120.74540848657,743.5208740691053,9.954085892481753,1,1,1,0,4,1,1
20000.0,645.7389952005051,5.74383680468278,0,0,0,0,3,0,1
52664.68886836366,684.1964323757552,7.135332983250065,1,0,0,1,9,0,0
123079.5537268773,645.5276773479007,10.234198872716716,1,0,0,0,7,1,1
20000.0,699.036486733302,8.168612025491328,0,0,0,0,2,0,0
47437.435015008006,761.4796237638019,15.036741043891581,1,1,1,0,11,1,1
108252.38366155108,661.0033463577755,9.314654864045147,1,0,0,1,2,1,1
83125.25469631026,712.54802860664,9.997979545704839,0,0,0,0,12,0,1
34598.09957671816,766.4263147905758,6.437772974334913,1,1,0,1,7,1,0
56184.061388678114,758.5747397579418,6.686358800542584,1,1,0,0,9,0,1
49936.6496004553,619.1768477111032,18.008117730686347,0,0,0,0,4,0,1
27557.84587034998,732.9145884596134,11.459347086177758,1,1,0,0,6,1,1
47772.43677520753,669.9016928037754,6.843244826868542,0,0,0,0,6,1,1
41601.016015804125,739.3783998187131,15.336511675756938,0,0,1,0,9,1,1
53382.46814230249,695.490766685036,10.35220510502965,0,0,0,1,2,0,0
27548.504579269,672.053446082895,5.491514240506669,0,0,0,0,10,1,0
20000.0,684.7177664277084,5.3539346083650745,0,0,0,1,2,0,0
48761.576798228874,670.4190364831145,6.210617722577089,0,1,1,0,5,1,1
101453.54654536341,673.5466436109208,6.796883914915408,0,0,0,1,12,0,1
52466.087787883895,637.2934111534473,11.727318267918454,1,1,0,1,3,1,1
40052.186632053636,629.8620527513987,10.139393053650558,0,0,0,0,5,0,1
72622.57415115496,791.0539943498136,8.045464758048201,1,0,0,1,7,0,1
45250.41162213864,688.2022328888947,11.09732096401072,0,0,0,0,10,0,1
106040.9877487733,604.135606221488,8.869632195448851,1,1,1,0,1,1,1
49882.624721147644,627.8066054856286,6.035622376387828,1,1,1,0,4,1,1
71014.9118947449,734.5006762758361,8.22833157325558,1,1,1,1,4,1,1
27361.868528201812,591.1050631929104,5.95022246875714,0,0,0,0,4,0,0
65092.67760009987,531.4377854551192,5.995065221683924,0,0,1,0,3,0,1
58252.804308312625,537.3240687518364,7.562599977795971,0,0,0,0,4,0,0
48304.81626022376,511.68195198361695,12.941076819062165,0,1,1,0,7,1,1
34947.26716490839,546.0948113388433,5.384836166107899,0,0,0,0,3,0,1
30859.095030428765,555.5307248159352,6.555768124869099,0,0,0,0,10,1,1
58470.57991938958,760.8189903686512,6.297280322987648,1,0,0,0,9,1,1
68868.1732908942,646.3056629872585,8.249673628003249,1,1,0,0,10,1,1
46185.11611117606,620.9389168690626,5.203284093257221,1,1,1,0,8,1,1
58618.037873623776,534.5269549585141,6.288970751512407,0,0,1,0,8,1,1
48862.559656016914,638.5498882022928,6.360590364675539,1,1,1,0,12,1,1
52955.78074716163,511.0137549948646,6.267836564075056,0,0,0,1,5,0,1
43986.65051968325,620.4466262970908,8.662571892941362,1,1,0,0,3,1,1
50539.177381049245,815.159551187494,9.819153683214992,0,0,0,0,2,0,1
130941.21370452279,703.1042862965091,7.01090024162168,0,0,0,1,4,0,1
59349.02896422274,633.2161471716375,7.126442370514681,0,0,0,0,11,0,1
69358.90875293128,705.8498884325085,6.380062881106946,0,0,0,0,10,0,1
63140.70815984291,608.2765457497945,12.715186210706646,0,0,0,0,2,0,0
42115.49530108822,585.945780569665,8.852331128706535,0,0,0,1,11,0,1
88819.67639875005,786.3303703626274,7.096064847662774,0,1,0,0,9,1,1
41265.08688720976,558.6180276863781,7.832275141247319,0,0,0,0,2,0,0
81651.63646827654,621.670301145812,6.549302481590977,1,0,0,0,4,1,1
39973.79005800653,674.4826625890809,11.063827814761058,1,0,0,0,7,0,1
21200.824425678773,575.1012635394042,5.915995858716608,1,1,0,0,3,1,1
60961.886247085786,702.0483962905128,7.4365340093797965,1,1,1,0,1,1,1
20000.0,625.4724380286198,8.851428420934157,0,1,1,0,10,1,1
66069.20675049827,703.1128262053485,7.000192965782885,1,0,0,0,6,1,0
20000.0,696.8787343800415,11.634035667010718,0,0,0,1,1,0,1
40429.7590858144,630.5590295499336,10.973357675825365,1,1,0,0,11,1,1
20000.0,786.8526938072788,7.4885800740424635,0,0,0,0,2,0,0
134725.0102820819,596.7731357253247,5.120912637836787,1,0,0,0,6,0,1
20000.0,757.909637643899,5.862169283675652,1,1,0,0,2,1,1
50294.41221189213,743.9946594102432,8.618014345772908,0,0,0,0,11,0,0
84299.12822990041,791.6705766128352,6.078932734826706,1,0,1,0,5,1,1
81091.57725761076,663.9244831474416,8.634095838352577,1,0,1,0,4,1,1
75540.26366519411,586.9131430457608,12.292556528099748,0,0,0,1,8,0,1
40483.14835335573,816.1437268263637,8.265925227856156,1,0,0,1,2,0,1
90532.66839011005,623.2238825618908,12.980053938686796,1,0,0,0,11,0,1
77401.73272406548,584.9165941835572,7.123495984449219,1,1,1,0,2,1,1
56368.9885298143,634.817060327615,8.61581645148454,0,0,1,0,12,1,1
57217.422731797764,571.4647427074337,13.289109162636278,0,0,0,0,4,0,1
40882.320571538825,692.0919060098677,10.240164826627215,0,0,0,0,1,0,0
22710.43922500885,601.546529459319,10.141140849513512,1,0,1,0,10,1,1
87114.5292643615,627.0012664076103,8.398241414698962,1,0,0,0,3,1,1
89366.23980804595,727.422308933197,8.285557494196034,0,0,0,0,8,0,1
23476.72576910236,699.8954568140953,10.29523854906483,0,0,0,0,9,0,1
45386.44504561425,651.2467658055726,7.661918944501723,0,1,1,1,3,1,1
45697.30350623213,663.6698822997586,8.65639113364466,1,0,0,0,7,0,0
49020.3228877907,650.9804344505234,11.497948747739702,0,0,0,0,4,0,0
51928.84635762745,615.5075946866109,6.38206908513145,1,1,1,0,11,1,1
78405.84384938539,649.797867132177,6.020483840039675,1,1,1,0,3,1,1
27583.48074539769,689.2673300394355,9.266899270693688,0,1,0,0,5,0,1
24609.5902546202,639.9070296816928,5.45006062405317,0,0,0,1,9,0,1
87098.59226428925,683.5814104184219,5.812505310602218,0,0,0,0,4,0,1
36120.65774356105,583.0664977261563,10.852288291092783,1,0,0,1,8,0,0
20000.0,601.6885079083436,8.685891714027155,1,0,1,0,2,1,1
35446.1017370039,591.254359738082,6.695655985234637,0,0,0,0,11,0,0
40098.417942679975,604.7894902566075,8.445663364404801,1,1,1,1,9,1,1
96648.88183177295,752.9744837364873,5.043679848203937,0,1,1,0,12,1,1
77744.78637130212,708.0831034488289,6.188866771549228,0,1,0,1,10,0,1
84425.61849896726,563.8461505052524,7.80779684032523,0,0,0,1,1,0,0
74599.20927040357,684.9998637126764,6.378461143261798,1,1,0,0,8,1,1
78387.31014845942,618.7534149881144,7.568168493447827,1,1,1,1,8,1,1
29357.536202590458,595.4092331622747,5.525992938953496,1,1,0,0,3,1,0
44041.935339395466,531.1408427421994,9.419896062788677,0,0,0,0,1,0,0
20302.540609293534,727.7534955056195,5.44629622020912,0,0,0,0,4,1,1
43685.359083889,540.890948026629,6.542700067353605,1,1,1,0,3,1,1
70523.14972804223,645.84294575921,10.491554102688124,1,0,0,1,2,1,1
54037.4985443674,574.2951003420105,9.610213074637887,1,0,0,0,6,0,0
89344.42456880886,712.067515765594,5.2585421854154735,0,1,1,0,3,1,1
20000.0,623.251853894884,7.189340658656982,1,0,0,0,12,1,1
65007.150520947194,639.2429875583724,5.913205597446763,0,0,0,0,7,0,1
20000.0,641.9412589655974,7.094934029511695,0,0,0,1,2,0,0
52825.29407520927,674.2056267948627,7.024644902815787,0,0,0,1,4,0,0
72210.00267669436,651.0403811186648,9.1666604904626,0,0,0,1,8,0,1
43564.922995273424,646.5381448831107,9.959337437176355,0,0,0,0,3,0,0
66533.79812260868,608.5278419796177,6.64882580999066,1,1,1,0,1,1,1
21208.029955011978,524.0216501326325,7.048105597656473,0,0,0,0,12,0,0
20000.0,560.5159232366516,6.681577698234523,0,0,0,0,5,0,0
66710.8886746341,707.4783790944516,12.728147800344637,1,0,1,0,7,1,1
102320.30702227197,625.5344429338962,9.811249434187673,1,0,0,1,5,0,1
20118.65179490324,596.8792177822016,5.138212023754734,1,0,0,0,11,0,0
86665.82540320387,537.5417484465564,6.5170869617758775,1,0,0,0,6,1,0
51302.70226449233,512.4282287927718,6.964692231530185,1,1,1,1,10,1,0
20000.0,593.7434495897442,8.12197768748214,1,1,1,1,1,1,1
20000.0,721.0442283236206,6.964440591277416,1,1,1,1,2,1,1
50473.5432008195,605.4343845102145,6.078015226557843,0,0,0,0,12,0,1
37866.131362276894,682.0388420193158,6.524503595342237,1,0,1,0,11,1,1
20000.0,601.7552136481634,7.752070882658656,0,0,0,1,1,0,0
20000.0,701.1093356823079,10.232696439847714,0,1,1,0,11,1,1
24598.420162204817,621.8599358553065,9.597182420171768,0,0,0,1,3,0,1
55814.27024993355,551.4492603559603,6.193741182589785,1,0,1,0,3,1,0
49807.97742190586,628.4837545680446,10.462414813350698,1,0,1,1,10,1,1
34962.86127499765,796.7200334624326,12.601881115826645,0,1,1,0,12,1,1
56056.615828744485,793.1907452440684,10.973908638479019,0,0,0,0,4,0,1
81200.80159588062,688.9226642223491,5.970858353795068,0,0,0,0,6,0,1
61823.795313024435,639.0352947669038,7.522123265301901,1,0,0,1,2,1,1
46360.73985831258,674.3121441676067,7.6054661375713035,1,0,1,0,1,1,1
77842.16019982066,675.3481870986632,11.351661730156366,0,1,0,0,1,0,1
21204.49093351115,646.8090598106319,5.406660470283442,1,0,1,0,10,1,1
43252.41381333945,685.2755215938093,5.944802049315312,0,1,0,0,3,1,1
43967.361931988955,666.6581489722851,6.001628148113378,0,0,0,0,11,0,1
20000.0,624.722209170855,5.807305862944036,0,0,0,1,4,1,0
37403.775131469265,554.3794560493086,13.32218132638085,1,1,0,0,2,1,1
20000.0,613.1952606223867,6.045405749020127,0,0,0,0,5,0,0
107365.3414298886,713.9615079258878,6.3930970763764865,0,1,0,0,5,0,1
21877.58634691061,647.4830220403709,9.580457211667866,1,0,0,0,9,1,0
97583.42394263935,674.0229513270004,6.641689099620272,1,0,1,1,7,1,1
51142.53517158477,627.358757783647,7.633327917293858,0,0,0,1,1,0,1
66945.92396467876,565.23219959915,9.441240511751463,0,0,0,0,7,1,1
35336.00604947205,630.9096228102542,7.520338099606006,1,1,1,1,11,1,1
56237.89075885023,568.2035279400519,5.506952912335934,1,1,1,1,3,1,1
69514.68919965308,563.0968661117158,5.677693251452835,0,0,0,0,10,0,0
69936.57243182547,746.4509287095527,5.288322715075611,0,1,1,0,3,1,1
73243.20170223071,616.3931196052627,5.428748174243613,0,0,0,1,11,0,1
38950.01869882471,590.6812219631973,10.070601763224714,0,0,0,0,4,0,0
35589.20982525935,779.4367747504724,9.29055819680483,0,0,0,0,2,0,1
20000.0,715.1988028323393,8.01164381490312,0,0,0,0,9,0,1
65696.5703353081,620.279261959853,13.116839921881192,0,0,0,0,6,1,1
82471.36133970328,684.2109060441894,15.624953501107303,0,0,0,0,10,0,1
98479.45039753789,631.1369345391438,6.840234297304122,1,1,0,0,11,1,1
59155.17903741523,594.585625657632,5.045090476457531,0,0,0,0,6,0,0
27005.60681274292,687.9752979588004,7.6889178958438915,1,0,0,0,9,0,1
20000.0,624.0558491743838,8.719002898609563,1,1,0,0,2,1,1
81250.00199250052,656.0398407199523,11.868638561452828,1,1,1,0,6,1,1
20000.0,731.7090587919737,6.24531444833705,0,0,0,0,9,0,1
39781.877667687,722.8970483036301,8.576108215367325,1,1,1,0,7,1,1
43270.79516169062,605.9925366515139,8.095745369217092,0,0,0,0,11,0,0
47916.34586446942,688.8825281829669,8.008519544962807,0,0,0,0,9,0,1
51074.078001075206,559.7715003083396,5.880980314126746,1,1,0,1,1,1,0
54144.42669102725,686.0331329052564,10.430399260864366,1,1,1,0,9,1,1
20000.0,661.8796244640885,11.08026818138093,0,0,0,1,6,0,1
50439.6772961038,680.3183489890745,5.635343921490118,1,1,0,0,6,1,1
20000.0,626.2044196284614,6.145985163235758,1,1,1,1,5,1,1
71966.54219272984,816.7257018921991,5.0400613601471616,0,1,0,1,12,0,1
33346.245325891636,577.8960233903749,8.402533576069576,0,1,0,1,2,1,0
20000.0,727.7241368774769,10.991304118647463,1,1,0,0,6,1,1
25573.859678438726,567.4641344185335,9.023274643189652,1,0,0,0,1,1,1
32897.73982446038,690.3475339703457,7.728165370783982,1,0,0,0,1,0,1
85720.98852665014,696.0631981801426,11.808896244380058,0,0,1,0,7,1,0
55899.13225250735,654.3980697249829,8.247071364133106,0,1,0,0,1,0,1
60333.34833051741,610.3740471565037,6.799272624927653,1,0,0,0,12,1,1
85436.64902661803,661.2907912596239,7.967678958821443,1,1,1,0,5,1,1
47115.67136226532,671.3608266744139,6.877158611038816,0,0,0,0,6,0,1
72625.6388309721,793.1949189045026,7.039353746853807,1,1,0,0,4,1,1
70515.83341795976,580.2127771759763,9.689150280603148,1,1,1,1,5,1,1
20000.0,605.5269202948798,6.658019769865278,1,1,1,1,2,1,1
94189.50732889489,672.7788445655469,5.1453557611101335,0,0,0,1,10,0,1
20000.0,629.5156967683798,8.594997698227639,1,1,0,0,7,0,1
77520.99948433545,641.996716981552,5.872427472137045,0,0,1,0,12,1,1
20000.0,735.6281468291008,9.576828915173063,0,1,0,0,10,0,0
68037.1036445502,424.3786797256612,6.0746032393400435,1,1,1,0,1,1,0
105857.44634450518,602.1640523985751,11.967401217549114,1,0,0,1,2,0,1
43610.64030349366,510.6104618999001,10.026662554469434,0,1,0,0,8,0,0
42309.33071440561,554.3346850476744,5.090240465103702,0,0,0,1,10,0,1
68313.19997950547,842.3699593657976,11.47184423218059,1,0,0,0,2,0,1
40118.106321123705,697.8534507162206,8.331816072361669,1,1,0,0,1,1,1
104548.36111228465,726.1251940046483,7.807796686957784,0,0,0,1,5,0,1
55765.76748376087,643.5576280170854,6.722514407160537,0,0,0,0,2,0,0
40394.91475337822,710.6971059865527,7.969640555073854,0,0,1,1,10,0,1
33791.4341631295,508.6748393983801,6.423533434707029,1,1,1,1,3,1,1
22011.54589480938,733.0638729415681,5.258073085359969,1,0,0,0,6,0,1
31167.35039727531,584.412470515208,9.117650378893867,1,1,1,1,6,1,1
39479.79819024211,607.494734453927,7.741952873990151,1,1,1,0,3,1,1
35370.8277950426,690.4120856363722,6.216534913805978,1,1,0,0,10,1,1
30254.741775886883,675.3157406865772,11.11216163203742,1,0,0,0,10,1,0
112965.23691057318,656.7696038714839,8.858102373133276,1,0,1,0,3,1,1
20000.0,540.9523077135746,16.076115526205463,1,0,0,0,7,1,1
54398.97762938524,657.9850935057314,10.462507225135038,0,0,0,0,6,0,1
67775.63029282616,726.8449082786583,6.2535050440814945,1,0,0,0,1,0,1
68903.23986751198,607.4010323120165,9.22342256139077,0,0,0,0,5,0,1
48241.78772652584,755.1949636272236,8.326666384214748,1,1,1,0,11,1,1
42778.92284458071,580.1846451268792,10.562280630303109,1,0,1,1,7,1,1
63546.424737185196,650.5238313374699,9.115253296152265,1,0,0,0,6,1,1
57995.64949934602,772.826218670129,7.778672751042408,0,0,0,0,4,0,1
42231.2349569746,595.4880069840312,8.174150537610062,1,0,1,1,1,1,1
20000.0,734.3188386701659,9.859491411616698,0,0,0,0,11,0,1
35962.28833000257,807.9721889777447,7.474193966343023,1,0,0,0,7,0,1
20000.0,663.6835255139321,6.195709932167581,0,0,0,1,4,0,1
29985.213498010202,607.8386410093354,9.393292310873619,1,0,0,1,4,0,0
50996.69715550878,588.1808957639981,8.07807191982965,1,1,1,0,5,1,1
60762.08431989849,754.368216267786,9.852377054229644,0,1,0,1,7,0,0
103413.58253877219,752.1355359471719,5.7557290157558665,0,0,0,0,12,0,1
33877.808632885586,765.944729829494,7.208276324238186,1,0,0,0,9,1,1
73238.76905825452,647.3729319475242,9.609893935708316,1,1,1,0,4,1,1
59178.8007331351,733.0245553221685,7.3216882031417025,1,1,1,1,1,1,1
88879.93011919368,646.0928487099144,8.008739885239375,0,0,0,0,3,0,1
67286.86158786879,579.3555902713313,9.106728297886558,1,1,0,0,7,1,1
20000.0,739.9341428089882,6.03868406372708,1,1,1,0,10,1,1
20000.0,780.7096222622564,13.447129402526564,0,0,0,1,10,0,1
59337.850990025145,568.3518421774944,8.44896609122582,1,1,1,0,7,1,0
34146.47006298828,566.8455229679464,7.075343717863998,0,0,0,0,2,0,1
20590.587621482082,653.1985547384099,9.4878709497113,1,0,0,1,11,0,1
20000.0,726.49028845928,10.116401485044086,1,1,0,1,6,1,1
54829.26492761467,559.2944644996837,10.278769431703552,1,1,0,0,11,1,1
95231.23097940095,668.1612589564725,9.829821528738286,0,0,0,0,12,0,1
37739.82962881875,602.7658436752199,7.440894252844135,1,1,1,0,11,1,1
67708.10933225967,706.0663279860001,12.372204105861112,1,1,1,1,11,1,1
46932.00949347222,586.1690542803287,5.180519359953251,1,1,0,0,3,1,0
20000.0,711.7442400219344,10.478121957539315,0,0,0,0,12,0,0
72044.34030531252,637.3428151345834,12.70510094804595,1,1,1,1,10,1,1
20000.0,575.0287581055165,9.28652205118206,0,0,0,1,7,0,1
50648.79891780694,655.095196434151,8.315428035923368,1,1,1,0,1,1,1
39754.387549840845,494.96213484093175,7.141703825211491,0,0,0,1,2,0,0
76792.32303697075,605.2724342316048,7.403830515586954,0,0,0,0,6,0,1
20000.0,676.9920856259729,7.7998134280768046,1,1,1,0,12,1,1
61726.09723405879,508.2596176774484,7.84356071466315,0,0,0,0,9,0,0
24806.077779538973,444.3090517515671,8.151803826410221,0,0,0,1,2,0,0
34666.84363013644,462.8506144149466,5.11023482432219,0,0,0,1,12,0,0
20000.0,756.1702844400296,9.86772202784057,1,1,1,1,4,1,1
112762.95714853726,643.8592789789817,6.585465458669935,0,0,0,0,11,0,1
66516.70798478696,607.402768479425,8.509194079479023,1,0,0,0,5,1,1
26979.575421855065,725.6123788533464,7.21198655996975,1,1,0,1,2,0,1
20000.0,617.6440254024711,7.573123485513018,0,0,0,1,8,0,1
35130.537413619786,671.4769519893385,12.699420879861334,0,0,0,0,12,0,1
71506.38604458355,652.060428073861,6.84659098343623,0,0,0,0,3,0,1
20000.0,612.3200463397618,5.9082606625748495,0,0,0,1,4,0,1
45752.46742116986,673.5316707111285,10.817810687182398,0,0,0,0,9,0,1
103119.2561738802,711.8608977136116,7.325229553359841,0,1,0,0,10,1,1
20000.0,635.207470638641,14.20693797116065,1,1,1,1,5,1,1
52411.55116290965,613.1555541476308,9.015878027987304,0,0,0,1,3,0,1
116099.29445773273,622.5990073600437,7.64477286955116,0,0,0,0,7,0,1
68964.54889072318,466.16699737714146,13.625928535710615,0,1,0,0,11,1,1
53777.71461456365,672.644763720713,8.8748100828235,0,0,0,1,11,0,0
65199.093647270085,553.2710968809159,11.278320128740233,0,0,0,0,1,0,1
37974.03994970893,700.3774979295139,6.784086192928353,0,1,0,1,3,1,1
88988.9385591032,642.7660719459765,9.36958690278614,1,1,1,0,4,1,1
38020.09931299364,658.4096877224353,11.027937469220308,1,1,1,0,8,1,1
20000.0,706.0263336484962,6.104614791112621,1,0,0,1,6,0,0
38260.906881786206,575.8780986927252,6.91644661834171,1,0,0,0,3,0,0
20997.964103698894,679.5398754680765,7.113017786626633,1,1,0,0,11,1,1
41564.179634077125,671.4096842050131,9.029201938082966,0,0,0,1,11,0,0
42227.47822758107,635.2175333885765,7.302185895576804,1,1,0,0,9,1,1
85922.69599414722,575.7451039389169,6.926674499345969,1,1,0,0,12,1,1
70858.78179993157,697.6190691244132,7.378407386440244,0,0,0,1,8,0,1
57897.9646272619,706.2763635535453,5.350274841135788,0,1,0,1,10,1,0
49911.63766002215,659.0881620782308,9.358681743946688,1,1,1,1,11,1,1
20000.0,564.3758067428284,5.763566738346673,0,1,0,0,1,1,0
20000.0,607.8040773659636,6.357940188490426,0,0,0,0,12,0,0
53394.8003417835,645.1733822063946,14.23496559487105,0,0,0,0,5,0,1
73839.23610720977,705.0795639985674,9.3652301181504,1,0,0,0,11,0,1
46749.983502662326,523.3208479109506,8.263912520511596,0,0,0,0,1,0,0
33954.37031639899,604.8957228556499,12.418308698265486,0,0,0,0,10,1,0
63935.06495642637,617.7861952046238,13.041729182754592,0,0,0,0,9,0,1
47500.03398126959,643.3422736477577,8.367626502404779,1,1,0,0,2,0,1
100572.32575921883,545.8939772780122,8.05807563406422,0,0,0,0,11,0,0
86981.85026204854,632.5973777301333,7.4921390159655745,0,1,1,0,4,1,1
78785.24171069989,625.1613148549928,10.707695214009274,0,0,0,1,1,0,0
72732.02342629712,566.9926502808274,12.314568894973931,0,0,0,0,4,0,0
20000.0,640.5625932665052,8.02000346726211,0,0,0,1,9,0,0
69889.81106157799,606.7064722571598,5.957906164072998,1,1,1,0,12,1,1
61289.77872939726,689.6468914007766,6.007116087355349,0,0,0,0,10,0,1
68192.7418517349,579.1737951196529,11.371724611189425,1,0,1,0,5,1,1
64778.28460439158,657.1867297702764,5.5006691997749755,0,1,0,0,5,1,1
63582.87763544197,585.3288930216586,6.6633654226981225,0,0,0,1,2,0,0
131025.99408648784,602.019660947295,5.308503509816331,1,0,0,1,10,1,1
47714.42990144243,673.7833302164324,9.786397554846792,0,0,0,0,11,0,1
78090.12142487991,668.7774186273724,14.274642385747923,1,1,0,0,6,1,1
35870.3056920799,616.6382253937312,5.130319499175938,1,0,0,0,1,1,1
73719.24751663016,628.4471505333865,10.649452362059115,0,0,0,1,12,0,1
78179.59670697367,533.7114843912381,6.400708861255486,0,0,0,0,10,0,1
60932.78231406044,762.221144846456,5.595000348736623,1,0,0,1,12,0,1
100077.40827129499,704.9965118302423,5.497734784189441,0,1,0,1,1,1,1
23471.718909187475,702.1158440696886,9.211698477849861,1,0,0,1,4,0,1
35383.37174995334,522.3974226435028,9.146176305445467,0,1,0,0,7,1,1
56371.402580704686,602.360800600857,6.8990843889184585,0,0,0,0,5,0,1
76424.20560452667,623.2363176861102,9.726799132258332,0,1,1,1,3,1,1
55382.885638848,495.515080637279,13.274190335689056,0,0,0,1,9,0,0
88572.77109531697,721.1960076860869,5.843165270339233,0,1,1,0,9,1,1
30149.30387101042,766.3107590838508,10.33714600263523,0,0,0,1,3,0,1
20000.0,814.9547964802891,8.033407937047313,1,1,0,0,9,1,1
59243.850096095135,566.3292937985811,11.035563446266428,0,0,0,0,3,0,1
47684.59171658911,659.3858797467419,10.437707670747614,0,0,0,0,6,0,1
66285.9116107466,755.8254615320337,9.32179330731675,0,0,0,1,2,0,1
49177.931274004884,629.7105216842436,7.957918298945482,1,0,0,0,2,1,1
39799.40628129629,604.6409668925858,7.204567607411402,0,0,0,1,6,0,0
47751.872848288294,500.71858611644075,9.993368643265487,1,1,1,0,12,1,1
50865.46684379555,740.60979662174,5.967976849687752,0,0,0,1,5,0,1
40850.56100455009,648.4591395141308,6.690648573916224,1,1,1,0,5,1,1
43906.03861029715,591.652651282955,8.247566121535993,0,1,1,0,7,1,1
37892.199890392694,672.7085831863088,5.61379420976456,0,1,0,0,1,1,0
75699.9535960822,662.2404298542932,6.80030869266956,0,0,0,1,6,0,1
55820.63013517398,663.4607281883673,17.32457129510635,1,0,0,0,9,0,1
117702.574165063,632.6321550138659,7.478843102538867,0,1,0,1,12,0,1
54821.13653835386,779.7886527010693,5.659948559096732,0,0,0,1,5,0,1
33474.27589014015,639.3072213390062,5.310064263765497,1,1,1,0,10,1,1
130120.26124589195,779.5457661058643,6.809585302982121,1,0,1,0,10,1,1
62408.79133143006,695.1293541120158,7.356607755229911,1,1,0,0,7,1,1
79703.7436067845,678.0936114209385,7.830849492832217,0,0,0,0,3,0,1
67763.08949607474,640.9380197377476,9.887629839946147,1,1,1,0,10,1,1
68690.33087893247,727.9165354836737,9.735064425158221,0,0,0,0,8,0,1
66069.62154057423,659.0393414062396,9.17059410374879,1,1,0,0,11,1,1
20000.0,575.4295027909175,7.396596390410501,1,0,0,0,1,0,0
61025.87142684236,572.7606247201571,5.274778278746787,0,0,0,0,12,0,1
20000.0,683.7987697547418,8.38395874942818,0,0,1,0,10,0,0
44769.114907623974,577.4096891866803,5.1761373069229935,0,1,0,0,7,1,0
28231.476303101383,645.0215154422001,7.120830427485391,0,0,0,0,6,1,1
60724.10557546172,734.5747630840873,6.902267174906978,0,0,0,0,11,0,0
60023.78742014704,674.3176142315467,6.276680868619228,0,0,0,0,10,0,1
64434.3767229556,592.2292103737002,7.063696010725622,0,0,0,0,6,0,0
58618.89718247262,762.7990009292912,8.859774504098471,1,0,1,1,1,1,1
31795.239746408035,693.8300189595761,6.577097272314221,0,0,1,1,2,0,0
42169.89531944961,731.4234389763271,5.296390625646694,1,1,1,0,6,1,1
77611.88483763454,468.59533254325584,6.442881727661037,1,1,0,0,2,1,1
82035.700318832,676.4682302610197,9.98694347785338,1,0,1,0,4,1,1
20000.0,717.3726269103914,5.526637043836764,0,0,0,0,6,0,0
20000.0,786.0230913838393,5.154121110625779,0,1,0,0,2,1,1
28193.318503858638,532.8945132679166,8.358545848623061,0,1,1,1,6,1,1
81356.22746096752,746.4891671355626,11.387487280875192,0,0,0,0,12,0,1
86446.52090549102,781.5504228560995,11.577900402525838,1,0,1,0,11,1,1
22258.643587964852,488.61688181768164,6.016291958238237,1,1,0,0,9,1,1
59219.28061209015,688.2872887895794,6.225990557687157,0,0,0,0,6,0,1
105032.93999420264,699.4096651472562,12.39988637720383,0,0,0,0,12,0,1
62459.344317210016,623.8393869878475,5.180619380202059,0,0,0,0,10,0,0
92645.0985569928,610.7924431946968,11.501544206313866,1,1,0,1,7,1,1
79961.79710249294,703.4283130630258,5.827672672985084,0,0,1,1,3,0,1
22694.03881316268,600.8014597271494,10.005459594075797,1,1,1,0,4,1,1
44300.55729508765,632.6200537265522,7.731182434004987,1,1,1,0,4,1,1
51042.63434875544,714.9947920659138,9.474414309603564,1,0,0,1,11,1,0
53124.0016406402,790.3234440261491,5.7028988521399855,1,0,1,1,1,0,1
77489.86860315714,693.0387418033614,7.5875262180834255,1,1,0,1,11,1,1
62260.54286826226,660.6787596331609,12.435423992816173,0,0,0,0,9,0,1
20000.0,608.6882012271384,12.349055629473096,0,0,0,0,9,0,0
20000.0,569.1519967479155,8.586016732032956,1,0,1,0,7,1,1
20000.0,738.766259320076,5.378804471525267,0,0,0,1,2,0,1
55260.95721966003,637.7240119098492,8.796722133414525,1,1,1,0,12,1,1
57214.629484032834,742.0562619733382,5.402538547692427,0,0,0,1,3,0,1
58496.748758321555,623.635849760363,11.763883772606174,0,1,0,0,7,0,1
21232.151968561513,598.0569070911191,10.339783919022612,1,0,0,0,1,0,1
70224.32015359968,683.6639111062012,13.002857844765213,1,1,0,0,3,1,1
71487.87489405587,643.877124858528,8.079358824063332,1,0,1,0,4,1,1
20000.0,553.557711631141,8.771576942277472,0,1,0,0,11,1,0
20000.0,795.3894663825479,5.08697631113213,0,0,0,0,5,0,1
49996.04941319187,599.841298098269,5.072053359508925,1,0,0,0,7,0,1
103753.46820840077,724.207321693937,11.273305823170602,1,0,1,1,11,1,1
100992.28226595928,717.3485303517185,7.981907369196111,0,0,0,0,9,0,1
66902.13081344157,549.2429788068514,10.432822988135655,0,0,0,1,2,0,1
28100.09985259771,569.8089884306812,11.61326991232598,1,1,0,0,6,1,1
76605.27978465756,625.8792528239898,10.030951933590108,0,1,0,0,2,0,1
36427.272055728754,580.7482764337346,8.712391029785358,1,1,1,0,10,1,1
26974.788899785686,788.1165097502951,8.044453875632355,1,1,1,1,12,1,1
20000.0,633.9859490561191,8.368518888241699,0,0,0,0,2,0,1
53071.465950429585,721.1799234251255,9.081824293670403,0,0,0,0,10,0,1
31103.979525878745,691.0909911200164,8.628576820081435,0,0,0,0,11,0,0
52892.911385855135,671.1217959197082,10.704738768742526,0,1,1,0,5,1,1
20000.0,653.225696859167,6.9359035103558355,1,1,1,0,5,1,1
55094.80017751062,748.9704566230957,6.756794639003675,0,0,1,0,11,0,1
20000.0,583.9925621331987,6.884572325595471,0,0,0,0,1,0,0
82638.20759805656,788.1068248365269,8.591373683171188,1,0,1,0,8,1,1
65656.73702405253,547.0221455596724,6.312362260030802,0,0,1,0,8,1,0
41640.05685726237,712.5209380497939,7.011775347761414,0,0,0,0,12,0,1
66881.59580246237,537.5868912048174,6.48976285124331,0,0,0,1,1,0,0
20657.77212009343,624.7435558218432,5.515377957671374,1,0,0,0,6,0,1
52171.26546844677,657.4647950448773,7.993593095787924,1,1,0,0,9,1,1
73843.22115381007,611.0643720936389,5.4762331546372405,1,1,1,0,5,1,1
20000.0,635.4664344306487,6.358464332519841,0,0,0,0,7,0,0
36583.26920967428,539.0423641655366,12.40017871417035,1,0,1,0,6,1,1
49320.67609590877,571.0039625021159,5.272505824383605,0,0,1,0,1,0,1
44111.191467627,689.8611765756706,5.040033387234156,0,0,0,0,3,0,0
93713.05478682215,652.3737459981955,6.713594441840015,0,0,0,1,7,0,1
20000.0,594.7577579342794,8.797609450651436,1,1,1,0,8,1,1
31365.22269664313,755.9422210503737,11.902038404141969,0,0,0,0,7,0,1
20000.0,552.4055280007827,6.248408366883288,1,1,0,0,1,1,1
95308.59953819436,621.072762730875,9.288396391910963,0,1,0,1,12,0,1
42611.295721736,609.5474977457222,9.934206852674764,0,1,0,1,12,0,1
36847.73335889879,699.2030102208836,12.51753882292591,0,0,0,0,3,0,1
48425.519530678575,653.8530952909756,7.664317921973867,1,0,0,1,2,1,1
69087.07485290972,641.3467802772323,13.739192007310638,0,0,0,0,4,0,1
60420.90210548374,502.46266369062084,6.836722219330344,0,1,0,1,3,1,0
129436.52640671263,719.2027584505674,6.597437251586623,0,0,0,0,9,0,1
63618.07665211324,632.573934813461,11.895920118062174,1,0,0,0,6,0,1
36042.63712492757,659.2528814088336,9.000184572526749,0,0,0,0,6,0,0
33159.29787428159,590.1149423924899,11.975343605163676,0,0,0,0,6,0,1
38217.231427495724,577.5336989746341,5.249921324009905,0,0,1,1,9,0,0
20000.0,769.943020678055,5.563999499907854,0,0,0,0,9,0,1
51195.926224747585,508.140913739007,10.916464811947623,1,1,0,0,9,1,1
73504.04318626752,565.6640777773782,9.50532813635192,1,0,1,0,4,1,1
31599.09198130292,768.4393722135264,9.40430983049157,0,0,0,0,6,0,0
25778.598311476653,701.2597104798923,8.357534015676805,0,1,0,0,9,0,1
95478.35438882702,623.9629974606064,5.14832841724397,1,1,0,0,6,0,1
20000.0,749.7277051430923,5.137663377049921,0,0,0,1,8,0,0
20000.0,685.7488093116807,7.213161101121015,0,0,0,0,8,0,0
20000.0,668.6128073579536,6.201921645830153,0,1,1,1,5,1,1
20000.0,668.0449613681934,7.1582729398030125,0,0,0,0,3,0,0
61586.78192313745,687.2190573771595,6.967200045522446,0,0,0,0,6,0,1
39178.864986512795,690.4554001037963,8.074085841114346,1,0,0,0,5,0,0
43409.3886492848,825.6778442316765,8.04175895389674,0,0,0,1,3,0,1
84588.0253092432,634.4085750661862,13.003775339710401,1,1,1,0,6,1,1
29259.954165116706,636.8762249481437,5.894700377511935,1,0,0,0,4,0,0
73252.68235236921,551.0485449943429,12.822317288869076,0,0,0,0,6,0,1
95339.68397609609,645.8482090543185,8.002236474829687,1,0,1,1,7,1,1
36330.12505959018,799.0309519635855,7.23967137658064,0,0,0,0,1,0,0
72110.68566668942,728.7588001947726,5.47763831486531,1,1,1,0,6,1,1
42745.462624130596,606.5065804899738,6.492838531007826,1,1,1,0,8,1,1
77722.94386522367,652.4033091617027,5.97645510139291,0,0,0,0,10,0,0
20000.0,546.2849299532004,10.053499262386872,1,0,0,0,3,1,0
20000.0,572.4704524561355,10.405985647709127,0,0,0,0,2,0,0
38261.968552773775,661.9552922090974,11.493267689369937,0,0,1,0,7,1,1
23332.25572820688,610.4436317743638,5.477489306655856,0,0,0,1,10,0,0
34498.72671710344,566.4320168497266,6.9835188949572755,0,0,0,0,4,0,0
43414.2025265858,689.1872611790313,6.438495685375784,1,0,1,0,7,1,1
71600.40595508755,643.4199930677341,7.866308958965261,1,0,0,0,9,1,1
37770.18264302195,524.5959702647168,9.42537302626074,0,0,1,0,8,1,1
25284.1606813074,483.98824270657695,7.413555373059255,0,0,1,0,2,1,0
39454.598697233036,604.3990801140596,9.087773947678025,0,0,0,1,10,0,0
26925.64160580147,522.9387885246778,5.298300763752497,0,0,0,1,6,0,1
21979.83493811857,500.4870874823477,9.94765489437522,0,0,0,0,3,0,0
20000.0,740.3175361121669,5.528575028765313,0,0,0,0,2,0,1
52084.34348663236,642.1831288107766,5.083509123687603,0,0,0,0,10,0,1
32938.82880208839,628.7642897419597,9.411717954424581,0,0,1,0,3,1,1
78988.36217704015,634.92753470794,10.433645365390978,0,0,0,0,11,0,1
20000.0,558.9734279365624,8.002554336387954,0,0,0,0,7,0,0
33737.493348563636,682.8780932011334,6.812001810713527,0,0,0,0,12,0,0
104387.21661976248,639.5439738613968,9.048123848929382,1,0,1,0,12,1,1
21811.714487064517,589.407307521647,7.173574919298691,1,0,0,0,6,1,0
42904.00243711628,601.389705238,10.208718942476839,1,1,0,1,9,1,1
20000.0,551.8033029430164,8.793558219951322,0,0,0,1,3,0,0
20000.0,617.5005701678532,10.890986230044833,1,1,0,1,3,1,1
96419.32949263035,630.8297695373989,5.697487452232249,0,1,0,0,8,0,1
55131.18477911442,615.4173336696028,6.599186963074845,1,0,1,0,3,1,0
54010.3651471287,654.4123645873269,9.016098453777708,1,1,0,1,4,1,1
20000.0,643.7190636190595,7.916860731723148,0,0,0,0,10,0,0
60762.241643249086,668.4614830931686,8.05571252964469,0,0,0,0,10,0,1
84722.65837981476,725.4477629537275,6.297739430100855,1,1,0,0,8,1,1
84484.31182485589,697.4418781770464,13.535981568002867,0,0,0,1,3,0,0
70049.99688818483,726.3671872408269,9.45331426365347,1,1,1,0,7,1,1
20000.0,582.1812616139017,9.453922645567836,0,0,0,1,5,0,0
59393.70251578975,609.3108084729074,6.79741127016539,0,1,0,0,12,0,1
70027.54881429824,702.2877347156774,6.860129358080572,0,0,0,0,9,0,1
20000.0,703.7182137145669,6.782438865089002,0,0,0,1,1,0,0
20000.0,595.7103505970495,7.2652490794456694,1,0,0,0,11,0,1
76644.71965230325,698.9267140625394,10.877161111287833,0,0,0,0,12,0,1
76281.37330015785,574.5174306683247,5.18140784331939,1,1,0,0,4,1,0
20000.0,688.4844579313435,5.790961342333188,1,0,0,0,11,0,1
73850.64377807517,647.8963039307487,7.477558045751955,1,1,1,0,3,1,1
52859.10197460854,539.245151687493,5.118554628028785,1,1,0,0,9,1,1
73430.26863821455,615.2740942592475,8.902757370820858,0,1,0,1,7,1,0
30964.36029698176,824.5814247756394,6.374898710231719,0,0,0,0,5,0,0
69355.50489442705,666.2224290243996,9.586214311892121,0,0,0,1,10,0,1
75314.86323456874,834.0359981374609,7.976879382396634,0,0,0,1,1,0,1
39459.95193632865,534.485877609997,7.939809091087042,1,1,1,1,8,1,1
50532.57638519858,710.0593434131074,8.793571251952814,1,0,0,1,12,1,1
30544.351114860394,447.2531046554308,12.629177030727906,0,0,0,0,1,0,1
99549.16846057639,649.9811612068173,5.004404446100636,0,0,0,0,1,0,1
46391.84182022702,700.4973902121056,10.246460488571557,1,1,0,0,11,1,1
22339.270244684543,717.0312075997022,8.005795795941676,0,0,0,0,3,0,1
28525.222583757495,586.058422033567,10.731128156143171,1,0,1,0,11,1,1
53803.118034263396,733.1272337581389,5.44371111007403,1,1,1,1,11,1,1
72599.93515334635,607.3028191964245,7.004794822756891,1,0,0,0,11,1,1
20000.0,636.8722199110083,7.390861261705183,0,0,0,1,1,0,0
105429.80008827346,615.3342224514693,5.712827219899969,0,0,0,0,3,0,0
59260.25882166849,559.0888519414135,5.661245585308885,0,1,0,0,5,1,1
63993.67918908237,775.5775669936687,5.020349432460936,0,1,1,1,2,1,1
47084.31368529691,653.8414253726462,5.532704343974742,0,0,1,0,5,0,1
50577.769020533764,736.9854702926903,9.894715881196182,0,0,0,1,10,0,1
45551.50586217791,733.5768993411681,5.944843123914713,1,1,1,0,6,1,1
80533.87907107882,572.5647828581614,10.811925419246114,1,1,0,1,5,1,1
49762.142376398886,747.2901798137282,6.990510731015903,0,1,0,0,8,1,1
73011.5065547813,690.2731394839458,7.363222204403554,1,0,1,1,6,1,0
36984.574299422835,566.7278508421689,7.618651894682162,0,0,0,0,4,0,0
55869.21584936947,685.9080665073204,9.20803263115619,0,0,0,1,2,0,1
25882.389672817364,568.1625692105546,6.077109095187549,1,0,1,1,8,1,1
86495.84697648611,778.5166694382913,6.272281222847444,1,0,1,0,9,1,1
24987.582778426528,715.1029395937677,6.681705023012,0,1,0,0,11,0,1
40250.61667216021,644.3081150247172,10.630295977985107,0,0,0,1,8,0,0
40551.187626357656,751.1842894573747,6.191444768787958,1,1,0,1,10,1,1
39381.45836978695,523.440988423717,9.58213119966386,0,0,0,0,9,0,0
71674.87308328811,590.0526959903967,9.643225239441364,0,0,0,0,1,0,0
40500.26705790069,629.8064222607703,6.494050318873782,1,0,0,0,5,1,1
91817.73591623218,828.8547745140414,6.180615900479356,0,1,0,0,3,1,1
25445.747416094953,564.3613679301276,7.235931320898103,1,1,1,1,4,1,1
55081.324098281206,513.4155246607461,7.669414352706766,0,0,0,1,5,0,1
26726.420320622005,534.4491588401384,6.197009023533522,0,0,1,0,10,1,0
62629.183475944,722.4972695364481,7.970089770388357,1,0,0,0,11,1,1
49521.5081906969,602.4646183568915,8.63346570865636,1,0,0,0,1,1,1
45348.138659045646,637.273066850511,8.120023843966546,1,0,0,0,2,1,1
85654.2489951057,711.0266113339587,5.138729036183974,0,0,0,0,11,0,1
30369.743868346897,637.353229763367,11.925009237162257,0,0,0,0,11,0,0
67595.45472854,666.3317283606444,6.650058323083787,0,0,1,0,8,0,1
26931.20261975623,692.8172118087756,6.424910185345247,0,0,0,0,10,0,1
53380.55600481121,615.5458886431828,5.9964809861603525,1,0,0,1,6,1,1
20000.0,636.6946352056253,10.049147270932975,1,1,1,1,9,1,1
30124.485610797787,669.3564321856809,8.577119325629482,0,0,0,0,12,1,1
47535.70863281405,719.4543418442577,5.218551814744842,1,0,0,1,2,1,1
104439.47501969233,586.610458865548,5.185533915085203,0,0,0,0,6,0,0
53024.11611379322,408.3539262536176,7.359050800841745,0,0,0,1,12,0,0
99640.0494760012,704.3666519508517,7.671468436217522,0,0,0,0,9,0,1
56609.69875072754,724.2172735000067,5.282746803026176,0,0,0,0,1,0,0
38387.472665751826,666.0027329704137,5.354240524413932,0,0,0,0,10,0,1
96180.6956780208,671.4634575165229,5.512780327104499,1,0,1,1,10,1,1
63110.52866220257,604.8552084687864,5.065658068213127,1,1,1,1,12,1,1
30718.35218351859,690.014673722794,10.615360074207985,0,0,0,0,8,0,1
64117.14378200892,718.253345574735,14.04487385463112,0,0,0,0,4,0,1
41222.15750277169,654.5197073134788,8.767054543229039,0,1,0,1,5,1,0
20000.0,849.2998664005813,7.124492091195618,0,0,0,1,5,0,1
78079.19477796853,524.9007129862896,9.713807476201751,1,0,0,1,4,1,1
82848.02166925787,663.0369336685078,5.222695475497398,1,1,1,1,3,1,1
105138.26089976827,556.0517630146148,9.360427875152794,0,0,0,0,12,1,1
62664.31076585788,720.3876739165512,7.904132661711518,0,0,0,1,3,0,1
42538.29727752403,523.4819657566255,6.865333181654442,1,1,1,0,5,1,1
75049.68282135758,543.2862765825842,8.941242954650011,0,0,0,1,11,0,1
75494.61095956719,599.3450447560637,8.698492177320919,1,1,1,0,1,1,1
99148.43549409266,671.2665735884319,6.827185078683696,0,0,0,0,4,0,0
48661.171308006735,602.3622889070706,7.459387452232889,0,0,0,0,9,0,0
45032.63082297217,603.1646989920725,6.898120036687975,1,1,0,1,2,1,1
28533.667407244175,635.5287636059132,6.6793059606045215,0,0,1,0,1,1,0
66123.86260175605,630.6207872750795,12.44967648763707,1,1,0,1,9,1,1
20000.0,768.9959510654819,5.381768311453291,1,0,1,0,10,1,1
73282.62118587694,704.8728895735175,12.054504800802949,1,0,1,0,7,1,1
67635.0536559737,624.0338608172285,12.29318666561108,0,0,0,1,12,0,0
67552.10607375116,817.760952897089,7.523465218413177,1,1,0,0,5,1,1
54146.75709505521,689.3328939884807,6.635266322607711,0,0,1,1,12,1,1
95989.34742593253,572.4830355749161,5.374930319092317,1,1,1,0,8,1,1
76159.80396280589,670.5210991993475,13.222185052788344,1,1,1,0,8,1,1
31787.68425872901,692.8410035892251,5.9183167222888695,0,0,0,1,5,0,0
32324.628509070597,594.9900224750921,14.892070386474813,1,0,1,1,2,1,1
23609.785597560895,565.7992871355168,5.98765108732039,0,0,0,0,3,0,0
66538.49998326763,656.9167272033953,7.4177439999951496,0,0,0,0,2,0,0
20000.0,621.1822582955172,7.5757726717005704,1,1,0,0,12,1,1
82501.76430750056,768.3302310764354,5.973136589585364,0,0,0,1,11,0,1
89689.1992503663,709.2924659267932,5.0493127929412855,0,0,1,0,6,1,1
23629.511931486464,598.7379780730736,9.475257726955633,0,0,0,1,2,0,0
44433.54396221439,684.0750488758871,9.348003547119308,0,0,0,0,12,0,1
50498.62944087241,751.3702514179791,6.63006457928296,1,0,0,0,3,1,1
76519.49481409002,538.495644328028,5.283863262378179,1,1,1,0,4,1,1
98280.30126829632,568.1777407209798,11.716430143584166,1,0,1,0,2,1,0
20000.0,649.1065106176375,11.855821748381974,0,1,0,0,1,1,1
40454.578474199516,652.8481574324028,5.32764365359007,1,1,1,0,7,1,0
42019.49913318959,645.8241995629712,8.498536445846621,0,0,0,1,1,0,0
20000.0,625.1378256969858,10.326984227824685,1,0,0,0,10,0,1
35446.699420878154,623.9151742038384,8.558955001494484,0,0,0,0,7,0,1
62833.068330518334,680.7406509457303,11.036954374565115,1,0,1,0,5,1,1
41639.632914813286,740.7154042911338,8.731836611578329,1,1,0,1,12,1,1
20000.0,611.5237816249258,8.258767068393437,1,0,1,0,2,0,1
136222.48094029742,845.0719476136524,11.30827307069126,1,1,1,0,9,1,1
57985.33595612541,806.8553148592254,6.974712632476403,1,1,1,0,12,1,1
53350.82390320025,756.3404503664065,7.0443958668969815,0,0,0,0,6,0,0
20000.0,699.798666764925,10.28068430522939,0,0,0,0,7,0,1
57821.18485913826,810.6390485176125,8.462535658726141,1,0,0,0,9,1,1
45073.58647875517,626.7907708000473,7.949548411053323,1,0,1,0,8,1,1
20000.0,583.3916470407812,10.59181737022417,1,0,1,0,8,1,1
20000.0,607.9222352476812,5.500103431657414,0,1,0,0,3,0,0
73847.78053021836,569.7645757527935,9.243342541176375,1,1,1,0,8,1,1
108320.52950001325,659.7441057850696,10.308714032488847,0,0,0,0,4,0,1
61014.962151291336,673.9864371302194,6.050371600278113,0,0,0,1,7,0,1
83092.49834880102,666.0671870944885,7.285278296508068,0,1,0,0,6,1,1
45327.3407425037,649.005491825456,6.62703385773367,1,0,0,0,1,0,1
47403.61517958191,660.6523622537293,8.720409047677071,1,0,1,0,4,1,1
82729.37082858395,788.9059047079911,5.361100575214891,0,0,0,0,9,0,1
99883.31867538407,699.6041494111267,8.841288876262787,1,1,0,1,9,1,1
89032.90080396866,723.8007037283858,11.09902665527385,1,0,1,0,7,1,1
20000.0,665.263194934943,7.188927327179886,0,0,0,0,3,0,1
47991.23329054263,520.7529041225538,5.373839422967408,0,1,1,0,3,1,1
58325.74053428885,504.8894023624391,5.30731150635999,0,0,1,0,8,0,0
42209.66109477413,816.6247992166811,16.828127003915526,0,1,1,0,9,1,1
61635.72630246787,607.4542179815023,7.851177279325377,0,0,0,0,3,0,0
74617.30435006841,600.6598924678455,8.730294081341368,1,0,0,0,11,0,1
80084.29255865421,669.65305931018,8.879524828059342,0,0,0,1,8,0,1
100576.10456664569,694.0322382663942,7.938270632402112,0,0,0,1,6,0,0
40116.76685825496,704.148970986753,5.658298470954944,0,1,0,1,5,1,1
20000.0,791.9534826304003,5.757065688317951,0,0,0,0,11,0,1
60747.03782043359,770.0589106126354,7.758409514837171,0,0,0,0,7,0,1
106514.33093554407,585.1253420288942,13.834459053383593,1,0,0,0,2,0,1
35690.72420137822,727.4987658737432,7.833874312007696,0,0,0,0,1,0,0
70605.40931191159,619.2727265431361,7.680709818279657,0,0,1,1,2,1,0
70872.37377417929,638.9993004455379,5.313678112362693,1,0,0,0,2,1,0
55743.26142033827,562.480863523891,10.607713012410928,0,0,0,0,4,0,1
50207.74163131143,514.5541716934872,10.634707697537241,1,1,0,0,2,1,1
22297.123828358224,647.4750629894169,7.460230661955436,1,0,0,0,4,1,1
20000.0,573.5214467111003,7.839855728026839,0,0,0,0,4,0,0
20000.0,724.2250942857629,10.17732501282157,1,1,0,0,1,1,1
38290.87552664902,627.5137405183903,7.43587160909445,0,1,1,1,9,1,1
82922.6806226812,674.6872175159899,7.426779660869223,1,0,1,0,3,1,1
46906.15812945873,759.4020603132345,7.14614120530557,1,1,0,0,4,1,0
34429.228432455544,531.1763854574314,6.657171066946322,1,0,0,0,3,0,0
23270.436741397087,592.030608916025,6.4032870680916805,0,0,1,0,1,1,0
69704.17485528441,664.470689965268,5.388294707849362,1,0,1,1,10,1,1
90750.71499291816,675.0019852658609,5.211977232742508,0,0,0,1,7,0,1
81903.07165602379,738.2798001017861,8.62999944215503,0,1,1,1,11,1,1
68184.49099275407,719.3722503232478,14.92081689998997,0,0,0,1,8,0,0
20000.0,657.7546900584591,5.627997762708757,0,1,0,0,1,1,1
39449.77271468686,674.2723736477805,7.194049124203241,1,0,0,1,12,1,1
108419.12686669026,676.4860712792392,5.8716448657133675,0,0,0,0,11,0,1
83658.51475745675,532.4230108260996,8.381241317517805,0,0,0,0,9,0,1
20000.0,637.489961811603,10.19373176624854,1,0,1,0,11,1,1
48332.28430402186,669.8778574397674,11.98242214205666,0,0,0,0,11,0,0
60892.95297983116,686.6840687028085,5.121886029696636,0,0,0,0,9,0,0
27135.246109213404,576.0509247948672,13.216221100470927,0,0,0,0,1,0,0
20000.0,548.4961669976888,9.833283338159177,0,0,0,0,8,0,1
52964.72135049295,631.2373925985536,8.233785718921762,0,0,0,1,4,0,0
26367.25227138682,807.3892888873195,7.064349639892373,0,0,0,0,3,0,1
26484.747827459476,584.4601989817065,7.543957911322234,0,0,0,0,7,0,0
39359.58920207726,743.9142597883847,6.705666749777209,1,0,0,1,2,1,1
45989.72256035565,776.7791714436096,7.0175755049841495,0,1,0,1,3,1,1
49727.51617712941,653.6373220986555,8.705916483592533,0,0,0,0,9,0,1
23480.303032339958,595.612165227724,11.262654788630435,0,0,0,1,5,0,1
43393.71411097768,691.025565092658,10.06235195541941,1,0,1,0,6,1,1
20000.0,665.5992233679597,5.3022822316198335,0,1,0,0,3,0,1
59331.171961042346,581.2716815847754,9.12969334265821,0,0,1,1,3,0,1
20000.0,597.2957738902579,9.438888279939691,0,0,0,0,11,0,1
41315.297586991415,686.2863881716265,6.087429516891736,1,1,1,0,8,1,1
77575.58461030861,724.6752326534838,8.664142257785471,1,1,1,0,3,1,1
20000.0,624.176783894769,14.030627561553832,1,1,1,1,12,1,1
71492.90610972201,644.4693148089558,7.132663949175612,0,0,1,1,10,1,0
84671.98136362676,703.4910856408865,6.0809283368307705,0,1,1,0,4,1,1
20000.0,636.2010492660852,6.190162162068548,0,1,0,0,7,0,0
45459.11289272773,626.0538421363292,11.031821524582988,1,0,1,1,9,1,1
20000.0,589.5727344218219,7.03401804866138,0,0,0,1,3,0,0
46453.74663287162,588.1852301300776,6.365870599335547,1,1,1,1,6,1,1
49784.8636705602,850.0,6.397222061510801,1,1,1,1,3,1,1
20000.0,634.3038671936735,6.095709230385133,1,0,1,0,3,1,0
107745.15086239597,759.2046657209779,6.713130051295877,0,0,0,1,6,0,1
58580.47422903875,784.7194670015257,10.740762849201198,1,0,0,1,1,0,1
24529.29703753894,635.3134168405472,15.001045871920343,0,0,1,0,1,1,0
93961.38282495555,679.4743846747815,9.24600395053869,1,1,0,1,12,1,1
20000.0,658.1982785626426,10.189389639766176,1,0,1,1,12,1,1
20000.0,521.0254119473059,5.410998445232061,0,0,0,0,12,0,0
20000.0,525.842159020147,13.315673922717494,0,1,1,1,4,1,0
104031.35589618002,653.9078773523419,7.597660927302016,1,1,1,0,3,1,1
59970.3911441601,616.0069169113123,5.452323052291429,1,1,1,1,7,1,1
69782.05369545484,801.3264270714872,6.469146397045508,1,1,1,1,12,1,1
59030.03701755427,631.0741649044305,6.2142877404797865,1,1,1,1,7,1,1
67213.03283433753,806.07431976545,6.020063063873607,0,1,0,0,4,1,1
52342.331416879686,611.8886883091565,6.8889583105754735,0,1,1,1,7,1,1
58127.64028122324,802.9760336487147,5.800093622666364,1,1,1,0,4,1,1
53228.10308668853,690.5139597557877,10.38039446185017,0,0,0,1,8,0,1
31742.245832921646,695.0633516616958,5.688023308806085,0,0,0,0,4,0,0
48601.25704355993,609.058883461308,12.415858744199342,0,0,1,0,2,1,1
58207.83719785033,696.1533744322951,5.963568233919452,1,1,1,0,10,1,1
53316.47358656392,785.4170746465,5.548222451072657,1,1,0,0,4,1,1
20000.0,638.413800475189,11.240150631563303,0,1,0,0,10,0,0
20000.0,622.8482547706706,7.98246223105949,0,0,0,0,3,0,0
82485.24301749174,630.258996891193,8.558710560347087,0,1,1,1,5,1,1
40790.178623497944,779.608928400515,7.120629412208697,1,0,1,1,4,1,1
67541.76041107821,718.4280965600869,9.346333373380546,0,0,0,0,10,0,0
20000.0,765.8143992376895,8.192192617870255,0,0,0,1,6,0,1
20000.0,675.0898168387416,6.64911545330888,0,1,0,0,3,1,1
24692.10162404861,653.1455485422266,6.063844505331768,0,0,0,0,3,0,1
43323.0478768576,683.9155231256506,8.91124616567291,1,1,0,1,4,1,1
30045.79102146763,735.6126827530032,12.42180360489327,0,1,0,0,3,0,1
88818.0056931714,630.2305405929708,6.767716439578792,1,0,0,0,3,1,1
55385.699046123846,759.4941594685429,7.481669934498067,1,1,0,0,4,1,1
105468.15855685575,679.2664445652701,6.232427085579944,1,0,0,1,10,1,1
62132.24462214252,457.4977489575857,5.539453520827699,0,1,0,0,8,0,0
20000.0,720.6794741684156,13.164603782641622,1,1,0,0,7,1,1
81681.24819375663,548.2155989390415,8.417912382678184,0,1,0,0,1,0,1
20000.0,718.733820853919,7.717810688607235,0,0,0,0,4,0,1
56916.01001634017,722.1214398590533,8.004029508257654,0,1,1,1,6,1,1
26759.478270084655,676.3914077904967,10.20983884328805,1,1,1,1,7,1,1
114281.33103392558,693.4944719101355,9.246434131818383,1,0,1,0,10,1,1
93187.93782290406,737.909663027519,7.062736216278811,0,1,0,0,11,0,1
27745.380748947253,610.3497860951418,9.354133411268364,0,0,0,0,9,0,0
46179.26995636665,713.4743727761983,5.554015377728395,0,0,0,0,11,0,1
57337.94208947652,743.0418642365629,9.223791178901148,0,0,0,0,1,1,1
75902.42214684832,790.8066078030782,5.609836227502463,1,1,0,1,1,1,1
50874.55736975038,561.5375771152237,5.703952758101842,1,1,0,1,2,1,1
20000.0,682.6812851990214,8.233985596801581,0,1,1,0,4,1,1
28473.240823998414,573.0808640750828,7.969331734100958,0,1,0,0,2,0,1
49865.54610869626,569.6862385838801,8.589406809286624,0,0,0,0,7,0,0
87033.70936294073,678.7222217924784,6.054262099599427,0,0,0,1,12,0,1
62835.13581608132,656.1964651836911,6.655928606161605,0,0,0,0,10,0,1
26797.552201549523,741.6001182817588,10.81131535347497,0,0,0,1,8,0,1
69451.1833312937,622.3058840324633,10.44874890737411,0,1,1,1,1,1,1
38390.4548336552,639.2758851042391,5.365299952225876,0,0,0,1,10,0,1
76712.24015560524,666.9203409870548,8.741025460501664,0,1,0,1,8,1,1
125810.31254985816,581.0536918850835,5.583343249823701,0,0,0,0,12,0,0
39235.20887169351,592.1544123987255,7.981879969555533,0,0,0,1,12,1,0
74048.15479179112,739.2878932618042,7.04939826821588,1,1,1,0,10,1,1
27638.200038868108,606.0835966975113,9.338761459153725,1,1,1,1,9,1,1
46632.08698426107,744.5981253159748,8.030551558069993,0,0,0,1,9,0,1
50886.868606163036,698.5850064534636,5.2426363271967595,1,1,0,0,11,1,1
44189.49019866858,526.1975179608852,7.004816729536485,1,1,1,1,2,1,1
123890.41066325072,692.430295347023,8.2062060023252,0,0,0,0,3,0,1
40802.20775964853,691.7983858475302,9.183646357546609,0,0,0,0,9,0,0
67605.54616354604,683.8342886809028,5.730862105059287,0,0,0,0,8,0,0
20000.0,638.6498618893592,9.75529325655292,1,1,0,0,11,1,1
62959.89690108831,574.7946035686518,11.139472435424489,1,1,0,1,4,1,1
84261.63777056741,757.6970212890096,10.605676478460051,0,1,1,0,12,1,1
34172.07972262848,641.8736329021732,5.960111386541224,0,0,0,1,5,0,1
20000.0,579.3275071731706,10.870500079891126,0,0,0,1,4,0,0
48840.44693518025,686.5974948870406,12.851243590694903,1,1,0,0,5,1,1
50515.51551156584,590.5776023413395,8.553705196299198,0,0,0,1,1,0,1
71722.25152232913,574.0731177371903,5.212188126445891,0,0,1,0,2,1,1
110327.09106240302,619.9621910238048,5.6206079011226215,1,1,1,0,2,1,1
38598.3904819908,596.768178854554,7.872630452152217,0,0,0,1,12,0,1
24311.356290191587,577.0206198412341,8.53985066564995,1,0,1,0,5,1,1
20000.0,714.5129409809407,9.457592771646674,0,0,0,0,2,0,0
55942.35851094798,640.893774843008,5.258373440869487,0,0,0,1,1,1,0
64380.62776455506,750.1823956412713,13.03407169507968,0,0,0,0,11,0,1
33630.338169122464,581.6392417816052,8.243165132161618,1,1,1,0,10,1,1
73360.48237177369,511.7951169890931,6.354479473296149,1,0,0,1,5,0,0
63961.52230457527,661.9016279399533,9.821528317208248,1,0,0,0,2,0,1
51296.95068934671,798.4783137445132,6.330187239827248,1,1,1,0,2,1,1
22927.558377676236,692.4789463489602,6.4794769720219865,0,0,0,0,1,0,1
35544.070535458304,850.0,10.045844123104894,0,1,0,1,10,1,1
20000.0,676.5647296759271,8.570328542184859,0,0,0,0,3,0,1
57073.61192594101,668.8441769030472,13.891820800243739,1,1,1,0,2,1,1
50790.23866242306,477.5709863153666,8.418222171853397,0,0,0,0,7,0,0
55654.369732684594,684.2357952470823,10.150777652736688,1,1,0,0,8,1,1
65129.570466936806,663.4934208015433,9.115344806193804,0,0,0,0,9,0,1
61574.64459296669,617.406304143637,12.153837508535037,0,0,0,0,12,0,1
46688.504580618945,639.0576906352744,9.850189781633068,0,0,0,0,8,0,0
51460.041294882576,644.5519540526257,5.8392467858143,0,1,0,1,6,1,1
20000.0,635.6056677654349,10.21862650962704,1,0,0,0,8,0,1
32488.380629317224,817.1771970500769,7.027076290017899,0,0,1,0,1,1,0
51514.13161050384,620.3310377755993,9.956647669183848,1,1,0,1,9,1,1
27924.39272262918,663.5450979083085,9.541640247370609,0,0,0,1,8,0,0
75804.52387617639,617.6879133291035,6.35981781097015,1,1,0,0,12,1,1
30241.037571349087,712.6744949315105,6.664800944219735,0,0,0,1,3,0,0
56489.16233744949,664.1410959977766,11.168037024198483,0,0,0,0,2,0,0
53496.969704460076,627.6071541463615,6.73900211949131,1,0,0,0,9,1,1
72388.32780831229,495.9225643274254,5.653711211865704,1,0,1,0,12,1,1
77023.73522084906,669.4646580231,5.62523739498894,0,1,0,0,3,1,1
70820.97832903819,625.23389811362,11.340805440682367,1,0,1,0,6,0,1
20000.0,645.1407474490319,6.674628233425388,0,0,0,1,2,0,0
85824.4444403938,555.4033642203733,6.921218486166045,0,0,0,0,5,0,1
95819.24672583793,764.6625738176157,12.505858445218927,1,1,0,0,6,1,1
35536.27147035592,718.5394540675097,5.821126491402522,1,1,1,0,12,1,1
57099.4073801855,764.4564798112506,10.773196236272483,0,1,1,0,9,1,1
23275.04959607654,741.7583440624763,8.149393683399385,0,0,0,0,4,0,0
20000.0,697.385384170197,5.935139865013393,0,0,0,1,10,0,0
27838.542033728412,558.6173993018846,9.049367134664458,0,0,0,1,9,0,0
33795.82881609169,797.4709731257487,8.881914174123825,0,0,0,0,7,0,1
39354.47805944554,575.7891879289991,7.470163482826398,0,0,0,0,9,0,1
21232.57729982036,628.527390074003,7.105982296420851,1,1,1,0,3,1,1
27997.244995482833,706.5521824501536,7.461450875064399,0,0,0,0,9,1,1
49669.81035114777,710.5232629749923,5.722441356137174,1,0,1,0,7,1,1
26893.19050669574,695.7789381555647,5.655323321356769,0,0,0,0,7,0,1
66305.72997650084,617.9769214936728,8.603071904774747,0,0,0,0,6,0,0
70449.81954192318,601.445469811562,7.0219907930408425,1,1,1,0,10,1,1
121411.63238493468,850.0,8.204960144097264,1,0,0,0,2,0,1
83770.39796370387,646.8548849200133,6.758820536217614,1,1,0,0,7,1,1
57293.091749852436,637.0582892288932,11.695983949448205,0,0,0,0,8,0,1
31392.07109996964,592.9154807248997,6.178030651933229,0,0,0,0,10,0,0
58812.42055021996,669.5736279256766,15.67103373710841,1,1,0,0,1,1,1
59797.87879749068,665.8418240462456,8.580893046607947,0,0,0,1,8,0,1
34600.60732983018,648.7019033036564,6.852307386248993,1,0,0,0,8,1,1
73511.94190258633,680.5381317430309,5.0425724010375,1,0,1,0,5,1,1
20000.0,791.0830001953883,12.071568423846166,0,0,0,0,4,0,0
42668.00493387468,602.3957834967281,9.476647067894191,0,0,0,0,2,0,0
66675.7537795222,653.4466993761696,15.435652453008883,0,1,0,1,3,1,1
41372.47557223709,598.1721237959555,10.370253028177135,1,1,1,1,3,1,1
43797.36789712186,673.5758688660502,7.316253397274201,0,0,0,0,6,0,0
45866.42416423159,604.5224398900465,7.229731754300586,0,1,0,1,6,1,1
24931.962779367634,607.9645606852648,5.679782166906232,0,0,0,0,9,0,0
85217.02794722625,533.2381300755499,5.054577526157985,0,0,0,1,8,0,1
20000.0,657.823582625574,5.130332281998343,0,0,0,1,9,0,1
59544.77982229656,684.3815697523981,9.092529692452207,0,0,0,0,11,0,1
62409.43694847121,798.8381082553836,5.811642568684096,0,0,0,0,1,0,1
21541.342963730996,687.5601984951876,8.642673492239625,1,1,0,0,11,1,1
52193.1276314223,614.0252701362144,14.90937357175001,0,0,0,0,12,0,0
22711.034817658932,541.2256729851129,9.445703827376187,1,0,0,0,10,0,1
91731.27425167836,552.2970395467618,10.16031236843911,0,0,0,0,12,0,1
20000.0,546.3497328422422,9.291758892313286,1,0,1,0,1,1,0
30383.08717304107,800.2433628359505,7.818469957965024,0,1,1,0,4,1,1
20000.0,673.0248397541096,9.335420883325746,0,1,1,0,5,0,1
20000.0,603.3627024590486,8.557199396578632,0,0,0,1,7,0,0
97736.4587264688,573.2112315877389,7.6235551169454165,0,0,1,0,3,0,1
66283.24021737686,581.5113727684862,8.846750872103115,0,0,0,1,11,0,1
54208.80277101632,601.2560484394897,6.021579203437751,0,0,0,0,11,0,1
30302.69109959235,755.3004173004122,7.9744333395506715,1,0,0,0,1,0,1
77228.35433140305,647.60452423538,11.817298063042523,0,0,0,0,8,0,0
25273.32681897641,534.202686618084,14.599269999147085,1,0,0,0,5,1,1
73809.17882990309,834.8367419784297,7.600723012751878,0,0,0,0,5,0,1
23824.661701830915,558.7871088507283,6.4626167474774725,1,1,1,1,6,1,0
30664.768943729843,602.7331752060907,9.869358928432847,1,1,1,1,9,1,1
72748.47158353764,754.8115510107106,12.637212614923905,1,0,1,0,2,1,1
75914.82032467301,683.2119706087253,5.861612437335783,0,0,0,0,11,0,0
67924.18801690283,612.4061600300632,6.156259367630545,0,0,0,0,4,0,0
20000.0,551.4906459124932,6.550127076214214,1,0,0,1,12,0,0
36598.194028315134,572.6647912859978,7.545402909579524,1,1,1,0,4,1,1
54706.962235955405,577.4803104738827,14.350686257165417,1,0,0,0,7,0,1
24521.571142697252,650.562543827964,7.287211683734407,1,1,0,0,6,1,1
91128.88280387879,665.2849453825042,10.369895407735616,1,1,0,1,6,1,1
20000.0,638.1076297094926,7.227690540803787,0,0,0,0,10,0,0
26637.814538925413,646.8628948860537,5.028316520006616,0,1,0,0,1,1,0
34713.004913905046,565.9421443844543,5.053087009565441,1,0,0,0,9,0,0
20000.0,673.4508884979111,5.689118990865147,1,0,1,0,7,0,1
20000.0,752.4414909469597,5.566616884354337,0,0,0,0,3,0,1
68758.68537626206,636.9766654600345,5.2428052699222185,0,0,0,1,10,0,0
50908.50909658892,635.4170634856421,5.101371517875404,1,0,1,0,4,1,1
97194.08066128708,656.6400841642278,11.220050961761856,0,0,0,0,1,0,1
96356.79337654458,739.4563887807514,6.889092857386132,0,0,0,1,2,0,0
62991.3913581184,578.4221600449088,5.420587936098256,1,1,0,0,6,1,0
59397.14747002135,766.0677868585708,7.6369075851836685,0,1,0,1,7,1,1
51977.93325736701,683.697779154819,7.637195947132973,0,1,0,0,5,0,1
20000.0,652.2944556559094,8.783991851079435,1,1,0,0,2,1,1
20000.0,747.0591069331456,8.027645647331441,1,0,0,0,7,1,1
53020.265092968024,555.4350340898835,6.9221116245911585,0,0,0,1,7,0,1
68480.77126243015,691.7636428995767,8.25422981677701,0,0,0,0,3,0,1
58690.09436414422,684.4247651605294,8.066891693974767,0,0,0,0,12,0,1
23226.05096853027,575.1635948484966,7.871483897628101,1,1,1,1,1,1,1
78122.18847408486,686.8510498363057,10.092971490089486,1,1,1,0,1,1,1
94473.3208626391,672.6644143504388,6.563351251281292,1,0,1,0,11,1,1
78139.6880087402,635.7009504248052,10.488935471471493,0,0,0,1,12,0,1
79687.97988771411,719.0254044184267,5.941330554897947,0,0,0,0,8,0,1
33223.226061343674,604.2596598113869,6.255893095705218,0,0,0,0,7,0,0
82278.02368102397,671.6256996674695,7.921942811297699,1,0,0,0,4,0,1
54372.75917982972,639.4660974035745,10.28223295759488,1,0,1,0,4,1,1
65346.66585566015,600.8242541593866,5.607952635964408,0,1,0,1,12,1,0
60962.95528474127,690.2307748095017,10.088464758965884,0,0,0,1,1,0,1
46355.38683678767,633.3811402120679,7.372835267056591,0,0,0,0,12,0,1
24199.925746330944,532.1594833032362,8.329864569035314,1,0,0,1,12,0,0
47535.90009337861,505.91471162256124,5.108646428556477,0,0,0,1,1,0,0
79602.84852448468,713.1245974466561,7.698018568534696,0,0,0,0,1,0,1
36755.725840612715,552.3519914218535,5.386034203257662,0,0,0,1,8,0,1
76800.41787824438,672.3507594720485,7.104511696344927,0,1,0,0,2,0,0
72112.12011853015,654.396151490252,8.553256167051464,0,0,0,0,7,0,1
41031.87808940509,620.517457842328,6.017379089812433,1,1,0,0,10,0,1
91664.0031085873,806.5334765772272,5.273705249544489,0,0,0,0,7,0,1
39333.59986427882,664.3739214768357,5.664217530195474,1,1,0,1,7,1,1
95286.40587837895,710.4506786145653,6.061494324515362,0,0,0,1,5,0,1
63023.80944622918,672.7852972271847,5.903983531862398,1,0,0,0,6,1,1
49524.02244639459,631.4768461506015,7.125623899924193,0,0,0,0,11,0,1
23365.958589870388,648.4728999811247,9.576380931358958,0,0,0,1,12,0,0
47352.19309594876,766.6834212528387,6.0095834775224315,0,0,0,1,8,0,0
43887.21459516739,737.0484234080344,12.894163639975396,0,0,0,0,4,0,0
20000.0,806.1589145350881,5.648733436136813,0,0,0,0,3,1,1
43471.537318469986,667.7313674378307,5.602116184286485,0,0,0,0,12,0,0
25885.90459708743,579.8450347439401,7.279120048661749,1,1,0,0,2,1,0
67579.75306936345,614.758644451215,5.616419225985219,1,1,1,1,4,1,1
89188.4142718461,554.9777446561127,7.192702576216993,1,1,0,0,1,1,1
20000.0,711.3635303100222,5.26089992667711,1,0,1,0,4,1,1
101369.23185100767,603.1266947138201,7.702073512729897,1,1,0,0,4,1,1
46143.468968446105,405.57456429443914,9.463740673558798,1,0,0,0,9,0,1
20749.358451844575,847.1020558663945,6.052010829154119,1,1,1,1,10,1,1
72732.64340624551,604.3519089209348,8.065104813627828,0,0,0,1,9,0,1
36606.365652348555,603.8727259611352,5.47887645852388,0,0,0,0,6,0,1
47547.899719055175,783.7289354128293,6.967508013949718,0,0,0,1,3,0,0
37871.65267363763,553.3398839361987,6.676324050256192,0,0,1,0,10,1,0
25497.862044053,740.9284709226533,5.195820097828937,1,1,1,0,12,1,1
71719.91097205711,603.0046045260783,6.789977345028993,1,0,0,0,9,0,1
41410.95791317438,544.0963644322512,6.769538893098244,1,0,1,0,6,1,1
20000.0,786.4574209102509,5.718692174865718,0,0,0,1,9,0,1
66531.80372647799,723.8477557650021,5.4733453796852825,0,0,0,1,10,0,1
20000.0,723.6000787612035,7.006417953285446,1,0,0,0,9,0,0
20000.0,679.4124437431019,14.7837557226965,0,0,0,0,11,0,1
85778.18614931949,697.9281306462144,8.95652458774233,0,0,0,0,4,0,1
20000.0,551.4273580201566,5.167005951957839,1,1,1,0,3,1,0
20000.0,658.9288685795728,9.782833388896158,1,1,1,0,1,1,1
68685.84454884488,575.6989599639323,5.083649398231646,0,0,0,0,5,0,0
40884.09711556609,538.8847584749557,7.696243614617497,1,0,0,1,4,0,1
43470.34636585651,682.8762664566425,5.4796256442086415,0,0,0,1,3,1,0
40564.988199494,742.6519644527635,5.621241335791434,1,0,0,0,8,1,1
56950.0981705618,619.3304940617548,6.9575644496958455,0,0,0,0,10,0,0
27418.422742907962,633.0389686132366,12.135034704749529,0,0,0,0,7,0,1
94283.44623697293,558.9479483933568,10.702142708611227,0,0,0,1,12,1,1
20000.0,650.5773716870318,8.357107919197238,1,1,0,0,2,1,1
63346.24750031369,710.8060889910731,5.522236915643459,1,0,0,0,12,0,1
69263.63011629751,713.3222189382218,8.578931992842247,0,0,0,1,9,0,1
27210.447174998662,693.6140940504746,5.34009836113211,1,1,0,0,8,1,1
20000.0,600.5255066244372,6.443955300165634,0,0,0,0,11,0,1
80515.22642510469,597.9896765258279,8.080047263038434,1,0,1,1,12,1,1
20274.177379498553,713.6323578592746,8.448888657603144,0,0,0,1,10,0,0
31800.081777482996,714.9599145773385,9.202705221247385,1,1,0,0,4,1,1
76619.26887379239,636.2404011654486,11.963438757979919,0,0,0,0,4,0,1
51042.237006170726,615.9062473947452,6.2185728560845766,0,0,0,1,7,0,0
20000.0,743.379767475656,8.97240328244651,1,0,0,0,7,1,1
102411.77433660542,621.2041068149402,8.69452681055186,0,0,0,0,4,0,1
34099.67723660102,709.6745779619025,9.877070308726692,1,1,1,0,1,1,1
37917.28130280748,639.0525460113521,12.241510460553101,1,0,0,1,6,0,1
57673.52756979096,566.19737751704,9.765017277836643,0,0,0,1,6,0,0
68752.30391012218,778.9849712018962,7.64636162841286,1,0,0,0,3,0,1
108833.12873874401,659.6051116585181,6.790024909451393,1,1,1,1,5,1,1
20000.0,593.1404816089533,6.126539214991488,0,0,0,0,12,0,1
74778.56626777837,538.7355465779837,10.384378594882493,1,1,0,0,8,0,1
72290.2908215023,546.7999361410533,8.124442658367025,0,0,1,0,4,0,0
45885.0526737765,620.1670876724319,7.843213930045882,0,0,0,0,9,1,1
73618.21084448668,804.0103106826874,5.2478902958637885,1,1,0,1,10,1,1
78028.2205290964,603.2270497060606,6.5687090617131645,0,0,0,0,5,0,1
20000.0,765.7963865876964,6.046399826480257,0,0,0,0,5,0,0
102492.99517642491,639.5389065117532,8.511307299509033,1,1,0,0,7,1,1
20000.0,555.5079687118654,7.838910171485047,1,0,0,0,1,0,1
20000.0,612.1431049239683,5.594404371748205,1,1,0,0,6,1,1
42146.36979127711,547.5209661010045,6.663875959271746,1,1,1,0,2,1,1
107748.2153956117,581.5225238428917,5.760649974628727,1,1,0,0,3,1,1
40752.30110739841,579.1401550499266,7.744690392847277,0,0,0,1,8,0,1
49041.98329847568,497.6956906014987,8.68494316336885,1,1,1,1,4,1,0
92962.3581171369,771.023685505178,7.681216477172153,1,0,0,0,7,1,1
40990.45572303582,666.8813624177825,6.655942515715975,1,0,0,0,10,1,1
20000.0,595.0977275505519,10.680853092078117,0,0,0,0,10,0,1
37482.95494285056,667.7406197146711,9.325063718183557,1,0,0,0,5,0,1
91123.75501417332,583.161568508635,8.296713119201964,0,0,0,0,12,0,1
52125.9499116541,436.31504277041955,6.434480827230099,1,1,0,0,2,1,1
107919.74777168779,850.0,10.164019649562158,1,1,1,0,1,1,1
72138.04778786466,665.1679901341647,6.35008931267143,0,0,0,0,5,0,0
30655.7319081955,602.8789568548189,6.057877028530594,0,0,0,0,4,0,1
51532.28913395235,495.28681506580534,12.742756422078738,0,0,0,0,6,0,0
24403.456455743613,530.4680163885952,9.350411287070209,1,0,0,0,3,1,0
29947.0090805369,782.3593543643924,9.175502299426999,1,0,0,1,2,1,1
184372.5275307727,770.1550839038773,7.789636593579653,0,0,0,0,3,0,1
80558.73530101433,710.2572028799158,8.401575988779737,0,0,0,0,4,0,0
75832.9396702002,560.7938369272149,9.1394439416578,0,0,0,0,6,0,1
31304.590540758083,770.7979190381609,14.801386740314321,0,0,1,1,9,1,1
97087.52198843236,685.9826094355482,10.885190750885258,1,0,0,0,12,1,1
82982.46805378812,702.3939558681227,5.164217473724181,1,1,1,0,11,1,1
106448.63868073313,685.6936755554597,12.534896221380803,0,0,0,0,12,0,1
104993.42445195347,529.4410252299117,5.7666843478890275,1,1,0,1,12,1,1
20000.0,554.147123940249,6.130357195558342,1,0,0,0,2,0,1
20000.0,609.1825466873311,8.565193885714383,0,0,0,0,6,1,0
20000.0,701.491176602649,11.55537074472364,0,0,0,0,12,0,1
21681.78070002689,539.5654334205483,7.004086633937696,0,1,0,1,9,1,1
59703.570927811714,635.9722868044647,5.009628871753171,1,1,0,0,2,1,1
32995.89643712547,635.8712391869559,5.111830644461454,1,1,1,0,1,1,0
112177.95622287555,713.4191751462063,9.183342408827741,1,1,0,0,11,1,1
107140.39646244913,703.973722848613,6.5275314674626035,0,0,0,0,12,0,1
49806.15217762881,569.1819256758293,5.204877938460357,0,0,0,0,8,0,0
108659.7864844937,765.7348935589841,10.52757550040705,1,1,1,1,4,1,1
94644.03881720605,556.9408136999768,6.720172773925372,0,0,0,0,2,0,1
36478.80322468223,737.37915535206,9.250618581895143,0,0,0,1,11,0,1
20000.0,605.9884081321281,5.327352045055438,0,0,0,1,8,0,0
43460.94845117812,663.1140762746697,9.974234238329753,1,0,0,1,5,1,1
30661.33606764581,668.0789968083444,7.706889975891805,0,0,0,0,8,0,1
56195.168754374914,665.8165952567036,7.436781451405409,0,0,0,0,4,0,1
52676.84860624247,703.9599358747656,8.915306639982113,0,0,0,0,4,0,1
51890.529766976855,681.3167598346826,8.332639645143836,0,1,0,0,12,0,1
65710.54224137493,712.6919303896431,9.255253582815296,0,1,1,0,11,1,1
20000.0,687.1695968276108,13.52705583696226,0,1,1,0,5,1,1
62340.80832709123,548.8435792859325,11.467578845395714,1,0,1,0,11,1,0
36811.51540948982,671.583925964639,6.86569693665985,0,0,0,0,1,0,0
55999.46599591061,604.8904077995734,6.766987434814614,1,0,0,1,10,1,1
78722.2953569657,561.2590017674173,6.4656711587633,1,0,0,0,3,1,0
20000.0,626.812808585816,12.70478290263409,0,0,0,0,8,0,0
41561.19041991292,664.6588479228072,8.315946450004098,0,1,1,1,4,1,0
46443.97297913407,669.9740022390228,9.240132778294441,1,1,0,0,1,1,1
34571.930852880774,734.4819796112215,9.489925103898024,1,0,0,0,6,1,1
76994.88488398872,754.5847295177261,12.921156134762867,1,1,1,0,6,1,1
28388.349235985854,676.9024664605885,10.803737370739636,1,0,0,1,2,0,0
33337.98801672984,691.3685101607527,5.201217584830348,0,0,0,0,8,0,0
28702.426011438063,657.6247226540524,9.257651410669723,0,1,1,0,4,1,1
82761.66234316405,711.3780370919668,11.913239855745973,0,0,0,0,12,0,1
35226.6766276335,688.9590511069651,5.425286604815508,0,1,0,1,12,0,1
63801.361726506686,645.6409524913757,7.540668148394188,0,1,1,0,8,1,1
109271.15303690222,822.158605360344,8.017601717276177,1,0,1,0,8,1,1
47755.44738948244,606.3053309246545,5.615703250261378,0,0,0,0,3,0,1
83361.82040099472,766.356556536667,11.656928226454252,1,1,0,0,5,1,1
100140.62252279384,541.656565893845,5.493515049813216,0,1,1,0,8,1,1
80815.74680121242,715.0893229161164,10.970192064982147,1,0,1,0,1,1,1
49495.96052066779,764.925468138147,10.707953032231453,0,0,0,1,10,0,1
69263.23276995841,497.4224743193664,8.987279553026239,0,0,0,1,4,0,1
20000.0,661.1160458444075,9.19924476551368,0,0,0,1,3,0,1
26598.70525550144,707.2331232995235,7.1810213827261755,1,0,0,0,6,0,1
31859.74455104243,670.1570883302453,6.290362791530402,0,0,0,0,11,0,1
117218.36360522847,680.2524748485571,8.45045672334734,0,0,0,0,10,0,1
25622.46457234199,660.8978529901331,6.551101534205572,0,0,0,0,8,0,0
25175.69746214511,562.4601738910726,10.48049002462825,1,1,1,1,9,1,1
20000.0,839.4436473724354,10.457205307568387,1,0,0,1,7,0,1
66794.35285792283,609.7169709347361,13.789032030281167,0,0,1,1,11,1,1
54278.641780066486,684.7328991023124,7.226393656292503,0,0,1,0,3,1,1
82602.76931079695,598.2528258331658,7.927016844041445,0,0,0,0,5,0,1
70137.78998232062,467.9309447983441,5.635840556845477,0,1,1,1,5,1,1
20000.0,576.0389701000825,11.477809454633455,0,1,1,0,1,1,0
25781.66689968888,534.1914646179889,8.375859162508771,0,0,0,1,2,0,0
90959.86244827465,737.3254031379591,6.861538195734024,1,1,1,0,7,1,1
43901.05266269585,601.4505587164437,6.541024042051021,0,1,0,1,4,0,0
85627.75454054038,608.872692865603,7.461574514281136,1,1,0,1,3,1,1
45509.571562540485,564.8535429917011,5.1910132342862685,1,0,0,0,4,0,1
20970.307151344357,657.5228318972082,8.400676354128063,1,0,1,0,7,1,1
40902.176669998815,592.6833186910975,13.670896482478513,0,0,0,1,12,0,0
20958.50613350912,729.3883784997431,10.46149605998501,1,1,0,1,4,1,1
33033.417127927285,674.1631458471329,8.549238176090203,1,0,0,1,9,0,1
56027.77119695738,604.2539371420442,6.04741884064755,1,1,1,1,7,1,1
65348.152711070616,718.0186441469615,6.851192381047394,1,0,1,1,2,1,1
20000.0,650.635241841859,7.032459468710499,0,1,0,1,10,0,1
49478.95977472705,651.719752455196,5.628172920482621,1,1,0,0,4,1,1
32401.527933207428,532.9892077014459,9.533482990398497,0,0,0,0,4,0,1
30547.55573123563,644.3131093771749,6.32815900148037,1,1,0,0,3,1,1
53980.53857399231,675.7235711454399,5.676381088797372,1,0,0,0,1,0,1
33486.44381932364,756.6853457758676,5.425735341136478,1,1,0,0,12,1,1
91464.13984540023,589.8485096077342,9.092527899128104,1,0,1,0,9,1,1
85641.8562875318,832.248689870841,10.164849836166265,0,0,0,1,5,0,1
85454.84881826118,694.5494653463189,14.974293703670723,0,0,0,0,9,0,1
35152.69413529095,528.4470499172954,6.000499551058552,0,0,0,0,8,0,0
21125.03495242033,582.3841508731555,8.685275020742475,0,0,1,1,10,1,0
52460.89788164347,763.6799331373455,5.728661665436769,0,0,0,0,7,0,1
45489.54901141198,749.4583314369916,9.066903424017706,0,1,1,0,1,1,0
31735.305127299052,651.4474785248402,10.627876044708312,0,1,0,1,12,1,1
20000.0,661.9934162446282,14.41442092915378,0,0,0,0,4,0,1
48754.460921957856,556.8311781019223,5.807394547831448,0,0,1,0,4,1,0
37877.9164924258,755.7154192188274,6.526895960381874,1,0,1,0,4,0,1
70650.4111111406,570.9786330580426,10.75901734138965,0,0,0,0,8,0,0
69953.18154564439,717.5792888898734,5.186268753333903,0,1,1,0,6,1,1
83023.99416268151,758.1633894932111,8.886699286071568,0,0,0,1,1,0,1
20000.0,653.8524443375608,5.83968628887471,0,0,0,0,4,0,0
62031.74923080898,727.4089092897759,5.560782294907669,1,0,0,1,10,1,1
28176.028812989836,797.8111766420556,5.207438274713553,0,0,0,0,11,0,1
20000.0,671.437503936859,10.512000366653686,1,1,1,0,7,1,1
37141.9328915387,635.9758546854443,10.534834684253813,0,0,1,0,12,1,1
82061.14940403853,644.6517713958787,9.677308506562838,0,0,0,0,11,0,1
38830.44939288547,590.5609677862329,8.529146823772376,0,0,0,0,9,0,0
96963.63979877337,588.7532965810501,9.121084689869132,0,0,0,1,2,1,1
66466.35546561,685.3925411060562,8.291280175218478,0,0,0,1,2,0,1
38177.285630582686,636.8840142280573,5.630271044675674,0,0,0,0,5,0,0
84801.45286719226,676.2055341481013,9.92720074400458,0,0,0,0,12,1,1
63361.90316342857,530.8051080117943,9.914621299038561,1,0,0,0,5,0,1
22023.21834659884,642.5904939850288,9.519529630213064,1,0,1,1,7,1,1
105764.07906741546,732.409428007237,7.346078370495571,0,0,0,0,4,0,0
57784.364692594296,560.4860578419185,8.42093320173802,1,0,0,0,4,0,1
50563.88575956476,651.3221131307641,5.1276651992260485,0,0,0,0,2,0,0
24334.019902831522,501.6312551281271,9.468007636447187,1,1,0,0,2,1,1
85386.14802823214,545.5630382181461,12.587574377988236,1,0,1,0,4,1,1
65518.2628208392,714.612871014244,5.304118746595829,1,0,1,0,2,1,1
68877.14540885724,625.2572565349641,7.137063081525555,0,0,0,0,2,0,0
34774.05969422695,795.7658292430833,9.861160690550218,0,0,0,1,10,0,1
75023.01715730205,684.595448833945,7.427898852685944,0,0,0,0,4,0,1
77354.40780712405,692.447653191146,12.861588739330823,0,0,0,0,12,0,1
29936.652836566325,563.8814360084081,10.444299902945932,1,1,0,0,3,1,0
20000.0,619.1915698524438,7.95231500674646,1,0,1,1,10,1,0
67441.19178016772,591.389105436191,6.87447530142397,1,0,0,0,4,0,1
20000.0,564.7646608359531,9.920408732292923,0,0,1,1,10,1,0
54560.47333513338,703.1114500876909,13.852088445314129,0,0,0,0,11,0,0
36582.64685638079,719.1612692614943,6.9202281650518,1,1,0,0,7,1,1
86559.95632366763,681.9149755333959,12.433924187842843,0,0,0,0,3,0,1
38214.68327698378,583.7546245419211,7.652390529544398,0,0,0,0,1,0,1
83218.18916011413,676.458402807797,7.971055509643595,0,0,0,1,12,0,1
34573.71666910921,496.9857278827475,17.078612569352174,0,0,0,0,11,0,0
79999.73015178833,755.8407414966432,7.071703192683121,1,1,0,0,12,1,1
111810.24631510495,546.147985949005,5.425452659530093,1,0,0,0,4,0,1
20000.0,560.3632814049229,6.6090661367506645,0,0,0,0,7,0,1
58761.07165192724,659.2233815656155,6.955324952575509,0,0,1,0,2,1,1
132463.47247730196,666.3327648193637,9.986087535325193,1,1,1,0,12,1,1
51997.66480708765,644.1801121238573,10.1205976397639,1,0,1,0,10,1,1
51853.64810688945,561.1897647214163,13.717972009091941,0,0,1,0,10,0,1
73654.96842053058,740.6678394882633,7.181849211213754,1,1,1,1,2,1,1
51232.42592284262,515.12406391446,6.698587066111923,0,0,0,0,6,1,0
20000.0,531.3384807641244,12.734512904170586,0,0,0,0,5,0,0
83968.62124516815,641.4413782436415,9.976560736268985,0,0,1,0,4,0,0
20000.0,548.861281452449,10.905258080619781,0,0,0,0,6,0,0
37496.25046584975,747.8100221020741,11.289037341406084,1,1,0,0,11,0,1
86222.77247469945,555.7428291669668,10.108172666001925,0,0,0,1,12,0,0
39303.72714071643,774.562172176825,5.93918924186207,0,0,0,0,9,0,0
29189.105226067877,732.8097732617259,6.352822900877607,1,0,1,0,4,1,1
76377.91715499682,748.8044588406067,10.104270787749138,0,1,0,1,5,1,1
24466.556394968404,800.9684786362596,8.165852571350728,1,0,0,0,9,1,1
20000.0,656.4982339276612,6.082830381782882,1,0,0,0,1,1,1
58235.4196247985,568.9620323344034,5.174991784088508,0,1,0,1,10,0,1
44512.30104762227,641.7593699385087,8.565667450784076,0,0,1,0,3,1,1
20000.0,604.666751567283,6.112187889137215,1,1,1,0,1,1,1
69108.5761998461,593.2646981989022,7.967353006372049,0,0,0,0,5,0,1
63934.628167317016,662.0682749445466,8.723312837755905,1,1,1,1,11,1,1
39207.34950183104,625.0636628633803,6.840480748463401,0,1,0,0,12,1,0
41260.03981625161,589.8232252546403,13.916112749599254,1,1,0,0,5,1,0
64111.7822602747,630.3678085930194,9.196621364240935,1,1,0,1,3,1,1
85710.842592562,693.9182771362964,6.829382891511823,0,0,0,0,5,0,1
41516.20369672026,726.5133765274156,6.429348947864465,0,0,0,0,1,0,0
69640.65479024433,521.7660869447209,8.477258998536218,0,0,0,0,2,0,0
66956.00651253798,625.7439130937166,5.33129156465535,1,1,0,0,2,1,0
76379.21878126929,638.6925435620236,7.266382937959987,1,1,1,0,11,1,1
51179.27596230396,555.3983982217894,5.642327613077699,1,0,1,0,10,1,1
22630.234578009266,640.4235413567441,6.618992571633194,0,0,0,0,1,0,1
36125.02540400092,661.8396487632023,6.407636266514833,0,1,0,1,6,0,0
60285.60397344944,691.5067636224793,7.036082502537024,0,0,1,0,7,1,1
104553.9313514478,656.1726420505336,6.421519506189088,1,1,1,0,2,1,1
35479.41130411165,579.5240472001956,7.400508689404874,0,0,0,1,1,0,0
74143.62330582197,810.9624022057477,12.248351234565604,0,0,0,0,5,0,1
40158.3064796972,716.3301417297279,9.82727432523728,0,1,0,0,9,1,1
53314.06267658407,694.2175795719893,9.516464224469601,0,0,0,1,11,1,1
95461.90247790777,730.3865005608749,9.502326956903643,0,0,1,0,7,0,1
72928.777442613,669.5687337448381,7.142525395073054,0,0,0,1,5,0,1
20000.0,752.9040708417564,5.3956853515103775,1,1,1,1,5,1,0
32825.74928565227,654.5497560228612,5.193025027897278,1,0,1,0,9,1,0
87686.64033324076,650.1397968219347,9.961121107713396,0,0,0,1,10,0,0
54256.34127885486,700.8182783032963,10.1804532233871,0,0,0,0,11,0,1
20000.0,776.1086037032738,5.022662337662039,0,1,1,1,6,1,1
25431.426650788373,770.9638892231446,5.910786305443496,0,1,0,1,10,0,1
71104.80568133516,697.4278078607997,7.066985729150398,1,0,0,0,12,0,1
79832.30843652891,691.328948686144,9.252805280206042,1,0,0,0,6,1,1
50535.65904446523,705.6833928877189,7.209747239910192,0,0,0,1,3,0,1
124259.41402808306,728.8496730669278,6.726183213562834,1,1,0,1,3,1,1
74724.57090366916,753.8985551530594,7.449015446829291,0,0,0,1,9,0,1
42695.567911012986,631.073273279692,9.442414873862898,1,1,0,0,9,1,1
25528.818557019673,755.4449031869913,5.773947390381011,0,0,0,0,11,0,1
20753.47086082876,677.4396091257045,7.492480393278749,0,0,0,0,11,0,1
60062.639614411084,702.074529799996,7.939380772517828,1,0,0,1,5,0,1
35336.6886525978,760.5559457227196,9.607041479019593,1,1,0,0,10,1,1
100212.31261950274,709.7649800072543,10.921238402647731,0,1,0,1,6,1,1
93989.35408753579,723.2796450522272,10.499862590709345,1,0,0,1,7,0,1
68991.99642491681,618.8465173374063,6.61904973372531,1,1,0,1,9,1,1
20000.0,769.8649234999745,6.757037957522702,1,1,1,0,7,1,1
29833.43382342785,705.65493688609,5.2957856336720095,0,0,1,1,5,1,0
87670.32577223302,660.0852574272399,8.31337827977711,1,1,0,0,12,0,1
33108.01400614694,738.0859509514482,10.778519338947081,1,1,0,0,11,1,1
83664.25201758574,850.0,7.35440204418974,0,0,0,1,8,0,1
64238.11769104283,556.4860398542452,13.770275437731755,0,0,0,1,9,0,0
51551.53654439562,585.7013901661375,5.080289140440938,1,1,1,0,11,1,0
28915.015611936768,850.0,5.951454667543036,0,0,0,1,3,1,0
47172.68469425745,684.13558738435,12.430789091253878,0,0,0,0,3,0,0
55689.43864624694,665.2695742905254,6.958775816775001,0,0,0,0,5,0,0
80976.16694903365,640.7691406670268,6.221050987324929,0,0,0,1,2,1,0
23427.93198098736,746.6748800777152,5.787420361572297,0,1,0,0,11,1,1
42115.49472421654,850.0,5.833614031351003,0,0,0,0,8,0,1
51344.69395796854,596.7849167413324,13.868533498253534,1,1,1,0,10,1,1
69880.35073058493,642.2498618248533,7.7019354725513764,1,0,0,0,5,0,1
22746.069874316694,621.9418297145708,10.628640689096041,0,0,0,0,5,0,0
20000.0,708.6291981455422,5.9777597924039405,1,1,0,0,6,1,1
70218.95455130149,747.791475012046,5.094529792002034,1,0,0,0,8,0,1
20000.0,779.6746228266493,9.430272813857075,0,0,0,1,8,0,1
88549.39144286505,711.3374626096224,12.13182182898836,1,1,1,0,8,1,1
45322.21707551276,850.0,7.382253527147379,0,1,0,1,1,1,1
20000.0,604.0197613434069,8.218531982951616,0,0,0,0,11,0,0
35587.393417895175,583.2367558053836,9.995086474239926,1,0,0,0,1,1,1
61373.70899207712,767.5475434652967,5.032777730431337,1,1,1,0,10,1,1
34018.96737335067,659.826585567707,6.897075281046941,0,0,0,0,1,0,1
50600.89246473042,539.9247741267775,14.666934600582382,1,0,1,1,8,1,1
72202.3509711586,624.7149622690041,9.889271398511728,0,1,0,0,12,0,1
43934.28993837141,670.452692327782,6.174107330581207,0,0,0,0,10,0,0
21888.26970601599,598.3001409674116,6.792778875269449,0,0,0,1,4,1,0
41030.48007884477,568.8271450324329,8.56116555032081,1,1,1,1,3,1,1
92445.20409377781,633.38966907793,11.39636483612502,0,0,0,0,2,0,1
100551.93035999552,564.8373263710631,9.256878802691425,0,0,0,0,10,0,1
20000.0,700.8104831184186,6.474589833210608,0,0,0,0,9,0,0
82730.83727574431,494.4956122485723,7.278980408228252,0,0,0,0,4,0,0
57504.43148106069,657.2339942372338,10.803066560093496,0,0,0,0,12,0,1
77719.4803736045,691.5607910486642,5.86527882815112,1,1,0,0,8,0,1
33485.35219197111,642.7567008201299,7.93926789693017,1,1,1,0,1,1,1
20000.0,737.4578317656699,5.426956834221274,0,0,0,0,1,0,1
67534.66365942385,540.3551012636692,8.617882651829344,1,0,0,1,6,0,0
21770.682161518493,593.9128398899109,9.517579541052811,1,1,1,0,9,1,0
20000.0,623.5972282999288,10.500636596181526,0,0,1,0,1,1,1
20000.0,707.0179655527445,5.459760481508038,0,0,0,1,5,0,0
68027.41347246003,667.4806068836897,10.737061635845595,0,0,0,1,9,0,0
54183.57398087592,821.4692786193934,8.53686868390909,1,0,1,0,8,1,1
73473.98065624021,585.5371282420886,6.689535602332612,1,0,0,0,8,0,0
70072.25763489095,538.4008881135479,8.684742523802917,0,0,0,1,9,0,0
37371.993062487025,793.1271186346448,11.136582280204657,1,1,1,0,7,1,1
47885.79278367633,535.5313132854094,6.34005392002955,0,0,1,0,9,0,0
34656.87413652381,704.6450169119236,5.900769921866514,0,0,0,0,8,0,1
43690.16681403528,571.7063966382425,5.716445929383838,0,0,0,0,6,0,0
20982.35786056802,484.4545319321851,5.032151737338626,0,0,0,1,5,0,0
61714.52881623006,620.0172964949414,6.525930005691152,0,0,0,0,3,0,1
82253.62246945269,721.9599969981728,7.964833984865015,1,0,1,1,3,1,1
25501.6091053704,552.2583129221541,9.916522350421575,0,0,0,0,7,0,0
88438.08936204028,696.0875782515865,6.970970358662728,0,0,1,0,1,0,1
53405.64489433825,711.0290848949162,7.105632150926889,0,0,0,1,10,0,1
57232.3692921744,548.2647886784557,5.51717636059553,1,1,1,0,6,1,1
20000.0,631.7790969030103,10.698057923419233,0,0,0,0,5,1,0
20000.0,776.1659857861731,9.524663574789251,0,0,0,0,1,0,1
54323.490883390456,702.0474095970994,6.579393478269948,0,0,0,0,5,1,1
73691.96373896023,629.0806028339184,9.90714170223471,1,0,0,0,3,0,1
29858.586690651427,683.2236385003135,5.432480681713355,0,0,0,0,6,0,1
100102.81701749268,595.1789353223642,8.37370107203214,0,0,0,0,12,0,1
72048.07922762947,739.095654270802,6.904517392013625,1,0,0,1,12,0,1
22749.762448760444,739.0608051681711,10.493015477134911,0,0,0,1,12,0,1
50925.46001160522,659.6724732068843,13.331381054276452,1,1,0,1,1,1,1
124307.87401170236,668.4564925166155,6.2792670350128095,0,0,0,0,12,0,1
20000.0,570.0962499995462,7.266148646732075,0,1,0,1,9,1,1
65848.09816745316,541.8370858345736,5.4996698706957865,0,0,0,1,2,0,0
40317.66341829973,619.8716204846776,8.049776727755683,0,0,0,1,8,0,0
71206.88872755537,643.0078632247057,7.467053515692998,1,0,0,0,6,0,0
88018.20938955146,735.0101997910391,7.860191191187276,0,1,1,1,3,1,1
38412.88733865898,723.7942200494649,5.3173749899946285,0,0,0,0,2,0,0
83567.36815121521,664.7866310687274,5.482724145831707,1,1,1,0,9,1,1
116636.10182815883,745.243118749823,5.592644562727157,0,0,0,0,2,0,1
51988.24212032704,574.5211056948477,5.885291738086283,0,0,0,1,4,0,1
73546.66062482556,736.1869509822695,8.041966494022773,0,0,0,0,2,0,1
32286.77689390175,586.7657028520426,5.916835699701787,0,0,0,0,5,0,0
50577.77927093637,749.1755624051394,5.660063242534938,0,0,0,0,11,0,1
44699.747218752724,648.9322828184015,5.706241084104424,0,0,0,0,2,0,0
73908.07776975787,490.137065876981,11.173150931805075,0,0,0,0,1,1,0
86140.27807270776,708.4125731225154,6.964858499302988,0,0,0,1,3,0,1
46710.35452647622,714.7636607600624,7.38518442776614,1,0,1,1,4,1,1
96008.6853719877,613.4735956409135,7.993510775749844,0,0,0,0,12,0,1
95901.42324684886,620.2992337284786,6.399779325701051,0,1,1,0,5,1,1
75405.61229539702,637.2363776092317,7.18493276715335,1,1,0,1,11,1,1
34519.204048348154,495.9878549898983,9.337037147210955,0,0,0,1,4,0,1
31645.135497802916,460.8217461523885,6.53707267717026,0,1,0,0,2,0,1
25628.55935929884,754.1300510504311,9.455850259300725,1,1,0,0,11,1,1
78474.98210714482,584.0745866071538,8.1359412930423,1,1,0,1,2,1,1
20000.0,798.4211287661091,8.858166292546686,0,0,0,0,2,0,1
70305.12962333021,759.6321440911131,13.32700644994669,0,0,0,0,6,0,1
20000.0,775.3756251415791,8.337813648050876,1,1,1,1,10,1,1
74706.3835952592,597.9760838026276,10.048557719153408,0,1,0,0,3,0,0
50516.58748191682,521.3279050455535,8.202611524451351,0,1,0,1,3,1,1
90009.15685579482,563.0494154724516,8.775164364086166,1,0,0,1,11,0,0
84243.63734963813,614.2836218277671,6.396570468524958,0,0,0,0,6,0,1
93051.96236006335,460.1416213719488,5.748924307461176,1,1,0,1,1,1,1
93824.56154867339,611.9659448700667,6.421475421883858,1,1,0,1,11,1,1
54308.92501964593,633.8657577991112,5.261768378684867,0,0,0,1,6,0,1
20000.0,546.4463222730644,7.404448588198353,0,0,0,1,5,0,1
20000.0,566.7611921403334,9.239833058697336,1,1,0,0,3,1,1
20000.0,632.3521183055359,7.11026561958904,0,1,1,0,9,1,1
20000.0,678.5029238648241,10.018050981447956,0,0,0,0,8,0,0
52064.709731139475,578.7341865599805,10.437519563158666,1,0,1,0,3,1,0
33210.374575245136,673.3802087661015,5.862121367777691,1,0,0,0,5,1,1
44595.93186770446,660.9476806390285,9.904603852926128,1,1,1,0,1,1,1
64781.46258384203,653.7508687214713,8.336330527970548,0,1,1,0,5,1,1
40878.04225802726,597.8388700914738,7.052048835733672,0,1,0,0,12,0,1
20000.0,543.3296323171694,11.082421818923898,1,1,0,0,2,1,1
48402.989973097036,785.7161583920592,10.232098664409307,1,1,0,0,4,1,1
23045.285396814652,700.4244733165941,8.496995050228785,0,0,0,0,3,0,0
41876.405090628105,730.458532244859,5.133143000867462,0,0,0,1,9,0,1
90283.3089326901,643.3096252128862,5.752235797485373,0,0,0,1,5,0,1
41884.84087711476,636.877964619189,10.065916647325425,0,1,1,0,8,1,1
103128.72660043236,689.252774458031,7.805221144827193,0,1,0,0,1,0,1
92949.07960813909,503.2249319638204,5.072033693483027,1,1,1,1,6,1,1
32620.840742628705,560.8285224517484,10.94668632006512,1,0,1,0,7,1,0
20000.0,586.1780097577301,8.258118144654059,0,1,1,1,4,1,1
48423.3751423942,613.634686196659,5.969679463356072,1,1,0,1,7,1,1
84599.83290190667,579.6243456423877,6.835907120993925,1,1,0,0,6,1,1
35294.27281313935,676.6245700200598,7.196969013172051,1,0,0,0,6,0,1
77242.70894786417,656.5157787570269,6.344701420801119,1,0,1,0,3,1,1
86253.19967408264,761.4291751801102,6.827963543047941,0,0,0,0,3,0,1
26779.230489121826,847.900732569005,8.343131263731227,1,0,1,0,11,1,1
29718.467351342388,548.9719807881254,10.777167382204144,0,0,0,1,2,0,0
71379.8609638102,661.7844171174756,12.786394710604917,1,1,0,1,3,1,1
54555.42648924712,661.642070256558,8.805959226368529,1,1,0,0,7,1,1
29418.154203689635,648.864154418827,6.630706453501386,1,0,1,1,2,1,1
39434.58655641238,563.2140343227599,9.783788802624775,0,0,0,1,5,0,0
47884.41341817743,576.624204348596,6.121672671932752,0,0,0,0,4,0,0
20000.0,669.2324489532896,6.01909339588757,1,0,0,0,4,1,0
72969.29319448085,574.3719941354211,6.671618047950685,0,0,0,1,7,0,1
35639.234331824264,662.7417577733606,9.094283440684078,0,1,1,0,1,1,1
20000.0,630.3240172363516,10.839555327513082,0,0,0,0,1,0,0
49283.87095071642,661.3326322497026,7.659223543919678,1,1,1,0,7,1,0
27752.86223319477,573.7359623652453,11.239165823865122,0,0,0,1,4,0,0
100664.66576908031,662.597539386763,5.504704005854861,1,1,0,0,1,1,1
32436.649372400952,579.5237933218727,6.350013190452425,0,1,1,0,12,1,1
20000.0,662.8556486925535,9.443156734625205,0,0,0,1,2,0,0
65237.98009886048,757.1516897951326,5.789141164794323,0,0,0,0,4,0,1
30186.578959772505,670.8787080012856,14.017529576143756,0,0,0,0,5,0,1
26616.313962433032,675.7496305906445,6.654353161608011,1,0,1,0,7,1,1
65285.04148473218,715.3765213998038,6.081747487795618,1,1,0,0,10,1,1
20000.0,537.715332442139,7.666414503156633,1,1,1,0,2,1,1
20000.0,787.513725897841,7.36793499444712,1,1,1,0,4,1,1
101779.94006283011,565.5528005910104,5.630471228491797,0,0,0,1,5,0,1
67384.96212801934,720.372879789515,5.2513378989658905,0,0,0,0,4,0,1
42073.72145016905,709.7527989805059,6.9791791373140395,0,1,0,1,12,0,1
49895.68370894192,577.8266910796192,12.26338391527957,1,0,0,1,10,0,1
65175.930743484685,730.710890941341,5.402097969580713,1,1,1,1,12,1,1
79200.12348840262,689.8250213130648,9.788111380474817,1,1,0,0,12,1,1
27320.741260549643,801.1982915521805,5.115593993279774,0,0,0,0,7,0,1
60984.39577897047,665.4703001073035,7.896797502533419,0,1,1,1,2,1,1
34798.87471369284,641.3165334781922,7.623359402244816,1,0,0,0,6,1,0
44330.56266462127,608.8189977665437,10.333765131142801,0,0,0,0,10,0,1
54820.78602394714,510.53157829190616,9.462659884987282,0,0,0,0,3,0,0
49799.642808419834,624.5417948199072,7.710985993071514,0,0,0,0,4,0,0
72067.00694907716,627.9281284592898,7.496954494535017,1,0,1,1,8,1,1
64612.59677346782,670.9646546045948,11.122460284689673,0,0,1,0,11,1,1
20000.0,536.1517511294028,7.271829731066335,1,1,0,0,6,1,0
20000.0,630.8790231050497,13.138556952047928,0,0,0,0,10,0,0
38908.499457221216,696.1001113617692,10.54144068688726,0,0,0,0,7,0,1
104858.75787325474,704.0407740394013,11.591562566797212,1,0,1,0,3,1,1
24452.24502495193,501.2147859090138,11.21750435302539,1,1,0,1,9,1,1
43753.318711617416,706.5125286922579,7.672756972044523,0,0,0,0,1,1,1
33909.619191304344,630.2740869502807,9.406839039724048,1,1,1,1,11,1,1
33378.6684773576,635.1991298001157,5.196902029392768,0,1,0,1,1,0,0
55347.19231715167,460.838770411533,10.79378120953216,0,1,0,0,5,1,0
92023.31828586955,769.4856930046303,8.46406422200828,1,1,0,0,4,1,1
63679.05199641767,664.1439108009037,9.443546895850906,1,0,0,1,5,0,1
25894.071157187234,527.4831658781834,7.508121820758077,0,1,1,1,1,1,0
132596.8853240962,680.0161259933174,5.655815560845852,0,1,0,0,6,0,1
52357.19662883377,677.5582752677619,6.7796477966620525,0,0,0,1,4,0,1
32683.3713085366,747.8035322346391,6.951447021159913,0,0,0,1,1,0,1
92362.89124032768,625.2248984567298,6.163577778893874,0,1,0,0,11,0,1
35927.88146168544,650.9596855150869,10.997890718207525,0,0,0,1,5,0,1
99887.40964962328,598.5753759809674,13.655022009403213,0,0,0,0,4,0,1
23880.716271,697.8358891194191,6.80278471927676,1,1,1,0,2,1,1
92900.91166764108,587.3207726659961,6.344296809987828,0,0,0,0,5,0,1
56031.42992845083,578.5607586335816,8.365111850226585,0,0,0,1,2,0,0
88731.566981073,644.5761969776064,8.070605219426032,0,0,0,0,3,0,1
107052.97126104633,551.9308982956937,6.905800247710972,0,1,1,0,6,1,1
20000.0,778.1704974831388,7.844419452359189,0,0,0,1,1,0,1
88273.15462274967,804.18133821935,13.006349063262787,1,0,0,0,7,0,1
20000.0,613.7127931662548,10.424276971966423,1,0,0,0,11,1,1
20000.0,539.0723994754268,14.811309418751895,0,0,1,0,2,1,0
25897.716206226887,676.9273631121649,7.939320984596003,1,0,1,0,12,1,1
65109.09908533584,611.431798562486,6.470513643812565,0,0,0,0,8,0,1
50990.47630804579,743.9744906022426,7.583986317015688,0,0,0,0,3,0,1
44985.91747511492,587.0282723576078,15.926636001762576,0,0,1,1,9,1,1
54387.05837067083,693.5610577942754,7.920906290330783,0,0,0,0,12,0,1
67738.68767880418,659.1194871513354,5.234056390021904,0,0,0,0,12,0,0
70047.44371824058,595.8990791509273,7.831726558910793,0,0,0,0,1,0,1
82825.00506845393,669.2039862793554,6.7831513953267475,1,0,0,0,4,1,1
104601.04438302318,720.2826046779879,11.931410516777397,0,0,0,0,6,0,1
49359.12882675569,656.9478815244318,7.064405755887206,1,0,0,1,7,1,1
34367.33113607251,657.7827732101007,5.148395879191182,1,0,0,0,8,1,1
68406.08387555565,580.177325771706,5.853967326787742,0,0,0,0,12,0,0
20000.0,741.5363838323309,5.569725347176437,1,1,1,0,7,1,1
29638.876036651658,733.5637262514547,7.772844974915586,1,1,1,1,2,1,1
79981.4283917837,617.1552649050802,8.682648582646152,1,0,1,1,5,1,1
46276.14875546887,640.0569232413603,11.60661425679649,0,0,0,1,3,0,1
20000.0,763.1376538152261,6.111695488060376,1,0,0,0,8,1,1
20000.0,559.3143343162036,7.071722249283956,0,0,0,1,4,0,1
51461.50038181422,698.3430713087025,9.047372400170662,1,0,0,0,9,1,1
84256.8961090403,605.3108981495097,6.835532377317459,1,0,1,0,12,0,1
83856.3733259356,792.2462301401313,6.750654227109242,1,0,1,1,10,0,1
53326.41508678512,655.075738293227,6.33218718463765,1,1,0,0,7,1,1
110267.28257288385,750.8302814512034,12.34047336842848,0,0,1,1,12,1,1
46855.38902178612,589.0938121231097,5.262589539638505,1,1,1,0,4,1,1
45842.971298077675,550.1177054140586,11.970943287099011,0,0,0,0,5,0,1
20000.0,631.259243423911,6.405140873816928,1,0,0,1,10,0,0
36579.111525163535,671.0146766357469,7.921286135908677,1,1,1,0,8,1,1
75560.45104725484,609.141465438687,9.74667830739759,1,1,0,0,7,1,1
96918.84010579113,710.6645941019974,5.723072399511847,1,1,1,0,12,1,1
25092.960989981464,633.2037145751657,8.080225208816941,0,1,0,1,8,0,0
63867.56987879146,483.48502705867156,9.799435464779666,0,0,0,1,5,0,1
81406.37096969863,694.2249583354401,8.487560658833413,1,0,1,0,1,1,1
50336.244595876975,579.3970352682275,8.57878024539056,1,0,0,0,12,1,1
20000.0,621.0722094658785,6.870114696072532,0,0,0,0,11,0,1
57418.69998722757,774.2504962831484,6.461726490398418,1,1,1,1,9,1,1
72842.91872182679,791.8249379296872,10.343911222054569,1,0,1,1,4,1,1
21577.313149446232,603.9605251925751,9.966650167269371,0,1,0,0,1,0,1
42375.36407376839,696.2229304505472,7.001856229437439,0,0,0,0,11,0,1
20000.0,605.8180407661885,8.087792083040677,0,0,1,0,9,0,1
20000.0,627.0501616881118,5.978422738378361,1,1,0,0,4,1,0
80810.1323536297,601.5379668081158,9.024647594929943,0,0,0,0,3,0,1
49887.54398594445,512.0525055682813,5.448075176787549,0,0,0,1,6,0,0
97930.24990114948,657.6044178986967,5.953595330612387,1,1,0,0,6,1,1
75719.66575718531,673.0532309556934,9.12801497521611,0,0,0,1,6,0,1
39373.707150036535,596.3198603751089,11.149051097212705,0,1,0,1,2,0,1
47504.58019686774,737.0233369149687,5.4783966998472025,0,1,0,1,7,0,0
66985.32172310518,615.1135826323824,10.349771461313637,1,1,0,0,5,1,1
79006.5025026723,599.0230540112789,10.210305254304185,1,0,0,0,8,1,1
59680.11892226034,692.1202494486485,7.763971251359566,0,0,0,0,5,0,1
83167.79435868454,526.5854408021977,8.739566105675936,0,1,0,1,4,1,1
41099.93789976586,722.5343225362244,11.729875584402738,0,1,0,0,5,1,1
20085.69359642941,617.826467408451,12.391300012526195,0,0,0,1,4,0,1
48055.72239316609,729.1428861115272,7.112397049105334,1,0,0,0,4,0,1
56155.546722085506,753.0504420663325,7.095190387339965,0,0,0,0,9,0,1
20000.0,701.2122753885712,5.130067369567914,0,0,0,1,5,0,0
20000.0,585.0421365817351,12.145596350013768,1,0,1,1,6,1,1
63421.588894202825,549.9334634812476,9.629287591634968,1,1,0,0,9,1,1
37809.29445888729,535.2741869331811,12.798441566174862,0,0,0,0,10,0,0
45024.77283013993,738.2328561361048,7.040111126577053,0,0,0,1,5,0,1
39209.220028975295,639.2159910239853,12.353688618993202,0,0,0,1,4,0,1
95618.02705289636,602.0622564375321,6.65603238047704,1,0,0,1,8,1,1
87852.83481185,639.4334278768887,9.970755489083567,0,0,0,0,3,0,0
20000.0,736.4496967163334,11.535808366567077,0,1,0,0,10,1,1
34016.20360758659,712.2991828287641,5.594835600874559,1,0,0,0,9,0,0
75500.1280390878,685.0804924567084,7.511082702908747,0,0,0,0,5,1,1
68058.08711309727,701.0308845941124,6.85667800137754,0,1,1,0,5,1,1
48756.26113010643,664.4137884397559,5.280743999113451,0,0,1,1,9,0,1
20000.0,674.169044583714,6.983054049352793,0,0,0,0,2,0,0
29523.79861539363,667.6820184920838,7.443295822417156,1,0,1,1,1,1,1
34496.97297361131,649.9951003497957,12.73118342133199,0,0,0,1,1,0,0
58309.82993357302,710.2699107065025,11.442471411567341,1,0,0,0,1,1,1
101111.81464091713,678.9025684960316,9.648282977315098,0,0,0,0,8,0,1
29393.592956356162,579.5427975114434,5.7579781471340645,1,1,0,0,5,1,0
20000.0,692.3099508418122,7.4684369254573975,0,0,0,0,2,0,0
46742.4056951617,669.7797653103444,8.178184070334957,1,0,0,0,12,1,1
80952.16941542177,698.9130775132079,7.222514413852972,1,1,1,0,10,1,1
20000.0,641.6634469107977,8.244087042235885,1,0,0,0,12,1,1
93609.02452624842,714.9392251013726,6.145078757955126,1,1,1,0,7,1,1
44839.05913652992,645.0873159307074,10.806358668235326,1,1,0,1,8,1,1
27970.39993059879,707.9103749280436,6.19398290404569,0,0,0,0,12,0,0
20000.0,613.4822787239591,6.29007597923377,0,0,0,0,5,1,1
71195.62320261882,619.0196756720838,7.428513101426814,1,0,0,0,5,1,1
44864.864142753955,698.16420185681,6.565737379977047,0,0,0,0,4,0,1
55121.164482635206,623.4581285004205,12.020358965720538,1,0,0,0,7,1,1
22975.647769659085,826.4626155798529,7.248695729682913,1,1,0,0,8,1,1
40427.11897246929,695.3155989423221,7.64899795747011,1,1,1,1,9,1,1
35402.56260935786,651.993878892336,10.240671732973432,1,0,0,0,6,0,1
46982.20683865377,715.592062140708,8.343733604415041,0,0,0,0,2,0,1
29913.430208725684,611.5455672018786,5.005116721478038,0,0,0,1,2,0,0
20000.0,723.8411855386414,10.655154083113711,0,0,0,0,3,0,1
131854.99235889822,721.6188173330826,8.812257316835982,1,0,1,0,5,1,1
20000.0,750.282724622364,9.515457740022793,0,0,0,1,8,0,0
55443.77020827617,614.7352374921138,7.397889774578216,0,0,0,0,8,0,1
20000.0,552.1813396689804,6.349865548344443,1,0,0,1,9,1,0
20000.0,601.1876288637961,9.894831561434172,0,0,0,1,1,0,0
52934.79475556803,627.4695587221803,5.346035630759879,0,0,0,0,5,0,1
55231.027633049096,783.3769280681404,10.783514983808045,1,0,0,0,8,0,1
87844.9697240715,825.6009623302199,9.932331313120201,0,0,0,0,10,0,1
61986.40523047117,677.5729843715186,5.753125554639777,1,1,1,0,3,1,1
45505.67843762627,650.7512486414879,8.981017578704225,1,0,1,1,3,1,1
21511.992678049875,622.0073735620631,12.26296769936513,1,1,0,0,11,1,1
94970.36204700646,715.9752280168693,9.729603339610943,0,0,0,0,12,0,1
77865.53738150671,825.0865113593214,5.559097525137276,1,0,0,1,6,1,1
20000.0,792.8680712950618,9.119380148980797,0,0,0,0,4,0,1
51138.91184631906,741.0381290084667,8.594506702338506,0,0,0,0,11,0,0
54321.566945794904,739.8642024891085,8.933246929099365,0,0,0,1,8,0,1
39630.390301829924,716.5847909003292,6.337044659098137,0,0,0,0,7,0,1
73155.51457420384,646.2167483433172,8.529116343889882,1,0,0,1,1,0,0
74951.99415044532,591.0761421967363,14.915384227733869,0,0,0,0,12,0,1
44285.42906584682,648.3348728537646,6.838703133142689,1,1,0,0,12,1,1
41573.92262607025,683.7871681705083,8.951112443437971,0,0,0,0,8,0,1
94968.75388002595,533.7092881025364,7.638110698539194,0,0,0,1,5,0,0
77985.16677086712,637.7639416507033,13.932962119472911,0,0,0,1,6,0,1
52170.811697251534,583.9254116326981,6.356259925675316,0,1,1,0,12,1,1
20000.0,731.1072928854513,8.34772691811209,0,0,0,0,7,0,1
60320.00318915107,606.0233278274632,7.364310038423753,1,1,1,0,5,1,1
70942.50394753004,676.257626558479,8.905762420409504,1,1,1,0,9,1,1
20000.0,593.9983765651539,6.339556103271672,1,0,0,0,8,0,0
57556.08344954076,777.8159460768733,6.515910183500818,0,0,1,0,7,0,1
37499.240396127934,513.9394450772331,9.319565745718524,1,0,0,0,8,0,1
43374.37159611345,688.0672301475173,5.9501740438783,1,1,1,1,3,1,1
22778.571417100382,547.8193865248054,6.2925739144898705,0,0,0,0,4,0,0
45554.32128789074,609.253387961212,8.476113106345704,0,0,0,0,2,0,0
91759.74728543994,666.4949362947604,5.92899546239065,0,0,0,1,1,0,1
36608.04503553453,670.428562505347,12.686174813137942,1,0,1,0,3,1,1
78967.20676379552,668.341347287633,7.584720194012725,0,0,0,0,8,0,1
25810.063433611693,662.1399312780401,10.172666327753166,0,0,0,0,11,0,0
72762.68577968117,598.6524590501245,11.664269940113762,1,1,0,0,8,1,1
50049.675668658536,636.8757341528951,12.218922453584216,1,1,1,1,1,1,1
60560.74486367842,652.5307212943131,10.586607212613405,1,1,1,1,8,1,1
50214.59768292463,665.6288317407107,7.523522660531884,1,0,0,0,3,0,1
69248.75697323625,644.7455621754409,9.468638427270584,0,1,0,0,7,1,1
20000.0,708.3672336787564,9.211909827700868,1,0,1,0,1,1,0
20000.0,657.4709576120754,10.478596718152271,0,0,0,1,4,0,0
62512.41494025934,666.1060774097291,7.673362312869626,1,1,1,1,3,1,1
20000.0,619.3878121350787,10.260518966025144,0,1,0,0,2,0,0
34082.58933058372,565.8046458708462,5.023631237923625,1,1,0,0,10,1,1
48369.774768900505,662.3223144585976,10.860740573488512,0,0,0,1,10,0,0
25155.7958716131,746.595683517035,6.499667337405309,1,1,1,1,5,1,1
29253.15791918679,685.508898458433,9.072297994891297,0,0,0,0,4,0,0
58147.46600460777,584.6004847028166,6.407209902138736,1,1,1,0,12,1,1
80278.84867339427,715.1792020654883,5.389211317447382,0,1,0,0,1,0,1
21246.51856235577,623.1906345764835,9.90575105859812,1,0,1,1,9,1,1
32748.254114378895,707.172318438423,5.387543714153262,1,1,0,0,7,1,1
28062.170800188655,620.4963308083071,7.983880438626171,0,0,0,0,6,0,0
20000.0,678.2645151861896,5.641081193505087,1,1,1,0,11,1,1
54251.35370952526,608.5202130700523,5.916048290471878,1,1,0,1,7,1,0
78041.53237485477,610.5558002823733,6.25775951205606,0,0,0,0,10,0,1
80499.29621947647,524.6987706323408,13.43022799972069,0,0,1,0,12,0,0
23877.008706777833,690.9659855328928,12.070178610847705,1,0,1,1,1,1,0
20000.0,679.613570785627,10.664569526166972,0,0,0,1,6,0,0
50648.16642775054,684.1154173008754,12.18023586998903,0,0,0,1,1,0,0
74878.21059699402,672.0264448905449,10.677210597111468,1,0,0,0,8,0,1
54645.51344931152,589.0199973341357,5.089509336440692,0,0,0,0,4,0,0
58679.139076212836,727.2719411594865,5.499638420156753,0,0,0,0,6,0,1
84254.927832087,729.4223440073816,5.941601002082319,0,0,0,0,2,0,1
27825.903223078898,586.9410027863534,5.842739674861653,0,0,1,0,10,1,1
43400.8973998091,692.5699193079967,9.160181525729808,0,1,0,0,2,1,1
99038.16535283605,719.9992948294382,6.186421022188057,0,0,0,0,12,0,0
44095.666307071195,612.3921381325023,11.264484334213323,1,0,1,0,2,1,1
20000.0,626.3171448604518,5.550566561825439,1,1,1,0,6,1,1
29919.317112491157,692.7290726569429,8.979091540304578,1,0,1,0,3,1,1
21854.60446336273,529.1736184468559,5.324155481482802,1,0,0,0,9,0,0
60714.877571038116,562.9186222772801,5.764813770156541,0,0,0,0,3,0,1
23121.589892336633,570.817999370435,6.4114138856112755,1,0,1,0,12,1,1
58131.027585837335,506.29469081396036,11.56204345148262,0,1,1,0,3,1,1
27918.043443780505,736.7951819349985,9.752075333798068,0,1,1,0,3,1,1
20000.0,490.9494548646666,6.8329744867202,0,1,0,1,7,1,0
59198.59360945766,677.4488530745093,7.229768775387548,0,0,0,0,1,0,1
54453.91044640667,714.9346715804176,7.243399011137586,1,1,0,0,3,1,1
65532.73447126522,626.5123236469386,5.038805166526274,0,0,0,0,8,0,1
29810.383425042302,596.5305900215004,5.79132756444191,0,0,0,0,3,0,0
26613.665739218704,668.6273960589311,6.3905743524861105,1,0,1,0,8,1,1
62044.00575444637,650.1466400475585,7.699588287579237,0,0,0,0,1,0,1
95570.58717592942,730.2803889933132,6.601579672292339,0,1,0,1,4,0,1
50335.04028518983,439.7183087681634,6.678028329921435,1,1,0,0,2,1,0
62737.55288141435,576.5034019081497,15.145142236157742,0,0,0,0,8,0,0
40352.36946722878,694.9261507132844,9.535742468544337,1,1,1,0,8,1,1
20000.0,654.0357954219568,6.428994520256173,1,1,1,0,5,1,0
79022.88257462173,710.1627327357494,6.267627987810218,0,1,1,0,3,1,1
77252.42717258487,670.961598099173,10.40746224424348,0,0,0,0,10,0,1
71323.22075525582,639.221034940695,7.903250356394104,0,0,0,0,2,0,1
44541.63684972744,625.8169245525197,6.714896324322332,0,0,1,1,11,0,0
67911.68299215622,836.0044012700469,14.519112886700537,0,0,0,0,7,0,0
76812.85392163492,772.795701922521,7.780514286181334,1,0,0,0,7,0,1
98604.76054870122,689.6404078476178,7.544675125411423,0,1,1,1,5,1,1
79655.78313942326,656.2771114758732,5.419605691679066,1,0,0,0,5,0,0
51914.636751009166,693.0506039482748,7.707290319423434,1,1,1,0,6,1,1
20000.0,716.1467774298326,6.458826340088458,0,0,0,1,6,0,0
54669.74893015223,683.5061348563607,6.491586557626348,1,1,0,1,7,1,1
57697.32187547923,589.8895901290754,14.858807937288658,1,1,1,0,10,1,1
71270.89325954912,792.7608614179608,13.614982992539693,0,0,0,0,10,0,0
90616.75577970277,669.6966582203215,10.14386194651778,0,0,0,0,11,0,1
47145.48463829662,811.1144024311852,9.368243739701779,1,0,0,0,5,1,1
113029.61569439335,664.9717989501867,12.15609096363604,1,1,1,0,5,1,1
20000.0,630.3477318299573,7.578453224168196,0,0,1,0,11,1,1
62580.25617384876,760.7312099237171,5.960835499382681,0,0,0,1,3,0,1
26044.388234479156,674.0949566462214,6.896312811689295,0,0,0,1,4,0,0
20000.0,660.6738107607432,7.41280136932355,1,0,1,0,2,1,1
43946.768711025245,553.9708635485924,5.050854190845974,1,0,1,0,2,1,1
20000.0,702.8174244108662,6.0123967847982875,0,0,0,1,10,0,1
45157.1630590155,610.5351693635273,10.148985485212723,1,1,1,0,1,1,1
51043.0774428337,614.1767032740821,6.76107858739586,0,0,0,0,1,0,1
83556.24228007848,610.7560923675862,7.940269509825048,1,0,0,0,11,0,1
20000.0,685.1227067756242,6.2482681963543,0,0,0,0,12,0,0
77253.35496937318,527.1698981139448,14.674610993391546,0,0,0,0,7,0,1
52942.41350839382,633.1323725819354,7.259881876015031,1,0,0,0,9,1,1
80865.47460828783,728.4223192887503,5.607638619916009,0,0,0,0,10,0,1
37047.46474906617,550.3464904527993,10.482211811042802,1,0,1,0,4,0,1
20000.0,663.8303168747668,7.897674122659819,0,1,1,0,11,1,1
20000.0,599.4880463783333,8.488907520726876,1,0,0,1,9,1,0
20000.0,617.7045504427493,6.250892587149201,0,1,1,0,4,1,0
64334.42458761965,782.4121808311926,5.456376476375191,1,1,0,0,9,1,1
94307.66066644099,517.9608653163993,16.33015872469574,0,0,0,0,9,0,1
33051.45420034339,711.2504270537293,8.421710996497627,0,0,1,0,7,1,1
68874.0589477335,611.765738497823,9.960113047371854,1,1,0,0,11,1,1
20000.0,607.7868811883466,5.267528617687286,1,1,1,1,7,1,1
55409.637475318974,561.0750126009386,5.526377672152223,0,0,0,1,9,0,0
70056.8784901138,710.3119709818909,7.5283963108085645,0,0,0,1,11,0,1
20000.0,634.6876306972787,5.530171448811724,0,1,1,0,7,1,1
43883.49593060436,624.5864468964278,5.201735938712392,0,0,0,1,7,0,0
71477.51421456695,658.786954336326,6.852822727497448,0,0,1,1,3,1,1
20000.0,636.3770299406559,7.051239382469325,1,0,1,0,7,1,1
90063.59185105228,489.94496961971805,5.881636860238469,0,1,1,1,5,1,1
60610.381276731445,610.7340653618113,5.320336586104204,1,0,1,0,2,1,1
71501.82943152028,721.635271275866,8.868102549816133,1,1,0,1,7,1,1
37618.42162415707,529.4706828710154,7.445257352608294,0,0,0,1,1,0,0
20000.0,562.8049680114916,12.999727621109841,1,0,1,0,5,1,1
66021.88868950855,615.856688368118,6.242539680570702,1,1,1,1,7,1,1
47522.29023750464,591.9501265090287,6.589144090898989,0,0,0,1,12,0,0
50963.46366296962,647.7691614286714,8.856429828640946,0,0,0,0,7,0,0
82628.20955596861,562.5538598657007,7.771372011087261,0,0,0,0,5,0,1
72861.91621587794,618.9716380952501,7.168399438571559,1,0,0,0,7,1,1
107637.12251268838,646.1604374720532,9.54061746247213,0,0,0,0,8,0,1
54615.62686620497,701.9152332966377,8.00500265242196,1,0,1,1,11,1,1
29263.626866266484,749.5831508879677,8.162540413782994,0,1,0,0,10,0,0
44347.494592738214,629.0762276917249,7.732905499349473,1,0,0,0,5,0,0
62469.901176158186,801.044819299666,6.7400137986985795,1,1,1,0,10,1,1
80475.69556978933,635.2876335564381,11.501361248500398,1,1,0,0,6,0,1
20000.0,716.3100118605224,5.056660637529687,1,1,0,0,7,1,1
50256.12845537507,804.5206187781423,5.661310877318296,1,1,0,0,7,1,1
98286.24971115107,661.1446727388748,10.478469860451664,1,0,1,0,5,1,1
42793.73386992439,540.1178702737972,6.457147519296802,0,0,0,1,2,0,0
77930.35564607313,657.2723085766105,7.8609526156711516,1,0,0,0,6,1,1
64793.52581648015,601.0685689436071,5.108797496731637,1,1,0,0,5,1,1
78675.8181957494,628.0454378422038,11.051295971740672,0,1,0,0,6,1,1
25707.183752002027,808.7981505996172,6.314361817574838,1,0,1,0,12,0,1
25837.949898032577,552.17892614209,9.035737383044745,0,1,0,0,12,1,0
50608.156763668645,674.0373457844687,8.760917223355394,1,1,0,0,12,1,1
20000.0,579.7822975742621,8.436689431505933,1,1,0,0,3,1,1
41907.78180165027,625.3873647039269,7.289396950598971,0,0,0,1,1,0,0
57586.29972547001,709.5873868163587,6.128506103818434,0,0,0,0,12,0,1
103539.06820849318,675.4531154778418,6.814862310015698,1,0,0,0,9,0,1
62081.54567809465,631.9974184830729,14.437810489945296,0,0,0,1,10,0,1
68756.85412619307,598.0159739788297,8.722060629117689,0,0,0,1,1,0,1
84934.27541150017,675.2862553722891,5.068826313256873,0,0,0,0,10,0,1
21060.272333148303,786.6149373722697,6.47240554178802,1,0,1,1,9,1,1
45047.52012887043,577.89184459011,14.421692750542345,1,0,0,0,10,0,1
122762.37775411678,802.9331108366218,9.926900694841983,1,1,0,1,4,1,1
47626.33332846474,745.9597960580121,7.047586679068679,0,0,0,1,12,0,1
83492.92246346621,759.5482694062214,5.29263129170969,0,0,0,0,8,0,1
78912.13631519322,674.6745904743681,7.263398731017684,1,0,0,0,6,0,1
20000.0,743.6903820407915,7.751396975371227,0,0,0,1,12,0,0
59314.378310178,569.2934974039499,6.665490069344996,1,0,1,0,8,1,0
54402.42416615677,596.5564873721191,6.520648164647003,1,0,1,0,8,1,1
59898.76363521304,711.2651051136314,9.194898165946801,0,0,0,0,2,0,1
27376.6256062682,673.6676044179053,6.819590972808861,0,0,0,0,3,0,1
20000.0,638.1296593201785,6.010423948949356,0,0,0,1,9,0,1
35719.69999937446,449.7912887514062,6.186603046631468,0,1,1,1,2,1,1
47066.150087473914,615.1620761569463,10.528956254490538,1,1,0,0,4,1,1
85549.53342800948,556.0756975761387,8.135903764061805,1,1,1,0,1,1,1
104519.3245917682,689.4827449049202,9.652268617088168,0,0,1,0,4,1,1
91897.93538669535,634.7065177146211,7.346735256849685,1,0,0,0,3,1,1
75805.55632345533,599.7359564666797,6.816631620767424,0,0,0,1,4,0,1
20000.0,850.0,9.656454094846278,0,0,0,0,3,0,1
37733.11475031514,733.0539581355388,5.131278051719203,0,1,0,0,5,1,1
56297.78157238993,734.4697713084847,6.477361165594742,1,1,0,0,4,1,1
31026.82885771475,826.1772115745738,10.472659257827768,0,1,0,0,11,1,1
67316.16957583852,714.1753426146488,7.77837762796515,1,1,0,0,9,1,1
71614.58324762863,588.3236792421708,9.831782279009177,0,0,0,0,5,0,0
66088.70187696406,578.9682918646611,5.791825946796721,0,1,0,0,5,1,0
80754.03813672744,727.1922207003388,5.399151253707906,1,1,1,0,2,1,1
22862.26358860778,485.25165761798587,10.182495130370222,0,0,0,1,4,0,0
77984.86112276593,643.7776295192348,9.35840986938394,1,1,0,1,4,1,1
29130.636496394112,476.31004979548413,7.942982214512039,1,0,0,1,5,1,0
21771.921420713436,657.9074806711606,9.803985334505336,1,0,0,0,5,0,1
65963.48402559145,718.3256200569563,11.63432412271655,0,0,0,1,4,0,1
86476.20686596942,672.3532427682906,6.838179767601693,0,0,0,1,10,0,1
64640.4045912803,725.0487487176479,6.365233589575469,0,0,0,0,12,1,1
50624.12071317633,807.1861553327932,9.599127650553822,1,0,0,0,12,0,1
59304.61478304521,638.5169250190393,6.524046704982027,1,1,0,1,2,1,0
54092.8075420184,850.0,5.9782407952120415,0,1,0,0,7,1,1
20000.0,667.0135964936123,5.662250964200324,0,1,0,1,10,0,0
20000.0,725.9332050152287,15.772995946973143,1,0,0,0,2,1,1
47635.223615796356,601.1149828347945,5.330561791926387,1,0,0,0,7,1,0
52395.705073079116,779.5451183704546,7.388302767790215,0,0,0,0,9,0,1
50339.97135103202,733.3368158834104,13.084647039862084,0,0,0,0,8,0,1
70283.0484094974,767.7161042054398,8.309427592618725,1,1,0,0,9,1,1
43535.6985150698,654.3603537419164,7.075072178524499,1,0,0,0,8,1,1
66889.37545714568,549.5665948493369,11.458090094085563,0,0,0,0,12,0,1
45662.39698020656,686.8317951700325,7.197595334669005,0,0,0,0,2,0,0
104700.76886109398,514.2384149341187,7.900501417670942,1,1,0,1,9,0,1
52421.4118017934,623.1051357102439,9.135405239821903,0,0,0,0,7,1,1
120221.67834577031,665.2864349305801,7.915345014512907,0,0,0,0,4,0,1
60560.34773272593,840.1779434008614,11.110155432577445,1,0,1,0,10,1,1
43589.68488235353,675.4838889553553,6.333671685961114,0,1,0,0,7,1,1
23016.560712209768,661.1629975266432,8.641745511003702,0,0,0,0,9,0,0
20000.0,644.9574060771765,8.10135940923243,0,1,1,1,1,1,1
20256.731468115297,542.6327276187986,8.318953376367487,0,0,0,0,4,0,1
23611.810725080304,656.8660672010407,6.525232403210563,1,1,0,0,9,1,1
61844.6006123653,658.2306140909418,8.836694500381295,0,0,0,0,12,0,1
34215.03886819437,572.5113203637027,9.026998542392942,1,0,1,0,10,1,1
55607.81157663493,555.0603508457308,8.40532786938693,1,1,1,1,4,1,1
88459.35087130059,611.4743453785813,7.695008132956229,0,0,0,1,7,0,1
47365.74945095439,655.1946382858155,9.716207571103286,1,0,0,1,2,0,0
112374.70095400413,613.3956654894833,11.77146929680385,0,0,0,1,3,0,1
20000.0,565.9299640278783,7.622058556590192,0,1,0,0,8,0,0
45482.493548752165,673.1417801603444,6.47124383347854,0,0,0,0,1,1,0
33820.61229167064,693.1093459335383,6.145744344470685,1,0,0,0,3,1,1
78095.19818171024,659.7038167377788,5.188814083006159,0,0,0,1,8,0,1
20000.0,604.9613828898454,11.93195419684039,1,0,0,0,12,1,1
20000.0,697.5872816985807,6.358308692926295,1,1,1,1,6,1,1
46779.59532647111,634.7570168218415,5.195096466358696,1,1,1,0,10,1,1
96541.3316302848,554.873303412388,12.270367355798298,0,0,0,0,9,0,1
56775.25502111922,732.8995484001118,13.911885858152162,0,0,0,0,5,0,1
20000.0,678.2806415413191,10.263629602780444,0,0,0,0,9,0,1
20000.0,640.4567755443409,7.827418817957426,1,1,0,0,9,1,1
100189.69108534858,524.3158236132219,7.78288818748066,0,0,0,0,10,0,0
31365.956036112777,590.4111776691831,5.984769752872698,0,0,0,0,12,0,0
21711.09882650708,811.4852569906342,11.572745081196281,1,0,0,1,8,0,1
94321.17681892581,529.3326350495443,7.880054622910031,0,1,1,0,10,1,1
80332.91016760972,629.8920576286646,5.32513620495144,1,0,0,1,1,0,1
88221.78929800387,648.6931390117104,9.176335475377433,1,0,0,1,8,0,1
21498.7435920255,675.6381431529244,9.645231783473491,1,0,0,0,8,0,1
20000.0,530.2263251338869,7.640635045528551,0,0,0,1,10,0,0
53994.994680881166,663.934100512368,8.852117544656958,0,1,1,0,10,1,0
60053.78399220992,515.1115630022656,5.8890446507936405,0,1,0,1,3,0,0
60938.05411114496,657.7943036956409,5.413911630342011,0,0,0,0,9,0,0
94345.51806917007,597.8081664792334,5.5717331321156225,1,1,0,0,8,1,1
20000.0,580.7304586465751,6.523123489363012,0,0,0,1,10,0,0
75790.85153893297,716.785372693407,6.73836459130405,0,0,0,0,7,0,1
20000.0,631.1515005308894,8.938883392994768,1,1,0,0,2,1,1
75672.05962582523,687.8968643926057,11.115755621400332,0,0,0,0,1,0,1
35751.29886435867,690.5461529102254,9.246507781836751,0,0,0,0,5,0,1
25580.846123284653,751.5962791164081,7.698935932441968,0,0,0,0,1,0,1
31702.918791523934,553.3393806703181,5.2915978366366225,0,0,0,0,4,0,0
20000.0,723.5212530015806,8.966050608091132,1,1,0,0,4,1,1
51212.86819500402,651.3169297950437,6.431729112493829,1,1,0,1,2,1,1
26819.798280186285,619.7500335704325,10.33481863617461,1,1,0,0,4,1,1
73588.94692700835,558.0599584647774,5.251337677110344,1,0,0,0,1,0,0
69201.68243098752,698.5272689234289,7.1381912043568665,1,0,0,0,2,0,1
100644.71158708373,576.2220382932892,5.936158634133282,1,1,0,0,12,1,0
60989.82450623231,691.4245269581714,6.8730966945097975,0,1,1,0,8,1,1
65620.33301240222,804.2264618373706,6.095761280480806,0,0,1,1,4,0,1
92002.99435483442,728.3981632287463,7.240340623043021,0,0,0,0,4,0,1
31170.11911919911,761.314746012052,10.30078832640472,0,0,0,0,8,0,1
20000.0,592.4796178219974,10.850958259390943,0,0,0,0,9,0,1
56002.82177385181,711.0186436905597,6.5600838243774735,0,1,0,0,8,0,1
20000.0,558.4628035890887,8.485833462115613,0,0,0,0,1,0,0
123618.1601877617,631.3213677940308,7.302393709808236,1,0,1,0,11,1,1
93664.9487623683,789.3017644975296,7.380269949806121,1,1,0,0,8,1,1
114919.28999904741,601.3726234858813,10.252594346859794,0,0,0,0,9,0,1
51873.40929989388,738.9084947338474,6.631774540898192,0,0,0,0,4,0,1
66517.20781104793,731.2517386399772,13.377499889672213,0,0,1,0,8,1,1
36215.73704142068,735.979300017667,5.382443116732123,0,0,0,0,10,0,1
76487.74416760256,548.6398419102982,7.5834666733289255,1,0,0,1,5,1,1
20000.0,692.0160772812544,5.675215239696309,0,0,0,1,1,0,0
20000.0,637.472114726651,10.620792144665845,1,1,1,1,7,1,1
26278.681415343,737.0797486023289,10.79585298409268,1,0,0,0,2,0,1
20000.0,517.5999680218524,5.9912872392957395,0,0,1,1,5,0,0
94337.80208478606,679.4230311252483,10.242050258874778,0,1,0,0,1,0,1
104470.32365240948,668.1100162272054,7.048934033773338,0,0,0,0,5,0,1
20000.0,490.79066102008517,5.8249763798967935,0,0,0,0,11,0,0
88751.46822563719,579.1663715124018,7.997918094004902,1,1,1,1,6,1,0
78541.54950502311,503.5878229506519,7.723052722441121,0,0,0,1,9,0,1
20000.0,591.8915758461675,15.481382399935727,0,0,0,0,10,0,1
38291.97407205145,693.9373667732118,8.748675930034429,1,1,1,0,3,1,1
32595.08833626441,665.6292460518886,7.447979848924115,0,0,1,0,3,1,1
72439.861958816,663.5520064474839,12.895890965646448,1,0,1,0,1,1,1
20000.0,566.8201512854894,5.494794665037198,1,0,1,0,6,1,1
47033.82123021553,739.6360393208425,6.468937117288459,0,0,0,0,11,0,0
29421.96488151146,648.4944257310927,9.478333015290477,1,1,1,1,4,1,1
64200.2355015543,652.6963049806006,10.99618192416668,0,1,0,0,2,1,1
43496.23904936212,725.2319655156905,6.7379066047366845,0,0,1,0,4,1,0
33942.62888178814,570.6923401845969,6.270561859385709,0,0,0,0,9,0,0
43601.10273103766,668.2838215897539,6.694710006511902,0,0,0,1,3,0,1
111081.28498520335,683.8769993281136,7.373256647747132,1,0,0,0,8,0,1
37493.01091641832,606.3545479764922,10.005519609630305,1,1,1,0,5,1,1
20000.0,702.1898704607821,9.061194407288703,1,1,0,0,5,1,1
67503.00707467896,688.1698536503653,6.49356026842995,1,1,0,0,11,1,1
45694.259917311305,641.905863017806,7.446768189991693,0,1,0,0,11,0,1
20000.0,639.4279287892111,10.908784840404874,1,0,1,0,7,1,1
116944.89005607399,691.8838126297044,10.867780426977859,1,1,0,1,5,1,1
39425.63163240056,713.0776832010553,5.397431285061204,0,0,0,1,7,0,0
38663.91638115946,655.0319933925313,9.100182597704405,1,1,0,0,2,1,1
54795.06055724292,739.6151568325478,7.999368894098788,0,0,0,0,1,0,1
101903.50307626519,702.6820769944467,9.038859070175487,1,1,0,0,10,1,1
20000.0,506.92288402185477,9.191051801035817,1,0,1,1,7,1,1
58279.575482616194,537.6082641966286,8.681997369263645,1,1,1,0,5,1,1
112618.16485380882,744.5788175217328,13.993099075282283,1,1,0,0,7,1,1
53861.86042218945,630.2581494823282,11.077368293969428,0,0,1,0,1,1,1
20000.0,663.1340658237979,9.390441414034832,0,0,0,0,7,0,1
31448.09441118042,741.1432414127316,5.172975986392638,0,0,0,1,1,0,1
56206.47589270372,649.4871026102527,5.1799189093144395,1,1,1,0,3,1,1
89924.11746919586,652.9814087671479,7.1600723085299,0,0,0,0,3,0,1
39819.92466751818,580.5016613766617,7.464315487677089,0,0,1,1,3,0,1
74799.55392297295,679.5995605782016,8.608333750402002,1,0,1,1,5,1,1
20000.0,696.9209775173458,5.072670531635197,1,0,1,0,2,1,1
20000.0,603.7694530397715,6.073959438753587,0,0,0,0,1,0,0
35515.979339451515,576.2382897355307,5.089048758460586,0,0,0,0,6,0,1
93140.86165619787,850.0,6.989443167897674,0,0,0,0,10,0,1
52066.23918541308,642.5673224121374,11.792947768755399,1,0,0,1,12,0,1
58694.335866998576,595.3046128312567,6.203697748030183,0,0,0,0,10,0,0
58342.38786720582,706.5269156233809,8.063342854992165,0,1,1,0,12,1,1
83276.23947760192,645.9364771817686,5.615709113295626,0,0,0,0,4,0,0
31693.379223864384,563.1386941390317,14.060312727622275,0,0,1,1,1,0,0
70648.55325464698,688.6442857321156,7.286860181287009,1,0,0,1,9,0,1
25073.520084346095,581.7503224739345,8.622888287471719,1,1,0,0,7,1,0
109498.1796776228,776.1166401724507,10.752994050147237,0,0,0,0,6,0,1
25988.266871099306,689.5603703801922,7.7835360884148805,1,0,0,1,4,0,1
23528.320907641373,627.8495660379133,6.7816645134790905,0,0,0,0,7,0,1
66490.09440464148,658.7477614417691,5.075100602699764,1,1,1,0,12,1,1
52393.65294296971,722.2630496878555,7.743598043135486,1,0,1,0,7,1,1
59805.57218782803,664.8769002848638,9.542330038471789,0,0,0,0,11,0,0
56819.41386476954,819.7687565786839,10.736985873081487,0,0,0,0,8,0,1
20000.0,740.8694013116419,8.263356130285961,0,0,0,0,9,0,1
98400.76787238452,689.0085894048898,7.57888411800816,1,1,1,1,10,1,1
76806.26617667328,575.0411301193212,8.634221928807651,1,1,1,0,1,1,1
90768.49853801347,638.2489516878408,7.010859489209988,0,0,0,0,3,0,0
34150.07332668727,688.3099976041963,8.776525023120936,0,0,0,1,6,0,1
62495.70634145514,584.1710867393489,7.65560298392166,0,0,0,0,5,0,1
55921.05386704073,753.474149997036,10.510747549116182,0,0,0,1,10,0,1
83840.07878604523,572.0674126577568,10.15372423814932,1,1,1,1,9,1,1
84807.44395488857,599.0219441563279,6.521927870071757,0,0,1,0,10,0,1
55791.52408874345,605.0160652084095,6.151978191540195,0,0,0,1,11,0,0
20000.0,709.5059568506506,9.89411687459896,0,1,0,0,2,0,1
103389.85661263067,585.6050906263381,5.914631096816777,1,1,1,0,4,1,1
66679.62301070416,506.0018743664756,11.739660718672258,1,0,0,0,11,1,0
31746.888758265737,737.0431068609371,9.643348693403993,0,0,0,0,5,0,1
62196.264148000846,614.4490971915551,9.072300594102424,1,0,0,0,6,0,1
20000.0,564.519389427845,6.885755495626227,0,0,0,0,10,0,1
81660.59202413133,589.6113157437968,6.544391139261114,0,0,0,0,3,0,1
20000.0,787.341019934748,9.701835965051474,1,0,0,1,2,0,0
43374.965238887526,597.4365042181671,8.009971706267885,1,1,0,0,12,1,1
57333.633488166495,640.1305515698479,7.587128342244586,1,1,1,1,11,1,1
81165.1913594628,614.2465310171187,8.084510275027077,0,0,0,1,8,1,1
53196.34029303122,551.3869965252995,5.94343232430642,0,0,0,0,9,0,0
69048.8862083765,590.5825150202429,7.00325145903941,1,1,1,1,2,1,1
49154.99274651341,545.9113274394804,9.414228808928955,1,1,1,0,12,1,1
49034.42147167152,726.4705020544571,5.247033867240904,0,0,0,1,3,0,1
52564.31751044892,658.0703251690877,6.459817216866472,0,0,0,0,6,0,1
44328.26237442876,848.6142209739457,5.844725689749721,0,0,0,1,5,0,1
20000.0,593.2871420007529,6.284950799281326,0,0,0,1,8,0,0
26950.295189101154,581.2911803083505,6.182659146741852,0,0,0,0,5,0,0
57343.24523335095,772.7007814684263,5.635842744449852,1,1,0,0,9,1,1
42526.36989533843,734.6381625654508,6.40876985857489,1,0,0,0,1,0,1
45325.727534542806,680.7812017416818,9.89568516039094,0,1,0,0,12,1,1
40299.38991683854,560.9046787929383,6.347953336298771,0,0,0,1,12,0,1
24092.048218045464,789.5997014182348,7.181978068209105,1,1,0,1,6,1,1
35207.016170711184,644.2317472183721,12.2144882361283,0,0,0,1,7,0,0
40795.04766834216,615.5459897203972,7.28830529691025,1,0,0,1,2,1,1
50154.29421625548,741.4367789534624,9.657003974259917,0,0,0,0,6,0,1
61801.350334091374,648.2163902997016,7.482509357074895,0,0,0,1,1,0,1
44583.491273427826,556.7463931494494,7.881422561393373,1,0,1,0,3,1,1
20000.0,653.2242079598866,5.63749651353975,0,0,0,0,2,0,1
20000.0,587.4920958743389,5.211759540854956,1,1,1,0,7,1,1
127923.11622125673,409.2527085853461,9.283298068463779,1,0,1,0,11,1,1
20000.0,579.4631846279894,7.918735796725419,0,0,0,0,9,0,0
34441.24996206851,607.7811543305719,5.354511640790347,0,0,0,0,3,0,0
65510.00907541806,557.5483912565562,9.29930098805284,1,1,1,0,3,1,1
60825.818286970425,696.019722569123,5.8621743335947,0,0,0,0,9,0,0
65625.97077684717,587.8041794136975,5.043267881218329,1,1,0,1,9,1,1
36718.48791403473,688.2740960667566,5.953990485867723,1,0,1,0,8,1,1
57156.74211918642,551.3344210905348,9.510210006043451,1,0,0,0,3,0,1
51840.309927225906,722.737513686603,9.57501245696784,0,0,0,0,10,0,1
40636.058973761385,547.8813978666807,11.352855006534433,1,0,1,0,6,1,0
57362.2922531402,462.6775672487141,5.826727149478413,0,0,0,0,4,0,0
81660.9664025212,748.9810068130582,8.675418999372067,0,0,0,0,6,0,0
49333.99329694026,581.5284957015062,8.062345938415483,0,0,0,0,8,0,1
49533.58539069276,790.5543246559527,9.57451197025926,1,0,0,0,5,1,1
82044.83104627952,695.1673520966456,10.816888876215499,1,0,0,1,4,0,0
78840.8107945644,713.2210654705002,5.578589537952652,0,0,0,0,10,0,0
97518.0932289045,733.6378000372858,5.258430871094196,0,1,1,0,2,1,1
20000.0,659.0143476999256,10.90385877936984,0,0,0,1,1,0,0
77153.57549508169,659.9244334270832,7.804060786708348,0,0,0,0,11,0,1
68047.40136206537,752.5072019355447,9.714130481532992,1,0,1,0,1,1,1
23430.42806740204,658.9086796558479,6.355517810276407,1,1,0,0,11,1,1
57547.63753996535,591.7458522562712,6.822973237336862,1,1,0,0,9,1,1
81533.65243273995,696.8606848129779,5.193306983284084,0,0,0,0,9,0,1
25125.232325438,480.9085268492038,8.400078764572477,1,0,1,0,10,1,1
63276.872870684216,755.5647041248171,6.47893257905333,0,0,0,1,11,0,1
76140.61027193052,757.2351308772073,7.276448161561933,0,0,0,1,2,0,1
20000.0,745.8533334498463,9.912815305423491,0,0,0,1,1,0,1
45731.42922664556,742.7817569902155,9.778262013758827,0,0,0,1,11,0,1
59029.05129927234,643.2659739727102,5.5578912642084095,1,1,1,0,11,1,1
26116.054833711358,641.4654092405582,6.339657166310046,0,1,0,0,6,0,1
23625.404027193617,551.6287928183315,5.923559690681872,1,0,0,1,5,1,0
45948.66194411677,789.8433001368838,8.706817931306826,1,0,1,1,2,1,1
74049.19150711075,611.1985461578978,6.064843625555772,1,0,0,0,5,1,1
69312.0200357633,677.1908247801505,5.514364793404855,0,0,0,0,2,0,0
24157.618124409735,670.3236226363822,7.765020151061177,0,1,0,0,2,1,0
69565.03655347059,542.7664654716675,8.372099077664604,0,0,0,0,7,0,0
24921.806715004746,510.4259980701436,6.076799186817372,1,0,0,0,11,0,0
20000.0,650.4469296693878,6.550367309225982,1,0,1,0,8,1,1
38985.692868583064,613.6995105910793,7.586542185182455,0,0,0,0,11,0,0
83689.08114757207,642.8450512605332,11.575706903397002,0,0,0,1,12,0,0
69678.8165642412,735.2332504162586,6.403220845825826,1,1,1,0,9,1,1
49952.84577880417,667.9955320429618,6.504935724834654,1,0,0,0,5,0,1
37498.83549226828,710.6818032611784,6.1664299350975,1,0,0,1,12,1,0
38307.13591650706,685.6262529740462,6.152587558552758,0,0,1,1,5,0,1
53263.547175823885,624.6932645408135,6.499606171199735,0,0,0,1,8,0,1
20000.0,569.8557466245549,6.590579896061723,0,0,0,0,1,0,0
39556.77964396108,671.1774294490775,6.868237418283545,0,0,0,1,5,0,0
43532.916159206936,656.7114095476873,8.168893846881222,0,0,0,1,11,0,1
20000.0,723.2125070003798,10.671213442216729,0,1,1,1,11,1,1
24846.552473072752,637.9279944222005,8.21754712941004,1,1,0,0,11,1,1
62315.20374459145,626.2126763907581,7.969662029953998,1,1,0,0,9,1,1
50285.35519822982,631.640049297472,8.246101425089105,1,1,0,0,11,0,1
40737.14626419851,576.5018691995643,8.607006101648096,1,1,1,1,12,1,1
22657.176873861084,765.7527955856366,9.604120565342157,1,1,1,0,4,1,1
97305.49476767652,741.170300369261,5.848107248345853,1,0,1,1,4,1,1
24860.623559620446,552.9576136833563,6.370093593538138,1,0,0,0,9,0,1
57547.784217852124,714.3158513578039,7.758204732909874,1,0,1,1,7,1,1
35363.92735778614,502.3995948854108,5.1694821216621865,0,1,0,0,2,1,0
51088.37877915006,728.8231386488818,9.050753850662833,0,0,0,0,2,0,1
63728.29225821117,594.291963911386,9.787212623918233,1,1,1,0,8,1,1
20000.0,678.7920446142601,9.342428023016026,1,0,0,0,4,0,1
49801.51267539536,495.63922483666624,9.563077862664155,1,0,1,0,10,1,0
85721.85946939536,554.1036614657639,6.686673990281333,1,0,1,0,5,1,1
102845.0568047601,687.4962373799527,7.025670784794759,1,0,1,1,1,1,1
46099.58080234607,593.9273453293775,6.890328146854014,0,0,0,0,4,0,0
51250.43621650727,582.8029703702241,5.9297533951551005,0,0,0,1,6,0,0
116339.99085804599,761.6689357961678,10.072282403180928,1,1,0,1,12,1,1
84047.72844797594,826.87673690183,7.777744783812372,0,0,0,0,7,0,0
31481.46292234343,724.9611149455586,6.181731165013143,0,0,0,0,12,0,0
31430.49647341631,562.6495542611949,7.7428634840794786,0,1,1,0,11,1,1
78696.48385361806,791.081546625416,9.383897299760678,0,0,0,0,12,0,1
20000.0,525.0854192281295,7.513704737090671,0,0,0,0,6,0,0
82631.80254016559,625.640683673974,10.595685704018349,0,0,0,0,2,0,1
60028.99891253025,654.3822213589899,6.043204118591784,0,0,0,1,11,0,1
65531.62292081217,803.9230275071,13.316027164251683,1,1,1,0,7,1,1
42297.9858955984,723.012731004138,8.601822324043319,1,1,0,0,12,1,1
31105.255872607704,612.8993844160384,13.18923580368574,1,0,1,1,11,1,1
93859.78492604962,574.40349833762,13.7217644800022,0,1,0,0,4,1,1
42597.88158339575,730.1754123042604,10.70839476374819,0,1,1,1,12,1,1
37671.94770278415,607.3312834223716,5.669280334279412,1,1,1,1,7,1,1
47595.887963605725,667.339207029198,5.073835241157814,0,1,0,0,10,0,1
55790.66398153829,540.4178808592708,6.643380687220483,1,1,0,0,2,1,1
20000.0,695.540628417936,11.950480069004534,0,0,0,0,3,0,0
33053.85517379265,689.0956116597982,6.293787319900515,0,0,1,0,5,1,1
31459.037782818265,550.6703950673462,8.550055407787916,1,1,1,0,4,1,1
75358.40913820545,732.5298490297312,16.387941795016925,0,0,0,1,5,0,1
23421.122960003322,694.3796646594225,10.229151688547283,0,1,1,1,10,1,1
20000.0,709.2019402224079,10.194863967764949,1,0,0,0,11,0,1
20000.0,619.7057045799895,5.047565644647073,1,0,1,0,10,1,1
20000.0,664.3165129029154,7.368310885794862,0,0,0,1,4,0,0
90846.14608544334,655.0703095092259,7.753045790093186,0,1,0,0,3,1,1
50486.19798452155,638.1463676196615,8.120048006171558,0,0,0,0,5,0,1
65037.472604216084,663.6402622532677,7.813511159747739,1,0,0,1,3,0,1
66094.63181363988,750.5154379037106,9.949438862943332,0,0,0,1,7,0,1
51685.51755176961,735.9960510963141,8.208971013070078,0,0,0,0,5,0,1
47756.561100460756,555.4511458024915,6.1405746004310355,0,0,0,0,5,0,0
81335.79289454423,728.8321453525552,7.551726988035542,1,1,0,1,9,1,1
54379.8774293792,745.2914698198429,10.17231437797263,1,0,0,0,5,0,0
91972.92437790244,637.9057861318107,5.876064552615808,0,0,1,1,5,0,1
68624.898358696,690.6757683038221,6.6153363668414045,1,0,0,0,1,0,0
31466.111795569162,689.5201333842414,6.2287889506925715,1,0,0,0,3,1,1
35085.979283901914,582.0026706660559,9.487161962877472,1,1,1,0,1,1,1
28176.055806371616,619.4434969977337,10.475696055223441,1,0,1,0,6,1,1
86526.44065852146,710.0648191081286,9.941466465013216,1,1,0,0,2,1,1
37848.471411633414,610.3342210534839,5.841722423660752,0,0,0,0,5,0,0
26045.816096011025,728.0399647409846,6.732820681186268,0,0,0,0,9,0,1
59593.341233804604,754.3977952679809,6.259634568010687,0,0,0,0,6,0,0
47084.986808824906,741.4937473584376,14.065110755904646,0,0,0,0,7,1,1
58837.05537725492,808.3843682535565,10.843351940171122,1,1,0,0,9,1,1
106694.4171168153,642.741417416711,5.4699797321536225,0,0,0,1,6,0,0
77392.12417786579,664.176085917525,8.144460817221262,0,0,0,0,11,0,1
50810.31662905719,675.6530438210112,5.301162949814296,0,0,0,0,11,0,0
20000.0,645.1681660007409,7.686028292230808,1,0,0,0,7,0,0
35001.12508374093,693.3743179281315,5.789233510747946,1,0,1,0,3,1,1
71331.3830763591,513.1036776790409,10.105158294976459,1,0,0,0,4,0,1
20000.0,666.3924310954015,10.94355019532872,1,1,1,0,3,1,1
114229.10888991063,539.8050680093684,8.041851548661974,0,0,0,0,6,0,0
50432.49687906646,572.9901377913937,8.534581359150206,0,0,1,1,5,1,1
51465.45179628455,708.6311848823931,7.032478193868219,0,0,1,0,1,1,1
30000.644211260664,634.0707009240784,15.018672580333886,1,1,0,0,10,1,1
64902.132703271556,705.8091579772645,8.191340076056468,1,1,1,0,10,1,1
20000.0,632.3378717119097,5.466942124127273,1,0,1,1,7,1,0
114946.77767304372,738.5125053112924,9.12909453326347,1,1,0,0,2,1,1
89520.53913956034,630.8735435502957,8.891744928408004,1,1,1,0,5,1,1
79528.89335591136,493.6065208349502,6.542256086580403,1,1,1,0,9,1,1
20000.0,668.0314065609017,5.822173682156444,0,0,1,0,4,1,1
56162.398113732525,476.49121234379595,7.165804375632713,1,0,0,0,6,1,1
86272.59194042013,533.7823277974074,7.079014909796262,1,1,0,1,4,1,1
67793.16198073217,579.3642776801144,5.942555011297644,0,1,1,1,11,1,1
20000.0,569.383241778385,5.970156274792651,0,0,0,0,7,0,0
30497.18734074034,606.3959356466971,8.88319492988766,0,0,0,0,12,0,0
36441.915859820285,566.6345741175115,7.804617217138379,0,0,0,0,9,0,0
31896.864965341774,537.5237869131462,5.227207106231764,0,1,1,0,11,1,1
95863.36507130922,773.3468595872619,5.788118567368322,1,0,0,0,6,1,1
20000.0,595.7484362886483,7.843151566354356,0,0,0,1,10,0,1
69677.57418976509,471.5385877482082,7.435442639168694,1,1,1,0,10,1,1
20000.0,621.1265301592595,11.228307062262932,1,0,0,1,11,1,1
21162.455376467966,560.0215153577957,8.890752369990276,0,0,0,1,3,0,1
20000.0,579.2025898165749,5.930341642576278,1,1,1,0,11,1,0
33528.36706523402,706.8273985081988,8.541218224791086,1,1,0,1,8,1,1
95321.94954617642,614.1473904971825,10.10914827744828,0,0,0,0,9,0,1
57944.72727394334,557.7922719025692,7.009895552785693,1,1,1,0,11,1,1
20000.0,685.7002807965796,9.620109809778544,0,0,1,1,1,1,0
80514.43023137937,741.9952664487269,10.811144534904237,0,0,0,0,11,0,1
86939.12790706058,692.9497730111876,6.653747853843128,0,0,0,0,8,0,1
53121.394431172565,453.71555426796596,6.1722353109001205,1,1,0,0,6,1,1
111042.47474457772,560.8008398082388,5.154580581938319,0,0,0,1,1,0,1
74646.92373873843,653.7958824508964,6.2684241446656905,0,0,0,1,9,0,1
70479.57521877764,630.4560475788787,6.749539055312262,0,0,0,0,12,0,0
25898.638785011295,623.8179876848643,5.589666894857231,1,1,1,1,12,1,1
68821.95456864023,571.3794645727332,12.297513561916398,0,1,1,1,11,1,1
56503.7383281348,537.5532733538048,9.167420859864722,1,1,1,0,11,1,1
65594.8700801308,810.6225374250416,5.818436895103962,0,0,0,0,1,0,1
29462.43142576008,652.1688762511129,7.8452238567496,1,1,1,0,8,1,1
53842.9665307696,701.3697431093934,6.137503365369424,0,0,0,0,1,0,0
25494.15499355126,650.5000938867047,6.664329484966315,0,0,0,0,12,0,0
20000.0,653.7078958910391,11.018407250733759,0,1,0,1,8,0,1
79949.1370573515,645.031728015257,10.300172585260718,0,0,0,0,2,0,0
20000.0,560.3643312740454,9.524594845764362,0,1,0,1,2,1,1
53215.593943472486,528.8408433572602,5.393703597494597,0,1,0,0,10,1,1
59990.06388347119,680.8980298995989,8.519343461220274,0,0,0,0,8,0,1
59796.89047589165,665.0273925816933,8.171592590347629,1,1,1,0,4,1,1
41507.627792052495,725.0624718767766,9.592477865208252,1,1,1,0,7,1,1
58136.3442583992,708.8288661313621,9.018496263638404,1,1,1,0,10,1,1
64129.01209355486,585.3190245800263,5.214437964274733,0,0,0,0,10,0,0
72048.94447255955,740.6073047137497,11.072166267952063,1,1,1,0,10,1,1
102003.24018152789,711.2021756123614,7.562327423741275,0,0,0,0,5,0,1
57025.82454494616,705.2673255885868,7.587980679957141,1,1,0,1,12,1,1
51921.465350531056,829.9461433583047,11.72839176606201,0,0,0,0,2,0,0
22798.131039497177,813.5167010006551,5.1660816545272565,1,1,0,1,11,1,1
63078.38971698011,705.1931013243909,6.00568714360639,0,1,0,0,11,0,1
70021.49309421706,695.2157764670023,5.291120326355213,0,0,0,0,2,0,1
44230.904471551185,736.5324145415744,12.225566720926704,0,1,0,0,8,1,1
66338.37512552111,603.2836984263703,5.527707558433783,1,1,0,1,3,1,1
41224.514193519746,604.413659392716,14.128481496703078,1,1,1,0,10,1,1
70129.77956266771,703.8737125673531,6.628558232705554,1,1,0,0,8,1,1
77378.06942089231,581.4819128697942,6.8185783141897165,0,0,0,0,3,0,0
76958.83600191456,697.4215588418604,6.547589235007891,1,1,1,1,12,1,1
53535.32978423902,662.5465733228953,5.706713144940123,0,0,0,0,5,0,1
20000.0,581.5047916326305,6.368872744291288,0,0,0,0,3,0,0
31642.60842074538,652.0693208230639,12.998491539192937,1,1,0,0,1,1,1
67854.71971654185,754.4065273710733,5.343083024886136,0,1,0,1,9,1,1
123464.36917220682,656.589636052307,6.35449110431585,1,1,1,1,5,1,0
39778.376854037546,656.9238118094382,5.996999528173838,0,1,1,0,3,1,1
63675.1303516442,676.3188223123677,6.965157096081162,0,0,0,0,4,1,1
33318.4232756179,686.7350818313287,9.964273488178563,1,0,0,0,12,0,1
20780.98867252698,623.5327627135046,8.822260405255472,0,0,0,1,6,0,0
29710.524092679123,678.0208838373638,10.17592861806286,0,1,1,0,8,1,1
20000.0,566.0743712327413,7.295866924497602,0,0,0,1,2,0,0
90603.05188723252,586.0743154532889,7.942372980225229,0,0,0,1,2,0,1
20000.0,596.3080713539501,8.301638298865111,1,0,0,0,12,0,0
42085.153087981016,687.5810151707286,10.77962576347301,1,1,1,0,12,1,1
20000.0,662.8186262045022,5.5936634861531775,0,0,0,0,3,0,0
23468.593539133868,639.2512338204838,12.889573850512328,1,0,0,0,12,1,1
91295.67979216004,705.261599166823,5.012281692099051,1,1,0,1,6,1,1
56032.00970094176,680.3089666193869,9.687505796263846,1,1,0,0,9,0,1
21038.115224548983,626.8018576013702,8.232698336791078,1,0,0,0,9,1,1
32314.486025104674,567.1815325744151,9.09782138817583,1,0,0,0,10,1,0
27035.56338673743,584.4232959018598,9.535406947842095,0,1,1,0,9,1,1
48693.62983763358,532.6552427685687,7.231506577055514,1,1,0,0,9,1,1
55186.75054363078,661.2455640120661,6.427010116610642,1,0,0,0,6,0,1
106867.2431968568,581.0288974037062,8.719302290659044,1,1,0,0,11,1,1
20000.0,610.3741614412903,10.546078928592896,0,0,0,0,10,0,0
48955.63055726143,639.7927455496908,7.35426414528008,1,1,1,0,3,1,1
40532.969223964334,733.5196153064549,8.31028409840147,1,0,1,0,5,1,1
78396.45583150347,724.3032478653456,5.315572318211292,1,1,1,0,6,1,1
60644.5435453518,645.6233222996821,7.03295077136746,0,0,0,1,9,0,1
67710.86624344837,751.240279152024,13.859943602399474,0,0,0,1,9,0,1
60352.585580452476,489.01211925433114,9.241429173502318,0,1,0,1,3,0,1
22040.266241493813,800.177643981321,7.362769689820652,0,0,0,1,7,0,1
86337.96489479039,705.3999771443669,6.901348445033726,0,0,0,0,9,0,1
73955.14713847007,658.2242628015944,13.077793100270954,0,1,0,0,12,1,1
77465.89375174229,578.6912255398349,5.549614604365779,0,0,0,0,3,0,1
87921.50511521494,614.9546107095629,7.988237371755229,1,0,0,1,10,1,1
62530.25301955879,698.7480716462433,5.352045528639734,0,0,0,0,5,0,0
94429.77212352479,700.5663506825131,12.865096379616922,1,1,1,0,1,1,1
61329.18715359923,703.4714696472629,5.107025343955766,1,1,0,1,9,1,1
43428.24235926174,591.7202612506832,11.794685224933977,1,1,0,1,10,1,1
49801.882685499055,575.6121829587833,5.216564644929307,1,0,0,0,1,1,1
49284.686955916506,665.6164195482005,8.098728748202165,0,0,0,0,4,0,0
34418.26033728371,711.5883166217178,5.0818668996393015,1,1,0,1,4,1,1
98956.66545110662,650.2547879603887,5.256994944744345,0,0,0,0,8,0,1
58888.86096511003,768.5187397508134,13.767332563025164,0,0,0,1,5,0,1
52842.154274987195,652.650996975209,6.331367716882746,1,1,0,1,12,1,1
61648.22764779301,649.9433084933611,9.813173212891428,0,0,0,0,3,0,0
139395.63550211443,703.6447992954136,5.085832696909752,0,0,1,0,1,1,1
20000.0,747.538411007363,5.7821329513571955,0,0,0,0,1,0,0
24648.84464851173,542.0595792156364,7.249183865416624,0,0,0,0,4,0,0
20000.0,560.5590633571521,8.023047400925545,0,0,0,0,7,0,0
43022.02284693542,624.939084980477,12.822104342039182,0,0,0,1,8,0,0
57365.55329982081,850.0,7.382654806690154,0,0,0,0,1,0,1
36040.32444976768,629.0825149967254,7.746198976712739,0,0,0,0,8,0,0
33808.1960554469,640.2573645591546,12.416545908618591,0,0,0,0,5,0,1
54272.14599884397,699.4681543846334,7.646615066862893,1,1,0,0,6,1,1
34936.76525510907,728.154312225078,8.549257461756575,1,0,0,0,8,0,1
59305.27481548514,663.5828093163805,8.567057119658479,1,0,0,1,10,1,1
83427.03040227812,743.1477996032205,6.966539654343382,0,0,0,0,1,0,1
70310.91409402419,554.4823053579264,11.90383188704147,0,1,0,1,1,1,1
76430.40041495606,588.712926020582,10.734027555920274,0,0,1,0,8,0,1
82577.55234520158,742.9989560463712,9.091702013410778,0,0,0,1,12,0,1
58484.844803561085,650.8754491826779,8.615370251251147,1,1,1,0,8,1,1
45240.76921870696,549.0039515993068,7.106305753856876,1,0,0,1,4,0,0
26832.407873504133,544.1969654706234,9.469054795950159,1,0,1,1,11,1,1
38264.65509092837,585.1247355724236,7.124603281234215,0,0,0,1,12,0,0
34289.434019693166,650.1700433726334,5.507498963186821,0,0,1,0,5,1,1
71950.16979862735,687.3903655781431,12.321024841650662,0,0,0,0,9,0,1
60403.47663782589,623.6752000044688,11.23309195893865,0,0,0,0,2,0,1
70902.73588142905,680.7999351391616,6.382445663667966,1,0,1,0,1,1,1
20000.0,615.0346810645108,10.924870784097543,0,0,0,1,7,0,1
92952.48452723236,747.9136161293534,5.270645800407935,1,0,0,1,10,1,1
37190.588854797126,850.0,8.929304253194953,0,0,0,0,4,0,1
20000.0,618.590981433246,8.438100446961126,1,0,0,0,7,1,1
36823.467055345616,688.3946248639156,5.857739817313935,0,0,0,0,11,0,1
124512.97977762525,681.872865932009,5.575767972510709,1,0,1,0,3,1,1
38368.49400525297,661.0956341007941,6.294404109570532,1,1,0,0,11,1,1
40247.105855872236,702.2600756273033,8.476891255658668,0,0,0,0,4,0,1
44236.85958110972,688.3056951183862,17.26720292335773,1,0,0,0,10,0,1
45541.38849705634,612.3157143692084,8.383037633974341,0,0,0,0,8,0,0
26555.71802596237,755.323661809815,7.802036454302933,1,0,0,1,1,1,1
54296.392496183915,666.1332997989421,10.580918195560653,0,0,0,1,7,0,1
82267.8472459499,619.215966413571,9.752534559314476,0,0,0,0,7,0,1
59428.67946436121,845.4562019077921,10.739451233458826,0,0,1,1,6,0,1
20000.0,640.702929827552,5.835552465242225,0,0,0,1,11,0,0
39669.62285198875,670.3955073139,8.573626340373032,1,1,1,0,1,1,1
33454.17799695111,664.0352275664269,9.881371908800546,0,1,0,0,11,1,0
51588.18404704404,639.6084311239033,7.9384788284770975,1,0,0,1,10,1,1
89913.5501468695,685.8931764035212,5.800496255803852,0,0,0,1,4,1,1
45533.51611937351,582.40000727267,6.215798666303413,1,1,0,0,8,1,1
47355.35393388828,697.7234709218446,8.051792290598808,0,0,0,1,2,0,0
103329.34456458289,509.33167772860565,8.050770503978972,0,0,0,0,10,0,1
76286.17975014981,546.1544198994296,7.8441061863280535,1,1,0,0,11,1,1
67222.43846319606,796.0579637734812,8.653568094548167,1,1,1,0,2,1,1
108743.94845905327,549.5055978622571,7.8090494876541845,1,0,0,0,5,1,1
64694.33764382039,493.20329183705115,6.882330625693594,0,0,0,0,1,0,0
20000.0,551.486706474705,6.565288310081135,0,0,0,0,8,0,0
74979.97273641083,789.2045815357387,8.727027127220117,0,0,0,0,10,0,1
20000.0,506.6510607781828,8.073015349031541,0,0,0,0,4,1,0
63560.16105747343,573.5348653926759,12.845822248161202,1,1,0,1,6,1,1
20000.0,533.344601254641,13.816945219428144,1,1,1,0,6,1,1
35994.337688002415,628.0696642327994,13.019437489803378,0,0,0,0,4,0,1
39086.46411170386,615.1183281455411,13.570757130777318,0,1,1,0,5,1,1
26896.426783047402,611.5394794618373,10.428563605992581,0,0,0,1,11,0,0
39534.440084264,798.490703952411,8.147221454281095,0,0,0,0,6,0,1
80976.85161081658,554.0739745889962,9.794386406732215,1,0,1,0,1,1,1
28581.4126352134,641.8249776226311,5.423731626749785,0,1,0,1,6,0,1
66354.22638531623,677.0880997056587,10.86316149539346,1,0,0,0,7,0,1
21030.510811780994,571.5832590342285,7.000794483649694,1,0,1,0,6,1,1
44315.01270823613,688.9271984997282,13.457505071883222,1,1,1,1,4,1,1
59715.17798982351,618.0151604357354,5.457064536371273,0,0,0,1,6,0,1
20104.147501443207,679.9447252951885,7.620635785490261,0,1,1,1,2,1,1
20000.0,641.3600598779477,9.324436666748456,0,0,0,0,1,0,1
64756.34451736665,485.95750195469566,5.094578623197781,1,1,0,1,6,1,0
83692.41198021916,754.4878970212593,8.74425756634787,1,1,0,1,1,1,1
47628.04941537883,815.6366652283257,5.39650013307716,1,1,0,0,10,1,1
36280.61280329887,635.8596654452149,6.432779998572056,1,0,1,0,4,1,0
54670.26163065161,578.1638358506717,10.02608174126885,0,1,0,0,6,0,1
51664.397562961414,770.481017694055,7.115568384532018,0,0,0,0,6,0,1
57287.07622133754,801.2306322293978,5.453745986479631,0,0,0,1,8,0,1
20000.0,636.4963670728002,8.066365093780353,0,0,0,1,12,0,0
20000.0,632.5055507823588,6.017771166127179,1,1,1,0,11,1,1
24643.096836894383,643.6071121862801,6.8909888910276225,0,0,0,1,1,0,0
54526.02885534688,516.0360888603756,8.121395504460365,0,0,0,0,1,0,0
55576.33650866799,626.7099297045418,9.93461175506997,0,0,1,0,11,0,1
69085.41466052108,787.1953510039395,6.92060502640673,1,1,1,0,8,1,1
57727.452476313105,636.5049071383552,5.196838768310953,1,0,0,1,5,0,0
20000.0,566.7972377702235,10.453160660663109,0,0,1,1,5,1,1
93410.13852755181,689.7348495443584,9.640149479450077,0,0,0,1,10,0,1
88157.54910267098,596.624096120471,5.906992387731397,0,1,0,0,3,0,1
20000.0,644.6838301065659,6.110285893228926,1,0,0,0,10,0,1
59981.15883122549,548.4920975562177,5.91176314369091,0,1,0,0,10,1,1
32137.268442709526,567.0700671050615,11.157465211537026,1,1,0,1,9,1,1
54165.91967601645,709.0127403890874,5.32484854930147,0,0,0,0,10,1,0
81599.30838925611,659.269342352087,8.654219646863115,0,0,0,0,8,0,1
113903.12798962876,587.9154090525747,8.554986886182421,0,0,0,0,10,0,1
72538.3311542783,659.5628104243922,8.260962733227451,1,1,0,1,12,1,1
58848.04205330408,601.4282633018192,9.004684447686454,0,0,0,0,8,0,1
39805.364950751085,587.2991864503864,9.771746918748178,1,1,1,1,3,1,0
55464.04613033529,743.1227517798645,6.642078898828281,1,1,0,0,11,1,1
90793.15679984941,712.6302042551017,5.13187567496649,1,0,0,0,9,0,1
48658.73729721244,648.2981720295124,6.88233081883571,0,1,1,0,5,1,1
23416.62045957049,661.5469869799763,9.22519403195348,0,0,0,0,1,0,1
20000.0,649.3281586132525,7.369122784143031,0,0,0,0,2,0,0
65391.43602230752,688.9607407338831,6.68625161001355,0,0,0,0,12,0,1
57418.64376883218,586.0398673235445,9.698577471803151,1,1,1,0,7,1,1
30622.7548021311,719.0003786694915,6.356523440592741,0,0,0,0,1,0,1
80780.42377121894,678.285267031265,12.316394938916897,1,0,0,0,2,1,1
37346.694068371085,628.9554929688359,6.612271133579396,0,0,1,1,5,1,0
45960.67724525614,610.9777574793167,5.757134966301753,0,1,0,0,5,1,1
49500.076001061694,717.2904753413446,9.01202377105123,1,1,1,0,6,1,1
39471.41773585736,637.9610947079915,7.084642760943595,0,0,1,0,6,0,1
57075.95197248713,594.088552333613,11.892373785852858,1,0,0,0,11,0,1
84545.45437799004,619.2344186420542,10.195289514934966,0,0,0,0,9,0,1
20000.0,711.5363719111328,5.656574658189285,1,1,0,0,12,1,0
64655.604154220266,521.1557439003168,5.95665213483682,1,0,1,1,7,1,1
55164.76008819323,621.5672875535622,10.388363572559918,0,0,1,0,8,1,1
54612.91488634119,735.6466135740611,10.894588723127768,1,1,1,0,5,1,1
76155.33709622272,636.5426582317393,6.702539032543693,1,0,1,0,9,1,1
51478.92275651476,671.8253385822273,5.9769265275788435,0,0,0,1,2,0,1
64406.877857171086,736.9415171629755,11.116563798743961,1,1,0,1,7,1,1
71475.93888713441,721.3863722717736,8.314234724890326,1,1,0,0,2,1,1
34869.043988581805,614.7952981568062,6.661273049977748,0,0,1,0,8,0,1
58975.50382441395,639.5685158236931,8.352766161751394,1,0,0,0,12,1,1
42476.37178368104,722.3811121383211,5.752248709691396,0,0,0,0,5,0,1
46019.546608403136,725.1575589827119,6.477459490923089,1,1,1,0,11,1,1
40338.15810565004,642.9559899748047,6.5409190210296995,1,0,1,0,8,1,1
64132.41212290659,645.7163478166059,12.94974121908259,1,1,1,0,5,1,1
52449.34127054761,671.4146955627081,6.658336257432388,0,1,0,0,3,0,1
61836.32102950023,759.3520552013835,9.328956547807401,1,1,0,1,3,1,1
49474.47911312755,735.4052896526365,9.466718460207566,1,1,1,1,6,1,1
20000.0,705.4709363039215,11.221133622235097,0,0,0,0,11,0,0
50941.052482991254,563.7064579148887,9.224197433595949,1,1,1,0,7,1,1
51906.13865470451,628.0133274761395,7.001919065316744,1,0,1,0,11,1,1
57277.87811460381,632.2170661048078,6.804693153945636,1,1,0,0,7,1,1
32188.12418942774,763.4788026082779,7.654843842164915,0,1,0,0,3,0,1
20000.0,630.890848705629,9.107923571379242,0,0,0,0,2,0,0
68738.19934682833,750.275425846209,5.859126502290895,1,1,1,0,5,1,1
41791.803303974935,604.3441063575133,7.461534132016483,1,0,0,0,3,0,1
55137.32143054987,610.7292833871393,8.818918753353262,0,0,0,0,7,0,1
41556.19760335113,688.5163284650513,6.704055819377208,1,0,1,1,11,1,1
49818.145226792156,775.4517364457406,7.626073306854449,0,1,1,1,11,1,1
36521.439561925756,633.0578296585699,9.16230214127295,1,1,0,0,3,1,1
20957.492325385156,444.97857105110415,7.029377362565299,0,0,0,0,8,0,0
64211.94982305972,524.8653278128891,10.5480113076553,0,0,0,0,7,0,0
31906.3973532164,673.8369244931565,11.686088725326304,0,0,0,1,11,0,1
54918.54442684432,532.0163178574585,10.39074328210647,0,0,0,0,8,0,0
62313.806657062334,580.7549738882869,11.596726866106554,1,1,0,0,12,1,1
32395.61853190755,650.9873560510606,9.06185050414572,1,1,1,0,12,1,1
20000.0,454.0506203402831,12.504560830727286,0,0,1,0,1,0,0
122782.56841559158,619.6219368539637,9.26927433221757,1,0,0,1,12,0,1
34166.84372163722,556.8153153711785,9.695460221109377,1,1,0,0,7,0,1
68702.51475803475,530.06562256794,8.51980992425305,1,0,0,0,4,0,1
108183.90648710373,585.8252448625552,8.702093243609745,0,0,0,1,9,0,0
73697.2324056168,564.4632859944455,7.223300694534476,0,0,0,0,4,1,1
40986.71573517345,687.5584174393842,7.704441175166579,1,0,1,1,4,1,1
47986.50837394666,745.7221429346307,8.206487101433334,1,0,1,1,3,1,1
25021.78340783455,620.845851871115,8.332012781922598,0,0,0,0,1,0,1
76450.89280873227,602.3099376762531,5.959986686874407,1,1,1,0,3,1,1
66988.12124176064,616.8635999073681,6.46110155833557,0,1,1,1,10,1,1
34567.2254521477,561.345031364923,5.378479591139071,1,1,0,0,5,1,1
20000.0,546.9006483504257,9.242583272597113,0,0,0,1,12,0,0
20000.0,518.355643768533,6.567402411831267,1,1,1,1,10,1,1
79595.42011412603,543.6383233345462,13.631208370801389,1,0,1,1,1,1,1
53611.19386866682,780.5592805690103,8.564911485167508,1,1,1,0,2,1,1
56449.53608998255,594.7663171709233,8.258554853850196,0,0,0,0,1,0,1
25311.54122412928,414.66972225889896,6.5162587185622165,1,0,0,0,8,0,0
20000.0,603.0354449215195,5.466993172876492,1,0,0,0,9,0,0
78878.40724134898,522.7668370591343,5.450959004637328,0,0,0,0,7,0,0
51261.17110991692,654.758795199773,12.917838303907073,0,0,1,1,1,1,1
77217.0398017286,646.1317075810396,6.6066812363764384,1,0,0,1,4,0,1
38422.00620453308,654.4708510153644,6.451908311787632,0,0,0,0,8,0,0
42895.46470889425,646.7419137003852,5.634907475413183,0,0,0,0,9,0,1
71398.94529861896,620.18317563042,7.103391055470578,0,0,0,0,4,0,1
71970.44238951574,533.5283102768011,7.6513670768935285,1,0,0,0,2,0,1
73926.96868057862,644.0276742422861,8.236515594258627,1,0,0,0,2,1,1
41143.96240691911,731.5139671308555,8.64030866409421,0,0,1,1,4,1,1
68436.41712952603,795.0938467036164,7.4629683335884,0,0,0,0,8,0,1
83272.98396430156,630.9606938155194,10.441673551206367,0,0,0,0,6,0,1
46856.83964955397,639.6312043773052,11.935196136548214,0,0,0,0,10,0,1
34595.34908677839,690.0341743271115,11.961807285662236,0,0,0,0,8,0,1
90282.42809950298,769.4593247577684,9.742471857472115,0,0,0,0,11,1,1
30366.62799346079,611.0962711596362,6.376743342380513,1,1,0,1,2,1,1
68884.2949134343,705.412105356027,7.871145025253635,0,0,0,0,3,1,1
48247.33068440416,584.1744587580489,18.121198358756473,1,0,1,0,10,1,1
20000.0,676.3879192212402,7.456285435939161,1,0,0,0,6,0,1
83857.8220243574,727.6483341294696,10.665247958775176,1,0,1,0,10,1,1
20000.0,546.7311514761763,6.741478013993955,1,1,1,0,1,1,1
20000.0,607.9884222385426,15.541772342812548,0,0,1,0,6,1,1
65819.90238442016,726.3826477356001,8.134260126464897,0,0,1,0,11,0,1
65812.13596034347,699.2928984411835,7.742331762745231,0,1,1,0,6,1,1
30872.60426367393,732.8756912251883,6.560541110254505,1,1,0,0,12,1,1
54434.66270909735,717.8751717163253,6.438273201013719,1,1,1,0,1,1,1
20000.0,622.7117177666636,7.00533089765746,0,0,0,0,3,0,0
71209.26393411797,825.9352118715753,15.509345758866361,1,1,0,1,1,1,1
57491.76461160791,660.9527992602716,5.947678256704251,1,1,0,0,6,1,1
48630.71439998614,405.54328406846395,6.943504485542637,0,1,1,1,9,1,0
50625.24446413316,627.4122902098161,10.524153294809967,1,0,1,0,6,1,1
64797.62528579096,612.4662994400537,7.368978416321727,1,1,0,0,12,1,1
49132.95429506417,713.6199333893823,5.732310089615214,0,0,0,0,12,0,0
20000.0,613.9051747841496,5.894723295450726,1,1,1,1,12,1,1
115889.96703567568,737.917599665531,11.748092150874907,0,0,0,0,11,0,1
86024.02458285354,694.6479497925366,7.645408179327228,1,0,1,0,6,1,1
20000.0,569.9927630823952,6.58215568237109,0,0,0,0,2,0,1
39645.883085702284,638.770133151086,8.229515091047027,0,1,0,0,1,1,1
42918.974295318774,587.957324457968,10.256927359345028,1,1,1,0,4,1,1
82365.4869952689,664.7806917482935,6.094323290710372,1,1,0,0,11,1,1
20000.0,587.4807306211903,7.661723720722781,1,1,0,0,9,1,0
35029.752067106325,655.9548184407249,7.41757258499792,1,1,1,1,1,1,1
20000.0,628.2155399207671,6.463625358561975,1,1,0,0,7,1,1
41447.13452514985,637.8221396256141,6.152685185895848,0,0,0,1,3,0,0
35824.973207452866,814.075230383848,5.117700205697778,0,0,1,1,9,0,1
52390.82202148137,621.1611818634236,9.813425554383818,0,1,0,1,2,0,1
31853.7680297245,495.2453529906248,9.221856080437046,0,0,0,0,2,0,0
27469.298258284274,731.2660915787478,7.993255912665032,1,1,1,0,7,1,1
68589.70075289444,730.6364721441606,5.7845857230109425,1,1,1,1,8,1,1
63640.18222827741,491.6847860962539,5.165244252431361,1,1,0,0,1,1,0
66541.95028334727,593.9280303033546,5.639884102939522,0,1,0,0,9,0,1
44692.99728527472,684.8648445477219,5.456979844281933,0,1,0,0,7,0,1
32847.842533244315,691.9362608973653,12.52498239168428,0,1,0,1,3,1,1
46434.425539376876,649.6220989237823,8.397000346372685,1,1,1,0,7,1,1
65034.862102053565,651.4260303146627,9.752867026192947,0,0,0,0,12,0,1
20000.0,574.9129701533452,6.857055966255919,1,1,0,0,12,1,0
61823.35791112574,458.01210292354506,5.2896106892649914,0,1,0,0,6,1,1
59274.145620043935,813.9605854546829,6.63983295845685,0,0,0,0,8,0,1
51864.52718257181,572.5066177834628,5.903280690461759,1,0,0,0,8,1,0
45520.597343849746,664.1204552051586,8.231912834446211,0,0,0,0,1,0,0
20000.0,637.2921603472531,8.900561866593735,1,1,1,1,4,1,1
36804.40210698782,721.7758041818837,7.898988378465709,1,0,0,0,2,0,1
103683.16133232121,659.1917770785727,5.668234675109208,0,1,0,0,8,0,1
50387.038867049174,662.27527624736,12.228348150596556,1,1,0,0,8,1,1
40781.30483975846,439.2545401592856,5.342886746524372,1,0,0,1,3,0,0
50507.185867703374,583.3328741966197,10.224871203556734,1,1,1,1,4,1,1
60643.186058840256,709.5706437279198,7.139990693544201,0,0,0,1,1,0,1
69764.60734068393,702.3734580057543,5.636762639019765,0,0,0,0,4,0,0
43133.595105261746,573.867774110623,11.028407475366688,0,0,0,0,5,0,0
62747.58807181051,523.7577133823103,5.214964731624886,0,0,0,0,12,0,1
100299.52408284078,660.1263445378345,5.273872308282034,1,1,0,0,8,1,1
80187.52398298145,417.4580760963348,8.02029492718754,0,0,0,0,4,0,0
120209.00647570938,558.106059812979,6.815061401136819,1,0,1,1,12,1,1
30296.889249448508,790.8128860124248,6.097900017277956,1,0,1,0,5,1,1
100285.68522506046,765.6053863099015,5.381650996455243,1,1,1,0,3,1,1
26279.79080232216,688.9799487012116,6.673082944806575,0,0,0,0,3,0,1
60606.9844022139,674.5869051585005,11.682309180561479,1,1,1,0,5,1,1
71974.29587714298,493.9863372380481,5.446401229317991,0,0,0,0,2,0,0
34676.68424286583,590.7466210680707,7.978049989610011,1,1,0,0,1,0,1
52638.92832422827,626.3865121627379,8.734867162340466,0,0,0,0,5,0,1
77313.83307355523,592.4469000399049,5.871135445193094,0,0,0,0,10,0,1
28691.873050642764,621.9805332073709,5.28194930571054,1,0,0,0,1,0,1
100081.50378642941,753.9379539477036,9.409762527127054,1,1,1,0,5,1,1
20000.0,606.6541550982943,5.120431295424162,0,0,0,0,4,0,0
108190.74328185152,622.7248655554588,6.152349501252364,0,0,0,1,10,0,0
80039.78404398776,709.1625029347001,5.034624188254158,1,0,1,1,11,1,1
47308.232710166645,536.4419425117758,6.9692232998939065,0,0,0,0,8,0,1
37919.95366289806,582.7836336928923,9.537895670230041,0,0,0,1,2,0,0
34789.152116269295,590.9821929794525,6.140288389618464,1,0,0,0,7,0,1
45926.13079228956,654.4473717241398,6.573437217836828,1,1,0,0,8,1,1
48545.12415353521,622.4030346005068,5.492305471998309,0,0,0,0,5,0,0
87656.78739903745,624.9327272522293,10.918067718856616,0,0,0,0,3,0,1
109059.62301153751,596.8116810318004,8.783408146468718,1,0,0,0,6,1,1
55981.397619620235,564.3335791828197,9.962231602085904,1,1,1,0,1,1,1
24631.14536031787,698.7314339368462,13.129106438605142,1,0,1,1,3,1,1
33628.218780914176,622.9756704830196,11.317337009535816,1,1,1,0,9,1,1
44507.276461661466,699.5215184117899,6.067246381308582,0,0,0,0,11,0,1
20000.0,561.0698135615082,6.635701849687204,1,0,0,0,10,0,0
20000.0,596.7806273800286,8.584109382644723,0,0,0,1,5,0,1
112913.81637119081,632.3053577722587,5.085269233654507,0,0,0,1,6,0,1
59078.40577838762,639.7706370547031,9.281522190013272,0,0,0,0,9,0,0
25006.005989589597,710.3494980745768,10.78963053251869,0,0,0,0,11,0,1
74498.10711073138,615.5592568326114,8.072888240495548,0,0,0,0,2,1,1
20000.0,709.73937942487,8.94286951793005,1,1,1,0,7,1,1
20000.0,679.9955206847756,5.937203660023353,0,0,0,0,6,0,0
25908.72796807265,641.4517911933641,6.54401573818614,0,1,1,0,11,1,0
99635.398425951,573.8960962802785,5.015227336912503,1,0,0,0,12,0,1
42413.59802664878,710.5500212370656,5.392833118555441,0,0,1,0,9,0,1
20000.0,575.8930026149079,10.388519070276965,0,1,0,1,11,1,1
86301.97799526779,648.2975695874177,6.837290396208843,0,0,0,0,1,0,1
40808.55907512928,645.6847645651136,8.431187916531714,0,0,0,1,4,0,0
20000.0,633.4323885906174,7.88201703383038,0,0,0,0,11,0,0
40499.49536109771,618.8544221611749,6.552754590632325,1,1,0,1,3,1,1
65630.1168981471,584.2338644030663,6.536804019081968,1,0,1,0,1,1,1
62121.474995989076,520.6450850103937,7.058976547253829,0,0,0,1,4,0,0
103952.44937494458,762.3043786272282,9.406968072174376,0,1,1,1,10,1,1
24416.964122902085,610.66212285942,6.161608549744611,1,1,0,0,6,1,1
51401.60360794917,639.7510323906024,6.822418010155253,1,1,0,0,1,1,1
29012.921642647343,639.2618092852847,8.807205836180172,1,1,0,0,9,1,1
20000.0,737.6483469782999,6.94190078037076,0,0,0,1,5,0,0
76565.82116917864,804.6555377214112,8.391287995093164,0,0,0,0,3,0,1
63898.0870744256,662.7877935670949,5.982548391200911,1,1,0,0,9,1,1
58510.35349096558,637.4397865234466,12.125945458074064,1,1,1,1,10,1,1
62803.705797759336,560.123439427247,13.862082796124696,1,1,0,0,12,1,1
29435.814419347396,534.5129240469788,6.987560613445103,1,1,0,1,11,1,1
20000.0,508.08200562847196,6.8752428767774045,0,1,0,1,1,1,0
51129.42116508081,586.3324032381225,6.075814217507031,1,0,1,0,2,1,1
84836.34207234843,482.7316162149508,9.89777226098909,1,1,0,1,8,1,1
98242.3140636064,736.3063962992089,8.487454430261314,1,1,0,0,3,1,1
73862.98120422299,683.847699519474,11.730756553603602,1,1,1,0,10,1,1
50875.232803042876,629.8687588252176,7.513859930005861,0,0,0,0,9,0,0
58093.51788199808,738.7507184608633,9.9300810007649,0,0,0,1,5,0,1
50347.81577976114,564.307513807738,7.4962269276627485,0,0,0,1,9,0,0
20000.0,584.4015155708356,7.996634102361234,1,1,0,0,12,1,0
50739.42134631629,495.2965375758604,6.10648516606632,1,1,0,0,1,1,0
20000.0,711.948295601617,7.9916257628937295,1,1,1,1,5,1,1
46277.683216908816,585.1726970952581,9.685369646034086,0,0,0,0,12,0,0
99083.15331788958,651.2556490620659,6.4136981652441225,0,0,0,0,4,0,1
74685.77668350056,730.2061120459742,6.242549995759175,1,1,0,0,7,1,1
22306.42447290411,759.6680604399537,6.370006002254019,0,0,0,0,11,0,0
47827.127910731506,647.6682918807544,10.088365526088726,0,0,0,1,1,0,0
24968.71064735786,680.7389949017086,8.134232316335783,0,0,0,1,3,0,0
48124.5869546837,577.6919803165072,10.213379955146843,0,0,0,1,5,0,0
81233.23449573689,784.6698674406027,11.658605833122461,1,1,1,0,8,1,1
69590.23814929712,636.7079551760507,7.657084040287403,0,0,0,0,8,0,1
124524.32242236007,656.4227961494496,9.127267336895706,1,1,1,0,3,1,1
85774.32207522714,617.4517542189419,7.3228073475913,0,0,0,1,11,0,1
56120.01143233074,745.9399198731005,5.50018218289012,1,0,1,0,5,1,1
70314.49922399879,665.9675138466552,6.896199533440049,0,0,0,0,12,0,0
43926.70477449993,710.87476619309,8.154738178515718,0,0,1,0,9,1,1
20000.0,678.3166511983105,12.91830828575649,1,1,1,0,11,1,1
89173.29734862561,632.3672493427196,8.16876474125094,0,0,0,0,2,0,1
80269.74430794944,724.3574849039674,5.362753064163261,1,0,1,0,12,1,1
42768.37356218107,677.6252955660304,6.95535807036906,1,0,1,1,11,1,1
58218.07210794015,573.1216751322213,7.009763607612581,0,0,0,0,7,0,1
87228.17562154419,570.8630892952496,6.5441963291404655,1,0,0,0,7,0,1
75390.5427861806,661.9061383225308,5.1160749389034805,0,1,0,1,2,1,1
20000.0,722.5966321910103,5.184983203561432,1,1,1,0,6,1,1
57308.60064469473,781.1536438805123,7.978119695933856,0,0,1,1,8,0,1
44971.05423534908,507.8229233935358,5.636727284733052,0,0,0,0,3,0,0
83390.02097416042,652.0527879278977,12.6364786044531,1,1,1,0,9,1,1
80931.28216347983,689.1718129739997,10.568375210012892,1,1,1,0,8,1,1
89558.23484534134,673.6535307995811,9.336664812795707,1,0,1,0,12,1,1
20000.0,730.7461684026968,6.826178667114326,1,0,0,0,3,0,1
26476.653978312836,702.4427181193201,7.227409686091018,1,0,1,0,7,1,1
83422.47308406315,571.1599853135729,11.681428739016818,0,0,0,0,8,0,0
32250.625539726632,568.8166649047415,9.057721643870249,0,1,0,1,1,0,1
20000.0,674.996388492138,10.237011879551265,1,1,0,0,3,1,1
65977.89462842196,729.240433953802,12.751514659907123,1,1,0,0,10,1,1
33583.44679202081,661.4734042362156,5.071031829964485,0,0,0,1,12,0,1
103693.72310925202,523.7653544345377,5.980813600178776,0,0,0,1,9,0,1
58885.53661965391,566.2262867746982,5.966361026277718,0,1,1,0,7,1,1
54807.77859924996,705.3212684692264,6.2383820710281865,0,1,1,0,1,1,1
38922.68325152729,622.1083927266294,5.471582367441796,1,0,1,0,5,1,1
97725.06001780914,659.436584256263,9.940878282541195,1,0,1,0,12,1,1
60756.63379669463,735.2334431321406,8.46064594718569,0,0,0,0,11,0,1
37745.01445531381,553.8232761904036,5.999161733813763,1,1,1,0,10,1,1
26177.488801836593,616.8605875278437,6.448933653927475,1,1,0,1,3,1,1
47795.80836307346,608.1701749300845,6.116065846216324,1,1,1,1,2,1,1
20670.594885355833,678.4322029222293,6.311918498995336,1,1,0,0,1,1,1
80866.32325036832,711.8310542617594,7.098923576661072,1,1,0,0,2,1,1
20000.0,531.5786034480975,11.359895399829632,0,0,0,0,1,0,0
45814.57915000788,649.5570912666984,10.574524362396915,0,0,0,1,6,0,1
68304.00635263804,719.5463283236969,10.776280699175562,0,1,1,1,9,1,1
60263.58260328972,501.6170838831332,6.064821249555694,0,1,0,0,3,0,0
28481.510809529933,644.8486046848315,6.328800345417268,0,0,0,1,10,0,0
69807.76120119647,552.7372447373418,5.496423086689975,0,1,0,1,10,1,1
23418.818348422774,598.6746477160374,5.095157258397357,1,1,0,0,1,1,0
49328.4603050957,449.5972328414782,7.488037471414774,0,0,0,1,6,0,0
69555.24715941068,761.4187295004022,6.144653720879777,1,0,0,0,6,1,0
63887.3833847934,621.533669807719,9.83284715959707,1,0,0,0,2,1,1
29748.82965741596,585.4246508771269,8.159415844367887,1,1,1,0,4,1,1
85924.8354969309,676.261363636572,5.641806619577984,0,1,0,0,12,1,1
52600.83714456602,566.61518138502,10.019881875485591,0,0,0,0,11,0,1
72289.86232817454,559.0204376894965,5.147415627003936,0,0,0,1,11,0,1
95873.03020019742,770.8263335850982,5.243018622858007,0,0,0,0,12,0,1
83525.6164632382,794.693042266144,6.431214399484594,0,1,1,0,5,1,1
83603.88218993132,602.6349062174014,5.836888535167176,1,1,1,0,6,1,1
55780.397895484166,735.3883767932944,11.45711432344924,1,1,0,1,6,1,1
73818.0536273153,678.483235519047,8.812737354252954,0,1,0,0,2,1,1
56407.89723692948,536.8934966631721,9.57079554521442,0,1,1,0,5,1,1
20000.0,575.7494484920172,8.519426951789693,1,0,1,1,5,1,0
59082.31377515127,774.0879839357548,14.224656010322537,0,0,0,0,10,0,1
57690.82951215396,535.8563973740659,8.523278319889098,0,0,0,1,2,0,1
67511.88084565458,832.4799470459886,5.940968947869747,1,1,1,0,7,1,1
46160.09074359814,604.2910259270577,7.7737169704619244,1,1,0,0,10,0,1
27156.33329708448,776.4651925034586,5.8849009632317735,0,0,0,0,2,0,1
69695.18249525681,625.554896428573,7.433634597680621,1,1,0,1,1,1,0
20000.0,713.9922873200921,6.131119506988749,0,0,0,0,12,0,0
93764.57407569408,761.6026512096552,7.660106466886347,0,0,0,0,6,1,1
43057.45816385023,761.1963054144808,9.89529975156303,0,1,1,0,1,0,1
57365.84516168505,603.2507575365623,6.086057262099874,0,0,0,0,4,0,0
66756.74459844716,581.40895200807,12.176224092876186,0,1,0,1,4,0,1
67720.64134532573,643.5030392199092,6.026135857761813,0,0,1,1,6,1,1
20000.0,545.9616303172818,6.294721701923079,0,0,0,1,12,0,0
74722.59741632792,669.1411340488447,5.916548202060368,1,0,1,0,5,1,0
59094.6148512882,584.3362678177988,6.248241825564862,1,0,1,1,4,1,1
30942.158463241733,736.6167818834333,6.979708482265554,1,0,0,0,6,1,1
27509.991471622583,604.3910067025489,6.06312871357954,0,0,0,0,10,0,0
39978.40753829463,510.6192824415984,5.952550767107399,0,0,0,0,5,0,1
20000.0,762.0731820935437,6.065028829550995,0,1,0,1,7,1,1
101668.02172961077,664.669440266549,5.46079737879853,1,0,0,0,5,1,0
94584.53975430032,652.3307912336059,7.294389694585903,1,1,0,0,9,1,1
63551.00602927818,737.5515827956967,9.32134659301913,0,0,0,0,3,0,1
43298.04750973728,719.7261201838526,11.1014203346328,1,0,0,1,2,1,1
44086.76036187814,589.051716479166,10.153657260181006,0,0,0,0,1,0,1
72741.97118521904,614.0174715179072,5.65707662379968,0,0,0,0,5,0,0
102734.80698505852,560.963579995253,6.87256773009797,0,1,0,0,11,0,1
32888.09781209771,532.8438355900148,8.702392211579998,0,0,0,0,12,0,0
20000.0,696.2874027932312,5.050376804834031,0,0,0,0,8,0,0
96429.22320785813,681.3747448033346,5.212711791612545,0,0,0,0,9,0,1
20000.0,710.8663369218013,6.979871293565775,1,1,1,0,3,1,1
20000.0,752.5284353196754,6.190155834121024,0,0,1,0,7,0,1
42594.26322467442,711.9579835940538,11.709924309592001,1,0,1,0,4,1,1
20000.0,719.0767581044206,7.038958913266201,1,0,0,0,7,0,1
83364.47188419795,483.763099346229,8.726429979899319,0,0,0,0,5,0,0
75707.158115153,625.4411806460005,5.8822223838565275,0,0,0,1,6,0,0
32756.203183540485,727.166119573599,5.491422646343748,0,0,0,0,8,0,1
88388.42357533243,556.5433011035827,8.24649943825602,1,1,0,0,10,1,0
93478.77285211478,657.3337106270211,7.8447290730383425,0,1,0,0,10,0,1
46604.88055129809,691.5571552490806,9.994674129330509,1,1,0,0,9,1,0
36479.95467295978,685.428279507079,5.510530385931276,0,0,0,0,8,0,1
117788.06083227435,679.503704636664,6.895351782265705,1,1,0,0,6,1,1
71634.85466252465,697.913017523646,5.5212024999867895,1,1,1,0,12,1,1
57689.7395890656,664.4595115942575,6.515710262733304,0,0,0,0,5,0,1
90906.37839918837,532.9657434087189,5.351976991382783,0,0,0,0,4,0,1
59057.91905009064,690.5564428322795,13.987003775822577,0,0,0,0,2,0,1
34831.38242242434,672.7797248442995,10.243565759888664,0,1,0,1,8,1,1
52404.792814626606,534.0201239315637,8.899937736771275,0,0,0,0,3,0,0
81159.62861959205,760.3788168869256,5.977521001689326,1,0,1,1,6,1,1
20000.0,692.7070159798432,5.758763980969726,1,1,0,0,1,1,0
41359.07781682337,539.5721343218033,5.014627211964786,1,0,0,0,5,1,1
91491.72195744814,584.6219868822279,8.301193195314555,1,1,0,0,3,1,0
34643.94796719447,604.8758366603056,6.868313887292234,0,1,0,1,1,1,1
96383.2568129423,604.8189248959482,6.315797907352669,0,0,0,0,7,0,1
92442.31458079438,673.4440151054754,6.723984542788719,1,0,0,0,8,1,1
48034.12653533146,571.8918599153391,13.753637881921264,1,1,0,0,10,1,1
32943.82085332998,740.2509397697547,6.9109687151104495,0,0,0,1,9,0,0
41379.23377551096,733.6642761094392,11.682556633303566,0,1,0,1,4,1,0
129938.43476004303,699.5453847679671,8.441659531602145,0,0,0,0,2,0,0
106232.73340799732,653.5393420315081,6.9544007749814325,1,1,0,0,8,1,0
53761.72915420215,724.995801212123,5.711490478127339,1,1,0,0,9,1,1
31755.393451387718,627.9241821756792,5.503462204700743,0,1,0,1,4,0,1
53511.2310674379,592.0408910893433,5.022633807450823,0,0,1,0,6,1,0
57314.80779850294,745.2087716495793,7.490459967623561,1,0,0,0,12,0,1
20000.0,675.4034205615208,8.615618221855385,0,0,0,0,5,0,1
52401.238076457805,595.2753887534886,8.370460162355634,1,0,0,1,9,0,1
89672.1297443519,616.5806106366737,6.2701036812595765,1,0,0,0,12,1,1
20000.0,591.0857612987786,8.02343333430952,0,0,0,0,11,0,0
74797.51895411745,811.7739887062884,10.536812373550877,0,0,0,0,4,0,1
91243.9391016434,650.3278749960419,8.887077875591908,0,0,1,1,7,1,1
33183.27964716895,662.6217049002935,7.289717785590897,0,0,0,0,2,0,0
100825.2727457317,707.6975238289552,7.550927852599973,0,0,0,1,1,0,1
29289.88812654964,552.7711213914396,8.143100609225659,0,0,0,0,1,0,1
63232.47985581211,737.7237813028978,9.554315540518719,0,0,0,1,5,0,1
40796.81946009109,601.3723095369718,9.937062277706982,0,0,0,1,7,0,0
40790.10928512189,796.4013028892119,5.005616152577373,0,0,0,0,12,0,1
31481.027907258635,624.9873015988326,7.909666809466088,1,1,1,0,5,1,1
70957.2644258606,733.0112011810548,9.796902537958395,1,0,1,0,4,1,1
75464.16373194347,450.25615063047303,7.315846366241716,0,0,0,1,9,0,0
48067.33401268434,555.9893539131224,5.3770233494867306,0,0,0,0,2,0,0
20000.0,626.5114272801899,6.058575073760688,0,0,0,0,2,0,0
62095.1049990317,487.5373601500087,10.615429749536602,1,1,1,0,10,1,1
62660.430782320815,698.0707559073123,9.357763326321273,0,0,0,0,1,0,0
43498.54965840718,675.0366500348999,7.781928338579972,1,1,0,1,5,0,1
106016.93861542425,570.7337880112099,8.242088355692193,1,1,0,0,12,1,1
20000.0,648.7233096108401,7.379786640995815,0,0,1,1,5,0,0
20000.0,714.51817839385,8.03794013998048,0,0,0,1,1,0,0
28074.95300906987,481.7560386504021,7.960195860947109,1,1,1,0,6,1,1
71312.73602274348,548.1208787012274,6.8079505647724625,1,0,1,0,5,1,0
20000.0,623.1929360621325,11.171678263936805,0,0,0,0,7,0,1
20570.87244421774,651.8978901305981,6.543915591372796,1,1,1,0,11,1,0
78530.64008534464,645.3110862718765,8.91386670740389,0,0,0,0,12,0,0
63876.43768393249,721.1435828348568,7.103489329191653,1,0,0,0,1,1,0
61311.82728885199,688.1768996524318,9.391403639879925,0,0,0,0,3,0,0
73442.86758396585,705.7307872456847,6.677873568539099,0,1,1,0,10,1,1
37244.211401813474,538.8099413756509,5.960637084984798,1,1,1,0,9,1,1
38630.47777825426,661.5859083839504,6.464644381515255,1,0,0,1,6,1,0
74293.37817684276,625.4285992609646,8.556624694707576,1,1,0,0,2,1,1
20000.0,766.9657505335014,8.61104795714056,1,1,1,0,9,1,1
20000.0,663.951650990232,10.907124320572677,1,1,0,1,3,0,1
37001.474791164364,596.4756852227176,10.301191336888719,0,0,0,0,3,0,0
77926.19867197075,718.2001020764033,14.505636771036775,1,1,1,1,2,1,1
57666.790969604095,695.0638236691718,6.421330732125161,0,1,1,0,5,1,1
75718.74512369046,584.2718661887616,5.507206286652889,0,0,0,0,3,0,0
20000.0,622.120823778466,9.957719176960612,1,1,0,0,6,1,1
59464.90424970475,623.4842832313311,5.267069821222863,0,0,1,1,5,1,0
69615.93513927134,748.196887382363,5.015897240132378,1,0,0,0,11,1,1
20000.0,666.2593499102753,12.587874935549651,1,0,0,0,9,1,1
75861.72771639634,708.1425982848137,10.417188645632109,1,0,0,0,10,0,1
46654.43310482621,610.5382623095934,8.155852520534916,0,0,0,1,10,0,0
142140.10104818005,676.7840232911553,6.671291974223433,0,0,0,0,12,0,0
20000.0,754.2688722343726,11.478178375502802,0,0,0,0,3,0,1
91073.43103024253,621.1138587799481,6.492036733612254,0,1,1,1,3,1,1
38175.25710421779,659.2123843070221,6.528662520300907,1,1,1,0,4,1,1
20000.0,540.9354995009915,8.847095280889262,1,1,1,0,5,1,0
34191.34569305024,588.7553528071978,7.771412138007676,1,1,1,0,10,1,1
58324.37724012398,623.2445686401742,11.732908995317288,0,0,0,1,8,0,0
81124.0000869513,565.1328552838623,7.772493366738198,0,0,0,0,2,0,1
101658.92864396526,755.7578942017477,7.760225136374404,0,0,0,0,10,0,1
92656.79266113028,582.959438380679,5.866303507001364,0,0,1,0,1,0,1
21038.539378865167,712.9438873693796,9.39018875843739,1,1,1,0,7,1,0
83904.9407679835,664.9468990025182,6.806591767886664,1,0,0,1,8,0,1
61738.54871362621,652.468155880837,7.776748277214976,1,0,0,1,5,0,1
30361.90937213036,768.8930915972126,7.354487744014892,0,0,0,0,8,0,1
43642.68219567557,469.15197624579366,5.011416975326787,0,1,1,1,8,1,1
28704.720216658283,634.3036082541516,8.892300556041558,0,0,1,0,4,0,1
51112.770258093675,563.5695730747647,10.553109210981987,0,0,0,0,10,0,0
28110.263531176395,493.08636726935697,10.670906537132172,0,0,0,0,11,0,0
20000.0,554.4214612993846,6.161381260839119,1,0,1,0,3,1,1
64373.57383348316,651.3790028002456,5.956824851376071,1,0,0,1,9,0,1
68861.91644778912,591.9722296634843,9.225171253499118,1,1,0,0,4,1,1
44372.08999725164,721.7290871860118,9.284453479489722,1,1,0,0,6,1,1
91029.53911807918,632.8923321646936,8.290558140092529,1,1,1,1,2,1,1
42187.082405146604,624.0209316223246,8.2559837800521,1,1,0,0,7,1,1
40916.76364623385,624.3775239595126,7.747250934723263,0,0,0,0,12,0,0
69814.66947037092,642.1204475096368,6.82768185670285,0,0,0,0,7,0,1
46027.2324516999,616.5217172045798,9.701774989404669,0,1,0,0,6,0,1
52543.931870784305,581.8997041948669,7.502745694997565,0,1,0,1,12,1,1
20000.0,729.1347907180829,9.162262659890526,0,0,0,0,11,0,0
50501.22154213925,600.0723959688843,9.033336038537408,0,0,0,0,1,0,0
20000.0,619.3178706923052,7.880257976790805,1,0,1,0,2,1,1
20000.0,684.3524064072249,8.624016618022171,0,1,0,0,3,1,1
20000.0,675.4992996925803,12.018185921361482,0,0,0,1,3,0,1
20000.0,578.524955012316,6.733937119915884,1,0,1,1,6,1,0
33534.38421103241,710.3985555288598,6.03178933124079,1,0,1,0,11,1,1
35405.22153363544,693.0136271870724,8.873375056339722,0,0,0,0,8,0,0
69928.25612771377,664.2379867349804,6.028195948521997,1,0,0,0,3,0,1
56671.63442404091,615.4946519534807,6.515357298664533,0,0,0,1,4,1,1
20000.0,617.4615447582873,8.26123890175946,1,1,0,0,9,1,1
52498.83912640423,633.8562317598712,8.961646695637805,0,0,0,0,12,0,1
59547.657397502815,551.4534447097788,6.987792337021171,0,0,0,1,8,0,1
40143.00451241126,646.8585241122435,6.972542635264859,1,1,0,1,8,1,1
48173.42069279892,721.3681632357599,8.635646896666643,1,1,1,1,1,1,1
55709.3037619117,720.1096951867219,6.783512860824455,1,1,0,0,9,1,1
72937.9879290674,619.5318582978838,5.0037674619759835,1,0,0,1,7,0,1
20000.0,735.126661818043,7.417934834178521,1,0,0,1,10,0,1
42670.48884081053,802.4723643623556,7.135367617600913,0,1,1,0,4,1,1
95250.08294173187,624.7033971789738,8.97676540075952,0,0,0,0,6,0,1
92499.83924893869,705.3211765145735,6.194354752264605,1,0,0,0,1,1,1
75528.1078332734,468.9752029847366,7.618215133004458,1,1,1,0,11,1,1
66104.74051867028,549.3482617454407,6.054847846648067,0,0,0,0,8,0,1
99639.04245206265,657.2896823466816,6.553951672964131,0,1,0,1,9,1,1
107535.44004819996,569.4613549985289,9.416643708366703,1,0,0,0,9,0,1
46127.60035859443,813.1361635777959,6.625725555298981,1,1,1,0,12,1,1
20917.026701350398,697.8303749837243,10.906893534764144,0,0,0,0,9,0,0
41891.230471265146,727.2665317486504,13.767892685755843,0,0,0,0,1,0,0
142900.8654131616,647.6778875071531,7.045892277120395,1,1,0,0,10,1,1
20000.0,569.7433584109078,9.19704265987577,1,1,0,1,10,1,0
35883.82581411748,608.4951774260096,5.804665570263333,1,0,0,0,12,0,1
20000.0,670.3504383701088,5.967182004076683,1,0,1,0,10,1,0
53742.915886321556,598.9667729272791,9.66429570338503,1,1,0,0,9,0,1
20000.0,703.695359338176,8.373763436326552,0,0,0,0,10,0,1
46737.46931499147,706.9131975363711,5.194588527657599,0,0,0,1,6,0,0
20000.0,650.3985043151671,6.880558754737561,0,0,0,0,11,0,0
68528.6199525395,503.94919303864003,5.36285729138047,1,0,0,0,12,0,1
86670.35769403924,787.1827946932767,5.5201722516665,0,0,1,0,6,0,1
38481.69133809623,632.9861714648385,8.548686376927073,0,0,0,0,1,0,0
45946.09978772894,850.0,5.611564307322895,0,0,0,0,2,0,0
45097.78307806063,702.2028557081755,6.67955683327738,1,0,0,0,11,0,1
55427.320256750754,633.2035938614355,7.822284791024458,1,1,1,0,10,1,1
48854.91239100715,685.8257501198403,5.538102958779652,0,0,0,0,8,0,1
73043.50857292082,488.45715863371106,6.453547823274063,1,1,1,0,2,1,1
86991.17400352837,732.0913922588774,6.003088038919386,1,1,0,0,10,1,1
25577.863325234513,850.0,5.409043179345862,1,1,1,1,9,1,1
40720.145216771096,482.8613220925297,6.64443622012102,1,0,1,0,4,1,0
77048.58346774234,627.0072792139434,5.968656847927101,0,1,1,0,11,1,0
20000.0,641.5729501766779,5.390108817979915,0,0,0,0,4,0,1
20000.0,720.0182903330451,5.664604079875832,1,1,0,0,12,1,1
56789.478586954356,818.4780539332429,9.732011959071745,0,1,1,0,5,1,1
64890.39233211477,680.6305698076452,9.8202942456106,0,1,1,0,7,1,1
28330.99436139223,821.3433459372422,6.274384679271572,0,0,1,1,11,1,1
32640.468376386347,663.634598150773,6.352698434491489,0,0,0,0,1,0,1
27194.230347773035,686.1139055036983,11.330943609930664,1,1,1,0,9,1,1
23992.242819666968,676.2588452928204,10.530337933304281,1,0,0,0,6,1,0
70804.874618138,747.6239826404069,6.019271502897925,0,1,0,0,5,0,1
20000.0,616.2143153511837,8.82760705769496,0,0,0,1,5,0,1
42034.314156999535,715.4629407009207,9.479047514219532,1,1,0,1,1,1,1
22839.914974554427,551.5362714994858,6.64981171564261,1,1,1,1,1,1,1
20000.0,627.2396716278872,13.9303748217762,0,1,0,0,7,0,0
76105.34524240313,599.0605101648954,5.59077688692084,1,0,0,0,2,1,1
34405.243334793835,657.0369246894354,5.847547654114392,0,0,0,0,12,0,1
55653.202412622704,624.7136200476974,9.347467022285617,0,0,0,0,4,0,0
20000.0,740.570695396558,12.15869382701127,0,0,0,0,8,0,1
27741.816387305724,579.7065523862686,6.846677211205415,0,1,0,0,6,0,1
72682.63642085016,511.494725135119,9.996761348871743,0,0,0,0,12,0,0
127618.1436753593,541.4172944230754,13.245668835867143,1,0,0,0,4,0,1
20000.0,729.5334437041056,6.0525491272526235,1,0,0,1,7,1,0
43966.76614131721,572.4354125347022,10.406046870019637,1,1,0,0,7,1,1
62368.417944305,681.8275532416567,5.124653597471125,1,0,1,0,1,0,1
31516.99540282149,626.4169997401536,8.00615531190513,0,0,0,0,1,0,0
75485.65960982372,715.9395243802604,5.213055724918873,0,0,0,0,5,0,1
23998.019880190608,631.5387435906712,9.022291721502693,1,1,1,1,7,1,1
54615.42980649924,850.0,13.153327606141387,0,1,0,0,6,0,1
34337.842865049206,801.8493612654804,8.552591375557684,0,0,0,0,1,0,1
86582.93248864319,624.7831855675446,7.675056643736866,1,0,0,1,7,1,1
29709.064908931832,613.8292328724011,5.616606632332084,1,1,1,0,1,1,0
39443.78611140452,850.0,6.636655538659173,0,0,0,0,2,0,1
78370.67112491466,563.6919230937128,6.196409002039082,0,0,0,0,11,0,1
20000.0,645.5981161665321,6.131067873527995,1,1,0,1,10,0,1
52062.50170290717,651.7959135764341,9.856157458623862,1,0,0,0,11,1,1
20000.0,649.812968174834,7.1367568311100475,1,0,0,1,7,1,1
20000.0,510.90306235755787,11.807068364635235,0,0,0,0,1,0,0
61463.938276724104,689.7281927740752,14.938323936980254,1,1,1,0,11,1,1
20279.07471391303,572.3719926886147,7.686298258054757,0,0,0,0,12,0,0
33662.81204528625,764.8791299335256,6.56484645616794,0,0,0,0,5,0,1
64792.59206143813,533.5227966052303,9.755386875988194,0,0,0,0,3,0,0
32624.415765592094,654.7572741900381,8.734775607260419,0,0,1,0,4,0,1
74685.26219649074,472.71034824384896,6.969129494679599,0,0,0,0,12,0,0
56469.883624581926,477.6493034927421,6.90820676797798,0,1,0,0,8,0,0
63070.49335773509,582.8518433365894,7.669290075937349,1,0,0,0,9,0,0
87228.96796215596,594.1431934130377,9.35823529477084,0,0,0,0,6,0,1
59594.691878421974,767.2581130391548,11.880290929163381,1,1,0,1,11,1,1
96165.41871408033,646.7526530990482,5.897979927888447,1,1,0,1,11,0,1
77337.86849113471,753.3925520729243,6.192702811109875,0,0,0,1,2,0,1
34296.4271049663,619.6170724258659,6.06430664571549,1,1,0,0,2,1,1
88794.44225063814,698.4868146304266,5.184734466064709,0,1,1,1,9,1,1
57915.98062708836,591.961974646488,9.744292301415609,1,1,1,0,9,1,1
38159.6087401849,586.5221544721119,5.845267732308656,0,0,0,0,10,0,0
58351.57085962648,504.3319888865684,5.01114179715588,0,0,0,1,7,0,0
83369.80473170789,676.860319508102,6.2626612723138235,0,0,1,0,4,1,1
63651.35282726666,670.966673176012,5.712278109219268,1,0,1,0,4,1,1
104671.78497654194,712.1850309828682,10.54400502700462,0,0,0,1,2,0,1
82595.91673696466,667.1934629713116,5.856520174755731,1,1,1,0,10,1,1
65694.80100206487,812.0956781755174,5.901825509485833,0,0,0,0,6,0,1
20000.0,664.0822109342008,6.460660325661798,1,1,1,0,7,1,1
44608.02457969637,729.3461371470496,5.529259666117209,1,0,1,0,7,1,1
52149.92419252554,624.0712733600718,17.71948095855992,1,1,0,1,12,1,1
70898.94503653242,577.3223972558889,9.833624197336537,1,1,1,0,6,1,1
69119.99123816578,707.4156136149309,8.604120703442398,1,1,0,1,12,1,1
55086.21230654859,642.8681609743727,10.35132472193007,0,0,0,0,6,0,0
53610.497461315135,716.5634436743696,7.701868980110248,0,0,0,1,12,0,1
71613.70685228209,678.2349233475745,10.794085444166363,0,0,0,1,5,0,1
24242.413231100425,586.5589338567875,9.619402709283808,1,0,1,0,8,0,1
100865.4745774957,735.9470302141623,6.913834756944536,1,0,0,0,5,1,1
20000.0,580.3048036972266,6.9680669243217785,0,0,0,1,9,0,0
93662.28446516088,700.0261010636403,6.6405678267406625,0,0,1,0,7,0,1
48644.43414724514,752.5288889220683,5.2005521006282605,1,1,0,1,2,1,0
80077.39442814782,619.2324129267873,6.1329273171083685,0,1,1,0,12,1,1
60915.21302877838,742.4795562937852,6.554087493005817,0,0,0,0,11,0,0
60381.03232732406,681.8093467242554,6.972188743393789,0,0,0,0,3,0,1
66627.63428079564,718.155502271701,12.136931491821898,0,0,0,0,8,0,1
74271.62867263335,583.0595447117931,8.710889075014938,0,1,1,0,9,1,1
40135.0752023828,667.1440185642998,9.191434499523783,0,0,0,0,8,0,1
81043.9739157871,537.3534951980397,11.416476631683489,0,0,0,1,2,1,1
20000.0,786.9040412248371,6.477600265390821,0,1,0,0,10,0,1
49840.08280021626,488.88013427323943,5.691066762442029,0,0,0,0,5,0,0
75079.0977281683,621.619854429692,6.415764263239279,1,1,1,0,12,1,1
79850.52738847668,575.4633124640302,7.0830054224135015,1,0,0,1,9,0,1
63823.66544784203,703.9760332161791,8.025875347040966,0,0,0,1,8,0,1
38198.22686132793,803.9156756743935,6.627686964595126,0,0,0,0,4,0,0
76901.2333510611,702.3932078950021,8.918434387176875,0,0,0,1,12,0,1
29919.0128264374,850.0,7.318102101003902,0,0,1,1,7,1,1
102542.27221246733,539.7647858752928,5.887218956830824,0,0,0,0,11,0,0
47459.87307501007,545.9052693977147,13.760419116499309,1,0,0,1,3,0,1
20000.0,578.550861470768,5.031673359492021,0,0,0,0,3,0,1
20000.0,659.6995756236724,6.531599142931729,1,0,1,0,3,1,0
51309.30910638763,567.84620997734,5.379302435257209,1,1,1,1,6,1,1
54194.758139781596,589.8669796555979,5.195583402786191,1,0,0,0,9,1,1
109089.70054853286,699.638681914183,5.074453416332385,1,1,0,0,3,1,1
20000.0,550.8662493508946,6.738494304802608,0,0,0,0,3,0,0
51183.86597911792,559.3443189623919,5.709414631019666,0,0,0,1,8,0,1
20000.0,618.1168997607942,7.487041768492436,0,0,0,0,8,0,0
35220.3544035979,625.6445543328543,6.678026717482634,0,0,0,0,10,0,1
100519.16090208014,730.8012573777053,8.342293154040906,0,0,0,0,7,0,1
20000.0,577.9488201617504,7.857241318399179,1,0,0,1,4,1,1
67611.272722035,592.3776012703282,8.521049007306585,1,0,1,0,1,1,1
61787.22077043175,696.5336093023205,8.854758902472577,0,1,1,0,5,1,1
49274.85720925374,714.1115459026706,6.792613600427707,0,0,0,0,12,0,1
65583.09869575212,764.297957370127,7.350143139916586,1,0,0,0,9,1,1
20000.0,687.5296283891803,9.182842589077973,1,0,0,0,7,1,1
99689.67523410672,660.4291247969461,11.86758978461361,1,1,0,1,3,1,1
107745.36485370563,696.0030725396923,8.865310257194741,0,0,0,0,8,0,1
51413.1409327794,628.6069755289162,11.094381792636957,0,0,0,0,11,0,0
122693.18391840662,628.0185924499617,8.134773553684457,0,0,0,1,5,0,1
38029.16205350238,508.0711750176997,5.926592774890255,0,0,0,0,10,0,0
62012.95981568841,721.4732765351467,5.294208309336853,1,0,0,0,2,1,1
92956.6719132354,666.9167156041398,12.548853720659327,0,0,0,0,2,0,1
36229.866193312715,712.1631413094644,8.073571791091059,0,0,0,1,6,0,1
20000.0,424.73516044181645,5.944625627951692,1,1,0,1,3,1,0
20000.0,646.2318633685163,9.513955553556599,1,1,1,1,6,1,1
111824.79691707977,581.5294794897894,7.6360633939733935,0,0,0,0,3,0,0
34129.26048083667,770.1090003856186,7.8148968322758865,1,1,1,0,4,1,1
44427.89709744504,699.1373532387063,12.328684403435897,0,0,0,0,10,0,1
20000.0,668.7388328648448,12.035018157642954,0,0,0,1,12,0,0
78450.17837987565,615.4453624527181,8.97903104602886,0,0,0,1,6,0,1
26553.20422326245,681.7766648105318,7.7226999888358865,1,1,1,1,7,1,1
35262.10917016034,575.7451496497516,8.319271111334864,0,0,1,1,1,1,0
58985.61258248481,642.0219721851388,10.252731597839734,0,0,0,1,9,0,1
20000.0,603.7309290410064,10.154674335266915,0,0,1,0,7,1,1
44642.531914573236,831.3191723985353,7.399511595899122,0,1,0,1,9,0,1
92066.2876850981,767.5958204952672,10.38433365537173,1,1,1,0,1,1,1
62847.6319255059,735.0437987186265,5.269891557759853,0,1,0,0,6,0,0
53916.26877285075,530.7751182276673,6.744664662797933,0,0,0,0,3,0,0
56445.94128391595,719.1325689827243,5.280788914425162,1,0,1,0,4,1,1
38325.94712070309,665.013334011355,8.565955374663243,1,0,1,0,3,1,1
109884.56959264776,747.8768111612917,7.051726562192132,1,0,0,0,5,0,1
25635.28608397798,675.7916076101552,5.424869055688011,0,0,0,0,2,0,1
56327.784858917905,649.4625867169357,13.406770591269279,0,0,0,0,2,0,1
53450.76699028422,668.7027437069247,7.560042522059767,0,1,0,0,7,0,1
80262.87521399406,505.54933667019645,7.916963906636845,0,0,1,1,4,1,0
83095.21816380919,588.6077382265762,9.958155491028108,0,1,0,1,4,1,0
49039.43586538787,679.8668430962617,9.68639563294241,0,0,0,0,8,0,1
58719.99479339149,741.1510686725267,7.070394382678387,0,0,0,0,11,0,1
59856.04261741845,605.9605506950305,5.777300272537078,1,0,0,1,7,1,1
20000.0,646.7354496108853,12.89917432768664,0,0,0,0,2,0,1
20000.0,521.9206044259688,8.288086816582311,1,0,0,0,11,1,0
31848.08927834088,766.7448650683008,6.255372395608139,1,0,0,1,5,0,1
33152.039708693934,739.0993385786496,7.706707476675472,1,1,0,0,3,1,1
20000.0,702.1682094853759,7.337276879303207,1,1,1,0,2,1,1
72487.4771412089,682.5444950104712,5.589825953993451,1,0,1,0,5,1,1
50063.55263052417,774.2039252117438,8.517408422778487,0,1,1,0,3,1,1
43559.16357839488,585.5991206948227,10.295694696646123,0,0,0,0,3,0,0
20000.0,576.9470754938673,5.698353110104036,1,1,1,1,8,1,1
48663.65407265635,734.9215829005143,7.670753131258986,0,0,1,0,3,1,1
20000.0,729.54507053665,9.625205728699271,0,0,0,0,7,0,1
45111.31067582477,554.5203531128678,10.067549475195875,0,0,0,1,8,0,0
51895.51006423268,607.4912094738507,12.246218877009323,0,0,0,0,11,0,1
57257.44952964496,785.1274504861912,5.694047376780464,0,0,0,0,12,0,1
20000.0,682.9333862572723,6.5980843607129955,0,0,0,0,5,0,0
56744.50210074424,712.9729214414538,5.852975258126805,1,1,1,0,5,1,1
20000.0,557.2762765976515,7.520839144547289,0,0,0,0,3,0,0
25625.90503122998,702.5315619629743,5.428041972314306,1,1,0,0,11,1,1
71537.94157467995,536.4366763383296,5.139713614419876,1,0,0,0,7,0,1
110423.41170079232,491.6142907519452,5.060014128568751,1,0,0,1,6,0,0
51540.7627640804,708.1459168144695,10.050391194705817,0,0,0,0,12,0,1
25487.136240793032,764.7556135707591,8.569723920192775,1,0,0,0,7,0,1
55660.113425299955,629.6971139400666,7.211837732562267,1,0,0,1,10,0,1
78170.87472497436,606.2759454516433,7.634653388843255,0,0,0,0,4,0,0
68629.92697618206,786.8678924997096,7.81530406613017,0,0,0,1,3,0,1
132293.38617391238,634.4173304708314,9.209886772524388,0,0,0,0,7,1,1
28539.87292716,644.7385021154192,6.0711906611492505,0,1,0,1,11,1,0
57566.94439757894,785.5165781152268,8.57992788936,0,0,0,0,3,0,0
96467.53860254609,621.7132149577432,7.8919568745352535,0,0,1,1,3,1,1
94584.77711055597,597.6777912524108,12.372503141527087,1,1,0,0,4,1,1
20000.0,715.240657930967,9.108458390433695,0,0,0,0,11,0,0
49899.27139880056,593.0515076496707,6.793143797176209,1,1,0,0,10,1,1
94535.62297546098,638.4318769502254,9.92574124572501,1,0,0,1,1,1,0
136719.28971197412,544.4673118630241,7.394926756008284,0,1,0,0,2,0,1
71113.87651252456,664.831767070121,7.206107297122935,0,0,0,0,3,0,1
38964.10118910549,655.4477989762474,5.06196008846771,0,0,0,0,12,0,1
20000.0,727.4416219778515,10.819817865009165,0,1,0,0,11,0,0
116562.30072592548,718.5805229329385,7.320453491969223,1,0,1,0,6,1,1
71862.24759397277,694.1214406775665,11.643755274799158,0,0,0,0,4,0,1
24557.992193437476,681.540455422481,10.716468821920406,0,1,0,0,9,1,1
43905.309009986566,644.1396708998127,7.33617658919303,1,1,0,0,7,1,1
59305.59550486112,698.7644775196643,7.674620644633437,1,0,0,0,5,1,1
66314.19961664353,561.013426106481,7.201015223608044,1,1,0,1,10,1,1
23011.4402736263,462.08271425165526,5.174100651716924,1,0,0,1,9,0,0
31574.28745623522,742.9534136970315,5.708022564700494,0,0,0,1,11,0,0
20000.0,703.932836979833,7.732175187436175,1,1,0,0,12,1,1
81192.86868814346,639.8410852576068,8.533503217493765,0,0,0,0,7,0,1
39751.445996890514,735.9646886756789,8.246689053606907,0,0,0,0,6,0,1
63989.649475498765,591.4802066442778,7.990765559930731,1,0,0,1,4,1,1
92667.7552572898,593.560597433348,11.665850093941781,1,1,1,0,5,1,1
56596.10427121837,582.4689821044666,8.528726568070159,0,0,0,0,6,0,1
46610.88572152796,695.4097580092708,11.145851661159442,1,1,0,1,1,1,1
55817.64430651802,523.3633538228198,15.334077427380137,1,1,1,1,2,1,1
51895.80811550681,588.6430714574367,7.382836250512376,1,0,0,0,12,0,0
87384.94993633835,673.1772018588908,6.057005079632823,1,0,0,0,2,0,1
59325.15192616369,553.6679139261911,9.108338788894264,0,1,0,0,7,1,1
33667.96941263262,597.1751675471052,9.50250463031361,0,0,0,1,3,0,1
81435.47170669251,473.0745938308349,7.024564367086871,0,0,0,0,12,0,0
86914.53069075057,698.464531952123,8.602146931922594,0,1,0,1,4,0,1
20000.0,594.9731845326177,9.238674229831329,1,1,0,0,9,1,1
95983.51654304317,562.0574999887076,5.969257029805525,0,0,0,0,5,0,0
60941.35319625457,546.398181923314,5.067754331622195,0,0,0,0,3,0,1
58498.09850439795,616.542919023592,5.783722667464055,0,0,0,0,7,0,0
80198.73894789544,523.5875530486849,7.290794568387559,0,1,0,0,5,1,0
32990.70826987164,805.3903741718934,9.462003149517464,0,0,0,0,7,0,0
78624.93542572772,459.2204306264812,8.120467126520504,1,1,1,0,9,1,1
38696.73590786434,613.9504680170808,5.5569951817878405,1,0,0,0,10,1,1
20000.0,658.5525543433004,9.804729460683657,0,0,0,0,1,0,1
20067.311626791972,587.9696796690756,9.923687209332169,1,1,1,0,6,1,1
67010.6549870968,666.9705389834493,8.19506854972017,1,0,0,0,9,1,1
21635.949800160255,586.031874004307,8.145318400163575,1,1,1,1,1,1,1
98302.28369568948,772.4075570938519,8.502013227789261,0,0,0,0,6,0,1
85678.50360318928,560.4898388712179,7.816788824571006,0,0,0,0,12,1,0
90003.17498098896,461.90208469213445,11.435394697787583,1,1,1,0,3,1,1
53743.35739032236,546.1200119637342,10.634461604178032,0,1,0,0,10,1,1
57735.84851884878,680.919581985097,9.540532020426536,1,0,0,0,8,0,1
20000.0,640.5660496360908,7.21033403249021,1,1,0,0,10,1,1
79873.5053047247,710.1706326385694,8.302562528308535,0,0,0,0,7,0,1
61395.003651112565,690.1395693368773,6.831210050000482,0,0,0,0,4,0,0
67019.1687587678,599.0975720219838,11.104424887214996,0,0,0,0,4,0,1
100649.35434358646,610.8733204963562,5.139008347177005,1,1,0,0,8,1,1
31821.1104815747,619.173697947742,8.230353739671358,0,0,0,0,12,0,1
46215.753503680455,800.7476866797322,6.017240461111896,1,1,0,1,6,1,1
59800.127646265035,705.2657851749896,7.575395084294674,1,1,1,0,7,1,0
21936.937836238798,801.3349519342804,8.193474531575127,0,0,0,0,5,0,1
44372.035361694805,717.2623497873451,11.819176630498344,0,1,1,0,4,1,1
64788.494314009076,644.9133284062759,8.122173933347888,0,0,0,1,1,0,1
40237.36185881507,568.4510810411468,10.919451928688584,0,0,0,0,7,0,1
89269.68229187337,666.1215736918995,8.503253619069634,1,0,0,0,4,1,1
20000.0,645.1304662227016,8.42979611733965,0,1,0,0,5,1,0
83683.13720700025,642.5082171729429,8.874747375218032,0,0,1,1,5,1,1
69835.56424448013,633.27207384806,10.540330782611385,1,0,0,1,11,1,1
32935.142373302275,485.8029833939022,7.794419394765214,0,0,0,0,2,0,1
22267.74295310006,750.8671853227725,6.060116464532089,0,0,1,0,2,0,0
20000.0,645.9637208626147,12.766679860262407,1,0,1,0,9,1,1
26144.749627584977,536.8597507177087,6.612790873573237,0,0,0,0,6,0,0
81415.2996500899,688.5410167258916,5.54465326540201,0,0,0,1,8,0,1
48317.42821163977,581.5331065114777,5.193967221469393,1,1,1,1,6,1,1
84889.42641175524,694.9712498376626,10.282331149280092,1,0,1,1,3,0,1
31403.86788126344,720.5325168409969,8.052062016738827,0,0,0,0,3,0,0
71213.18480319688,731.5709192535454,7.491774954593657,1,1,0,0,11,1,1
28475.04193746735,637.1266618676144,7.142702866639002,0,1,1,0,5,1,1
21032.74981370483,616.8977817585186,7.075989789011265,1,0,0,0,3,1,1
46786.183484879715,599.9569311788264,5.530531643657934,1,0,1,0,11,1,1
30051.004660400104,592.1955129231602,6.23854646044167,1,1,0,1,2,0,1
20000.0,648.6215948631266,12.096902898058318,1,1,1,0,4,1,1
44530.5589784902,633.2525550086608,8.483555014186265,0,1,1,0,12,1,0
53193.06249293867,583.9756947342267,10.267453558039012,0,0,0,1,4,0,0
88050.75834488202,558.4972196957676,6.923022740094732,1,0,0,0,9,0,1
78104.17031399181,641.2995126193134,9.015692600971718,0,1,0,0,7,1,1
86598.29597698494,615.2641905644936,8.205701102189328,1,1,0,1,8,1,1
71610.72495180526,558.6906421374507,5.064843759539041,1,1,1,0,1,1,1
59978.38276849924,716.4456810737126,7.921271200518147,0,1,1,0,7,1,1
20000.0,791.7674200660199,8.529200898340168,1,0,1,0,10,1,1
54496.165938058235,727.007057118738,7.594308395070569,1,1,1,1,9,1,1
67903.81331992443,592.3849590659165,5.700997945639567,1,1,0,0,9,1,1
93723.13848111308,645.9816252328051,6.843603937873078,0,0,0,0,12,0,0
70588.65625195441,773.2343161349969,6.467023062600046,0,1,1,0,12,1,1
87211.50303816266,556.1040285778006,6.96173366899151,0,1,0,0,5,0,1
20000.0,712.6076101348181,8.09656526537756,1,0,0,0,1,1,1
40207.47121555715,534.1533433484808,6.46565663088343,1,1,0,1,6,1,1
62880.521409838126,784.7230101945063,6.377239313693317,1,0,1,0,3,1,1
84828.58072227685,615.5748380199208,6.363265577332712,1,0,1,0,7,1,1
45643.14062483241,828.323497961905,7.953347440126505,0,0,0,1,8,0,1
47526.6212255254,788.2451038913464,8.947660773132615,1,0,0,1,6,0,1
70614.20918008935,641.485559233489,12.244885549090851,0,0,0,0,2,0,1
20000.0,592.4475701511672,6.8606815460920485,1,0,1,0,10,1,1
98222.13649470286,665.5820377512731,10.84003959864074,1,1,1,0,11,1,1
23625.917206769456,635.587282668275,5.4682975002453595,1,1,0,0,10,1,1
20000.0,617.8746429131526,9.379204821646795,0,0,0,0,9,0,0
50302.010255677415,517.3509396337363,7.601937944189089,0,0,0,1,7,0,0
100953.76107126696,608.835713307633,6.863840480864855,1,0,0,0,9,1,1
67593.5939100083,561.1616702595009,7.8950428477018955,0,0,0,0,2,0,1
72532.71629010899,694.131816514019,9.065071426911318,1,0,1,0,6,1,1
51241.57286921343,729.285705327794,8.055537026472917,1,0,1,1,9,1,1
45428.67508186469,709.2547203138878,7.132466627435652,1,0,0,1,8,1,1
20000.0,677.3900071702005,8.453472087592255,0,1,0,0,10,0,1
20000.0,581.7674346287279,12.520339960989947,0,1,0,0,5,1,0
55888.170153225896,666.4320618081529,13.877254851853221,0,0,0,0,10,0,0
89376.4758302068,713.42121149155,6.527228461993486,1,1,0,0,11,1,1
60324.01114484196,603.1011540480216,6.0083171585054655,0,0,0,1,2,0,1
68707.9858115604,659.5189137116005,7.622342427034603,0,1,0,0,7,0,1
97511.52636918619,638.3630728584061,10.449336295897778,1,1,0,0,8,1,1
59863.005543231746,782.9893335688388,10.381356469570793,0,0,0,0,8,0,1
46320.34699077142,718.123850821162,7.111714412417425,1,1,1,1,11,1,1
25444.25583049805,698.7327689398713,5.013369811554288,1,0,0,0,2,1,1
110666.37688916258,512.6645012827652,9.035126401587194,1,1,0,0,4,1,1
65796.43337461041,663.8269861414067,7.87088827676088,1,1,1,0,8,1,1
21691.948522420076,637.5989256860344,6.471312684588252,1,0,0,0,4,0,1
20000.0,636.9074311544101,6.440621218471057,1,1,0,0,10,1,1
87591.91180786738,524.9269221806687,8.374156956520682,0,0,1,1,7,0,1
20000.0,562.9785102161944,5.297383022599293,0,0,0,0,4,0,0
105615.02472506663,644.5586009675374,5.249693172134173,1,1,0,0,9,1,1
20000.0,739.1484622552368,10.617209159311951,0,1,0,0,9,0,1
92677.85593369929,602.7580344128462,6.974220335301831,1,1,0,0,11,1,1
64606.844334858935,618.0049018316586,8.08314018401081,1,1,0,1,4,1,1
53557.83269170622,792.4873596228966,8.042219303250727,1,0,1,1,3,1,1
44736.24694874711,626.2542088665731,6.332366131579199,1,1,0,0,4,1,1
106721.89545782088,639.6968380917135,11.257864017772308,0,0,0,1,9,0,1
71211.7657520361,640.7804174358607,5.920081512587158,0,1,0,0,7,1,1
22903.891733136457,542.3595882876391,5.5746368385934515,1,0,1,0,4,1,1
20000.0,695.7438498732092,6.866107515865487,0,0,0,0,9,0,1
55318.916394419255,597.7699105132529,7.448501408595403,0,0,0,0,9,0,0
49967.865993877575,647.594350636821,5.395665637552156,0,1,1,0,1,1,1
20000.0,685.5498371534238,11.519970746558243,0,0,0,1,9,0,1
48338.194235529925,805.4046071228314,9.884186124590943,0,1,0,0,8,0,1
32781.96100777399,544.5783964363005,7.420419694397678,0,0,1,0,3,1,1
50278.70204920084,719.1985748052979,7.609165794539557,1,0,0,1,8,1,1
71777.70834945206,719.4978604939174,7.474095884298633,1,0,1,0,4,1,1
94778.29842392106,598.9428181776582,5.997753092379071,1,1,1,0,2,1,1
77266.67109107862,697.9603078441585,14.438921639067491,1,0,1,0,6,1,1
28356.777505093833,781.4748921033513,11.246270340262761,0,0,0,0,2,0,1
61067.45386487583,588.8023032630047,9.959677591407619,0,0,0,0,7,0,1
51893.21364476072,669.3175837708123,7.80263261837053,0,0,0,0,1,0,1
20000.0,682.3841091151828,6.834167015366857,0,0,0,0,4,1,1
61946.983540768175,692.734308396284,6.5423041444442935,0,0,0,0,8,0,0
105700.17013753142,711.543340857281,12.220116513449867,0,0,1,1,7,0,1
50972.79812561012,663.3043862601739,9.205137427178833,0,1,0,0,7,1,1
20000.0,691.0748949078402,5.8885471469943935,0,0,0,0,7,0,1
50908.06013325857,577.0821079901021,5.5114899816436305,0,0,0,0,10,0,0
20000.0,663.1202794911646,5.497826091370372,1,1,1,1,11,1,1
75908.16520658863,611.8926987455588,6.089107124843993,0,0,0,0,11,0,0
65745.94975175387,551.613687587673,13.413202198970557,0,0,0,1,7,0,1
44872.6983957577,609.268436045048,7.022657211277334,0,0,0,1,11,0,1
40065.07202432536,671.5565113758446,5.248550223247983,1,1,1,0,7,1,1
43632.9709515336,684.8637821096154,5.749799835033221,1,0,0,0,7,1,1
50248.23483026961,548.5232703261784,8.709248138107709,0,0,0,0,5,0,1
26832.949359753733,574.9858626620103,9.182133533478225,1,1,1,0,7,1,1
20000.0,707.9725023754577,5.947579410511968,0,0,0,1,5,0,0
84160.96840083944,690.6518474092691,6.137673645593949,1,1,1,1,7,1,1
38437.970705091255,720.9682129637082,8.412045234438565,0,1,0,0,4,0,1
55011.29312507433,759.4264341741248,13.013375912328636,1,1,0,1,12,1,1
58558.45853502483,693.0309687672479,9.612160441381592,1,0,1,1,8,1,1
59660.61438965642,616.8153898263303,5.258882348975565,1,0,0,0,7,1,1
20000.0,659.1879566465534,5.9960789746514935,0,0,0,0,6,0,0
20000.0,782.7917680741906,5.073064196666837,0,0,0,0,12,0,1
32339.224259240236,850.0,7.637107376493843,1,1,1,0,6,1,1
61871.3459725086,687.0477092593887,10.24905533021251,0,0,0,0,5,0,1
28161.50397577061,692.8443311049045,5.54803303283171,1,0,0,0,2,1,1
39352.35938902299,708.0566693597933,5.666091977945556,1,1,0,0,6,1,1
113818.92241248705,651.9034276655491,7.5513395310466525,0,0,0,0,8,1,1
20000.0,743.1083121874099,7.990739131711153,0,0,0,0,2,0,1
27348.980122685043,730.6436234186281,13.083407963381276,1,1,0,1,6,1,1
106898.12205721784,678.3501157719053,15.417839913800469,1,1,1,0,2,1,1
48662.0398401433,624.5584075195508,6.60587685792432,1,0,0,0,8,1,0
28820.445035032684,528.344289009829,5.511636648471185,1,0,0,0,4,0,0
85063.06751033361,708.59308380914,5.92925008784732,0,0,0,0,12,0,1
51656.91309443334,667.0286652180883,7.260601809284994,0,0,0,1,10,0,1
39550.74814867982,590.9785815476719,11.365529652632377,0,0,0,1,8,0,1
55771.06781112534,559.6063788004299,12.557448818828867,0,1,0,0,6,1,1
30256.735718517015,702.9146279506601,6.469099123978398,0,0,0,1,8,1,1
20000.0,521.9010942706428,5.910404919157942,1,0,0,1,10,0,0
46592.09217095755,673.9712949955044,6.454073259040238,1,0,1,0,10,1,1
20000.0,717.4840327335115,11.167003819668476,0,0,0,0,9,0,1
50320.79935389441,693.9914309133299,8.865026399640044,0,0,0,1,12,0,1
60632.19702423017,618.7408180513248,5.180417398038962,0,0,0,0,7,0,0
75591.81368154833,550.0500412420068,6.1384638138602226,0,0,0,1,1,0,0
83837.74956550481,696.9615391836152,5.656960528300648,1,1,1,0,1,1,1
37827.90495103245,746.0418473562736,10.516997704649562,0,0,0,0,11,0,1
64982.43823817208,604.1813316205568,7.301975583425202,0,1,0,0,1,1,0
64775.7033861907,690.5526560234288,10.147487686039213,0,0,0,0,2,0,0
59834.56147447952,776.5212094985447,5.867467045167999,1,1,1,0,11,1,1
35616.21767148624,677.1077677153288,5.432533769149863,0,0,0,0,11,0,1
20000.0,618.249588409777,8.730090865917592,0,0,0,0,11,0,0
65060.05667199679,733.2682832050526,7.496509389936723,0,0,0,1,3,0,1
20000.0,590.9951220673751,6.3168138366998505,0,0,0,0,6,0,0
41964.817022950665,546.1446387957582,9.894166264167431,0,0,0,0,9,0,0
20000.0,714.9856952916783,8.740850086021613,0,0,1,0,8,1,1
20000.0,617.507018921315,6.342021764940517,1,1,0,0,3,1,1
23685.981846577266,624.6783188797052,9.39117340761847,0,1,1,0,11,1,1
82901.72622887853,599.8447491559143,5.819453612586838,1,0,1,1,2,1,0
70643.24073212806,612.1746083556733,9.412168860765268,0,0,0,1,7,0,0
33381.95948473273,762.2426742021493,7.989156497119128,0,0,0,0,9,0,1
71881.09385389253,782.9999012626934,8.948958627881932,1,0,1,1,12,1,1
76628.6889014119,793.5982908915687,6.591259709814561,1,1,0,0,8,1,1
45180.05454875835,737.2096496942011,5.0101277454009745,1,0,0,0,5,1,1
20000.0,687.301700781859,7.9134220533080555,1,1,1,1,2,1,1
43762.630698016575,535.4171526453509,14.31136497179144,0,0,0,0,12,0,0
47063.227844835914,634.998023767972,8.280211494844192,1,0,1,1,12,0,1
20000.0,822.540359089895,8.657384539810288,1,0,0,1,5,0,1
61011.403787899035,615.1502736997877,7.181511818139784,0,1,0,1,6,0,0
58394.35562907066,771.131557981782,5.627991963838351,0,0,0,1,7,0,1
63351.280996825604,654.4028655224436,5.383469069339466,0,0,0,1,12,0,1
58367.692915023305,435.7486091317483,10.6306645382145,1,1,0,1,9,1,1
71895.29105344949,701.238845093517,5.583736780818348,0,0,1,0,6,1,1
44620.159163809054,751.3003756942649,10.314167409397438,1,1,1,0,5,1,1
56053.5532211286,646.0803225087565,10.206586826877562,1,0,1,0,7,1,1
38067.79147263404,748.6440803588331,10.595109300199368,0,0,0,1,3,0,0
32465.023531341492,516.573798846633,8.445603386072758,0,0,0,1,9,0,0
90147.48892286228,539.1548588880504,8.415536629683212,1,0,1,1,5,1,1
20000.0,666.389144646855,8.457321849876827,0,1,0,0,11,0,0
76302.79967462792,688.1691782254026,7.473389029322678,0,0,0,0,9,0,1
31383.77373663018,758.5263094873823,8.850348642069182,1,0,0,1,3,0,1
27498.854670706372,701.1139573398849,9.145923765693095,1,0,0,0,8,0,1
57847.32452196221,554.5096728507965,8.380981863748511,1,1,0,0,7,1,1
20000.0,667.0436497659509,7.402749697061993,0,1,0,1,4,0,0
25519.307841613907,698.0581956230519,7.312338035958046,1,1,0,1,10,1,1
24525.81060461024,500.0612801042297,8.789730593289832,0,1,1,0,6,1,0
43358.05225444715,646.5093224209588,8.693276214494656,0,0,0,0,4,0,1
25875.869355179344,623.153396484942,9.136011377033867,0,0,0,0,3,0,0
98033.56056917807,597.6245541003404,9.285218923875515,1,0,0,1,6,0,0
103910.49549493863,689.9021641402138,9.852010801502388,0,0,0,0,7,0,1
20000.0,558.025477875366,9.304371384054349,1,1,1,1,8,1,1
66329.68114297208,683.3503609602919,8.699152836613282,1,1,1,0,2,1,1
75759.90317232723,694.7592903367116,7.2313992850559785,1,0,1,1,8,1,1
66289.55607173315,736.701064820878,11.78400874876645,0,1,0,0,1,0,1
30256.595207249164,560.1264589765916,7.040667941625006,1,1,0,0,10,1,1
42677.133135243756,529.5812625316362,9.631346354893136,1,1,1,0,8,1,1
27551.760356669136,672.312288587121,8.44612078603539,0,0,0,0,8,0,0
37392.07906523514,627.0983012905839,6.79858294474433,0,1,1,0,1,1,1
20000.0,850.0,11.1777096912822,0,0,0,0,1,0,1
46556.33535096349,686.6798780994345,5.680660271082319,1,0,1,0,7,1,1
20000.0,654.6529369363345,7.425968432525462,1,1,1,1,6,1,1
43995.96337315587,636.1737635458868,8.814793732953742,0,0,0,0,4,0,1
20000.0,552.5550523648441,6.059663666725678,1,1,1,0,2,1,1
56204.490853742114,695.1105242363678,8.609581938560979,0,0,0,0,9,0,1
29617.41317171328,643.6683978983361,9.976189568475128,0,1,0,1,2,0,0
58717.410436236125,643.7349053256452,6.725432547487728,1,0,1,0,11,1,1
82447.42185094346,657.5554660398924,7.887352789049604,1,1,1,0,4,1,1
97683.40808314124,667.6970023933796,5.205301975396571,0,0,1,1,3,0,1
20000.0,510.85954832659826,5.830197319867632,0,0,0,0,2,0,0
24974.177183786516,716.9618405096745,7.753973575464014,0,0,0,0,7,0,1
40907.41768663958,582.2844500147262,9.86418890371555,1,0,1,0,5,0,1
63809.834551444495,638.9574242025099,9.894493004089998,1,1,0,1,10,1,1
20000.0,752.8723936532231,6.5276294423699,1,1,1,0,9,1,1
20537.22779599353,792.3558873816091,6.22045453259062,1,1,1,0,4,1,1
53910.7160797133,513.9604449098887,10.953999641161797,0,0,0,0,2,0,1
52546.64724580001,652.4195862139719,11.10799523350002,0,1,0,1,12,1,0
61328.55219260279,671.8330548132828,8.503624618774143,0,0,0,0,6,0,1
63310.27180664349,529.3975979046843,7.368980866573378,1,1,1,0,1,1,1
60157.83299347587,714.2073091534533,6.692822291087308,0,0,0,1,2,1,1
55809.65949894478,659.3010141931338,8.7055501777788,1,1,1,0,7,1,1
51672.193199791036,665.5327676555997,9.974470271351151,0,0,0,0,11,0,1
69942.89269173087,576.5957665326453,9.163904037176822,0,0,0,0,7,0,0
20000.0,683.0309314705079,7.762713220138302,0,0,0,0,5,0,1
96330.00460913705,717.057916511195,8.63043502523037,1,1,1,0,6,1,1
20000.0,660.1838306980746,5.5921230193999465,1,0,1,1,4,0,1
20000.0,608.8851279229557,13.908964830223258,1,0,0,0,2,0,1
43197.17610049566,615.1144545562909,11.6651297685832,0,0,0,0,12,0,0
70178.38673269527,667.6316565700772,7.6502925651959135,1,1,1,0,7,1,1
20000.0,653.9037902704504,8.35644369028661,0,0,0,1,11,0,0
49156.27028174497,722.3857695295516,10.397950817121057,1,0,0,0,10,1,1
73771.85118247203,611.5793369980668,9.396670248511366,1,1,1,0,5,1,1
79835.5434808543,552.529551780734,5.7885893243666064,1,1,1,0,9,1,1
29080.110245076237,678.7508861856403,9.089896519152127,0,0,0,0,7,0,1
40974.94139134903,611.7976117601037,7.241183560194095,0,0,0,0,2,0,0
