years_experience,coding_score,education_level,portfolio_quality,ivy_league,unpaid_internships,golf_club_member,lacrosse_player,birth_month,zodiac_fire_sign,race,hired
2.339156500045399,33.92393639805829,2,6.421938813221465,1,1,1,0,6,1,1,1
2.0241672599600227,61.719835379575635,2,5.188812013903405,0,0,0,0,8,0,0,0
0.9688577676878353,76.12560951456406,3,8.321494036317393,0,4,0,0,5,1,0,1
4.673122236542987,25.46168647409519,2,7.517236858125003,1,2,1,0,1,1,1,1
3.237277253240918,84.24615456733845,2,8.09571213758402,1,5,0,1,5,1,1,1
10.038432821705147,47.42897931229741,2,6.391000960894461,0,1,0,0,7,0,1,1
0.16318200545416794,30.499572301229716,2,5.245591702502163,0,2,1,0,6,0,1,0
5.16226813458098,65.15509560416366,2,4.2016702579704015,0,0,0,0,2,0,0,0
7.197397293122886,41.07091043489904,1,2.4621523150682565,0,0,0,0,10,0,0,0
7.124896728123755,48.36526647937011,4,6.00409123093269,0,1,0,0,2,0,0,1
10.8610293767145,41.91443511575842,3,6.1707146695912085,1,2,0,0,7,1,1,1
6.5288048907034515,33.665241362702,2,4.300437336185352,0,0,0,0,1,0,0,1
13.142273003979595,64.47994064803808,2,6.227362056233267,0,0,0,0,1,1,0,1
2.0222526135269088,44.273971942116255,1,4.335644336801712,0,4,0,0,2,1,1,0
3.497933516782039,21.26696415641508,3,6.7348553826939215,0,0,0,0,2,0,1,0
0.07089861024049894,61.02120248431866,2,3.235785413714562,0,1,0,0,9,0,1,0
0.03490952085312116,25.888352979524893,2,2.889776929982596,1,3,0,0,1,0,1,1
1.3730173271966042,26.934796546494827,2,4.518842545562705,0,5,1,0,11,0,1,0
0.5312890190527877,73.85212409954633,2,6.657570791004574,1,1,1,0,12,0,1,1
1.506953829651113,26.07320201579576,3,2.682429070681953,0,2,0,0,5,0,1,0
0.9742584271705841,3.671102861450194,3,7.099374038018391,1,3,0,0,5,0,0,1
0.14467311332979887,62.45722969922991,3,1.714823731229575,0,2,0,0,6,0,1,1
12.001218192592443,43.922731410377395,2,4.506508248811419,1,2,1,1,4,1,1,1
0.04128563916787402,45.646897577237674,3,2.1738477457947183,1,1,0,0,12,0,1,1
6.660586885229424,43.709992132996,2,0.0,0,2,1,0,3,0,1,1
0.8252452667553098,54.633398780374534,2,5.732903609550508,1,0,0,0,9,0,0,0
12.16515607836053,34.94561516193864,2,4.64437778273777,1,5,0,0,9,0,1,1
11.165105770513645,79.52229749131529,2,2.2058021343390224,0,3,1,0,8,0,1,1
5.3051542029748635,20.47539039381203,2,3.9667722840304407,0,1,0,0,11,0,1,0
5.5772789843438995,58.89749833354246,3,5.883650453858627,1,3,1,0,1,0,1,1
0.02676723062752661,62.84242007753168,2,4.263700666021662,0,1,0,0,11,0,0,0
20.0,34.80696478333244,2,4.602637768863203,0,3,0,0,2,1,1,1
10.511815364414181,29.525311094443634,4,4.203086859353899,1,0,0,0,3,1,1,1
11.274035572658502,70.34348428340313,2,3.8353957371400806,0,0,0,0,2,1,0,1
5.382950882007854,30.1827849196657,3,3.809325450513845,0,0,0,0,10,0,0,0
2.113973982406577,37.86672118498866,3,3.750605267408529,0,0,0,0,10,1,0,0
11.205035174646575,67.74617924919492,2,3.493714247853852,0,2,0,0,8,0,1,1
1.723145565406814,50.694824670780484,2,2.965410804618395,1,3,0,0,6,0,1,0
4.135811088804871,14.05712664741791,3,4.240575364564342,0,1,0,0,8,0,0,0
0.5253082035374286,84.94118289107028,3,3.7201442953439656,0,0,0,0,4,0,1,1
12.752388847856498,39.39978482440068,1,2.8566027389686135,0,1,1,1,7,0,1,1
0.7585958620262025,41.94485420187166,2,6.532029310713906,0,1,0,1,12,0,1,0
1.2737955229836728,55.115685046527304,2,7.4652719438334305,1,1,0,0,9,0,1,1
4.083744840772428,62.50153594008145,3,4.999794450793201,0,0,1,0,10,0,0,1
7.221588101605377,89.22208582582934,2,5.132945975861678,0,5,1,0,4,0,1,1
4.829391960208938,16.798637011886072,4,3.614872068260805,1,0,0,0,2,0,0,0
1.320699633315606,66.51904417851891,4,7.1340627135819945,1,3,0,1,6,0,1,1
0.004717437359254797,64.86019388100154,3,8.47636223015268,1,1,0,1,12,0,1,1
7.0765684988237,47.256701782517666,3,4.672412341948677,0,3,0,0,4,1,1,0
20.0,65.74547389632444,2,3.9571069432149564,0,4,0,0,5,1,1,1
8.301370248934806,68.68548035273093,1,5.6829505319096905,0,0,0,0,10,0,0,1
3.082844194299299,22.36074430025991,2,5.257862088076778,0,1,0,0,12,0,0,0
11.704928305544698,84.9953301176166,2,3.999689049085421,0,0,0,0,1,1,0,1
2.6368729712502597,18.824754937237167,2,5.942391666064701,0,1,1,0,2,0,0,0
3.721508572807055,27.293674375224537,3,6.876315214779795,0,1,0,0,8,0,1,1
3.242109834599156,44.764246527518075,2,3.428363197350441,0,1,0,0,7,1,0,0
2.967630373235937,88.49881026374112,3,10.0,1,1,0,0,12,1,1,1
7.462515499728831,43.83486740493227,2,1.9341156858043442,1,1,1,0,12,0,1,1
3.7408572083007496,49.361322198983785,2,3.2966185473181984,0,4,0,0,5,0,1,1
1.904231676769794,78.64157207809127,2,5.4679360606047265,1,2,1,0,1,1,1,1
1.4930961124881805,43.993637148690546,4,9.493746236753097,0,3,0,0,10,0,1,0
0.19239099265817272,26.431265741386486,3,3.87481861663875,0,3,0,0,2,0,1,0
4.375685904220726,41.65530329523371,2,2.8685073748088263,1,0,0,0,5,0,0,1
1.3065732776053915,77.41583667611555,2,6.098482956857491,0,1,1,0,11,1,1,1
0.8016297498649482,51.417299941102726,4,4.502811184563858,0,3,0,0,8,0,1,0
5.304125953072564,88.6131651811252,2,6.330511389908864,1,1,0,0,1,0,1,1
5.716101860392699,64.7586985252431,2,4.85843890019916,0,2,1,0,9,0,1,1
6.974756467472872,37.10382127213033,2,3.2856669157400886,0,0,0,0,2,0,0,0
3.5016334215322464,51.02152608930157,2,9.69775194082846,1,0,0,1,7,1,1,1
11.224157305174632,32.93563763716241,2,0.0,0,2,0,0,11,0,0,1
13.771210548425588,36.631339387024596,1,8.640477500699543,0,0,0,0,12,0,0,1
8.234944536320706,100.0,3,6.866523808467854,1,2,1,0,4,1,1,1
5.047426134206695,70.37249020067622,1,3.5088214169455707,0,4,1,0,3,0,1,1
1.8100238512494002,67.22195978013346,3,8.74484020966753,0,1,0,0,4,0,0,1
20.0,37.53639369383872,2,2.257161601511479,0,1,0,0,10,0,0,1
1.6019641993209075,81.39168132562158,2,7.016221924015049,0,1,0,0,5,0,0,1
1.132351155352499,71.98831203585874,1,0.8347097739057796,0,0,0,0,1,0,0,0
2.9183627216494115,87.63242578715543,3,2.7082436140592496,1,4,1,1,6,1,1,1
0.2925997229306184,86.66228296796899,2,2.7032763487042457,0,1,0,0,5,0,1,0
19.197224599294543,20.41821423804956,2,3.498686679142402,0,5,1,1,2,0,1,1
4.438924025553051,27.803210214601854,2,5.0231622307573165,0,0,0,0,5,0,0,0
4.070386847783398,29.924243690727273,3,3.3480472717836847,0,0,0,0,1,0,0,0
5.332607936509008,31.12118713335126,1,0.9271780966044227,1,0,0,1,10,0,1,0
3.4360606173056887,56.46904728520781,2,5.926901537401357,0,1,0,0,5,0,1,1
0.1629440534582136,38.66393095808365,2,5.097901845854958,1,2,1,0,12,0,1,1
4.737762760960768,91.45197081525038,3,5.81785468179636,0,0,1,1,7,0,1,1
6.296967355612115,88.09359764163275,2,5.3438358185319546,0,0,0,0,10,0,0,1
2.6956887874652224,49.87076811841921,3,6.908470563970331,0,0,0,0,12,1,0,1
7.079554609813728,89.1065243229958,3,4.849035293677794,0,0,0,0,2,0,0,1
1.287389556498237,79.76269254480404,3,7.025041269620619,1,2,1,0,6,0,1,1
1.2504967764741615,40.985868816454825,2,3.4486067037975445,0,1,0,0,12,0,1,0
0.8802085082512099,9.81569311948877,2,3.562659241322294,0,2,0,0,6,0,0,0
2.326033841319888,45.64063230078541,3,7.752078790796386,0,0,0,0,1,1,0,1
9.386980116787603,37.10755737843054,2,7.711337316454578,0,4,0,0,7,1,1,1
8.79874833122851,54.13011250291661,2,6.147484285561665,0,0,0,0,2,0,0,0
2.413006907487217,51.78456573749498,2,3.2217841742803848,0,1,0,0,10,0,1,0
4.4472550077661985,51.26035317798457,4,3.060735129408487,0,2,1,1,12,0,1,1
6.379426749490056,60.47369482758329,2,7.656127924722542,0,2,1,0,8,0,1,1
1.3801298452117228,25.749561058326428,2,7.545329855156319,0,1,1,0,10,0,1,1
0.9204621346650812,58.22720555139416,3,4.87284128465975,1,1,0,0,4,0,1,1
17.89492494002064,41.207676939659876,2,9.683769853939706,1,0,0,0,2,1,1,1
4.805882376994842,53.99964399727374,4,5.917800143892278,0,1,0,0,3,0,0,1
19.92719657785471,69.1481969046438,2,2.7856012519377606,0,3,0,0,6,0,1,1
2.0606059573154587,25.512004535579408,3,4.448737800664217,1,1,0,0,2,0,1,1
6.070649398977711,44.37412694660861,2,5.010941156010747,0,0,0,0,3,0,0,0
1.2590246920003088,47.629315319422716,3,5.172797273498227,1,0,0,1,11,0,1,1
1.5136413124212433,39.71462056858718,3,7.5000064357034155,0,2,1,1,5,0,1,1
3.586196610359471,67.99658992265914,3,3.087422174671282,0,1,0,0,11,0,0,1
1.9255052915195434,35.59223282399057,3,2.3369754017755664,0,1,0,1,4,0,1,0
0.9173404521060663,38.89199201115322,2,6.204647366010191,1,3,1,0,6,1,1,1
1.5250276506780738,35.80161734095871,4,3.9860309821482924,0,2,0,0,4,1,1,1
0.18201508417577306,71.84110822877604,3,9.847012246933648,0,2,1,0,10,0,1,1
6.094140016883758,40.15111775175566,3,6.886440762951265,0,0,0,0,1,0,0,1
3.387517488538702,59.20090781767112,3,3.9492070953195197,0,0,0,0,5,0,0,0
0.494921470743911,89.51410202460148,2,7.425707477568412,0,0,0,0,5,0,0,1
0.9418630967801651,48.50363159298829,3,6.460821590166011,0,1,0,0,6,0,0,1
0.5409032096846931,72.24121360066314,1,6.267394294926556,0,2,0,1,5,0,0,1
4.741394820513806,83.42708168186256,3,4.755512136823015,1,2,1,1,1,1,1,1
0.49474094658528733,70.54383120080828,2,5.8409017032769315,0,0,0,0,10,0,0,0
7.0178604871072086,49.66397368044519,2,0.7940841988146712,1,2,0,0,6,0,1,0
0.10362094755511543,62.842155179972266,4,7.634178808444101,0,0,0,0,10,0,0,1
1.434250679674038,24.25242813729309,4,0.0,0,0,0,0,9,1,0,0
11.066770218216533,34.39913683700096,3,4.11575381194817,1,2,0,0,9,1,1,1
6.338670460111696,37.90649636736162,3,1.8085788936119322,0,1,0,0,1,0,1,0
0.37883776593017926,94.81224240348564,3,3.9982977175369534,1,4,1,0,11,1,1,1
8.605371078723687,33.74830971489466,3,4.851765455175789,1,5,1,1,12,0,1,1
3.396567755226492,33.450464974763406,2,2.606412932167577,0,0,0,0,1,0,0,0
9.379501195485243,29.12158039502033,4,0.0,0,0,0,0,3,1,0,0
4.590709401593361,61.196235238615216,3,5.414131448282116,1,2,1,0,3,0,1,1
5.725894887477247,52.852427853377655,3,9.17287956405579,1,1,1,0,12,0,1,1
20.0,71.7351795405313,4,4.2974396662999865,0,2,0,0,9,1,1,1
1.3220127503106829,63.425193321547084,2,6.9186619124516,0,1,0,0,4,0,1,1
4.890106990460945,22.39220306551865,2,8.008769675113772,1,2,0,0,2,1,1,1
3.0839074168941307,33.854444599792586,4,1.1999241509084038,0,3,0,0,4,1,1,1
0.2012563751970428,77.30657496551643,2,4.085449697043358,0,0,0,0,9,0,0,1
0.0728818118715084,45.9340351084639,3,2.447228776622397,1,0,0,0,6,0,1,1
0.6347856969866164,73.75183636036026,2,3.3874459240436723,1,4,1,0,5,1,1,1
5.236152293674042,47.00638104169366,3,8.404023402293259,0,0,0,0,6,0,0,1
4.186971341899949,30.646871434229574,3,5.447358972848384,0,1,0,0,12,1,1,0
4.030790666780094,43.93478444666588,3,6.577647202090348,0,0,0,0,7,0,0,1
0.1618761502882596,30.63900408900608,2,4.912201788072429,0,0,0,0,2,0,0,0
3.1678201760831186,38.688944751951524,2,2.5788947085289124,0,1,0,0,3,0,1,0
12.926253368371476,54.01851413130492,3,6.356231394437412,1,1,1,0,10,0,1,1
2.5341005271362893,60.23210180738041,4,7.505150742885643,0,2,1,0,3,0,1,1
4.903112635751033,18.19617353491404,1,5.6347484323373145,1,4,0,0,6,0,1,1
7.566519351922548,49.65263984981804,2,5.97824872351987,1,0,0,0,2,0,1,1
7.6606550060962775,38.267685288804955,2,2.5303972272664312,0,0,0,0,7,0,0,0
3.662352351780975,37.03170382082375,4,6.413727266298452,1,1,0,0,9,0,1,1
9.757949329849607,52.65369238266154,3,7.692027645852698,0,2,0,0,3,0,1,0
2.482790235184268,38.990962546215755,4,5.809170948542907,1,0,0,1,9,0,1,1
10.97732529629809,77.64275989693348,2,1.4064335082462147,0,0,0,0,12,0,0,0
1.3736789676712218,73.7612375250212,2,8.271259001550563,1,4,0,0,6,1,1,1
1.6440233870775511,73.6365658788408,3,3.1103522127124723,1,1,1,1,3,0,1,1
0.2729178449354783,40.101796090193965,2,5.775573653779823,1,2,0,0,4,0,1,0
7.937937811415056,30.750023301613552,2,6.905952537121837,0,1,0,0,10,0,0,1
2.6983142097237844,51.64059858776231,2,7.159236644101989,0,5,1,0,10,0,1,1
1.3010908353380564,46.99303267427466,2,1.3998863764403087,0,0,0,0,6,0,0,0
1.3184625354642816,37.8235367515327,2,5.234434512145875,0,0,0,0,10,0,0,1
11.583417106606614,26.48531106666077,1,5.102043221765218,0,2,0,0,7,0,1,1
8.97632604964221,49.16964061463857,2,7.878056375453022,0,2,0,0,8,0,0,1
4.031925265953175,41.918610994950534,2,5.9174470848212595,1,1,1,1,7,0,1,1
4.787006553900762,63.76694074076039,3,7.89623532208992,0,0,0,0,5,0,0,1
3.2153660664760757,63.30212103042959,2,6.079835199770307,0,0,0,0,6,1,0,1
2.48516049073393,72.01599610845435,2,4.8516675908775655,1,2,1,1,1,0,1,1
12.35365093494989,24.814088962399236,1,5.3877188430763185,0,0,0,1,3,1,1,1
0.6711593524825217,58.021166153872656,2,8.047193834204926,0,0,0,0,8,1,0,0
2.7102640299630805,35.450685875326556,3,2.406136328997502,0,2,1,0,3,0,1,0
2.1122571207796,25.591715783778305,3,6.811909020241064,0,3,0,0,3,0,1,1
3.4472772195772183,41.4279552610258,3,3.744768017558426,1,0,0,0,7,1,1,0
3.059051549185523,71.37409960269235,2,3.315041831502594,1,3,0,0,12,0,1,1
3.6582918565901634,42.55363292859032,2,7.046852733232346,0,0,0,0,8,0,0,0
0.7536434082277698,81.30909319918224,2,3.2338254899780123,1,2,1,0,5,0,1,1
3.5989087782084606,60.97757031040667,4,5.75414943385065,0,0,0,1,7,0,1,1
1.3881228547753555,42.11819042038846,3,4.02211715568047,1,2,0,1,7,1,1,1
1.0187353571061528,73.20096857812817,1,0.28612660820705305,0,3,0,0,8,0,0,0
0.33515729649647674,58.90793544228571,2,5.955431960208697,1,0,1,0,2,0,1,1
7.19115107280868,31.348812231065892,2,5.252642545913579,0,0,0,0,12,0,0,0
2.7882055020689345,87.17605271161031,2,1.1798389711703634,0,2,1,0,5,0,1,1
4.926110213491064,55.18957646172953,3,3.6028209169222762,0,1,0,0,3,0,0,1
6.5022963389905355,50.375923839709834,2,1.3860157665753907,0,2,0,0,3,0,1,1
5.686505695318766,32.88934660188768,3,6.463379774592826,1,2,1,0,5,0,1,1
3.179117359978833,73.59076535215476,2,7.775986405420193,0,2,1,1,2,0,1,1
2.4542860392352486,60.34550854722613,2,6.698981210092372,0,0,0,0,5,0,0,0
2.3577033265287604,62.58476360590482,2,6.978260313600183,0,0,0,0,11,1,0,1
5.108934018736221,39.84937312948463,3,3.9643391886663717,0,5,0,0,4,0,1,1
3.4139485733030734,66.68201143820137,2,6.0938560222207485,0,0,0,0,10,0,0,0
9.456758202051263,68.23627187141604,2,4.9818627397156785,1,0,1,0,8,0,0,0
10.385301269056788,36.62443522437755,3,5.370629032177639,1,1,0,0,1,0,1,1
0.9350248021773298,21.660197206380182,2,6.914862920909044,1,3,0,0,4,0,1,1
0.7322648839032536,61.62746118677848,2,7.350974841294472,1,1,0,0,12,0,1,1
4.976682223632017,18.533061007885205,2,4.220487220722968,0,0,0,0,7,0,1,0
1.7921377375597256,53.04031555675559,3,2.1847103772899024,0,0,0,0,2,1,0,0
0.09372659791713167,41.055097904253856,1,4.625190930614288,0,0,0,0,2,0,0,0
10.975055266279199,74.37330421577842,3,4.561453429372231,0,2,0,0,5,0,0,1
1.2867393254062656,42.14312218465585,2,5.569195760028313,0,3,1,1,9,1,1,1
13.245180378547381,72.14545944007608,1,6.665991836928246,0,4,0,0,10,0,1,1
6.319223615108011,39.71581111273947,3,1.1708360690318855,0,1,0,0,10,0,0,0
7.191170688717852,69.99982010119223,3,3.6581728976170482,0,1,1,0,12,1,0,1
1.1248604590866957,91.20683087673663,3,3.072223621365119,0,1,0,0,8,0,0,1
1.334134804011124,28.639057232675192,2,7.501787577383581,1,1,0,0,5,0,0,1
3.683069114402597,55.84071443461816,2,4.583258213295225,0,1,0,0,7,0,0,1
0.9443136342839689,100.0,3,3.974232860876424,1,2,1,0,8,0,1,1
1.8223238347809088,51.331776538058435,2,6.076603384893156,1,4,0,0,3,1,1,1
1.9390774987960415,51.23576540459297,1,3.8139872981679543,0,0,0,0,9,0,0,1
0.8695646425472725,65.76997894702039,2,4.969610446406302,0,0,0,0,7,1,0,1
1.1482158494523322,50.82161728189509,2,8.628142400224053,0,0,1,0,11,1,1,1
7.7688771320994645,15.85548010858895,2,8.572580647773288,0,1,0,0,12,0,1,0
0.9147839198237112,72.64574749677877,4,4.185231353874362,0,0,1,0,4,0,0,1
0.1443507650705187,9.941031722696145,3,4.635276395680845,0,1,1,1,1,1,1,0
4.9625519649925325,41.664166977233165,4,3.761942998538389,0,1,1,0,7,1,1,1
18.644991686135207,74.14851498313297,4,1.1482694499196597,0,5,0,0,6,0,1,1
2.011454366304934,42.86915142714429,2,7.072378690193435,0,0,0,0,7,0,0,1
0.6315346355743773,36.12607015071192,2,9.84268423334353,0,1,0,0,7,0,0,1
4.224356164441357,67.5852781033312,2,4.113101124698454,1,3,0,0,12,0,1,1
11.84117908710343,32.97770426331227,3,3.366412545421457,0,0,1,0,10,0,0,1
7.663814649666406,25.555485608160925,2,4.4543064073199865,0,4,0,0,6,0,1,1
4.871133733534744,55.490279749865664,2,5.1700920956571705,1,1,1,0,1,0,1,1
1.8920946046036258,46.34153403174818,2,2.728939779586239,0,0,0,0,8,0,0,0
3.9031224934297533,25.12653771622316,2,4.0830430780317375,0,0,0,0,2,0,0,0
0.47839786728220457,62.7390507998974,2,7.029794507876037,0,0,0,0,5,1,0,0
5.680720762431424,59.28975211154467,2,5.254761268934543,0,0,0,0,8,0,0,1
6.456667009569013,42.80489966788736,3,7.5407720562579605,0,0,0,0,7,0,1,1
16.766555688087095,44.17335987750107,1,5.729535705723004,0,2,0,0,2,0,1,1
1.5082110414087613,59.407854840183134,4,2.8221654624541626,0,3,0,0,6,1,1,1
0.09314431924987711,73.80722839504132,1,3.847972046560481,0,3,1,0,11,0,1,1
3.943980197246444,44.3441357978135,4,5.4968241271089635,0,1,1,0,1,1,1,1
6.134339616993051,63.093769860162894,2,2.754821448077785,1,1,0,0,7,0,0,1
7.81294997276007,61.30400434169198,3,2.495360534178787,0,1,1,0,10,1,1,1
1.076738422427535,67.58614585417953,2,2.615598893268549,0,2,0,0,2,0,0,1
1.5173832231660658,50.7861839748693,3,6.031608775627632,0,2,0,0,6,0,0,1
3.5932575965441482,31.753489718672842,3,4.267519969154924,0,1,0,0,11,0,0,0
2.006873500998351,40.75001693600061,2,7.364883262185895,0,0,0,0,7,0,1,0
9.848865111197858,56.857069315632955,2,3.2071592341067268,0,0,0,0,12,0,1,1
3.209990943435352,86.36928756763186,2,0.0851994640923035,1,5,0,0,9,0,1,1
8.036666745459737,40.31960753607443,2,4.73858976239357,1,0,0,0,3,0,1,1
4.344886388502519,66.09574887054798,2,8.295110060787641,1,0,0,0,2,0,0,1
7.416012200002639,43.4388709864648,3,5.069138833897211,0,3,0,0,4,0,1,1
2.0223753907254265,52.209375117722715,2,2.255813513734261,0,1,1,0,4,0,1,0
8.901624131180041,80.30793498527186,3,1.751446807586508,0,0,0,0,5,1,0,1
1.6049694423546281,65.28585162840866,3,7.395803827846981,1,0,0,0,7,1,1,1
3.94937871700656,25.174014545180864,3,3.3851264571161774,1,0,0,0,3,1,0,0
1.204037682167076,38.55049952376818,2,8.08359065531306,0,1,0,0,5,1,0,1
3.2268020898257435,75.12442688882717,2,6.3081868977025675,0,0,0,0,10,0,0,1
1.914912797912556,52.83756085256991,2,3.46086257119063,0,2,0,0,5,0,1,1
1.5510253112381749,27.02319760768273,2,7.334273688623282,0,2,0,0,7,0,1,1
17.053969106958554,33.62095110052558,2,3.152205693473462,0,0,0,0,9,1,0,0
0.8722080592699971,64.06987045422343,4,2.105325775110004,0,1,0,0,10,0,1,1
7.739970189305403,69.88820562435261,3,3.2665092133111093,0,1,0,0,11,1,0,1
20.0,50.35710602964349,2,6.5374733031804375,0,0,0,0,7,0,0,1
0.1005109278708012,99.50627601872205,2,7.275933978002673,0,1,1,0,3,0,0,1
6.003680474663965,66.48304726911277,2,4.207945474264177,0,3,1,0,3,0,1,1
1.4578601798370225,45.130378607341996,4,1.2633773777217088,1,1,1,1,3,1,1,1
0.20665137007189138,33.68587903801311,4,1.8864670777438879,0,0,0,0,12,0,0,0
2.5782661141043146,30.502313907219172,2,2.8647088562812733,0,3,1,0,1,1,1,1
13.683622808588005,56.70842640960739,2,2.412006241499752,1,0,1,1,10,1,1,1
0.059174253782710254,40.22445910173187,2,5.530860752129133,0,1,1,0,6,0,1,0
4.432272606707372,83.4748750796685,2,8.876231689448902,0,1,0,0,10,1,0,1
3.4797202266651563,79.32623605835718,2,6.591553148051175,0,0,0,0,4,1,0,1
10.33298846568718,62.66133094994454,3,2.743538310018521,0,2,1,1,10,1,1,1
0.4387039302858321,26.420076540862087,2,3.6112484686668895,1,2,0,0,11,0,1,0
5.7210726689920435,36.5556225489519,3,4.001418641402386,0,0,0,0,4,1,0,0
5.698885747821575,75.11355051482201,2,5.778428333986172,0,0,0,0,3,0,0,1
5.529393378079629,38.73867600409796,3,8.142509471704019,0,0,0,0,4,1,1,0
14.265480583687463,72.44283467839048,3,4.065199241098292,0,3,0,0,3,0,1,1
8.660500914419641,59.49207846069522,2,8.077554582136377,0,1,0,0,2,0,0,1
0.21439515971052345,51.03435769626375,3,9.207821916844456,0,0,0,1,8,0,0,1
3.1846173848926234,35.94334374129118,2,4.300186267422549,0,0,0,0,9,1,0,0
2.5370992849078657,48.115123129504966,2,4.248710757877384,0,0,0,0,11,0,0,0
1.8563853402793011,53.792959097497956,2,4.278761265217767,0,1,0,0,8,0,1,0
3.001351841828442,70.65077796602243,2,5.124979971375773,0,2,0,1,10,1,1,1
2.424118002075716,32.28528798732491,1,4.283641806436348,0,0,0,0,10,1,0,0
2.8311094250635827,44.7436631494777,3,6.768354922778611,0,0,0,0,4,0,0,0
19.37890516213698,50.896462638645694,2,1.902337439214436,0,1,0,0,2,0,0,1
0.4640479056669409,63.253567153723296,1,3.930755809407776,0,2,0,0,6,0,0,0
12.770053555485614,31.830713249544463,3,5.658349346144471,0,2,1,0,5,0,1,1
3.271908946317213,23.6686041422557,3,6.740169014321023,1,1,0,0,6,0,1,0
4.887404265817185,63.479303034200996,2,9.390570127361482,0,0,0,0,4,0,0,1
8.865168478763065,19.641017701065934,2,2.421949544738118,1,1,0,0,2,0,0,0
2.2350542375714446,75.69959429524337,2,3.695915171625488,0,0,1,0,11,0,0,0
2.8142969092857477,46.88147805034184,2,0.46718685354532585,0,0,0,0,4,0,0,0
2.6340846990936195,19.049378354511074,3,2.7802619852942714,0,0,0,0,1,1,0,0
2.347866789414759,40.391595611930114,2,1.462149406131915,1,0,0,0,9,1,1,0
12.986749051110893,57.58247266138474,2,3.957405209871343,0,1,1,0,10,0,1,1
8.828409067401651,39.345978248900444,4,4.543268814716738,0,2,0,0,6,1,1,1
0.577054200670983,50.40059497648695,3,5.938908479675123,1,2,1,0,7,1,1,1
0.5721372174755326,64.80156731410572,2,4.402800939360157,0,2,0,0,8,0,1,1
2.791940963657866,45.956193292247605,3,5.939874160824308,1,1,1,0,7,0,1,1
0.5193491183061383,31.258846470677327,3,5.228148334187885,0,4,0,0,5,0,1,1
4.826001391280244,44.02032005256318,2,2.9333535884996333,1,3,0,1,1,0,1,1
0.7756234791611584,78.2968027291852,3,1.6274525883182442,1,1,1,1,10,0,1,1
3.694628692507776,83.70128690666368,2,6.167363999792132,1,2,0,0,1,1,1,1
0.03623068478638072,9.601476521154495,3,8.293005970029014,0,3,1,1,2,1,1,1
1.9033479802507214,71.82055818382955,4,10.0,0,0,0,0,1,0,0,1
5.653468029628435,55.002954320707126,2,6.870909402469242,0,1,0,0,11,0,1,1
3.308619909530443,68.479653582403,3,7.915030423888124,0,3,0,0,7,0,1,1
19.14518915506165,38.99023479464741,3,5.92291940807787,1,2,1,0,6,0,1,1
10.361487449128612,14.634729809970281,3,5.604018771180423,0,0,0,0,4,0,0,0
2.224181239411392,61.68977577294923,3,5.222002047583056,0,2,0,1,4,0,1,0
0.2327676791715474,31.180454774345662,1,4.788380711958272,0,1,0,0,8,1,0,0
9.341894967165258,22.234151370302953,3,6.21415311085827,1,1,1,0,9,1,1,1
12.108775405322351,23.631972350530674,3,3.9588058372705524,0,1,0,0,10,0,1,0
8.591450178299578,62.01827564830669,3,4.705115096825616,1,2,0,0,2,0,1,1
0.6845422475939165,52.78904932058394,3,2.6440674340712227,0,3,1,1,8,0,1,1
20.0,65.64932043749347,1,5.949853338129818,0,0,0,0,5,0,0,1
1.4959685326457726,63.381505089927295,2,3.081804917706997,1,0,0,0,1,0,0,1
6.440485633599202,41.58132870832468,3,5.067489980960425,0,1,0,0,2,1,0,1
11.931729322058871,48.59052852245089,4,6.000982187284761,0,5,0,1,7,0,1,1
1.3438901871816757,39.77124942434921,2,6.171782862739627,0,1,1,0,3,0,1,0
11.94390517690789,45.79344454269018,2,6.543017075630869,0,2,0,0,7,0,0,1
1.851563145005537,30.65490524037868,3,4.573416949703889,1,0,0,0,4,1,1,1
18.735344972357986,57.8096858774867,3,5.972127558779375,1,2,1,1,6,1,1,1
1.6512781418334013,71.50241497963513,3,4.026749473775592,0,2,1,1,2,0,1,1
15.334619025671731,33.66773940358027,1,1.0582525739795536,0,3,0,1,5,1,1,1
0.27515742093429507,75.62539290802685,3,6.060618547483119,0,0,0,0,9,0,0,1
6.17683598483115,52.27042992955884,3,5.596976213728284,0,2,0,0,10,0,0,1
3.7976223836378047,54.82157952811627,3,7.026647005798272,0,1,0,0,10,0,0,1
3.249261171911968,16.011409607849636,3,4.949422574256797,1,1,1,0,1,0,1,1
1.2647565707413237,13.854753808685317,2,1.7936732685651768,0,0,1,0,11,0,1,0
6.114007955993685,52.88232725559364,4,4.816738431271555,0,0,0,0,4,0,1,0
1.058604515884479,65.79464249264015,3,6.7731611294794565,1,2,0,0,3,1,1,0
4.024214115067237,36.57239112710095,2,5.952069617592854,0,1,0,0,11,0,1,1
1.46009306192137,83.40187801166178,4,4.706510854210329,0,2,0,0,12,1,0,1
15.57498726061122,64.69871948508631,4,1.672881544173634,0,1,0,0,3,1,0,1
0.14524530915993475,31.833174965840296,3,2.9479660901921547,0,3,0,1,10,0,1,1
1.1140197956060596,50.61697334107014,2,5.954477723702736,0,0,0,0,2,0,0,0
1.3874087413926044,99.53858267446824,2,1.6696856958514417,0,0,0,0,5,0,0,1
2.6727561986751076,25.14871994400589,2,4.363510170486329,1,3,0,0,12,1,1,1
1.3245841696692202,60.56539877830211,2,5.076844357952844,0,0,0,0,7,1,0,0
3.379966666114816,43.54510894553315,2,7.299874311680123,1,2,0,0,1,0,1,1
10.296842725606695,64.13792581837023,2,6.228981102261082,1,2,0,0,7,1,1,0
6.225075181614857,75.34547292636763,2,6.925622465647928,0,1,1,0,2,0,1,1
4.3370502463309535,42.27525822577265,4,5.603706648065218,0,1,0,0,9,0,0,0
0.4660793509172756,72.37824543414348,2,3.3091780355770153,0,2,0,0,5,1,1,1
5.9207219389238555,94.42406788543921,2,3.772679064182906,0,1,0,0,2,0,1,1
0.9100937190977965,51.325494746884694,2,3.134680721517442,0,1,0,0,2,1,1,1
7.717487480532022,65.69777374988371,1,6.181561683852411,0,3,0,0,11,0,1,0
1.4387887666452193,38.1911845959345,3,3.612155562154885,0,2,0,0,5,0,0,1
2.6982583907518793,50.385186180624245,2,4.2119993739430335,1,2,0,0,3,0,0,1
2.1575328302268075,46.466498145835146,3,5.044982476373697,0,0,0,0,5,0,1,1
9.788382523174418,65.93871851317192,3,8.28262489316256,0,5,0,1,3,0,1,1
0.6764902395693722,74.09351871513852,2,6.314267815886462,1,4,0,0,3,0,1,1
4.169464180536521,47.80690301765081,2,3.4542931507977817,1,2,0,0,3,0,1,1
0.7661149397501756,80.67245691465847,2,5.303695314465786,0,3,0,0,7,1,1,0
6.100440405560138,80.60094883123259,2,8.302623520991677,1,0,1,1,12,0,1,1
11.77350561786431,66.93707486359801,2,6.230358656857883,0,2,0,0,10,1,1,1
2.851176854491016,39.67946936556544,3,1.8034952810018794,0,0,0,0,2,0,0,0
3.3480543300493975,37.76342366520194,2,3.169521142724471,0,1,0,0,7,0,0,0
13.115524793687198,33.75237290619923,2,3.0161289949937595,0,0,0,0,2,1,1,1
3.6801835198264916,68.98332140476322,1,7.881459650719936,0,1,0,1,12,0,1,1
3.3432333033061967,25.764635850212713,3,7.512562471727311,0,0,0,0,6,0,0,0
4.317650667133177,63.536753082220145,2,3.7499260444287703,0,0,0,1,10,0,1,1
5.843506709547203,28.37781304351774,2,3.7068395603853412,0,1,0,0,6,0,0,0
0.5651905381313104,66.47092239683947,3,5.089383565324567,0,0,0,0,3,0,0,1
8.604935686364472,50.34439165461121,2,5.14933809218692,0,4,0,1,9,0,1,1
2.859119007304411,76.67277123719654,2,3.0753481413540054,0,3,0,1,9,0,1,1
0.375495830953961,72.82909156642542,2,4.501738650202914,0,1,0,0,7,1,0,0
7.713166114317972,78.70130824004224,4,2.0927934602935814,1,3,0,0,10,0,1,1
2.3656423057475617,79.21637436578226,2,7.544641409822072,0,1,0,0,2,0,1,1
0.5288446346487521,52.87261667976395,2,1.479338974336641,0,0,0,0,12,0,0,0
5.0225920532483945,26.824138671507907,4,1.4571211562145048,1,3,0,1,5,0,1,1
10.606793738361501,28.94953890005243,2,5.87007890902386,0,2,0,0,9,0,1,1
10.935290085578249,8.263029413681252,3,2.526247524331892,0,1,0,0,7,0,0,0
15.810525429103631,28.32668333143813,2,3.99807008373092,1,1,0,0,11,0,1,1
10.1136223839527,51.376473154092984,2,5.126345722205232,0,5,1,0,2,1,1,1
0.010716071947758633,38.806916383496755,3,6.350601659733674,0,0,0,0,2,0,0,0
2.3921242735035624,46.39728791180298,4,4.5578357641022516,0,5,0,0,10,1,1,1
8.533671264152217,59.854308389228024,2,8.558343594559588,0,0,0,0,5,1,0,0
2.2805273364042593,43.91869483868484,3,4.999122022680181,0,2,0,0,7,0,0,1
4.600847552844687,27.563423991748316,3,7.381589416517485,0,0,0,0,6,0,1,0
4.661045641881865,48.935326648731355,2,5.557111560732987,0,2,1,1,12,0,1,1
2.270850648817347,32.0301902645431,3,9.262419516014663,0,3,1,0,11,1,1,1
11.741780279976341,44.58427006041874,2,7.116727007848377,0,2,0,1,11,0,1,1
3.49812402960404,76.85553928846006,2,5.086939550945226,0,1,0,0,2,0,1,1
3.1254263001169575,44.589893918076505,2,6.257661433814961,0,1,0,0,7,0,0,1
20.0,85.4191510669549,3,4.478368288938136,1,1,0,0,3,0,1,1
3.4011583704723996,78.63271973875939,2,4.4582003232897645,0,0,0,0,7,0,1,1
0.9824974636356851,38.413893828419134,3,2.393178343928829,0,0,1,1,3,0,0,1
3.5981685907102126,27.77752467168449,2,3.383476795065743,0,3,1,0,2,0,1,0
8.410492926153067,48.94891676159613,2,9.121942770311442,0,0,0,0,8,0,0,0
7.499786834050132,73.06655526793779,3,2.591937257442841,1,5,0,0,10,0,1,0
7.769584757504745,40.196181875426234,3,3.689014574432723,0,1,0,1,7,0,1,1
6.155414660394483,68.16180596524278,2,4.812562646081795,0,0,0,0,12,0,0,0
1.4666085874273762,74.16879978272176,2,4.879181410494859,0,2,0,0,6,0,0,1
9.905555486086147,34.519486992747886,4,5.767451639461921,0,1,0,0,10,0,0,1
11.195397965708832,36.47897823422826,2,4.061758583771874,0,1,0,0,10,0,0,0
1.07930502161176,64.25324064254013,3,5.890752733992675,0,3,0,0,12,0,0,1
0.6989296234841764,53.036950992831414,3,7.284770882293451,0,1,0,0,4,0,1,1
18.566878990599204,36.27876946912642,3,7.533264687963,0,4,0,1,6,1,1,1
10.13705321565963,42.956391037608256,4,4.46497639872632,0,0,0,0,3,0,0,1
11.185679333837601,48.589608945451616,3,6.222686857805929,0,1,0,0,8,1,0,1
10.87431956236006,18.70291150089079,2,2.7077327557176227,0,1,0,0,2,1,0,0
3.9010126911333183,65.31286212965391,2,3.5565679094553393,0,2,0,0,5,0,1,1
5.197969298079449,40.426156221216175,2,2.6525332026189155,0,3,0,0,2,1,1,0
3.9412782770104777,0.0,1,4.908510622480699,0,1,0,0,3,1,0,1
0.262819712860607,49.522580633810946,4,3.2815614472801116,1,5,1,0,9,1,1,1
6.84233283129326,35.16857482212985,1,1.958612882390411,0,0,0,0,12,1,0,1
3.5193425794958904,83.77644384605352,3,4.2279895548376984,0,0,0,0,2,0,0,1
5.216489763336649,38.29109958160063,3,1.5428324484380957,0,0,1,1,5,0,1,0
3.492203884509062,28.047132728427783,3,7.654386207292284,0,0,0,0,10,0,0,1
3.3845124380461318,60.15865339924032,2,3.8849538775134524,0,0,0,0,6,1,0,1
0.9424372916436753,36.79105263984834,3,6.970632147276258,1,0,0,0,6,0,1,0
1.6335957706437354,34.41087597495535,2,4.0158650199300565,0,0,0,0,1,0,0,0
0.8649423806794607,60.19002765648812,3,2.6101243480987986,0,0,1,0,8,0,1,1
1.0887052036119518,29.19065384220868,2,7.351047942711839,0,0,0,0,7,0,0,0
18.05540500746885,20.85452683601094,4,5.177407166215477,1,4,1,1,12,0,1,1
0.8309426581925973,84.51996004188675,2,8.773818571824593,0,1,0,0,10,0,0,1
1.5685591258306821,61.58997475201289,2,4.066954147533569,0,2,0,0,11,0,1,0
4.465186720387048,44.7158143001127,2,4.110139400867134,0,3,0,1,12,0,1,1
4.71033266253665,49.93045580596128,3,7.009581684438219,0,0,0,0,5,0,0,1
0.8360267017221855,60.11728716232312,3,7.023505300998091,0,2,1,0,9,1,1,1
7.892541653255045,69.4667489922684,2,5.306860773029303,1,2,0,0,11,0,1,1
7.690306339930125,34.88049417369976,2,10.0,0,0,0,0,8,0,0,1
1.3545686131043913,57.322930519313644,2,4.438878415359297,0,0,0,0,10,0,0,0
1.7030681204297617,39.86591647579523,2,2.461073526061965,1,3,0,1,12,1,1,1
13.902125973460908,46.220375109747515,2,2.9948899188385694,0,0,0,0,6,0,0,1
8.734067593786786,53.213857349298095,2,4.4505210212815465,1,1,1,0,2,0,1,1
5.98328205698632,49.86642853894656,3,8.037550010983303,0,1,1,1,1,0,1,1
0.42905987285964986,64.71133796605143,2,4.62731227570664,0,1,0,0,11,0,1,1
2.708693407402103,59.74173118231188,4,8.132104196732275,1,1,0,0,5,0,0,0
4.0969757755257925,19.836615812556445,2,5.86885023075625,0,0,0,0,2,0,0,0
1.0376509335920945,22.84353585869116,3,7.166738592721033,0,1,0,0,7,1,0,0
2.9730889590331855,42.60566630481414,3,5.774337253253608,0,0,0,0,11,0,0,1
4.594293600284422,86.5725052488365,2,5.7584960132438745,0,4,1,0,6,1,1,1
1.9828490451212508,32.96816334996795,2,6.505421202212149,0,1,1,0,10,0,1,1
7.592158063208459,45.83554580774494,2,3.8665830358285094,0,2,0,1,2,1,1,1
9.176976520645548,39.27307946086956,2,3.8885729109050247,0,3,0,1,6,0,1,1
1.9549233090519849,38.919112318238405,2,5.699093972329189,1,5,0,0,1,0,1,1
9.121118514570881,53.56479487810111,2,8.882222951012045,0,0,1,0,9,0,0,1
0.5467119758241085,78.01554552391303,2,1.91849354946604,0,2,1,0,1,0,1,1
9.09244054823221,59.11936799761178,2,0.9416287611199454,0,2,0,1,1,0,1,1
0.8287998899385971,33.929380771458156,2,4.472512327542774,0,2,0,0,1,0,1,0
0.43284184389616503,100.0,2,7.061694160987489,0,1,0,0,4,0,0,0
5.132975636970135,51.571464419222515,2,5.102752171360362,0,0,0,0,1,0,0,0
3.192701884239309,38.45558087235773,3,2.66134030636991,1,3,0,0,9,1,1,1
11.923891412179515,78.24192749355178,3,5.158186993732776,0,1,0,0,11,0,1,1
2.2564133932907344,40.61858764112363,4,1.534053574233682,0,2,0,0,3,1,0,0
1.6924371729101488,83.25827309974886,1,6.25783412174835,1,4,0,0,6,0,1,1
3.4730903704101355,32.58714418066667,2,4.381783967093817,0,1,0,0,11,0,0,1
3.043535568997004,78.60060777842739,1,4.8359350009091395,0,2,0,0,12,0,0,1
2.111236062462148,54.02095328563389,2,5.854370941022284,0,2,0,0,9,1,1,1
5.916625525566022,75.82104465404868,3,5.411377834752218,1,0,1,0,8,0,1,1
7.126461640823934,88.03531417403089,2,3.9174808525377776,0,0,0,0,12,0,0,1
9.58606821966311,27.347854189574925,3,7.067225675292942,0,1,1,0,12,0,1,0
18.033107648062266,75.51543641516645,3,6.5938651292781065,0,2,0,0,6,0,1,1
1.5507032247508568,21.821921911491906,4,1.4514316155514706,0,0,0,0,10,0,0,0
6.295551293521198,29.056312895035433,2,4.539514657054803,0,0,0,0,4,0,0,0
2.5065075745680687,33.931810804151255,1,2.8394264126074455,0,1,0,0,10,0,0,0
5.65178385549117,60.07273272355722,2,2.463883801609155,0,0,0,0,5,1,0,0
3.231143265949573,50.66031753869719,1,6.070267247023239,1,2,0,0,3,0,1,1
20.0,46.65727831674328,4,4.161477438669519,0,3,0,0,7,0,1,1
6.52637700374065,52.92470558044722,2,4.71445670210718,0,0,0,0,10,0,0,0
15.234212179800817,61.825791785869455,2,3.6606301324458794,1,1,0,0,5,0,1,1
9.0081263675484,63.36496247882705,2,5.740350905639655,1,2,1,0,12,0,1,1
11.660121586840152,71.88333671230262,2,6.3566937706380635,0,1,0,1,6,0,0,1
8.421324486241744,86.40069625534879,2,9.34050972595265,0,2,0,1,2,0,1,1
3.073150922895464,49.57275255117046,2,4.638051471003697,0,1,0,0,12,0,1,0
1.4503476230575156,39.57822075738167,3,2.1031650504489767,1,3,0,0,10,0,1,1
2.3127190189120106,62.270722583703765,4,3.9922126191369642,0,2,0,0,11,0,1,1
0.10221895044935488,27.114903674707595,2,6.694119842763313,1,3,1,1,7,0,1,1
3.711615353939552,36.42591735776777,2,3.4547096197393836,1,3,0,0,4,0,1,0
3.516571457272172,69.9876189278558,1,2.035744801090039,0,1,0,1,7,0,1,1
3.724839541980207,47.517432503645914,3,3.49636462742386,0,0,0,0,1,1,0,0
18.254302115777858,25.83615083283922,1,3.9332681645013716,0,1,0,0,1,0,0,1
12.12116563505064,20.203938692696518,4,2.834660904070687,1,1,0,0,2,0,1,1
0.8819724530073847,50.974333587876146,2,5.434953028232875,0,0,0,0,3,0,0,0
2.3013162778503773,72.83793073936019,2,4.84195543758656,0,1,0,0,4,0,1,0
2.757857719296263,72.57091555062374,2,6.579410481637594,1,3,1,0,12,1,1,0
2.2356006682281566,52.217610057856746,4,4.108280330148822,0,0,0,0,2,1,0,0
8.009729330268327,90.17818838192255,2,6.116129537137003,0,3,1,0,3,0,1,1
3.712082831298036,47.903592681190744,2,4.015458411952668,1,1,0,0,5,1,0,1
4.244326639115644,47.22864753205178,2,2.740775276382528,0,1,0,0,4,0,1,0
9.587074672353435,0.0,2,3.9139617295081344,1,0,0,0,8,1,0,0
8.197634226295659,41.052741016775684,1,1.7634656218994054,0,2,1,1,7,0,1,1
0.7090364195206477,67.04030069816989,3,8.576431279965957,0,0,0,0,5,0,0,0
6.257324278505969,81.27922673719408,4,5.284999495572005,0,1,0,0,12,0,1,0
2.8585087773620383,33.395307326654304,4,3.409186219339074,0,1,0,0,10,1,0,1
1.7452979514759417,59.24504658586097,2,4.244711675435879,1,2,0,1,11,0,1,1
0.2565655302989302,70.93758064646576,2,0.09907203351986116,0,3,0,0,9,0,1,0
3.3398301229287277,50.224163063917985,1,7.868706450143635,1,0,0,0,2,0,0,1
2.1959110792499064,4.334390849455396,2,7.673096088428467,0,4,1,0,1,0,1,1
1.4485074817577928,54.945799991485046,3,5.215083808320193,0,0,0,0,5,0,0,0
5.931838923815089,65.22861248121787,2,5.638924592126813,0,2,0,0,2,1,0,1
7.337205114804335,31.051542099630822,3,2.4646464461486794,1,1,0,0,4,1,1,1
1.403793929216583,44.91690938251226,3,2.6100602094789656,0,1,0,0,3,0,0,0
0.25355908938550975,26.89007915742472,2,1.6054077016245358,0,2,0,0,2,0,1,0
9.444195186036742,0.0,3,4.677863828452818,0,0,0,0,6,0,0,0
0.05004835615059888,70.54008823575313,1,7.122070809731865,0,1,0,0,6,0,1,1
13.832038832537656,49.92502932396297,2,4.23357074259531,1,2,1,1,5,0,1,1
4.939200511519047,81.95349993409965,2,5.695391660355234,0,0,0,0,5,1,0,1
1.9419090742676992,67.14644383812355,4,6.957667789787132,0,2,0,0,9,0,0,0
1.4149847213035038,42.915804766691025,2,1.7517986440439235,1,0,0,0,12,0,1,0
0.04523230187155732,48.33638679791183,3,8.691130850758553,0,1,0,0,7,0,0,0
1.3424793324548432,61.32354781540345,3,7.314640774862535,1,1,0,0,6,0,1,1
0.7409243126317164,69.33766833511487,3,6.027785435520852,0,4,0,0,4,0,1,0
4.7358921753783765,56.45341261484023,3,6.848189061072145,0,5,0,0,5,0,1,1
0.9108813683031086,72.11186290578968,2,6.94215260655014,0,1,0,0,1,0,1,1
3.760557930318979,44.06662526651057,3,5.585279773179624,0,3,1,0,11,0,1,1
4.459410582724611,30.057129064286276,2,7.856555905785139,1,0,0,1,12,0,1,0
1.7694063803755826,48.7038149287774,2,4.094679302765092,0,1,0,0,2,1,0,0
0.17847242295411483,54.103697814723674,1,5.923622410390797,0,1,0,0,3,1,0,0
0.18982768527624327,25.969292105214265,2,7.64328560250012,0,1,0,0,1,0,0,0
0.13350321416541824,23.26555831706756,4,0.0,0,3,1,0,2,1,1,0
6.718563188177979,58.94772592946855,2,5.875926691948315,0,3,0,0,8,0,1,1
1.9136992558645494,41.87286297259153,2,6.449209956886709,0,0,0,0,11,1,0,0
7.955539343492798,46.68318188675996,2,1.5831172682311148,0,2,0,0,5,0,0,0
2.825817951484384,42.80614668598353,2,5.563640172033168,0,5,0,1,5,0,1,1
3.016515022958556,80.41201803526424,2,3.412588039280722,0,0,0,0,12,0,0,0
3.5962506117089554,75.2352232079,2,5.793612563182473,0,0,0,0,10,0,0,1
6.241913366619611,25.25292619921664,4,4.810001407178498,0,0,0,0,10,0,0,0
1.5976037034333919,39.34413573839106,2,3.1073436616594137,0,0,0,0,9,0,0,1
0.6481940330777756,67.00008535939186,2,7.219327327202902,1,0,0,0,4,0,0,1
4.0602992910121944,62.038724742064844,2,4.16326995202099,1,0,0,1,5,0,1,1
1.9798835031115367,49.170840753404285,2,5.539927588043166,0,2,0,0,7,0,0,1
2.921385974523684,27.247995900715296,4,7.628095246968197,0,2,0,0,10,0,0,0
5.205681327801784,36.34919907692908,2,3.1666110112336376,1,1,0,1,6,0,1,1
3.4073357042758645,39.66464864907421,2,5.016098495945655,0,1,0,1,10,1,1,1
4.8415901239273555,55.539886622382014,2,4.009345709913321,0,3,1,0,4,1,1,1
3.9285058340386794,84.07454309394475,3,4.455640710924552,0,0,0,0,10,0,0,1
6.7314538481734,36.262395304237444,2,9.312170415812915,0,0,0,1,7,0,0,0
6.119799744319414,29.479295048895196,2,5.913551768140559,1,2,1,1,2,1,1,1
3.819886105279653,47.828270463441136,2,5.627185353244412,1,1,1,0,3,0,1,1
5.680060428890163,70.63477961028119,4,6.04817466786292,0,2,0,1,2,0,1,1
10.339921230288368,21.062340664785935,3,5.860519255164932,0,1,0,0,9,0,0,0
2.8305579685140185,79.07268301749895,1,1.3483729220296339,0,1,0,0,12,0,0,0
2.661634583254755,46.55937275768661,3,9.593521641044415,0,0,0,0,8,0,0,0
7.224823911267597,35.31359995373253,2,2.071260949722711,0,2,0,0,4,0,1,1
4.367998470024549,17.99621426475681,2,8.465188532052563,0,2,1,1,9,0,1,1
0.36826919302303784,64.13041546841255,1,6.236030730044503,0,3,0,0,3,0,1,1
11.133308862142684,46.5765760951693,3,5.361558036268943,0,1,1,0,7,1,1,1
0.15633427719502765,53.41410965509014,2,4.389030047846717,1,0,0,0,6,1,0,1
6.899501358937612,31.983765179772725,3,10.0,1,0,0,0,11,0,0,1
7.110522652225777,43.618079314979525,1,6.208979120348852,0,0,0,0,5,0,0,0
15.299869957115966,40.26837507290524,3,5.0353761298367985,0,0,0,0,2,0,0,1
0.27827400394119606,47.98813789243585,1,3.92947459097932,0,4,0,0,1,0,1,0
4.542317979704121,36.60895347248379,2,3.689703462505829,0,0,0,0,12,0,0,0
2.7916880187915587,19.31638078625557,2,5.101221694344429,0,0,0,0,3,1,0,0
2.007113609306298,100.0,2,3.1387939366775135,0,0,0,0,9,0,0,0
0.4733040351072832,22.73191505324972,2,6.3593020958894915,0,2,1,1,5,0,1,1
4.135154543908931,53.62918013885078,2,3.7087152655273252,0,0,0,0,5,0,1,0
3.260417042827388,14.559443431519156,4,7.009911028891649,1,4,0,0,2,1,1,1
0.5521693622643432,10.059051267640498,2,6.965174762622573,0,0,0,0,3,0,0,0
4.740061760481053,51.95652983704535,2,4.889128641751616,0,1,0,0,2,0,0,1
6.6961593044743335,53.48735175536606,2,6.160604459709954,1,0,1,0,7,0,1,1
7.289559822167981,75.22997981604767,2,6.260727819053596,0,0,0,0,3,0,0,1
11.789072104538548,57.99093682031412,2,2.075336781710399,0,1,0,0,5,0,0,1
2.6336804827150835,47.00378562508418,3,8.463385977307247,0,0,0,1,12,1,1,1
15.2957857281726,31.007995118699917,2,4.488512571425691,1,2,1,0,12,0,1,1
10.028331741811158,79.98024136467097,3,6.391147026831401,0,0,0,0,1,0,0,1
1.758448177921645,68.57702492100448,2,6.447247022105648,1,0,0,0,12,0,1,1
0.8675011211342637,25.073410445031506,4,0.02092581692918305,0,1,0,0,4,1,0,0
2.8580949106382976,50.7592745642127,2,3.6861416105010614,0,1,0,1,6,0,1,1
2.569975773432265,52.881044630529935,1,6.6807376408521115,0,0,0,0,11,0,0,1
4.286800135288175,43.08692686788662,2,5.124504918870406,0,3,0,1,10,0,1,0
4.377978515001458,65.43700971613589,4,6.377938672676139,0,0,0,1,4,0,1,1
6.931211499974977,66.63466276696354,3,5.184733122890368,0,0,0,0,11,0,0,1
3.565626587982516,46.190286043897885,1,7.45876358760629,0,3,0,1,7,1,1,1
0.5536670689652374,44.38261508404683,2,5.228067776888821,1,0,0,1,6,0,1,1
9.769909938703279,79.97916925335063,4,7.848178193560953,1,2,0,0,12,0,1,1
1.8536127789560095,68.65677784724474,1,3.039942845575911,0,0,0,0,5,1,0,0
17.75384834536077,51.44720779816769,2,4.74471986104211,0,0,0,0,6,1,0,1
0.6270231430653018,17.41581921839893,3,3.8132008628359237,0,2,0,0,3,0,0,0
15.880419527523388,56.88000212610072,3,5.7772721281245305,0,2,0,0,2,1,1,1
0.4771158687933498,63.961669298353364,3,4.442664110234847,0,2,0,1,9,0,1,1
1.3135565200496246,0.0,4,4.540971625812727,1,1,0,1,10,0,1,1
0.2384984906728067,55.03738896636051,1,3.5904672734995065,1,2,1,0,1,0,1,0
6.105817720722168,41.66616026408529,2,4.078528966142913,1,2,1,0,12,1,1,1
9.495567739289895,45.58291439740897,3,4.979445872166646,1,1,0,0,3,0,1,1
2.8464339745644116,31.852380944733586,3,0.9573096976336544,1,3,0,0,7,0,1,0
13.191833094024581,47.03621419192716,3,0.39647228793764633,0,0,1,0,10,0,0,1
4.461639143816697,77.83983152362663,4,5.118291884614965,1,2,0,0,5,0,1,1
4.97135779260214,41.07203002368969,2,0.0,1,1,1,0,2,1,1,1
9.33519176502758,69.31147117586367,1,4.613715446383858,0,0,1,0,9,0,0,1
1.7605711210469526,33.87337562240779,2,4.245672477617572,0,0,0,0,12,0,1,1
2.186835965723955,65.17512385312078,3,6.084075739721747,1,0,0,0,7,0,0,1
11.819745647766464,50.03311711243902,2,3.655963241896141,0,3,0,0,3,0,0,1
11.56133384964712,57.04049657578561,3,8.139029538583932,0,0,0,0,12,1,0,1
18.750110993348954,50.14306512194975,2,6.696325746460868,0,0,0,0,5,0,1,1
11.605696637809205,62.83250464882417,1,1.9754119366969718,0,0,0,0,1,0,0,1
0.6812298604376292,0.0,2,4.431307285051315,0,2,0,1,9,0,1,0
8.678529768365317,21.60349373084861,3,8.05437028836775,1,1,0,0,1,0,1,1
2.6367950681674,58.34160996017289,2,3.604736189200932,0,2,0,0,12,0,1,1
20.0,9.129232922075289,3,4.894215349949177,0,0,0,0,5,0,0,0
3.1959563315879236,39.388392887055815,2,7.808255151709554,0,2,0,0,10,0,1,1
4.03534433231013,48.91318317926701,2,3.9188087678744434,0,2,1,0,9,0,1,0
3.7727189760343793,33.43719724774206,1,7.245959880165785,0,0,0,0,7,0,0,0
1.941101023373164,36.16877194612453,3,3.180000794772762,0,5,1,0,9,0,1,1
0.38992710819538345,55.431644003071845,2,0.0,0,2,0,0,6,1,1,1
11.30008218317257,70.18589911559619,4,7.457058632881253,1,4,0,0,6,0,1,1
8.114536405509487,30.831012374903846,2,5.877470080114952,1,0,0,0,9,0,1,0
0.7513639295313401,38.498836076252594,2,6.009128550668931,1,4,0,0,1,1,1,1
7.4977245256416545,35.3747805334591,2,2.814074417389451,0,2,0,0,3,0,1,0
4.91544790883055,1.5724049624544278,2,2.9732947670062733,0,0,0,0,9,0,0,0
2.6309129357310423,52.83423580635017,2,7.30087303947228,0,1,1,0,3,0,1,1
1.465290145871484,68.69435491656984,2,5.486414614808526,1,4,0,0,4,0,1,1
9.820887348720081,70.33286414631765,3,4.765087885324481,0,2,0,0,4,1,0,1
6.02300266143045,32.58467247118522,2,5.441853324228328,1,4,0,0,2,0,1,1
3.9674892155646675,24.966039029597148,2,8.0170110600246,0,2,0,0,1,0,0,0
4.702514140229245,50.43211095183369,1,6.4473764541051395,1,3,0,0,4,0,1,1
0.4774149751320714,66.58547373132934,2,4.0507096052296845,1,1,0,0,8,0,1,1
3.2115076604107045,53.09700896620768,2,2.1930242777598963,0,3,0,0,3,0,1,1
1.0764988020688206,55.78609271747523,4,6.1761075236555705,0,1,0,0,5,1,1,0
1.1683922387059356,72.83661855472467,3,3.1520639787315425,1,2,0,0,9,0,1,1
5.413261088706777,35.217268815385935,3,2.6352461247624688,0,0,0,0,8,0,1,0
12.110005847358952,45.6005982665394,2,7.631498373748135,0,2,0,0,8,0,1,1
2.5855316179859065,82.69211023522402,2,6.744811493516293,1,1,0,0,12,0,1,1
1.164386813936405,46.06377753804746,2,5.7713718533609955,1,2,1,0,12,1,1,1
5.231241693806242,24.653260680668577,2,2.523205878125501,0,0,1,1,12,0,1,0
10.246969492772934,36.6128780749941,2,8.578532121534165,0,0,0,0,7,0,1,1
6.897960380920968,31.236402975575153,2,7.057736629431699,0,3,1,0,9,0,1,1
10.153532344152358,57.14325171402541,3,4.392428797875212,0,1,0,0,10,1,0,1
3.8453342674576807,32.08105992822442,4,3.9694398836782687,1,1,1,0,11,0,1,1
6.969138213215979,55.420685057224894,2,5.156979482617869,0,2,0,0,5,0,0,0
0.7544898078721142,35.278695629187006,3,4.043162666922698,0,0,0,0,11,0,0,0
2.140659974939607,7.53242923203544,3,9.423707913570215,1,0,0,0,11,0,1,1
2.467787600877392,56.13239573963844,2,4.22894325059027,0,0,0,0,12,0,0,0
3.5799888526026513,52.96927363093778,4,2.864234256919546,0,0,0,0,8,0,0,1
13.230757386386266,60.35515631417681,2,8.176831716666156,0,0,0,0,6,1,1,1
10.369148993908123,36.540255616694864,3,3.861876333425787,0,1,1,0,11,0,1,1
0.7223867931442972,34.409110492812474,2,6.572860216233458,0,0,0,0,12,0,0,0
0.948481327464748,58.029337169630914,2,6.350775212172142,0,1,0,0,1,0,0,1
2.21303620183472,80.38039145061961,2,4.882875898909892,1,2,0,0,4,0,1,1
1.7176927830199873,50.223360190126556,3,3.054006470954608,0,2,1,1,4,0,1,1
4.769585973631662,58.4917019209429,2,4.903634146043219,0,1,1,0,1,1,1,0
11.653690878486184,43.56824631148586,1,2.6602777873355623,0,3,0,0,8,0,1,1
16.389354254377608,19.127389562526304,2,4.952564474926193,0,1,0,0,8,0,0,0
5.300848129076235,69.34858838308116,1,6.545562932919316,1,5,1,0,7,0,1,1
9.105710758191615,68.16828478172323,3,8.435560132383996,0,3,1,0,2,0,1,1
3.7243312513668094,64.21548050350388,3,2.824301768111423,0,0,0,0,7,1,0,1
1.1680339204494192,46.361091233151626,3,4.499082792008145,1,3,0,1,3,1,1,1
3.71892357732352,61.94112199477081,3,3.9503778315494387,0,2,1,0,12,1,1,1
4.049333176269251,67.87523594775661,4,5.547478755014977,0,3,0,0,10,0,0,1
6.782853866427919,82.40317369913414,3,1.9563832473783598,0,1,0,0,11,0,0,0
1.2415567867682382,69.77052209294884,4,3.1426746457500667,1,1,0,0,12,0,1,1
2.2967855818323084,51.276424500672775,2,1.615966883862729,0,2,0,0,6,1,1,1
2.26299953581848,23.834934891512567,2,2.123390918669792,0,1,1,0,5,1,1,0
16.024814764075373,53.11316595343482,4,3.6791244121758293,1,2,0,1,9,0,1,1
2.934439987064148,55.13154791698615,3,8.341765225651775,0,1,1,0,10,0,1,1
7.034403410000598,64.18059550636607,3,5.695200953865267,1,1,0,0,1,0,1,1
6.947725823794235,77.07783718646851,1,5.129991747199613,0,3,1,0,5,1,1,0
1.5431272073944076,48.09698975886442,3,7.693772008056969,0,2,0,0,11,0,1,0
4.24163832827693,92.01974379626222,3,5.767195762366838,1,0,0,0,9,0,1,1
11.23588879705045,14.814259599188453,2,5.955152222794014,0,1,0,1,1,1,1,1
3.223668479073641,58.3868374492325,1,4.053951069640398,0,1,1,0,11,0,1,1
14.5128043822643,34.02959215631944,2,3.7253432887818363,0,0,0,1,10,1,1,0
1.2069082275955498,11.85556000622394,4,2.377746100537162,0,2,0,0,7,0,1,0
0.3852643979455157,45.96451247401683,3,3.797820867917216,0,0,0,0,10,0,0,0
11.102900320191498,20.85654603158087,4,4.438953171801895,0,1,0,0,4,0,1,0
9.408897863714826,46.77144203934366,2,5.689437895033841,0,0,0,0,12,0,0,0
20.0,50.69538496188913,4,4.926483169910593,0,0,0,0,11,0,0,0
5.6877036372423815,72.370828186719,2,4.269861068264622,1,5,0,0,11,0,1,1
13.798396180312348,19.84829730472125,2,3.1766464962065015,1,3,0,0,8,1,1,1
8.770845375964683,68.16890331291545,2,5.798253615910421,1,5,0,0,7,1,1,1
9.303179587750737,51.96160900559588,4,4.004467825932318,1,5,0,0,12,0,1,1
4.209878562839343,70.5769830721919,2,5.707593015983979,0,0,0,0,8,0,0,1
2.4092847994418203,41.36497649937745,2,1.1734557808129273,0,2,1,0,6,0,1,0
13.632960666603473,23.355108264731093,1,5.672842325939788,0,2,1,0,2,0,1,0
2.8292008832057607,25.650013475682677,2,6.4938138055924775,1,3,1,1,10,0,1,1
3.8698274231912233,24.16385092665768,3,6.239061718727496,1,1,1,0,4,1,1,1
2.9539847203740512,59.5562830584131,2,4.606559149298611,1,1,0,0,7,0,0,0
4.159958330179379,79.538440444294,3,6.830636630848755,1,2,1,1,11,1,1,1
3.1791585302008896,38.70096946689559,4,2.4540822340883053,0,3,0,0,9,0,1,0
0.24578083824492197,62.58270596515567,2,4.821587869586939,0,1,0,0,7,0,0,1
10.687395469569669,19.531158837287602,3,4.613208397678602,0,2,0,0,9,1,0,0
2.9384777155111097,53.60642498354598,2,7.072799378082173,1,1,1,0,10,0,1,1
4.445124828148771,63.371252326742535,4,0.9590136589509042,0,1,0,0,3,0,1,1
0.7493946000826672,21.03750449446263,1,2.8837405641454006,0,1,0,0,8,1,1,0
0.01696799866998106,45.92233062040291,3,8.494501617261031,0,2,1,1,2,1,1,1
1.407109167799747,64.31834280971131,3,0.13886775231007586,1,2,1,0,9,1,1,0
6.096888127084617,0.0,2,6.628847943375002,1,0,0,1,3,1,1,1
0.5223297468017495,76.70906123403485,2,3.5993456739457157,0,3,0,0,4,0,1,1
11.978298089945643,57.07358751782096,2,5.5094052072921995,0,2,1,1,9,1,1,1
1.2105015619262482,64.33455295434686,1,7.827564807718708,0,0,0,1,8,1,0,0
1.1445105897138985,41.745614416104715,2,5.586413742157661,0,1,1,0,1,1,1,1
1.001458046531081,15.545550368692894,4,7.869066753522035,0,1,1,0,3,0,1,0
0.07040188934651681,60.68125912633903,2,4.015301638426397,1,4,0,1,6,0,1,1
7.387784026871547,48.34819349166976,2,4.279647488314184,0,0,0,0,6,0,0,1
10.39858914902977,50.642309108646415,1,6.57368449769545,1,4,0,0,7,1,1,1
4.7616975387287095,71.75213970397907,2,4.121139079435337,0,2,0,0,2,0,1,1
1.0425062600501778,65.24127747725196,2,6.194692762076006,0,0,0,0,1,0,0,0
1.6793080940172764,88.42474834179225,4,7.367608433155366,0,0,0,0,8,0,0,1
3.2306185695999137,53.07708457746998,3,6.736673788574778,0,0,0,0,9,0,0,1
15.43331496461283,36.175751244177654,2,1.8421768691068356,0,2,0,0,8,0,1,1
1.420783946637889,46.23166306182547,2,4.317238445900957,1,2,1,0,10,1,1,0
6.577239582645181,58.31326745077212,2,5.563664968109643,1,0,0,0,12,0,0,1
2.8941683240466127,70.31713037985955,3,4.512212920741216,0,0,0,0,1,0,0,1
1.7680222305854394,20.659320971225625,3,5.158732026783066,0,3,1,0,11,0,1,0
3.0432575826573234,50.17075230358338,3,5.59014148853852,1,2,0,0,2,0,1,1
0.369345405597385,82.19083314076738,1,3.9468637585648607,1,3,0,1,9,1,1,1
8.014481053751116,45.19582257994959,4,4.6131222390882725,0,1,0,0,4,0,0,1
1.393954765838881,68.62023709738209,1,2.6379305439862897,0,2,0,0,7,0,1,1
6.462419675884979,59.8623505443201,2,4.044316426185357,1,3,0,1,11,1,1,1
0.35398161640306325,69.1172121304996,4,1.946642794468369,1,3,0,0,8,0,1,1
15.516426640423543,33.80478916800135,2,5.232993391385382,1,3,1,1,5,0,1,1
1.07225090080279,33.891966598688384,1,4.613555591282901,0,1,1,0,9,1,1,1
10.716896468078938,50.405437842445764,2,3.168409575902742,0,1,0,0,6,0,1,1
8.289812311815744,19.35556425519377,2,8.570519617657695,0,0,0,0,7,0,0,1
17.188257782770453,44.605187867766844,1,4.509177033906318,1,2,0,0,1,1,1,1
3.2493912562190226,55.05753315031334,2,5.57310588815924,0,5,0,1,6,0,1,1
6.498699162857212,85.69271213899545,2,3.722733670309075,1,1,1,0,10,0,1,1
2.315820616710112,58.05436378539643,3,4.1713039585253995,0,3,0,0,4,0,1,1
1.0189614897743913,62.504569417462044,2,5.648826941697072,0,2,1,0,10,0,1,1
2.9266318659178165,73.28951694100012,3,4.335497900386224,0,3,1,0,5,0,1,1
0.9061049055787758,30.70684822209887,2,5.006606713776536,0,2,0,0,9,0,1,1
20.0,46.698346752580285,2,6.613649230706929,0,2,0,1,5,0,1,1
0.5059931148073789,98.50825183607785,2,3.963947640962295,1,3,0,0,8,0,1,1
4.4483866971886465,48.41755555230983,3,2.335677633524227,0,0,0,0,11,0,0,0
4.9237025300498365,72.32861497564414,3,1.947471420643173,1,1,0,0,1,0,1,1
3.8618128672326986,69.27475754346214,1,7.876878072773726,0,2,0,0,3,0,0,0
5.426297462543279,20.437725712246216,3,6.862293401151139,1,3,0,0,2,0,1,1
0.6175136693828227,56.20958554011867,3,6.311599334375479,1,1,0,0,8,0,0,1
4.048613125549813,52.93494944410451,1,4.127894388255974,0,0,0,0,1,0,0,0
1.6928601962139436,56.59917575680869,3,2.333839978024332,0,3,0,0,2,0,1,1
14.081747094346861,34.917750404178804,2,4.435396773007705,1,2,0,0,9,1,1,1
7.1789285775629335,27.661609761756818,1,4.813291257427909,0,0,0,0,10,0,1,1
17.970480185076852,40.47979999958297,2,2.736896666505442,0,2,0,0,12,1,1,0
0.1913973439628279,48.04410005831594,4,2.06068737390276,1,1,0,0,9,0,0,1
1.678295063152441,73.69968895200631,2,1.539374787192135,0,1,0,0,1,0,0,1
1.0871904587253587,86.34621639451214,4,6.314786375087689,0,0,0,0,8,1,0,1
0.05608633130978774,77.93195692446355,3,2.5892833695939714,0,2,1,0,11,0,1,1
1.3875085448869064,67.20370421563689,1,5.618820641431876,0,0,0,0,7,0,0,0
5.67808264298871,29.913194754008202,1,4.204400293185503,0,0,0,0,4,0,0,0
1.313899748137681,41.82207650021009,3,6.179275817552273,0,2,0,0,7,0,1,1
3.5565908424422292,54.198521048259956,2,5.671649023938034,0,3,1,1,10,0,1,1
10.938168756896795,37.3512192384765,2,4.536125164217427,0,0,0,0,12,0,0,0
5.916896899109822,61.54411305055902,3,5.260906850418435,1,2,1,1,10,0,1,1
2.5095695061581664,64.40972216508575,3,4.779327783246575,0,0,0,0,1,1,0,1
2.329810547298049,60.72580125130937,3,3.7693056987338567,0,0,0,0,3,1,1,0
3.0416025699769227,70.50269209115163,2,6.960165570915726,0,0,0,0,2,0,0,0
0.974247166150463,31.90817572573852,2,4.153852493516004,0,1,1,1,8,1,1,1
5.025620211739819,68.65657408184396,4,4.82629970749704,1,3,1,0,9,1,1,1
2.263985130626406,36.08709099759608,3,2.1697498006849876,1,2,1,0,5,0,1,1
9.565073166352871,31.18128094714229,2,5.5480892076896255,1,0,0,0,5,0,0,1
7.064273114594184,60.642322683727635,3,3.7788368057090778,0,3,0,0,5,0,0,1
4.714626058274786,74.31747124397961,2,4.046302681684195,0,4,1,0,1,0,1,1
2.2643736317140335,59.760269727520196,2,3.3208782782311164,0,4,0,0,1,0,1,1
1.1781802411142372,50.41608047545088,2,4.752007104223303,0,0,0,0,8,1,0,1
7.483937109031867,56.203076522030145,1,0.9870547699260133,1,0,1,0,8,0,1,1
3.3316412143372904,52.7285383613456,3,6.364714025826519,0,0,0,0,2,0,0,0
1.2728488512340042,27.48098207729212,2,4.922670450641544,1,4,0,0,3,1,1,0
1.0856496909289834,25.147597101101695,2,4.065428797595586,0,2,0,0,2,0,1,0
0.9040189728979817,48.4234824105309,3,1.9035386684181645,1,2,0,0,8,0,1,1
7.506533109230308,51.59713671538608,3,5.866133372959941,0,2,0,1,12,1,1,1
1.3002514233768285,50.22664756735468,2,3.731344879409848,1,1,0,0,9,1,0,1
3.7395193122561023,63.52203227299827,3,7.612173740496629,0,1,1,0,9,1,1,1
3.0032626301761534,45.6904656767132,3,5.972637924659565,1,0,0,1,6,0,1,1
4.332872830838335,61.25958363809712,3,8.069311377374246,0,0,0,0,11,0,0,1
10.484155349359746,47.108264653471046,3,5.273940081577144,0,3,0,1,10,1,1,1
10.115207368533701,86.46717924072932,2,7.155645522324311,1,2,1,0,10,1,1,1
2.9989770570876932,51.61427453452893,2,5.925542090596434,0,0,0,0,6,0,0,1
0.07742767556178748,96.81445223051355,3,4.098037175592407,0,0,1,0,9,1,0,1
2.77949681203929,57.04023182181729,3,5.374420036968269,0,1,0,1,5,0,1,1
4.659478510523039,45.726456588235685,2,3.3320274670821277,0,0,0,0,10,1,0,1
4.079566596238551,32.01104047480651,1,9.137558865948744,0,0,0,0,4,1,0,0
5.268234373414106,21.142228518846128,3,4.798269780589173,1,5,1,1,5,0,1,1
0.8366272083630589,30.171154312076865,2,5.052420583037302,0,1,0,0,8,1,1,0
5.199855439561568,32.407873816720205,2,5.779971723267038,1,0,0,0,2,0,0,0
1.0084492988248885,57.89640040824354,2,2.8261093513665445,0,0,0,0,8,0,0,1
6.94196241713469,39.476692578796246,2,7.64274221133315,0,1,0,0,12,1,1,1
2.070669972275631,53.73854105108995,2,2.949340898463898,0,1,0,0,10,0,0,0
6.187569232231425,75.63956724753372,2,2.497058875277212,0,0,0,0,11,1,0,1
0.24524538267879314,48.24383296730293,1,4.666951974593949,0,0,0,0,2,1,1,0
2.620061143939205,91.58313396933607,4,2.4414050044208313,0,4,0,0,1,0,1,1
6.104484770558497,26.483780393216044,4,8.123881072382753,0,0,1,0,11,0,1,1
1.286543682213272,46.98832903250144,4,4.53859346063389,0,0,1,0,10,0,0,1
7.930732497943895,39.21374152778043,3,0.0,0,1,1,0,6,0,1,1
4.981809418890411,68.73013212114016,3,5.399897036250084,1,0,0,1,5,0,1,1
4.428344175436648,5.204167392677583,2,6.107011973708081,0,0,0,0,9,0,0,0
2.181288254201613,21.137694216443776,1,4.157135503219564,0,1,0,0,1,0,0,0
3.2932599059904306,47.85306355098074,1,2.2882139484775825,1,4,1,1,11,0,1,1
4.548429223440404,81.02755442018986,2,4.793385966667004,0,0,0,0,12,1,0,1
3.197672971243481,54.516836680746145,2,4.036589065546311,0,1,1,0,6,0,1,1
5.991831483356085,22.969050914715325,4,3.0488561602819275,0,0,0,0,7,0,0,1
2.8431294510429868,26.056668146195396,2,2.872349859810499,1,2,0,0,9,0,1,1
1.129945365758563,83.45979405689906,2,5.312471497874769,0,3,0,0,6,0,1,1
1.2035712215060714,37.57730402407518,3,6.8060436007793115,1,1,0,0,2,1,0,1
0.029103380792518504,31.14073255100472,2,5.923087675994195,0,2,0,0,7,0,1,0
1.7902202290747686,79.5474512126172,4,1.54400428282324,0,3,1,0,11,0,1,1
6.909871340440961,70.22194011173981,2,6.230956009111965,0,0,0,0,8,0,0,0
7.903346355068352,75.48119286533591,2,6.544948024054098,0,1,0,0,12,1,0,1
1.1311637279244233,30.99916239468367,4,7.787393501695533,0,0,0,0,5,0,0,0
15.976284414402313,19.497887179712787,3,3.1002244878162104,0,0,0,0,8,0,0,0
3.4898217573996626,52.66332978725411,2,4.8867947212707445,0,3,1,0,6,0,1,1
12.443293340177435,56.70252266147328,2,6.135048500607664,1,2,0,0,12,1,1,1
6.13390952433278,57.292036074096636,3,3.9448926037207777,1,0,0,0,3,0,1,1
6.408472287673942,79.56367871278005,2,6.103819700693256,0,1,0,0,6,0,1,1
0.44439444200791817,15.324658199835035,3,4.951947347564184,0,1,0,0,11,0,0,1
1.2422499179501871,67.19390102595531,4,3.3070903666889073,0,1,0,0,12,1,1,0
0.04426956882766711,28.067499117053643,2,3.4775155226189076,1,2,0,0,1,0,1,0
6.29615290073483,67.11470641721682,3,7.498578712549713,1,1,1,0,8,0,1,1
2.111314179679275,40.500865909572454,3,3.007162675206656,0,1,0,0,11,0,0,0
7.724165313021006,33.72056408218977,2,2.6639994316607725,0,2,1,1,12,0,1,1
2.0695247676182587,37.80194586101595,4,5.688757729463619,0,1,0,0,9,0,1,1
8.555519426053378,21.087795984468748,3,4.938854431315011,0,3,1,0,7,0,1,1
0.7003249004850567,50.808578796669345,2,2.376757245146523,0,0,0,0,8,0,0,1
0.9520095157429238,34.546532186790856,3,3.961159651820951,0,3,1,0,9,0,1,0
2.0842220846693467,65.72596461800556,2,3.3664370434788933,0,1,0,0,11,1,0,0
2.625361376100046,62.80112162065835,2,3.7166649075061944,0,0,0,0,8,0,0,1
2.1439461459071114,83.76314105805582,3,10.0,0,1,0,0,10,0,1,1
7.212144831939521,57.32654967082154,2,4.3948401906519425,0,2,0,0,4,0,0,1
0.509894491252697,60.41355534160147,3,3.2374981116557033,0,0,0,0,5,0,0,0
2.163285045067167,78.00199623655628,2,9.0435749815993,1,0,0,1,2,0,0,1
9.077392764358112,37.446746079466074,2,6.776509596384791,0,1,1,1,1,0,1,1
0.3456630344376461,20.23483574353935,3,6.4496511211708185,0,2,1,1,8,1,1,1
14.26626211163031,54.00188118256787,4,3.3338114113972663,0,2,0,0,7,0,0,0
20.0,21.54733061571192,3,7.382966715373012,1,1,0,1,8,0,1,1
0.46369240333338774,99.0787734585078,3,6.632549176465677,1,0,0,0,10,0,0,1
1.7214210093911355,79.10996584157886,2,5.29417916367603,0,0,0,0,9,0,0,1
2.3292665968281328,93.27952666603161,3,1.567393754255506,0,1,0,0,8,1,0,0
7.489289683571132,51.248939533262586,2,4.960159995044344,1,4,0,1,5,0,1,1
4.530796296506212,61.011471874031955,2,8.459861428330758,1,0,0,0,7,0,1,1
5.169261623430804,40.81049136094712,2,5.4407656394840815,0,0,0,0,5,0,0,0
7.083970379465371,67.65849611173505,3,4.2470669458362735,0,1,0,0,1,0,0,1
0.627697065483504,25.68913575897886,2,4.543085313822662,0,3,0,1,3,0,1,1
8.95508243384733,0.0,2,4.681495386372367,0,0,0,0,1,1,0,0
6.114415820118802,34.185787610228665,2,3.4007715724461223,0,0,0,0,12,0,0,1
4.305956437078624,20.890530487653685,2,4.91751034127437,0,3,1,0,9,0,1,1
11.024358778302572,79.55853472319072,3,7.885469059091099,1,3,1,1,4,1,1,1
6.024972528488819,86.31354910160633,2,7.658909757821958,1,1,0,0,1,0,1,1
1.12635382759847,21.941418551737783,2,3.491328179351872,0,0,1,0,10,0,1,0
2.8083615901348695,75.8343121504248,2,7.551794769101388,0,4,0,0,1,0,1,1
3.406516652738383,69.02769967001541,2,6.5222826253055,0,0,0,0,11,0,0,0
0.2840033543371921,18.604466305622473,2,6.266677075223324,1,3,1,0,1,0,1,1
15.465349004803082,42.19464938136764,2,5.863823763280268,0,1,1,0,7,0,1,1
0.6881403530808673,38.396725557509605,2,3.139247242441089,1,1,0,0,9,0,1,1
5.977729837411253,64.959907972544,2,4.188843630085769,1,0,1,0,5,1,1,1
3.5284377779358294,25.424412981899724,3,6.665836806242652,0,2,0,0,6,0,0,1
0.12983239873127211,48.02254748681035,4,2.586259312250105,0,0,1,1,3,0,1,0
12.934529162924875,36.28130992100764,2,2.918449789208248,0,1,1,0,1,0,1,1
9.547204847835612,59.46682366770287,1,5.612394849531812,0,0,1,0,10,0,0,1
3.7143971847849517,45.664159366241414,3,3.4209346786817934,0,0,0,0,5,0,1,0
1.2999605860804622,39.2950859211921,2,6.647788707401533,1,2,1,0,12,0,1,1
0.6483963404191874,45.73406848735844,2,3.4915640874869096,0,3,1,1,8,0,1,1
2.2580097527831087,90.72085665680224,2,5.488760289726294,0,0,0,1,3,0,1,1
1.4747304989664798,41.66200727761222,4,5.656143129301462,0,2,1,1,11,0,1,1
3.5330996694913797,29.17989563432426,3,4.035810644205046,1,4,0,0,6,1,1,1
16.96752960316713,61.6686713831193,1,4.520706740690813,0,3,1,0,12,0,1,1
4.277783441747661,47.12950661154087,1,3.6399770399200904,0,1,0,0,5,0,0,0
11.033241724445844,21.69532138267055,2,4.962790588695527,0,0,0,1,3,0,1,0
5.261681232651188,94.62992670404932,2,3.076625519824147,1,1,0,1,3,0,1,1
3.2241335056346627,42.95042108826704,2,4.552984497005883,0,1,0,0,9,0,0,1
9.641593642661851,42.44261092077298,3,6.496982015590431,0,4,1,0,12,0,1,1
3.1873147489376925,53.19670703816195,2,2.726497841878658,0,0,0,0,3,0,0,0
10.14861791680785,84.60233538417678,2,4.025861176044212,1,0,0,0,9,1,1,1
1.7235679040223773,16.405093469620084,2,6.036524819969898,0,0,0,0,4,0,0,0
0.6894935704549342,55.51971698841079,1,0.8447104366386755,0,2,1,0,6,1,1,0
9.665963056921246,91.74544323587256,4,8.711168072798674,0,5,0,0,9,0,1,1
4.426567154101588,52.57457361479297,2,7.090515828061867,0,1,1,0,2,0,1,1
10.995289204891163,25.293320413930406,2,1.9233288395253596,0,0,0,0,7,0,0,0
13.889188931912024,37.63206294078695,2,0.7916084001364965,1,4,0,0,12,0,1,1
0.27559982523566257,54.13765059513581,2,5.059235174668124,0,3,0,0,1,0,1,0
3.4754383290097453,76.61607831279724,4,2.759511608195769,0,2,1,0,12,0,1,1
2.3497345468679236,43.213283111678784,2,6.922986580396824,0,1,0,0,7,0,0,1
4.915604678827645,66.53303594864863,2,5.788004324263376,1,3,1,0,5,1,1,1
7.889482985353162,21.292623459062217,1,5.246758032674541,1,1,0,0,10,0,0,1
1.6466207377753013,21.125632608098908,3,3.859487229952795,1,2,0,0,6,0,1,1
4.068652490941574,40.343986226301006,3,8.200015279578706,1,4,0,1,9,0,1,1
6.167498657078268,78.76057443746524,3,6.506904201443371,0,1,0,0,3,0,1,1
0.7218414027041299,51.37749279027538,2,6.2063316180412915,1,1,1,0,7,1,1,1
8.411841896976496,55.79622391133238,4,7.4001119292548845,1,3,0,0,4,0,1,1
4.658412902984691,55.56159191147054,2,2.9622782730142614,0,2,1,1,1,0,1,1
14.932617733021182,72.18415965173462,2,7.5694757380781805,0,1,0,0,6,0,0,1
2.0740096983675587,37.79558614924292,3,4.470783407274725,0,2,0,0,4,0,1,0
0.572263861368796,63.765702169764644,2,5.6694593932048996,1,1,0,1,1,0,1,1
3.531174269118351,33.382346722897395,2,4.687073980656133,1,3,0,1,5,0,1,1
0.4485884790786623,89.6654531184152,2,1.2442687872528295,0,1,1,0,12,0,1,1
17.45449295442848,33.992177914066204,1,6.914696521944496,1,0,1,0,1,0,1,1
0.19726548369867355,32.35221393842758,2,1.351033354185088,0,0,1,0,1,1,1,0
7.002045558088803,60.99339626976099,3,3.06695879997485,1,2,0,1,11,1,1,1
3.723280366117186,51.595768628646475,2,4.094350739143757,0,0,0,0,5,0,0,1
2.2992420622486085,56.53704812521869,3,1.092768907981442,0,1,0,0,4,0,0,0
0.34054933140760435,54.54627590984636,3,2.798754754392584,0,4,1,0,12,1,1,1
4.86651389619345,28.192156023851226,2,5.489640181568062,0,2,1,1,11,1,1,0
4.400039069656779,82.26717858158969,2,4.306697616928926,0,0,0,0,10,0,0,1
1.6486579410875277,67.87084411778218,3,4.471694252549699,0,1,1,0,6,0,1,1
12.052059983456632,77.17899902534232,3,3.16998709802282,1,1,0,1,3,0,1,1
1.8128184383351555,39.43338221779152,2,5.092362647515779,0,2,1,0,4,0,1,1
2.986689359361354,58.33047089430343,2,4.349503949606802,0,2,0,0,3,1,0,0
3.9237083755086704,53.947369244693824,3,1.718069197963266,0,0,0,0,2,0,0,1
0.528090956357158,72.56005252403016,2,4.5981626608581445,0,3,0,1,4,0,1,1
13.453143150008442,73.20496263659237,3,2.5161763461637188,0,1,1,0,2,0,1,1
2.3463087421452036,53.861016059162296,2,6.79539422388513,1,2,0,1,10,0,1,1
0.4211446971235153,19.640977363134965,3,4.216986530602791,0,1,1,0,1,0,0,1
2.449327268660864,85.59323774175378,2,10.0,1,1,0,1,5,1,1,1
4.5839861392652095,61.119748673802775,3,6.933805073042905,1,0,1,1,11,0,1,1
3.604161216501102,37.831259172177155,4,4.739461649425663,0,1,0,0,6,0,0,0
5.929714521836729,58.130842765333895,2,6.158957666447837,1,1,0,0,5,0,1,1
0.2854129533442811,19.778129030949533,3,0.8204016225767417,1,1,0,0,11,0,0,0
1.674152197444415,71.10706134942089,2,6.924758813819511,0,1,0,0,10,0,1,0
8.552664825086197,20.57576511441694,2,3.359419005685016,1,2,0,0,4,0,1,1
0.416330294333485,45.583310159258346,4,5.179466074088707,0,2,0,0,6,0,1,1
9.67189288408633,54.889088992111,1,3.544754974299977,0,1,0,0,1,0,0,0
0.4819823544485924,70.77679423964187,2,3.7573632495132756,0,1,0,0,2,1,0,0
8.992537376223556,52.13089352868748,2,4.637735820041149,0,0,0,0,7,0,0,0
2.2375986934886147,62.699257472251006,2,5.153665550013236,0,3,0,0,6,0,1,0
4.736444537019629,49.43666183100894,3,4.946168238421415,0,1,0,0,12,0,0,1
0.8296065885316962,49.356280981114345,2,4.996030751723944,0,2,1,0,11,0,1,1
0.3422975065840349,51.709545006965946,1,1.7486345850371134,0,1,1,0,2,0,1,0
1.216337201675419,46.21884158295251,2,9.664099208528217,1,0,0,0,10,0,0,0
0.6839911455510518,16.26859513837129,2,5.4639606581360205,0,2,0,0,12,1,1,0
1.8727829135286798,34.633530126067434,2,5.875134691274265,0,3,0,0,5,0,1,0
3.6116776961844095,54.895496822233966,3,4.320017778409878,1,3,1,0,6,0,1,1
4.442884944377793,45.01757993022562,2,3.251690610884757,1,1,1,0,7,0,1,1
7.800099426577028,46.88381835636187,2,5.302071461940349,0,0,1,0,8,1,1,0
5.33905614487125,43.53292661122569,3,5.578553821282055,0,0,1,0,5,0,1,1
4.692149078202787,32.72803214536364,1,7.603617754909466,1,2,0,0,11,0,1,1
2.653288491107753,40.13801078047412,2,9.155235367029595,0,0,0,0,2,0,0,0
3.2104497022763923,43.86336511222811,3,7.954044807980431,0,1,0,0,1,0,0,0
2.676623359830251,50.10286281083699,2,1.466942153160082,0,1,1,0,6,0,1,0
9.231058108151203,57.86756688939425,2,4.079163718380414,1,3,0,0,6,1,1,1
1.306826759298874,46.38899418228522,2,5.671634239908736,0,4,0,0,10,0,1,0
0.028686793767070295,29.406894886151612,2,4.199428695175133,0,1,0,0,7,0,1,0
5.268001940439284,22.038359201624335,2,4.912346366508528,0,1,1,1,1,1,1,0
1.1311301340633557,100.0,4,0.7097275118136377,0,1,0,0,7,0,0,0
11.041610775408397,27.403699394708738,2,6.828426001966609,0,1,0,1,12,0,1,1
9.796620110389322,39.62749997471234,3,1.2490895223870826,0,2,1,0,4,0,1,1
0.39915358200415285,60.3400060502787,3,1.8550209517053338,1,1,0,0,2,1,1,0
0.5624202808520319,57.21721219131362,3,2.9706584314167084,1,2,1,0,10,0,1,1
3.4176834703719763,60.417313851231455,2,4.804932092462401,0,0,0,0,9,0,0,1
4.698086756023728,41.14565860935649,2,1.7545492896422816,0,1,0,0,8,0,0,0
1.6072860053010838,54.771161412790946,2,2.879215531870339,0,3,1,1,10,0,1,1
6.307969273464259,51.22687328481727,3,7.297890084619089,0,0,0,0,12,0,0,1
4.518304388074792,43.75737264917426,1,4.7752792939491515,0,1,0,0,12,1,1,0
1.963910219519537,54.9081948354268,3,5.867093957396124,0,0,0,0,3,1,0,0
0.1284944698253155,71.10731093501414,2,2.527514431500511,0,0,0,0,1,0,0,0
6.934478335310747,49.555995531293505,3,4.892327950885541,1,2,1,0,5,0,1,1
1.208789044642053,49.689056927128505,1,4.728266787377263,1,3,0,0,8,0,1,0
8.993127234879628,71.3632206975197,3,3.409459058187221,1,4,0,0,2,0,1,1
2.7261387453857866,69.22720719637627,2,4.897845791764283,0,1,1,0,12,1,1,0
4.302830981023388,81.67872881926966,3,1.215749414354164,0,1,0,0,8,0,0,1
10.315822882102852,14.875395310408464,2,5.877217488672263,0,2,0,0,9,0,1,1
9.96166088118778,68.1023836633878,3,4.201014564893715,1,0,0,0,11,0,1,1
2.3222519870457665,62.031600908043586,3,4.4855612163530445,1,1,0,0,6,0,0,1
1.1715842837425656,32.286952044934694,2,6.703531604233566,0,0,0,0,8,1,0,0
7.4615216098545485,55.0317583599769,2,5.8640669549160185,0,2,0,0,9,0,1,1
2.8376871891040993,71.02243495515997,2,4.363321621877777,0,2,0,0,8,0,1,0
1.0662259701906742,33.416821550292,2,2.7668279417759334,1,4,0,0,10,0,1,1
11.73923790533015,58.851248580456144,3,7.657322809575182,0,5,0,0,5,0,1,1
1.1038829878102057,67.42707351462035,1,2.319755996144629,0,1,0,0,8,1,0,0
0.13073007832564015,28.57960874937024,2,6.2587338052023025,0,3,1,0,9,0,1,1
0.10244217825873925,47.15428615109704,3,1.8052121115872692,1,2,1,0,10,1,1,1
4.868478539493803,56.01936753284822,2,6.83574660629025,0,2,1,1,3,1,1,1
5.418742432423425,34.077369889140904,4,7.021201705767137,0,4,0,0,7,1,1,1
1.8628726981822687,32.41693601812908,2,1.1747783136230643,0,0,0,0,9,0,0,0
1.9283932080000785,47.299107962744515,2,5.89867010537587,0,1,0,0,2,0,0,1
2.073744712176542,66.03279433807384,2,5.733007295499709,0,2,1,0,6,0,1,1
5.699649322950201,62.874680023842195,2,6.406098609372052,1,0,0,1,7,0,1,1
0.2994602159185223,32.771745416273156,2,5.730480550036638,0,2,0,1,9,1,1,0
13.233577582470232,63.04335770231372,2,3.0753686144195553,1,0,0,0,7,0,0,1
1.2584935088061018,33.28120447666983,1,4.565534065060258,0,1,0,0,6,0,0,1
20.0,17.796604040131314,2,8.329293072867937,0,2,0,1,6,0,1,1
0.9408291695275075,42.657128579055374,2,2.7843730481008535,0,1,0,0,8,0,0,0
7.382112017981952,72.45938743171472,2,5.645715916702345,0,0,0,0,9,0,0,1
1.2642300773576263,63.11921104282747,3,7.3025077479101,0,1,0,0,11,0,1,1
0.42151234684827926,49.968563852536114,4,3.01849438227871,0,1,0,0,9,0,0,1
10.394541393475048,41.66589032817885,4,2.1664267057683735,0,4,0,1,6,1,1,1
9.786164118105528,42.204757277671376,3,2.467795332697751,0,3,0,0,11,0,1,0
2.583970267718771,52.17569811721592,3,5.7899427231528,0,2,0,0,1,0,1,1
6.059960071067389,28.631250283083425,2,2.4507924540166117,1,1,0,1,4,0,1,1
4.071671761286121,43.03785309597406,2,4.7292799187358465,1,2,1,1,8,1,1,1
9.585120951612186,45.68861077280462,2,7.74254279260644,0,1,1,0,4,0,0,0
1.892090755463227,22.97851083097005,3,4.897383751182738,0,1,0,0,5,0,1,0
3.70824713089885,33.2310349820485,3,3.4443744236783926,0,0,0,1,11,1,0,1
3.3215584536419263,58.21013582972763,2,5.2508193454267715,1,3,1,0,10,0,1,1
2.1840500301811576,50.19023679881988,2,4.862654291863349,1,3,0,0,3,1,1,1
11.102955200922668,43.82476417613234,3,5.905315277606484,0,1,0,0,2,0,1,1
0.9068775701430254,31.771451249240723,2,8.238289107637705,1,3,1,0,3,0,1,1
0.8097051268220924,81.53699651178434,2,5.793537717673951,0,1,0,0,11,0,0,1
4.300846291581934,33.24041570641363,2,9.067565023531808,0,3,0,1,6,1,1,1
5.357333873312343,55.03185614523475,4,5.910603806955084,0,2,1,0,10,0,1,1
1.082200686935668,40.242618238524095,2,3.465337414583912,0,4,0,0,8,1,1,1
2.477365744239017,50.725585852766706,2,9.576605988457201,0,0,0,0,4,0,0,1
14.646338321834655,59.152194838807446,2,4.750363965309566,0,0,1,0,4,0,0,1
1.415910547052961,22.594868215842283,2,2.89021553621799,1,0,0,1,4,0,0,0
5.518536764217233,49.86767511693024,2,9.647457327259868,0,0,0,0,4,0,1,1
6.738242021259715,73.8145729795969,2,3.533766227639041,0,2,0,1,11,0,1,1
2.972202055470042,85.23003786984006,2,3.455221135928209,0,1,1,0,8,0,1,1
13.865022984284856,47.39972053489738,1,3.897058983911182,0,2,0,0,3,0,1,1
6.671484542706624,50.833624144338174,2,5.32925282664441,1,2,1,0,1,0,1,1
3.0617506783750525,94.22666057203065,2,6.861722794897775,1,2,0,0,5,0,1,1
4.212126109032466,72.69848563198397,3,0.0,0,3,0,0,1,0,1,0
5.89824590755782,37.654308614895626,1,6.853000970623004,1,1,0,0,6,0,1,1
4.484771708763116,37.62033098227754,1,3.890930795340738,0,0,0,0,5,0,0,1
10.547342721184547,69.13098923574537,3,4.174211113679733,1,3,0,0,6,0,1,1
2.2071870810207854,29.779257399085388,2,8.430383621842635,1,3,0,1,5,0,1,1
1.7825586438367294,71.75453502677706,1,5.426616319738,0,2,0,0,3,0,0,1
1.202967661803056,56.685999275020166,2,5.895402695730203,0,3,0,0,12,0,1,0
0.19257624419467934,60.354415280541446,3,4.902879770360874,0,0,1,0,10,0,0,0
0.2198323973216676,44.86532393039894,3,6.527285167764671,1,2,1,1,11,0,1,1
10.203227405288889,37.4035039150718,2,8.236021145909756,0,0,1,0,10,1,1,1
5.672127154887477,79.2398566173664,3,0.04986943385392095,0,0,0,0,9,1,0,0
5.401884082363123,45.0652543889305,2,7.169235981472486,0,0,0,0,12,1,0,1
4.767923158778288,41.78129846852276,4,8.094066127750706,0,0,0,0,1,1,0,1
9.45963892836294,48.39725864240382,1,6.002126495801185,1,2,0,0,12,1,1,1
3.2721995889374926,53.860442654358856,3,3.645275154590302,0,0,0,1,7,0,1,1
10.216930261226778,29.38349746561103,2,2.6954551041996453,1,2,1,1,3,0,1,1
2.227101658962828,38.70257011586177,2,9.723691373826524,1,2,0,0,2,0,1,1
13.066485268814505,37.63935852187885,2,3.190032626754271,0,1,0,0,12,1,0,0
5.997530310133183,66.90560609213696,3,8.035283142112505,0,1,1,0,11,0,1,1
1.4864883459044806,32.280748640002216,3,5.781022648951543,0,1,0,0,6,1,0,1
4.151539145596586,14.884642844838922,2,9.091661612029643,1,0,0,0,3,0,1,0
3.807457328068384,10.658108741876916,3,4.363479671380269,0,2,0,1,8,0,1,0
0.7419131951179094,20.592397306485655,3,1.7848381527662247,0,1,0,0,12,0,1,0
4.4731710047974325,77.23076405696223,3,5.004341694391885,0,1,0,0,7,0,0,0
1.8901176580182115,50.324131989681035,2,2.0271047241991664,0,0,0,0,8,1,0,0
0.26884370948239433,60.024981736144056,2,10.0,0,0,0,0,4,0,0,1
14.846051330934573,60.72975454242658,2,6.258996448161751,1,1,0,0,6,0,0,1
5.128998773842726,51.12367836784641,2,6.556260898708915,0,0,0,0,6,1,0,0
10.474560251167714,48.50437406697384,3,6.5575405660521096,0,0,1,0,8,1,0,1
5.635923165550638,70.89052859636281,3,3.6128206387533464,0,1,0,0,9,1,1,1
2.207925964600587,52.9199182862528,3,4.73593901496589,0,2,0,0,11,0,1,1
3.594254261862708,77.98194958526828,2,5.220729262719543,0,4,0,0,6,1,1,1
5.63115232308152,62.41659890579733,3,8.887776926838914,0,2,0,0,10,0,0,0
16.126019676131907,37.64407453037944,2,2.6858164028353353,0,1,0,0,5,0,0,0
1.4629334631198128,40.057319522601276,4,3.542832220490401,1,5,0,0,10,0,1,1
10.39629013756266,35.45070387091441,2,4.274137787547969,0,0,0,0,9,0,0,0
12.890231084808491,74.35096043901432,3,3.6527066817787177,0,1,0,0,4,1,0,1
5.549612766143608,41.89898094108894,3,2.0821470909648983,1,1,0,0,10,0,1,0
13.387602123985022,34.03054406400735,4,0.0,1,1,1,0,12,1,1,1
2.536480860385505,56.3955608225364,2,1.346311068657533,0,1,0,1,1,1,0,1
15.289759537928926,48.056657872549934,2,7.19805986516298,0,3,1,1,9,0,1,1
6.066461769777659,55.891370251503275,2,4.983562198041559,1,0,0,0,5,1,0,0
0.21456760649778484,87.79627807787686,2,6.671077832508139,0,3,1,0,7,0,1,1
11.868946600367378,68.26141611857719,3,3.8349728081832755,0,0,0,0,10,0,0,0
3.3128261506642676,50.54021108603813,4,4.8033286794818135,1,2,0,0,11,0,0,1
3.083959250979558,21.83153231587983,2,8.226315001917767,0,0,1,0,6,1,0,1
4.178932261164073,40.00075005582729,2,8.105445211314834,1,1,0,0,3,1,1,1
0.8089756444128259,64.22092205090607,3,6.883944265184548,0,0,0,0,7,0,0,0
3.1665300790519035,26.579179206763676,2,5.404835574580838,0,1,0,0,11,1,0,1
8.893048045849199,92.81940592660708,2,6.035938855098481,0,4,1,0,7,0,1,1
0.07801782017642192,50.288331252710975,3,5.741276597290785,1,0,0,0,7,1,0,1
1.5935743032794767,50.976967864189696,4,4.666146412691765,0,2,1,0,10,0,1,0
0.012288019399328668,36.66709614084044,2,4.191260381119204,0,0,0,1,11,1,1,0
2.686800423245082,59.934755135514365,1,7.244735890602252,1,0,0,0,3,0,1,1
6.515569255083994,26.839963869555362,2,2.408744902207729,1,2,0,1,3,0,1,0
8.016579181084166,93.29785178202914,2,7.9747165544972844,0,1,0,0,2,0,1,1
14.519391308663355,76.34702609304023,2,4.449114386504371,0,1,0,0,5,0,0,1
4.688907732162061,69.68592890394092,2,2.3718929906046347,1,0,0,0,5,0,1,0
1.469351679278993,22.19141988420381,3,3.9089902846067757,0,0,0,0,4,0,0,0
12.89485267572206,54.10826540915502,3,3.251184225817452,0,4,0,0,10,1,1,1
7.4652960648790545,74.18172796028009,3,3.8486512957923,0,3,0,1,9,0,1,1
4.271611337718651,61.862107987154786,2,3.81209296262567,1,1,0,0,2,1,1,1
5.947723882182526,29.957817907324504,2,3.732610457249554,0,0,0,0,11,1,0,0
12.905965960886256,36.9981248938269,3,4.38408586372033,1,3,1,0,1,0,1,1
6.230819450219258,40.96127723988019,3,4.870453335877855,0,1,0,0,10,1,0,1
2.2972931788485482,37.93124331022785,3,6.527719270361935,0,1,0,0,11,0,0,1
6.241856669332927,80.57557671420615,4,4.510094736025801,0,1,0,1,9,1,0,1
0.20555894678042505,11.579737223534877,3,5.6520416132551885,0,2,0,0,4,0,1,0
2.442186953869055,63.11838279317673,2,5.015062624097075,0,2,0,0,4,0,1,0
2.607099661008054,24.153932501430976,2,6.081161540985919,1,1,0,0,10,0,0,0
0.9126372964771073,30.774970250978644,2,5.093350679311721,0,3,0,0,12,0,1,0
0.11678061827639535,9.805332662625652,3,3.7063564493660603,0,0,0,0,8,0,0,0
0.7157805910591685,39.018911376822686,2,3.163600694718827,0,0,0,0,7,0,1,0
5.315571748541959,80.21463303078427,3,5.420459197008429,0,0,0,0,11,0,0,0
8.10473990841826,55.29648484929556,1,7.546756979801277,0,2,0,0,1,0,0,1
20.0,26.03276906001806,3,4.54175074598053,0,0,0,0,10,1,0,1
2.12601948599021,70.34295348758624,1,3.598272692343595,1,0,0,1,3,0,1,0
4.573699952740088,74.62608527137371,2,4.487658649456861,1,0,0,0,10,0,0,1
13.834621323281208,52.08092962078171,3,3.8772109781950217,0,1,1,0,6,0,1,1
0.9138589787104148,90.6949831630518,1,3.6660389617761715,0,0,0,1,6,0,1,1
6.322961055599246,66.43128249249229,2,2.112810836999497,0,0,1,0,6,0,0,1
7.0320513436590515,63.653050145851765,2,4.511183427476223,0,0,0,0,6,0,0,0
0.465927639663661,33.9324258566742,3,5.471554307686775,0,0,0,0,8,0,0,0
9.87538547626183,62.54796971242682,3,2.8361916856038962,0,1,0,0,7,0,0,1
8.386042846118135,54.335825552089865,4,3.243320499464292,0,4,0,0,12,0,1,1
0.16986815021512114,60.396580053420536,3,3.1038760110235737,1,3,0,1,3,0,1,1
0.47751527385781095,36.30828761717339,3,2.2266440659075966,0,3,0,0,12,0,0,0
0.25187328701266304,52.561977687179734,2,3.0888157927214657,0,0,1,0,4,0,1,1
2.037913231046774,33.66276999570084,2,4.604287142348082,0,2,1,0,3,0,1,1
3.5594995009458312,7.057358000679358,2,2.3158843879103226,0,3,0,1,9,0,1,0
3.800151338410677,69.96609137156767,2,4.724915065070328,1,2,1,0,5,0,1,1
1.5575981119866844,19.952220366209655,3,3.5930664150791705,1,3,0,0,9,0,1,0
12.129240450261722,52.14372929564832,2,3.1420358823594103,0,2,1,1,7,0,1,1
2.2964088903311883,56.660042588980794,2,5.754417632746265,0,3,1,0,1,0,1,1
0.2331009202192724,56.5312603172611,2,3.719748789372195,1,2,1,0,9,1,1,1
1.7849972082077046,44.33841852803499,2,4.0599722678646994,0,0,0,0,2,0,0,0
3.786929240428181,55.42422950559947,3,7.596013620000434,0,0,0,0,10,0,1,1
2.6231170731689795,59.41934139570324,2,3.159888732516057,1,0,0,0,2,0,1,1
1.5999418591946981,64.6992963150397,3,8.131749095184727,0,1,0,0,4,1,0,0
0.7039210096671271,84.66882678768526,1,4.304417741894679,1,2,0,0,6,1,1,1
8.55083750636365,54.68388302996411,4,2.72773073425607,0,0,0,0,6,1,0,1
20.0,51.280976900354034,1,3.892103317875966,0,0,0,0,10,1,0,1
1.9989720859832345,31.865420692998118,2,5.137549813244742,0,5,0,1,9,0,1,1
2.403269061638731,58.71892647798674,3,7.509007719681426,0,2,0,0,9,0,1,1
4.812164536696427,63.347662062811374,1,6.597649617126561,0,1,0,0,4,0,0,1
6.337074739934633,46.153936314367456,1,5.127813699671416,0,0,0,0,5,0,0,0
2.4881448758773033,60.89225008368074,1,7.519911962978248,1,4,1,0,3,0,1,1
11.765683679829014,44.149676129013166,2,1.2379259042650288,0,0,0,0,11,0,0,0
4.104948092701452,63.41985304177848,3,5.4988830601197085,1,2,1,1,5,1,1,1
2.992732411035201,68.25204628059487,2,5.619879453251202,0,0,0,0,7,0,0,1
5.2018030330838085,67.97255733460972,3,5.644284935157968,0,0,1,0,2,0,1,1
15.267214602086288,52.35688652282602,2,1.7796976680225818,0,0,0,0,10,0,0,1
7.912818757507139,29.200636967658973,1,2.966175196643053,0,1,0,0,2,0,0,0
0.20417836127274716,37.761738947163586,1,4.667051155684548,1,0,0,0,1,0,0,0
2.0196557566580173,61.90314647769457,3,7.2295830099229565,0,3,0,0,2,0,1,1
3.1795325417225406,98.97624611480454,2,8.830528991435322,1,2,0,0,5,0,1,1
1.888162072286392,43.18558456935836,4,3.6711294968331547,0,5,0,0,9,0,1,1
6.022991013074364,59.1167535677628,2,2.3803064160578082,0,1,0,0,5,1,1,0
8.751240078238983,38.87894885041193,3,6.631522872850244,0,3,0,0,11,1,1,1
6.571638023535794,30.520659115017985,4,10.0,0,0,0,0,9,0,0,1
20.0,36.47368272845275,2,7.213881266602369,1,0,0,0,2,0,1,1
1.5910338873350647,8.350560465946572,3,3.5027345520119475,0,0,0,0,12,0,1,0
10.396787527031773,77.06870125815502,2,10.0,0,0,0,0,11,0,0,1
7.27549336280887,5.397394941707731,2,6.3735992409378275,0,0,0,0,6,0,0,0
2.2484860957835373,44.723435391987344,2,3.4179735728166127,1,0,0,0,1,1,0,1
6.623636445406663,26.43744209299891,3,8.868604332675421,0,0,0,0,12,1,0,1
0.5494982119442227,32.31239569275591,2,3.2600163772023194,0,5,0,1,1,0,1,1
7.78739440408194,77.53045319477336,2,3.757822962676113,1,2,0,0,3,1,1,1
3.799968242390481,54.02133980062784,4,6.453241644682248,0,0,0,0,5,0,0,1
1.7286055887932474,30.69207681636599,2,4.95018936422149,0,0,0,0,7,0,0,0
5.332332262667336,38.20965735006978,2,5.074014264009534,0,1,1,1,10,0,1,1
5.130806997113194,34.690375591158286,4,5.077383003285594,0,0,0,0,7,0,0,0
1.175360969598899,49.12908655842239,2,7.2289598517403215,0,4,1,0,1,0,1,1
0.15434498714201783,53.45783369575385,2,0.3512187205767541,1,2,0,0,2,0,1,1
2.842473077010718,87.9114954645712,3,5.56902777177294,0,1,1,1,1,0,1,1
4.214177632808105,11.673984680045862,2,4.419593245838964,1,0,1,0,1,1,1,0
10.461834714519053,49.30375370484095,2,3.4950079349387684,0,2,0,0,4,1,1,1
13.170523764802894,43.688646149309555,2,3.489727164133332,0,2,1,0,11,1,1,1
3.7624186044638264,68.93097055433564,3,0.0,0,2,0,0,1,0,0,0
7.008126077442288,57.09636236356787,1,3.4031637927976117,1,2,0,0,4,0,1,0
2.8928755600860385,61.807244162298915,2,7.5809254498786744,1,4,0,0,11,1,1,1
6.85372257679782,56.90172372030165,2,6.664109756055079,0,0,0,0,3,1,0,1
1.145817706608252,31.360177494329207,2,4.617236475211015,0,1,0,0,7,0,0,0
2.3186347229737962,74.22530992986026,3,2.1774885563186874,0,1,0,0,9,0,0,1
5.028725436357073,65.97009809231338,2,6.643739544518257,0,3,0,0,11,0,0,1
0.0916242233710581,68.31059583449486,3,7.619696823320837,0,0,0,0,11,1,0,0
6.408974666560261,75.2810034101433,2,7.06838934159533,0,3,0,0,10,0,1,1
9.025302726240355,58.3535020130392,2,3.0625488900272604,0,1,0,0,6,1,1,0
2.5469804060280836,79.61984808234986,2,3.2702426382746257,1,1,1,0,5,0,1,1
2.9705146071880777,57.55279143573282,2,8.311822517688428,0,2,0,0,11,1,1,1
9.528524053617488,45.61882823950783,1,2.581457917006079,0,2,0,1,5,0,1,1
7.472843039551773,49.86792179033271,3,5.956426731031142,0,1,0,0,12,1,0,1
1.6994367306083178,49.52312463727767,3,1.444527705853611,0,2,1,0,8,1,1,0
1.957634291203185,39.61217355818914,2,4.399369265252169,0,1,0,0,2,0,1,1
5.679674447178354,82.63777696740442,3,6.170300801468711,1,1,1,0,9,1,1,1
4.141377437275597,55.925907310073356,4,4.940068085715775,0,1,0,0,1,0,0,1
0.8850558361033644,51.89476951665813,1,6.0478266421102145,1,5,0,1,4,1,1,1
1.854810528612599,57.76548509852867,2,2.547589848692509,0,1,0,0,9,1,0,1
11.512089378810836,100.0,3,3.3599960710086894,0,1,0,1,5,1,1,1
5.826556697907176,27.36551622800681,1,5.963636756997738,1,2,0,0,11,0,1,1
20.0,33.09922976567449,3,6.39377628410475,0,2,0,0,4,0,1,1
7.2838530180197845,22.388579651060073,4,5.439625706125725,0,0,0,0,8,0,0,0
14.23435770230024,45.348015231290276,1,6.894115483316625,0,3,0,1,10,0,1,1
1.2179340772960874,54.91036886654721,3,1.6855841228574473,0,1,0,0,12,0,0,1
7.3807643873859305,40.69354963317845,2,4.067604099306281,0,0,1,0,6,0,1,1
0.10212345644312662,39.2054640369646,2,8.645367546452368,1,1,0,1,4,1,1,0
5.554841884110475,52.848097332562645,2,7.56693765798744,0,1,0,0,7,0,0,0
3.167624981506765,39.95784350340605,1,6.267276330015089,0,1,0,0,11,0,0,0
2.1290539643553323,56.20351654365676,2,4.689266053288994,0,0,0,0,12,1,0,0
9.917179920100592,72.28468693485209,1,7.069631256699937,0,0,0,0,5,1,0,1
9.629919257830657,63.54060939601613,3,5.858283039323213,0,0,0,0,9,1,0,1
0.1127707412854105,67.62026694330405,2,1.965119270785542,0,0,0,0,1,0,0,0
4.701702137283155,71.71836823013439,2,6.991524894112259,0,1,0,0,7,0,0,1
2.293002261095228,55.65656320237406,2,3.2679131713555343,0,1,0,0,6,0,0,0
2.6863699384132684,46.827179479137975,2,6.519376500036355,1,0,0,0,1,0,0,0
8.920169121677432,34.55493858233609,2,1.7680544225114025,0,0,0,0,6,0,0,0
1.8541574658566256,42.17643672728558,3,8.198038664200418,1,1,0,0,11,0,0,1
14.32780352490386,39.52628934646211,2,4.450207242395761,1,0,0,0,10,0,1,1
0.9900224259717089,64.63344653241823,3,2.781327335557646,0,0,0,0,6,0,0,0
5.434245090643703,56.935651091883926,2,3.622989533858452,0,0,0,0,12,0,0,0
5.575310240874433,63.935157254286025,3,4.326301805372589,0,4,1,1,10,0,1,1
1.453066230253735,26.79326287799697,2,4.988460567145461,0,0,1,0,9,0,0,0
1.9633659407471833,78.63498968482158,2,7.636291272679331,0,2,1,1,10,0,1,1
9.00294646559064,41.46039256986475,3,5.140285232954816,0,1,1,0,11,0,1,0
7.1733334170410075,27.999667158506746,2,0.658166404554958,0,0,0,0,7,1,0,0
1.995645219483436,41.21564470356375,3,2.5405229756621774,0,2,0,1,1,0,1,1
3.8173820114148613,99.67531985175016,3,10.0,0,0,0,0,4,1,0,1
0.31832276248041547,42.24566267016865,2,5.270777591325852,0,0,0,0,5,0,0,0
1.1706805080885376,43.49807057058149,3,6.901580228020969,1,2,1,0,3,0,1,1
3.325914835876249,46.15790638740648,3,4.383307721012323,1,2,1,0,9,0,1,1
0.44947985961245224,47.0275923313709,2,2.990777371586275,1,2,1,1,11,0,1,1
9.268143137975164,34.370478683974916,1,4.037435555236392,0,1,1,0,8,1,0,1
6.329351149724147,52.86426166412261,2,5.256652168116803,0,1,0,0,5,1,0,1
14.379416480328569,71.5118981639666,2,4.0795273255458655,0,0,0,1,4,0,0,1
5.912147777092105,56.28578630957414,2,8.83693553305953,1,3,0,1,2,1,1,1
14.100613648546084,27.77669402200029,3,3.7674944115467506,0,1,0,0,11,1,0,1
4.042931079188006,43.11308190132583,3,2.890328779499478,1,2,0,0,7,0,1,0
4.584187044648771,38.969451997967404,3,6.617605519404637,0,2,0,0,7,0,0,1
18.855016798915145,51.058789364696025,3,6.864005007689893,0,1,1,0,5,1,1,1
5.137915515483088,76.60903343124633,2,5.059954243076971,0,0,0,0,7,0,0,0
0.1563521608561259,47.02234407958234,2,3.7957127549185445,0,3,0,0,11,1,1,1
6.433200455141172,48.23690262259218,3,1.1986823716539674,0,0,0,0,5,1,0,0
11.794120996085216,85.55289637638859,2,7.441443044888221,1,3,0,1,3,0,1,1
7.93789900024067,67.5241198334332,3,6.737121819843421,0,2,0,0,7,0,0,1
4.383346560281974,61.4816256421307,2,4.120223360501809,0,0,0,0,6,0,0,0
5.563102431053126,89.1626323060355,2,5.119144956859453,1,1,0,0,8,0,1,1
20.0,59.79622509588026,2,4.546645634956776,0,1,0,0,2,0,0,0
0.4751925703453735,10.269457160449555,2,8.257460482572679,0,0,0,0,3,0,0,0
5.501741402650643,66.65331515760721,2,2.924163394091547,1,2,0,0,2,1,1,1
1.666171284694726,18.159830857626996,2,3.7598770119601603,1,3,0,0,7,0,1,0
5.109511903457619,59.04010737164896,1,3.5665475218720433,0,1,0,0,3,0,0,1
4.677668171747732,15.7251285174152,1,5.620322572884548,0,1,0,0,3,1,1,1
0.8329704148581664,40.66289179200161,1,5.112258907394545,1,2,0,0,8,1,1,0
1.1580631001253985,42.72430940780258,2,5.400136326925632,1,1,0,1,6,1,1,1
4.859408054678432,34.59761785536493,3,3.2387857489176675,0,0,0,0,2,0,0,1
0.6861479544241379,43.022960056176,2,7.969793660820789,1,2,0,0,6,0,1,0
1.5406544933337787,70.65123440721105,1,4.091909785557527,0,0,1,0,7,0,0,1
9.01649540806319,35.720941756808934,3,7.37517989879305,0,1,0,0,7,0,0,0
1.9807296294739343,60.902817590210816,3,10.0,1,0,0,0,7,0,0,1
3.3477407677981215,30.687007207853995,2,3.253327892371244,0,0,0,0,12,0,0,0
14.162996150710285,46.21000847215742,2,5.684769799742593,0,1,0,0,6,0,1,1
1.2883455970978233,56.476785326549006,2,4.736792723488161,0,0,0,0,6,0,0,1
2.468417116885309,30.069431667628805,2,9.06176310984566,0,2,0,0,2,0,1,1
4.662834560182835,23.7655913417862,3,4.4386921450298,0,5,1,1,4,0,1,0
7.039407059646764,59.837563011577764,4,5.497382955036172,0,0,0,0,4,0,1,1
11.596285850248192,72.46160798681278,3,5.453736639022654,0,2,0,0,4,0,1,1
12.353420610087717,48.41869961025255,4,4.7992024601043175,0,0,0,1,4,0,0,1
7.4948539619008585,40.85374186886592,2,6.51094753573369,0,2,0,0,11,1,0,1
1.295996828094591,53.113507753767735,3,5.186792800910089,1,2,0,0,1,1,1,1
0.12561134086371625,51.10959837530761,2,5.963703476090163,1,3,0,0,6,0,1,1
2.420706932996533,54.85805081422503,2,5.4272054097139275,0,1,1,0,7,1,0,1
0.7631275149338855,0.0,3,3.7909245485787233,0,3,0,1,5,1,1,0
6.196059827534731,28.617914176680735,2,4.46207588054958,0,1,1,0,4,0,1,1
5.410702288450555,33.09539789126292,2,6.11084570548592,1,1,0,0,8,0,1,1
0.22483851397403437,53.01735257023125,3,6.102720603806692,0,1,0,0,11,0,0,1
9.057580129334623,53.717557672445324,2,7.490018097623389,0,0,0,0,2,0,0,1
1.4300391491668287,62.72360977368072,2,8.718488295677338,0,2,0,0,8,0,1,1
2.830168604943602,55.151634984208734,2,3.9578622455179815,0,1,0,0,4,0,1,1
5.5121036899035305,23.985298592253287,3,5.269748316559278,0,3,0,0,4,0,0,1
2.8054988273853674,78.9400923517012,2,4.613188380896387,0,0,0,0,2,1,0,1
2.9106039568046294,75.43836606844732,2,2.7853847252022472,0,1,0,0,8,0,1,1
0.3394031405935774,24.836054199461483,1,6.129110277608843,0,0,0,0,9,0,0,0
2.5661721903220807,56.65410588748366,3,6.555674328011711,1,1,0,0,1,0,1,1
7.237613556642857,38.09151229513969,3,2.84601754762697,1,1,1,0,8,0,1,1
12.335903662492761,52.777279784010965,2,4.251001321649362,0,0,0,0,3,0,0,1
2.6678886475407264,71.0662055928374,2,4.0558209551413125,1,3,0,0,7,0,1,1
2.7546441306104263,92.60208532641917,2,1.9831505935496638,0,0,0,0,2,0,0,1
6.0638419671983845,65.0255541028522,2,4.927245339669755,0,2,0,1,9,0,1,1
14.303560045958063,55.89869470220272,2,2.7095166471228618,1,4,0,0,12,0,1,1
1.5534635933405179,43.203576633834054,2,5.317987382510653,0,0,0,0,12,0,0,1
2.9003802004482693,53.64269742022353,3,5.538243049919581,1,4,0,0,1,1,1,1
7.947520673405853,77.19543786656627,3,5.7860455666094515,0,0,0,0,5,0,0,1
4.70411564410356,49.10582486480829,1,5.882644355459759,1,3,0,0,8,0,1,1
0.5859642340576829,32.277746973046995,2,8.06188143319507,0,0,0,1,3,0,1,0
4.940716149415193,17.60620268966747,2,3.3827077183688186,0,0,0,1,5,0,1,1
1.033560725264893,60.26095734820501,2,3.4830363679655267,0,0,0,0,7,0,0,1
3.5689533339944193,54.945762512554786,1,6.3103277943522835,1,1,0,1,11,1,1,1
3.765582304689643,37.08183653475407,2,4.736036949368572,0,0,0,0,12,0,0,0
10.445575388110637,70.52028251414595,1,7.2506532141165545,1,3,1,1,9,0,1,1
3.1040793301847347,41.56446271224739,2,6.123377584732089,0,0,0,0,11,0,0,0
1.6386497655712016,47.30711816350409,3,8.836222656585722,0,1,0,0,9,0,1,1
1.3131027499333017,49.66671733404113,2,4.817343100454618,0,0,0,0,5,0,0,1
10.367371970223768,42.98094515723824,2,2.035920856026831,0,0,0,0,8,0,0,0
0.9377410866002511,54.71730131499142,2,5.681322839958293,0,0,0,0,11,1,0,0
2.774484604339313,73.03030291866003,3,4.856651684171843,0,3,0,0,7,0,0,1
1.0361856279868016,27.150362037631545,2,6.068974973029142,0,2,0,0,2,0,0,0
7.42072771520335,59.77040276948017,2,6.325214373350408,0,0,0,0,9,0,0,1
3.2158137916186624,53.44317339212882,3,3.9309029698081543,0,2,0,0,5,0,1,1
2.162719949032158,53.07527659089413,3,2.9819886829496896,1,2,0,0,4,0,1,1
2.24003384443038,67.43689139748182,3,4.708113299975228,0,2,0,1,10,0,0,1
9.559956981765323,50.98594850434317,2,0.23761692845108762,0,2,0,0,9,0,0,1
4.0346481321012,59.604585238114055,3,5.161334517572436,0,0,0,0,10,1,0,0
6.326898523995531,64.31729259142294,3,4.185123849727672,0,1,0,0,2,0,1,1
11.367001524342324,39.91269599238787,3,6.723350088985361,1,2,1,0,7,1,1,1
11.600776547944205,55.98366921627597,1,1.0283029329137694,1,2,0,0,2,0,1,1
1.991273734296807,44.98424785578736,1,5.012690619601275,0,1,0,0,8,0,0,0
15.230000274681665,47.34636440560209,3,8.152448569434279,0,2,0,0,1,0,1,1
0.12595257794235046,43.55877207043336,4,6.350802655902037,0,3,0,0,12,0,1,1
2.364724240090083,59.42160808193773,3,6.961343991375726,1,5,0,0,10,0,1,1
11.307160926582343,51.63289418036507,3,5.679467045259895,1,4,1,0,2,0,1,1
1.6054144704441216,57.89088068633349,2,1.676931860198681,0,3,0,1,3,0,1,1
1.5947042196526595,49.64965274208503,2,5.333058346204955,1,3,0,0,1,0,1,1
1.802140498853138,17.917579750593504,3,5.8169787201280085,0,2,0,0,6,0,0,1
4.737789793114802,50.62736832199417,3,2.8435509116184523,1,3,0,1,1,1,1,1
2.8842286594640036,51.27075910313634,3,4.746892313281333,0,2,0,0,12,0,1,0
6.486563298951696,54.851918743069206,4,0.0,0,0,0,0,11,1,1,1
11.264721337729375,38.12541612628516,2,4.3318036481163835,0,2,0,1,3,0,1,1
5.607348321429161,26.09060566668976,1,4.1272481143673945,0,3,1,0,1,0,1,1
1.1437129850201424,62.49213289788556,4,7.804478711226697,1,1,0,0,3,1,1,1
13.491630842666464,44.52786886931662,2,3.7935537947426132,1,0,0,0,8,1,0,1
1.5359752472661423,53.42488095369991,3,4.467285882809042,0,3,0,0,5,1,1,1
0.8119728939609168,44.37079840223409,3,4.841542445446383,0,1,0,0,10,0,0,0
0.4713736141102101,49.8787634845281,2,3.81935995213924,0,1,0,0,9,0,0,0
4.143502973792225,41.014293041283835,3,6.4395828436643185,0,0,0,0,7,0,0,0
0.60385131636039,30.638328216923437,2,1.0152159722862395,0,3,0,0,7,0,1,1
0.7470025561398528,59.474633215373146,3,7.27315340828826,0,1,1,0,7,1,1,1
1.7835924429731975,37.937598235477594,1,4.976243763368261,1,1,0,0,6,0,1,1
1.6540127662646777,53.279029617896214,3,7.603294269590853,1,2,1,0,8,0,1,1
4.6347303738929275,58.20920443804155,3,0.0,0,0,0,0,9,0,0,0
8.484390892536116,38.26374568793837,2,0.12754135877778516,1,3,1,0,6,0,1,1
7.163778974699975,25.922287312540302,3,4.416042880828999,1,1,0,0,9,1,1,1
1.5223405631988374,98.52171227706106,4,6.011830776001121,0,0,0,0,7,0,0,1
1.4072443496623146,39.44456248109148,3,3.8901345679936514,0,1,0,0,11,1,0,0
16.876410039423376,62.46834317202317,4,6.167691660165031,1,4,0,0,1,0,1,1
0.04135173412398537,88.78927099140247,2,6.962619514885926,1,2,0,0,1,0,1,1
10.589686763495818,65.79815493707787,2,6.331999094042736,0,1,1,1,12,0,1,1
1.1140212889188816,43.99114382344897,2,5.206537008760162,1,1,0,0,9,0,1,1
14.714211965470748,48.657672249297775,4,5.191205699308113,0,3,0,0,11,0,1,1
2.0950872747628173,33.34785560522303,1,3.770409827223232,0,4,0,0,9,0,1,0
2.902234301497178,67.63392853915485,2,4.889251351592445,1,4,0,0,5,0,1,1
6.139972032020962,61.32541416117377,2,2.951538225530546,1,5,1,0,3,0,1,1
4.429644894803227,39.71148363476514,2,3.4305410652778847,1,2,0,0,7,0,1,1
1.9131833286058266,29.15650385803111,4,6.028728399093509,1,4,1,1,11,1,1,1
4.035286432015198,23.57532524672617,2,4.0742377369373015,0,1,0,1,1,0,1,0
6.559774217042439,69.73028007608401,4,3.524876211661334,0,1,0,0,6,1,0,1
0.2162859626230583,52.40746257911122,2,5.898462026369986,0,1,0,0,3,0,0,1
0.05631244832694859,54.29969072665503,3,5.759799313860834,0,2,0,1,5,0,1,1
3.0630639449711943,33.54102748275285,2,4.5694008291027775,1,1,0,0,4,0,1,1
0.706876768487762,20.729937933911877,2,4.7021291385567245,0,2,1,0,2,0,1,0
5.458346606688023,69.25227149423264,2,5.831895779759814,0,0,0,0,8,1,0,1
1.2043261349143295,50.84078073994461,2,6.937914232767781,0,0,0,0,9,0,0,0
2.8356670574165124,68.1446932011524,2,5.402171318307523,0,2,0,0,8,0,1,1
1.1011822605882577,42.281337469688715,2,2.615932179245775,0,0,0,0,6,0,0,1
3.9757177592798225,45.26364313926283,2,4.557145014473098,1,2,0,0,11,0,1,1
0.6167934629503902,64.26596353241264,2,4.185700324413166,1,0,0,0,12,0,1,1
0.11689000588949373,64.64696159301049,3,2.894027787251108,0,1,0,0,11,0,0,0
0.2624260121743396,65.95131245371908,2,5.995865531204202,0,0,0,0,5,1,0,1
15.423740091406268,44.095974937946075,3,6.149705158790668,0,0,0,0,2,0,0,1
0.7674241163585207,62.29094475301736,4,6.452416843411919,0,0,0,1,11,0,0,1
6.163203363350553,72.18198930953437,2,3.01817409183582,0,2,0,0,6,1,1,1
0.35171643706345646,47.90455976636932,2,5.3149018741583465,0,0,0,0,10,0,0,0
0.5723446482098326,39.73023272451893,2,4.987449534311746,0,2,1,0,5,0,1,1
3.55529574576627,76.85495206633531,2,5.614806186683771,0,1,0,0,2,0,0,1
3.1262365456738523,36.911085328973854,3,5.259452982996386,0,2,0,0,12,0,1,1
15.139243591187888,62.58952994228954,2,4.974908110167388,0,1,0,0,4,0,0,1
14.487173984539766,48.83155378960277,2,4.734552481050905,0,2,1,1,6,0,1,1
7.561752077299091,13.168687670308792,2,7.21368122005104,0,0,0,0,3,0,0,1
4.607795805127001,72.57188134957161,3,3.276371984961428,1,3,1,0,10,0,1,1
3.0344833742332566,0.0,3,4.653658258469902,0,1,0,0,1,1,0,0
2.2016690926519864,10.31743866484782,4,7.162741333611921,1,1,0,1,1,0,1,0
14.695582804662129,60.54660158961343,4,3.377888151937182,0,2,1,1,12,1,1,1
4.617946652631194,60.5414239735623,2,3.479824144512026,0,3,1,0,4,0,1,1
4.326473674646735,37.24840284244929,1,6.4678818889036185,0,4,0,0,8,0,1,1
1.3191840321250643,52.9564418060649,2,2.1521723187059147,0,0,0,0,9,0,0,1
0.2391167023674471,0.0,2,6.321262246052988,1,0,0,1,8,0,1,0
14.519283540958343,64.13950928941199,2,4.020730841506073,1,1,0,0,6,0,0,1
1.8824590282635834,54.99450974107194,2,5.820001231040845,0,3,0,0,2,0,1,1
2.9222623574588265,49.08714293332409,2,2.558530865888747,1,1,0,0,7,0,1,1
0.6088043665328239,50.41682964275544,1,7.370152533116737,0,0,0,0,11,0,0,0
9.067704761065844,59.86508352386063,3,2.565522700220914,1,1,0,0,1,0,0,1
0.1401038672801745,49.42196953004278,4,6.449900707093308,1,1,0,1,2,0,1,1
8.978559210842775,12.518889945375598,2,2.6490752324480296,1,3,1,0,5,0,1,1
0.755771774408262,93.92664469045044,2,8.616601742178126,0,1,0,0,1,0,0,1
10.882587353281053,74.01601638856903,1,4.857236436289742,0,5,0,1,11,1,1,1
6.5424579519868455,24.301106760903437,3,8.901714189993967,0,2,0,0,2,0,0,0
0.8996436844051915,43.09725539046819,4,3.3622250251786805,0,0,0,0,11,1,0,1
4.171457307508733,45.27931619687918,2,4.114698607902409,0,0,0,0,9,0,0,0
1.8746042081395953,71.57699133017927,2,7.421438407464338,0,1,0,0,12,0,1,1
0.9814924972963429,6.814621293604645,2,2.147607956449768,1,2,0,0,4,1,0,0
9.801442093060508,40.019834711404215,2,3.601466688260116,1,2,0,0,2,0,1,1
2.5835710249551402,14.787271133249924,3,5.990136859378664,1,1,0,0,12,0,1,1
2.5420071089753637,44.29808968343323,2,2.962438846607334,0,0,1,0,6,0,1,0
0.9309652556708502,40.549982138301914,4,6.043634844038089,0,2,0,0,6,0,1,0
2.414963524828209,51.593881347654246,1,5.340808770043436,0,0,0,0,12,0,0,0
10.263680491360445,37.90251201981633,3,1.9727087525156315,0,1,0,0,12,0,0,0
2.2559385055493486,34.979532172189515,2,6.935537575966933,0,1,0,0,5,0,0,0
15.141645366680406,62.39313383526296,2,2.4751338136108623,0,1,1,0,8,0,1,1
14.622540060135567,59.09345481885161,3,6.542558193945874,1,2,0,0,2,0,1,1
0.7826764497162526,61.02796685556484,4,5.256950796488562,0,2,0,0,1,0,1,1
0.9758867183453223,46.461998190183145,3,4.089975070588516,0,0,0,0,8,0,0,0
9.926990649687927,38.56522835549622,3,2.7891949500782323,1,1,0,0,2,1,1,0
2.494163460998548,47.622950359584586,3,5.658538650816299,0,0,0,0,7,0,0,0
0.021917880646393405,60.02324140136904,2,3.254950413044946,1,5,1,0,12,0,1,1
1.6001436143100911,6.464405980563029,3,7.4159069521051535,0,5,0,0,10,0,1,0
4.55190356738587,57.88223860741716,3,7.488901218606799,0,0,0,0,1,0,0,1
8.028872304372856,56.182763746695954,2,8.284068041971993,0,2,0,0,8,0,1,1
0.715823173145181,51.24301812171454,2,5.561794874150617,0,0,0,0,5,0,0,0
0.5857113797778064,47.0137315625665,3,4.191380389003248,0,2,0,0,10,1,0,1
12.761175123384392,0.0,3,4.406194838658686,1,5,1,0,4,0,1,1
6.954492074092817,41.20293473799188,2,4.259824834395491,1,3,1,0,5,1,1,1
4.455303523195243,85.78877422154747,3,5.496011076658214,0,2,0,0,6,0,1,1
7.330732551332724,50.25802591136611,3,5.873214511177205,0,1,0,0,6,0,0,1
2.800555214202536,43.85420322650564,2,7.463128732033796,0,5,1,0,12,0,1,1
7.103512908600427,50.33812391180225,3,5.040246831192063,0,0,0,0,3,1,0,1
2.3245072677424394,57.09545737256017,2,2.193545338932883,0,0,0,0,9,0,0,0
1.3991950325871656,63.17640489378928,1,4.185158147076196,0,0,0,0,12,1,0,0
6.528429921975738,45.422396736841165,2,8.111703560113046,0,2,0,0,3,0,1,1
2.7208116073988062,58.49839204787367,4,1.8868428590559723,0,0,0,0,6,1,0,1
19.916817525282262,83.5330160552272,1,6.478299920802764,0,0,0,0,12,1,0,1
2.1499560118109446,70.1250159886543,3,4.218853772833119,1,3,1,0,12,0,1,1
12.737789678362377,96.80600431713958,2,3.233071379200959,1,2,0,0,7,1,1,1
13.512519195748245,36.86459283296567,3,5.7912220982242495,0,3,0,0,11,1,0,1
1.3843895546086358,83.5237901500403,3,8.121906051245531,1,4,1,0,9,0,1,1
8.002915699211446,34.1865272015481,3,5.680888353566342,0,0,0,0,10,0,0,0
2.8376369312990004,57.07132293480927,3,4.474911579917522,0,0,0,1,1,0,1,1
12.476283772859686,64.64953058476199,3,2.407901520787262,1,5,1,1,10,0,1,1
2.990314882660559,39.784456161910555,2,4.802301677794527,0,0,0,0,7,0,0,1
6.818824673381717,51.75928554948551,2,2.335700359421118,1,5,0,0,1,0,1,1
3.1458635532574237,68.20922204903682,2,4.38015155715954,0,2,1,0,1,0,1,1
1.292563369008037,35.79458203376184,3,4.873884703216793,0,3,0,0,5,0,1,0
1.1116577113183452,83.38766919095295,2,0.27891701857905016,0,3,1,0,4,0,1,1
2.770677112786229,22.30806750545302,2,7.776644409175773,1,2,0,0,9,0,1,1
7.042590588016898,88.79382885456769,3,2.5229570537591233,1,4,0,0,4,0,1,1
4.645252528000869,70.02652269599184,3,4.6280815976586105,0,0,1,0,4,0,0,0
5.833855413873232,48.205488473444426,3,6.067666491625033,1,0,0,0,4,0,1,0
1.6587017037232723,41.94663577526537,2,7.617099436358358,0,1,0,0,4,0,0,1
3.2834528234698985,39.859434744179524,2,3.4156939872543357,0,1,1,0,9,0,1,1
0.2270545425428382,47.2840871948597,2,0.0,0,2,0,0,2,0,0,0
8.505913717122617,49.03008276902347,1,7.157327432022574,0,4,0,1,12,0,1,1
20.0,75.10452493269163,2,2.5010102271475807,0,1,0,0,8,0,0,1
2.611784795833323,89.37308200769168,2,5.718886487167456,0,2,0,0,4,0,1,1
0.05512098451917345,53.98759841308016,1,5.843179400271292,0,2,0,1,5,0,1,1
0.9303988876397441,33.087430240211916,2,0.0,1,2,0,1,9,0,1,0
5.285339815065103,39.08547918727612,2,1.7703264569111208,1,0,0,1,1,0,1,1
4.734771943088255,46.33818430777431,1,4.078377586565729,1,0,0,0,1,1,1,1
7.75265546328253,29.39755789406449,3,0.0,0,2,0,0,2,1,1,1
1.4643710478945353,26.421171957852426,3,2.3238974474851744,0,0,0,0,12,0,0,0
7.21182504554479,91.94254424746055,3,5.245757120253335,0,0,0,1,6,0,1,1
5.82350439709419,56.052270518925084,2,4.823032695817463,0,2,0,0,11,0,1,1
1.949050186358189,33.33733732639307,4,5.605308861288544,0,0,0,0,2,1,0,0
3.9426564441111385,66.33207140715425,4,5.898441957457704,0,1,0,0,8,1,0,1
0.7965838887141575,26.43307750386309,2,1.636340866040773,0,5,1,0,8,1,1,0
3.0125531936318435,28.079759042578928,2,2.4303034731747215,0,0,1,0,4,0,1,1
10.651457389957775,33.9391519787151,1,6.5227323790241005,1,4,1,0,3,0,1,1
2.733916955761058,83.09026561730067,3,8.04866048200536,0,1,0,0,5,1,0,1
9.149385197369543,44.94239868443252,2,3.065183902275575,0,1,0,0,6,0,0,0
4.461081371751501,1.1658602619502645,4,5.517811188193914,0,3,0,1,9,1,1,1
1.0652032465324965,74.20131866351187,2,6.61416578662779,0,0,0,0,10,0,0,1
4.350689792558521,43.87237271675285,4,5.47511123437857,0,1,0,0,7,1,0,1
3.525930078589996,13.011839882431886,3,4.5024673891580385,1,1,0,0,11,0,1,0
2.5428187120501367,43.6663302407318,4,3.7187000111020145,0,0,0,0,3,0,0,1
0.6370675228548551,60.42007793209806,2,8.970538409531082,1,3,0,0,9,0,1,1
2.6953424924557154,58.080983330659386,2,5.1924180830539495,0,2,1,1,12,0,1,1
0.37772704976869415,85.96829958329639,3,5.777884062434549,0,0,0,1,6,0,1,1
0.5199686473385612,32.94464274860139,3,5.648640161493824,1,1,0,0,11,0,1,1
2.6885569165300987,50.934402405299444,2,3.3751631859983755,1,5,0,0,2,0,1,1
1.8219623951698052,36.008614428431564,3,5.10164204662861,0,0,0,0,2,0,0,0
12.98775654341352,19.15614211625554,2,4.3555146242437965,0,2,1,1,5,1,1,1
2.355667779905069,67.7105474461191,2,4.319704817662231,1,5,1,0,2,0,1,1
7.091157260933262,59.265391382950405,2,5.633918282037528,1,2,0,0,1,0,1,1
3.7777468742544733,55.67356899397706,4,3.1687140535293192,1,1,0,0,8,0,0,1
6.08842643818707,58.535803865172895,2,2.5904231583925044,1,2,0,1,6,0,1,1
1.5063091943627072,36.2905429462316,3,6.00545012081084,1,1,0,1,2,1,1,1
14.228376049042733,29.886098253636135,1,3.9367788147426594,1,1,1,0,10,1,1,0
3.7760544665717575,50.75294744338721,3,4.309968559446527,1,3,1,0,9,0,1,1
8.898879932709518,73.22422804823228,4,1.142406894646677,1,0,0,0,12,0,0,1
2.2710112045433153,82.16154270907094,2,6.926165564353267,0,0,0,0,11,0,0,1
0.5279768775680191,65.90865413614866,2,6.048032423831387,1,3,0,0,9,1,1,1
5.599868861878214,50.583488535361916,3,6.416137570623659,0,0,0,0,12,0,0,0
0.038949555311533775,55.395678587998724,4,5.774651240795489,0,1,0,0,8,1,0,1
3.224576113798359,50.231877186507425,2,1.9680860926194712,0,0,0,0,7,1,0,1
1.0709308353225946,29.481133206011435,2,5.457997929358304,0,4,0,0,1,1,1,1
4.935920403597181,50.49294756421086,2,3.7817329953101018,0,2,0,0,9,0,1,1
19.417146921268724,23.303463648230135,2,3.0742857895329214,0,0,1,0,11,0,1,1
3.1218654573466145,47.518455477939206,2,6.0000964828914425,1,1,0,0,3,0,0,1
8.504977763606025,82.72210221192638,4,8.317017833505359,1,1,1,0,3,0,1,1
3.5441900712893655,66.45718445566703,2,7.986678837912683,0,4,1,0,11,1,1,1
3.424308313339612,31.537616315269407,2,6.244290037021232,0,5,0,0,2,0,1,1
13.326641571476108,48.55141860715434,3,4.939543681081607,0,1,0,0,6,0,0,1
11.03482338598403,33.31247376490524,2,4.568915358162174,0,1,0,1,9,0,1,1
7.704236463583795,48.7497246364558,3,3.190992827113546,0,2,0,0,8,1,0,0
1.7567013739488335,70.82215633049125,3,4.460533632586647,1,1,0,0,3,0,0,1
3.937381781494071,63.06015876619807,2,6.8170479191762885,1,1,1,0,4,1,1,1
1.2673516813003138,99.68288161490672,2,8.646278264049874,0,0,0,0,8,0,0,1
2.9341858614834764,73.84954805015143,2,3.367037386071922,1,2,0,0,3,0,1,1
3.3103075845693657,54.08000762155383,2,1.0099730306566022,0,0,0,0,4,0,0,1
8.908254868358437,63.54299948266586,2,3.9382520077753904,0,2,1,1,9,1,1,1
11.318185802757943,45.951136516333285,4,6.80790822574227,0,1,0,0,9,0,0,1
2.6774708828655873,27.449915058270076,2,9.14455458131814,1,1,0,0,9,0,0,1
0.08931521740137684,76.11553156575042,3,7.620082413313607,0,0,0,0,11,0,0,1
9.894320465775646,70.17982953863296,2,7.570570424756756,0,3,0,0,10,0,0,1
0.9574897278061322,45.17891570812071,4,3.300879292650519,0,1,0,0,7,0,1,0
4.862744336334194,55.47871473862676,3,3.357221252901983,0,0,0,0,11,0,0,0
0.1264398136054039,74.81878374769613,3,2.3523807254675844,0,0,0,0,2,0,0,0
2.5500171031762413,66.9270285241204,2,3.6690405277491385,0,4,0,0,5,0,1,1
20.0,20.737974975006026,2,6.82819556682233,0,2,0,1,10,0,1,1
0.5306574033405191,54.872400429796485,2,8.248974373869851,0,1,0,0,7,0,0,0
2.755575189547559,46.64736949023272,3,5.691034542565725,0,0,0,0,4,0,0,0
1.8347084077294187,72.26001398277361,3,4.489758079980163,1,1,0,0,9,0,0,1
11.774032162477932,70.62085477565323,1,2.8665503646531563,0,2,0,0,11,0,1,1
10.175787877168027,76.3721565635609,4,4.774969687973416,0,0,0,0,8,0,0,1
1.3570673686738808,27.64211322559585,4,5.406252655301109,1,2,0,0,8,0,1,1
0.42336757986295803,34.31776931887522,2,2.0738558544536083,1,0,0,0,10,0,0,0
4.932739789206623,72.28164872270878,2,6.842945857013578,1,0,0,0,9,0,1,0
2.050142863586089,38.167083693151085,3,4.152172007382681,0,0,0,0,9,1,0,0
5.574994960677299,19.571340381713853,2,6.722831682202401,0,0,0,0,2,0,0,0
0.1632345715248727,60.651929752281305,3,4.978160075898032,0,5,1,1,5,1,1,1
0.7158844356065819,39.055631194680544,3,5.594433385774614,0,0,0,0,1,0,0,1
5.797742254855217,85.795815406168,1,3.596101579837385,0,1,1,0,5,0,1,1
1.1936383726726287,55.92369107976927,3,4.310769428369101,0,0,0,0,8,1,0,1
9.745143685684276,53.205185732833314,2,6.284084246723913,0,0,0,0,7,0,0,1
0.30188735276421796,42.61512216768486,4,4.7370035305232525,0,0,1,0,8,0,1,1
1.213428702894628,81.81670667853943,2,2.7900519686056615,0,0,0,0,8,0,0,0
20.0,57.17108919779642,2,5.22314811010456,0,0,0,0,5,0,0,0
2.83765101996226,41.83000963687587,3,5.771350033676803,1,2,0,0,6,0,1,1
6.069537679505367,34.11832586789106,2,7.745777051344062,1,1,0,0,11,0,1,0
1.0085192212314527,48.53053890871564,3,7.305106537318943,0,1,0,0,2,1,0,1
4.7063600976380195,30.44706325690389,2,4.870728907292263,0,0,0,0,12,0,0,0
6.475071791890516,70.57754883357887,2,3.905329670671509,0,0,0,0,4,0,0,1
1.8878634860743717,13.83315891951532,3,4.543397201276619,0,0,0,0,3,0,0,0
8.827451095336697,47.209719433338584,2,3.9525329852441526,1,1,1,0,10,0,1,1
4.6243569340215345,62.20267090175869,4,6.0123224514078935,0,0,0,0,5,0,0,1
2.4642983257233455,56.842388402193144,2,7.0833302452313,0,4,1,0,5,0,1,1
4.078183295932411,35.65434053968662,2,7.479668718588178,1,0,1,0,12,0,1,1
4.299089436033837,63.205174134130985,2,4.17558709500467,0,0,0,0,12,0,1,0
0.9048241439919302,32.27921223228185,3,3.9759472011717634,0,3,1,0,12,0,1,1
2.5769498718105313,49.5523068700638,2,4.159211150882738,1,1,0,1,9,1,1,1
2.103634302348078,63.03683143960711,1,1.1359260998276821,1,3,1,0,11,0,1,1
2.561656471755667,59.258255589862266,4,2.5943752829061633,0,1,0,0,12,1,0,0
7.158772737314557,36.49921977161064,2,4.930893988122633,1,2,0,1,7,0,1,1
3.2940998696187935,73.94989033128726,2,5.758543480887939,1,1,0,1,1,1,1,1
14.093469343586078,51.73389142971068,2,5.982346115765092,0,0,0,0,12,1,1,1
1.7384090423723442,64.85990821878303,2,3.4390111562589305,0,0,0,0,7,0,1,1
2.686734267474002,80.58202013346495,2,4.017779704361292,0,1,1,0,1,0,1,1
7.731301830616367,72.35041097549214,2,4.460992386721078,0,2,1,0,12,0,1,1
3.9485612635903795,72.40258812662088,2,4.2377482023288815,0,1,0,0,9,1,0,1
3.9596264440838187,53.85359859698944,2,6.3760354413293285,0,0,0,0,7,0,0,1
0.27407725481557244,65.8787024182102,2,2.3836517800761428,0,0,0,0,8,0,0,0
2.5424722380027784,54.271931491286324,3,2.701408789914116,0,1,0,0,9,1,1,0
1.5785818160544411,25.81351064443173,3,4.403129408705108,0,1,0,0,2,0,1,0
20.0,56.05487585010085,1,2.268792593324651,0,1,0,0,4,1,0,0
1.843412814497537,55.12721967476931,4,1.1990594420866776,0,2,1,0,11,0,1,1
10.792273738428008,61.67458723043639,3,2.0130456807604906,1,2,1,1,12,0,1,1
5.638667139865632,47.4400604957321,4,4.514570823102466,1,0,0,0,7,0,1,1
2.084524537976125,34.770888864722984,2,6.26106163265095,1,2,0,0,11,0,1,1
3.9212094518952867,63.13012166350454,3,6.302733068785652,1,3,0,0,9,0,1,1
9.179681673612022,23.73455425495504,2,8.175830865078183,1,3,1,0,7,0,1,1
10.743670777464231,79.17638271712939,3,5.2033302351417206,0,0,1,0,2,0,1,1
0.8741119796452229,45.37163877590015,2,5.472401024657656,1,4,0,0,10,0,1,1
2.074344486364156,54.910563441123365,2,4.499185925943311,0,0,0,0,2,0,0,0
2.041519519997095,61.17116306563144,2,4.596347068527982,0,0,0,0,11,0,0,0
0.21477131050163045,61.81376089688382,2,9.161090663190425,0,1,0,0,9,0,0,0
4.559474038759147,21.820314000965304,2,5.522702874510064,0,0,0,0,6,1,0,0
9.648906460678791,66.48173161088528,2,5.696548538188243,0,0,0,0,6,0,0,1
2.4028918286278294,56.06307656752547,2,2.7097713941660673,0,4,1,0,3,0,1,1
6.736059537315777,37.294772308827824,4,5.820844549810136,0,3,1,0,6,1,1,1
4.940282045190572,35.00666098108172,3,6.316663958646929,1,1,0,1,10,1,1,1
2.3552107255275248,43.31893835886309,2,7.2206202558757315,0,0,0,0,3,1,0,0
0.760279873312294,24.025166267790162,2,6.260169049803003,0,0,0,0,4,1,0,0
6.17772763838367,84.4453478197405,2,4.7465235438320335,0,2,1,0,5,0,1,1
9.640135946047803,79.72302650286689,2,4.6611533742735825,0,0,0,0,1,0,0,0
5.78949500207627,59.03400401951879,2,4.855838642462194,0,3,0,1,3,0,1,1
0.09020117468924133,45.53203167315818,2,5.214374087121807,0,1,0,0,3,1,0,0
1.2182168096736383,46.057840241252094,3,7.535300881612357,1,1,0,0,2,0,1,1
0.3600584653255528,65.16131412347936,2,7.145279098402415,0,3,0,0,5,0,1,1
4.224341898224045,85.15653799003901,2,6.50582190745156,1,3,0,1,12,0,1,0
7.062733363271137,38.59206520806514,2,9.058419960940597,1,2,0,0,7,0,1,1
0.5859240004360605,27.648279147533515,2,0.0,0,2,0,0,12,0,1,0
9.111232166728595,80.95281547190542,3,4.079882851347938,0,1,1,0,2,0,1,1
4.054127115485783,14.257228248310973,2,4.977454761771234,0,0,0,0,1,0,0,1
5.8554151283277545,29.829383834947073,2,3.6555410520780542,0,5,1,0,2,0,1,1
17.772065999556602,45.062842149782945,3,3.140498550695218,0,3,0,0,11,0,1,1
0.436953544167181,18.79133064389938,2,1.565680719273586,0,2,0,0,5,0,0,0
11.574504256709734,72.24298125613197,1,4.377342775831475,0,1,0,0,12,0,0,1
0.6739620568007954,67.138105410102,2,6.788054107683663,0,3,1,0,11,0,1,1
2.495793131823979,38.50413545569366,1,6.547872684608546,1,3,0,0,6,0,1,1
9.533787933033695,75.59228238355496,2,3.4957402275185965,1,3,0,0,10,0,1,1
11.83584403511697,78.98584856807652,3,5.440490157063373,1,2,0,1,8,0,1,1
3.5298621028412014,47.73658703419873,2,7.715199630432183,0,1,0,1,11,0,0,1
4.508299411704243,40.98663644863985,2,1.9598659093095345,0,0,0,0,9,1,1,0
6.157530872977058,95.19204055484957,4,4.682328039254942,0,2,0,0,5,1,1,1
8.941587053153357,64.4232364416831,2,5.5729925816178785,0,0,0,0,4,0,0,1
0.6477604288220138,55.12649305937707,4,5.020030680073581,0,0,1,1,2,1,1,1
8.305480267619725,77.27091893279226,2,6.701266788034788,1,1,0,1,11,0,1,1
3.2819180966634534,56.038612700060426,3,2.0043479406762685,0,1,0,0,9,1,1,1
2.9948557192475063,39.88758828161623,3,2.9883626784051738,0,0,0,0,3,0,0,1
2.7573679587893123,51.60319520975107,3,6.364082685391991,0,0,1,0,1,0,1,1
3.5587108562238328,70.7730857463947,1,1.5955518778099704,0,0,0,0,9,0,0,0
14.506708345293118,10.15628867301573,2,6.623535682066553,1,4,1,0,2,0,1,1
3.972620127816693,44.23938521121558,2,5.8996363124638265,1,1,0,0,8,0,1,1
15.306961197780808,77.6611479716321,4,6.4838394794107215,1,1,1,0,4,0,0,1
0.9940240957804243,39.76263197812965,2,4.061420694480592,0,1,0,0,8,0,0,1
6.439236057999866,80.9221712086282,4,6.019676873426904,0,3,0,0,9,0,0,1
8.362941350482798,78.29487638719625,2,2.655424859698426,0,2,0,0,3,1,0,1
5.683577900671898,48.68941769022097,2,4.170990115067362,0,0,0,0,5,0,0,0
4.668739632135216,38.62921390221999,2,5.072677880555067,1,2,0,1,8,0,1,1
4.15989476088154,44.25282251700731,2,3.2025011508861807,1,0,0,1,8,0,1,1
9.863906727696573,100.0,3,5.436213736068522,0,0,0,0,4,0,0,1
8.619941439109112,87.48848893866489,2,2.7115855424134687,1,1,0,0,2,0,1,1
0.6521878952003058,52.50781943613477,4,5.537301619670022,0,0,0,0,6,0,0,0
9.438742078730947,37.83692896759181,2,8.483700608774557,0,0,0,0,6,1,0,1
2.67276297141433,52.34082071162526,3,2.486668722765283,0,1,0,0,7,0,1,1
1.4631168361330162,54.876538532335296,3,4.954879767448149,1,1,0,0,5,0,1,1
10.192210826198174,25.13282524781292,2,1.7640778839097044,0,0,1,0,1,0,0,0
2.8283876127058956,51.6008253843052,1,3.3340919638191657,1,1,0,0,1,1,1,1
8.260805705797544,76.4480864962346,2,6.403898343478891,0,0,0,0,1,0,0,1
1.5285758926721804,14.012866375670534,1,4.138742796419732,0,1,1,0,4,0,1,0
0.019685307438803007,66.53167930274496,4,6.484820277536927,0,0,0,0,7,1,0,1
3.4205327812071964,77.49595940109559,4,5.711766717353514,0,3,1,0,8,0,1,1
0.5280708315826426,38.78885309811264,3,4.870963457320015,0,0,0,0,1,0,0,1
7.019765932719637,83.88351516382113,3,2.941174810553067,0,4,1,0,5,0,1,1
1.6153383554161986,36.19325875103309,2,6.370976436995075,0,2,0,1,5,1,1,1
2.9317493074247265,58.821653237208075,1,5.608267456902989,0,1,0,0,7,1,1,0
0.4552808129027366,43.86454630672739,3,1.94391918398129,1,0,0,0,1,0,0,0
1.688980301577062,43.86007285674793,2,3.070948813433362,0,0,1,0,8,0,0,0
7.604623060822867,37.65401860483909,3,0.0,0,3,0,0,4,0,1,1
0.8219440414087492,63.9715096172404,3,2.2687463874324814,0,2,1,0,11,0,1,0
5.208696693810795,66.97610915462899,2,4.373247477959253,0,5,1,1,8,0,1,1
12.470293176970555,48.71155600845623,2,2.8882887193046147,0,0,0,0,8,0,0,1
5.69462143750576,22.800635726554518,3,3.336666807892626,0,1,0,0,2,0,0,1
8.330615143338232,58.0634033326878,2,7.781140315151554,1,2,0,0,4,1,1,1
0.5768950530425404,58.44028718821388,3,7.057626648076132,0,5,1,0,3,1,1,1
1.443291584130142,45.66569977227145,2,3.610663624478796,0,1,0,0,2,0,1,0
11.247063307882696,87.34462574361618,2,6.587075268805031,1,2,0,0,12,0,1,1
6.278183707457972,18.72141470198692,2,7.429745705808349,1,2,0,0,4,1,1,1
5.102063218721568,5.6543257949286385,3,6.2370969831715115,0,0,0,0,4,1,0,1
5.449750610787186,35.383302006046584,2,5.597854966083791,1,4,1,0,12,0,1,1
2.673888954121298,64.20849068182899,2,7.1966461554368095,0,0,0,0,5,0,0,0
0.22789893075275056,28.88310725132318,2,6.539035959914825,0,0,0,0,4,1,1,0
7.672615698656503,30.380581629478492,2,2.573811472885178,1,4,1,0,7,0,1,1
5.677106047619388,69.02042672356309,2,4.622135492122067,0,0,0,0,1,0,0,0
3.200918817091589,59.250958455954994,2,3.895861837880907,0,0,0,0,1,0,0,0
11.500920656466603,57.541218192567996,2,7.304946967854158,1,1,0,0,11,1,0,1
2.0485680886779374,65.62857838931056,2,3.8391558984291487,0,1,1,0,3,1,1,1
1.7429793686874295,41.49614093454231,2,3.4956300573803123,0,1,0,1,6,1,1,0
10.309828688042828,42.420318518836176,2,7.053364148943279,0,1,0,0,6,0,0,1
7.972442438971502,66.1955854512285,2,5.51934203186354,1,1,1,0,5,0,1,1
3.6178238069093465,23.10226438437601,2,9.223564701263282,1,1,0,1,6,0,1,1
0.700534761303764,7.1456030720290755,2,3.27551695438709,0,1,0,0,6,0,1,0
1.2108130589850228,41.33431652744291,4,3.962328141068001,0,1,0,0,9,0,1,0
5.338883020747006,68.61746578131383,1,7.24393547485565,0,1,0,0,11,0,0,1
2.431000334114211,55.111193979736065,3,2.441799257477957,0,3,0,0,12,0,1,1
9.053891683699677,67.14583008246031,2,7.639384715851776,1,3,1,0,1,0,1,1
14.97416432393713,9.674113791536698,3,2.5850892356308566,1,2,0,0,8,0,1,1
8.190136749137144,56.30993616646983,4,6.2204471264220675,0,3,0,0,6,0,1,1
2.370423109865894,63.07729009284756,2,1.313897947069444,0,3,0,0,6,0,1,0
7.772060656495318,22.984051547786308,3,5.090259679976625,0,2,0,0,10,0,1,0
2.165016692963119,67.2411518109309,2,2.260939021230342,0,4,0,1,6,0,1,1
0.9142089870720137,47.76962206988414,2,8.852550474022975,0,0,0,0,7,0,0,0
0.1698174483096358,100.0,2,2.8567389744089704,0,0,0,0,11,0,1,1
2.4364953868495673,6.455278622065286,2,3.342285982038316,0,3,1,0,7,0,1,0
11.694135028169327,77.38228735349502,2,6.070851912605745,0,2,1,0,5,0,0,1
1.3655214838799639,42.116838069478526,2,3.798084742206523,1,1,0,0,7,1,0,1
1.1565916505855791,17.656965711199128,2,6.399906714038402,0,4,1,1,11,0,1,1
17.503009222853642,39.46089712870016,3,3.578219642668425,0,3,1,0,2,0,1,1
0.12661013150743286,55.54958482674932,2,3.4240980867948894,1,0,0,1,3,1,1,1
7.703808964726435,70.74933339130087,1,4.944882587838905,0,1,0,0,10,0,0,1
1.9383957686296707,84.43928576264351,2,2.5661389860797152,0,0,0,0,2,0,0,1
0.19104350277632698,78.43786177408685,2,5.7927327293349675,0,0,1,0,9,0,0,1
12.49315440095246,30.69235958591011,1,6.754597039739512,0,4,0,1,1,0,1,1
0.7520354054492304,72.60329384532234,2,6.105993279984875,0,1,0,0,5,0,0,1
4.012347488170758,57.82569914241748,2,6.2865617427565095,0,2,0,1,5,1,1,1
1.6013996641294819,36.90793958142024,2,1.150289560069333,1,2,0,0,1,0,1,1
0.33707488250930345,45.76178813045038,3,4.076704508281885,1,3,1,0,1,0,1,1
0.2560585183880736,35.80314681110552,2,4.545869668712575,0,0,0,0,6,0,0,1
0.6139843506745756,50.74184683872912,1,7.908905343591199,0,4,0,0,11,0,1,0
0.3702084080823715,35.4068423541176,2,3.8373852233200796,0,1,0,0,3,0,0,0
7.147222725520798,29.44011853565122,4,0.39653101441967475,0,5,1,0,11,0,1,1
3.3234420251778642,59.58238255565544,3,2.992060986006348,1,2,1,0,8,0,1,1
2.099535147310402,62.57461096519275,2,3.67761356522442,1,1,0,1,1,1,1,1
2.7095944921750705,46.24805999816776,1,0.6870357321446923,0,2,0,1,3,0,1,1
13.221627400000477,77.35302607871944,2,6.93740504141175,0,1,0,0,9,0,0,1
12.081670846601105,44.79138827009774,2,1.8608399356298828,1,1,0,0,8,0,1,1
6.2882126733355905,43.94450909748923,3,5.892043096464176,0,0,0,0,1,0,0,0
10.800325111453121,63.209779646913944,2,2.8152065486069304,0,1,0,0,1,1,0,1
1.925725041176145,47.351488301133266,2,8.013968734610154,0,2,0,0,7,0,0,0
2.3991331951697976,51.695954580522866,1,4.44769260444369,0,1,1,0,4,0,1,0
4.755862722530709,0.0,3,4.0417766908291455,0,1,0,1,1,0,1,0
4.885859045404103,50.3341476947595,2,6.056508893313317,0,4,0,0,10,0,1,1
3.286003706250211,13.456081250574798,3,2.9853990309585163,0,2,0,0,3,0,0,0
2.559613196654243,25.580988580022588,2,6.151092947788403,0,1,0,1,9,0,0,1
20.0,23.2935492248899,3,4.036662750327015,0,2,1,1,7,0,1,1
8.605301802257184,29.148336929323477,2,3.810796306779878,0,1,0,0,7,0,0,0
2.8544725023205086,39.022922807354945,2,4.824862579432106,0,4,0,0,4,0,1,0
6.49677701648775,40.270147689090294,3,2.820659128026656,0,0,0,0,2,0,0,0
1.570552524088403,63.285504085142506,3,4.618216630826663,0,0,0,0,4,0,1,0
0.5277433681106287,54.44775628269394,2,5.678970094245213,1,2,1,0,9,0,0,1
2.1726498341943845,11.978511423640285,3,0.3825172025644754,0,1,0,0,8,1,1,0
2.5789630284753233,51.66589275093615,3,7.1826150590752,0,0,0,0,6,0,0,1
0.08337694629061783,56.36510493166855,2,6.631956260255798,0,0,0,0,5,1,0,1
8.43137884995738,43.428669674940835,3,1.290845650867257,0,1,0,0,2,0,0,1
2.225137936919787,48.78228046186595,2,0.979135408622704,0,3,0,1,9,0,1,1
4.342483482430871,53.80620250794114,3,6.683813251202389,0,5,0,1,11,0,1,1
0.3842064527957367,65.2919919527116,2,6.52903781703211,1,5,0,0,11,0,1,1
0.9618402435807895,18.502400250745307,2,6.246069507982787,0,1,0,1,2,0,1,1
11.022472335056188,45.11365922720702,3,2.1461523929953636,1,3,0,0,8,0,1,1
4.691244383655862,80.16672196115458,2,8.657284447486965,0,2,0,0,5,1,0,1
15.007147376205083,78.33322616595913,1,3.4899982663689446,1,3,1,0,3,0,1,1
20.0,67.0187385555156,3,5.478953082036499,0,0,0,0,6,1,1,1
2.324961955166636,60.73649367911352,3,5.503558043677675,0,0,0,0,12,1,1,1
1.7748324785769518,83.09269496804177,2,8.185862305594712,1,4,0,1,3,1,1,1
9.772194004739543,88.35696003213332,2,5.250334599887488,0,0,0,0,5,1,0,1
20.0,47.418400239062954,3,5.831682711349061,0,3,1,1,3,0,1,1
4.966415529643944,30.611351134233598,1,4.845748245091834,0,1,0,0,12,1,0,0
7.927159934175011,44.5941536475101,2,2.606801222576604,0,1,0,0,7,1,1,1
7.610475549709892,100.0,1,0.3626788071260387,0,0,0,0,11,0,0,1
2.1951589017041675,18.612873145496117,2,5.065159749587969,0,0,0,0,4,1,0,0
4.269754148281779,40.58921720941166,1,2.175273818970443,0,1,1,0,8,1,1,0
8.950512451806803,21.746176950147373,3,5.700354430627743,0,0,0,0,8,0,0,0
5.825585729065979,52.495277257547706,3,5.297500174368312,1,0,0,0,11,0,1,1
0.10695489159873309,25.94617942210265,2,5.248867392094721,0,1,1,0,1,1,0,1
2.0526822449665234,47.82497954332764,2,2.894150761075069,0,2,0,0,3,0,1,1
0.7802038881548186,10.998096799624818,2,7.073088152722733,0,0,0,0,1,1,0,0
1.3261612445372224,62.352413301693005,2,5.949542194459229,0,0,0,0,6,0,0,1
11.79522050691586,74.4469051293595,2,2.6366004338708344,0,0,0,0,8,0,0,0
0.18795531111589342,42.32112755873082,3,9.137095167844528,1,1,0,0,12,0,0,1
1.2410294722385518,47.29739985848596,1,4.578417364830384,0,2,0,0,7,1,1,0
1.8521987444311825,46.731855385373755,3,2.3314269986823852,0,3,1,1,1,0,1,1
4.797088257201255,53.6182135045005,3,3.4832960314763435,1,2,0,1,12,0,1,1
3.818939438690587,49.23660826067143,2,1.982218276866786,0,2,1,0,2,0,1,1
1.2312260252846798,65.36233904861388,2,7.718853835373807,0,0,1,0,10,0,0,1
0.8970753270150439,74.66078266901891,3,7.160896653658375,0,2,0,0,4,0,1,1
1.3511629181832354,33.718575550156345,3,6.478959149472741,0,0,0,0,8,0,0,1
3.4910963765791845,43.813430144514065,4,6.102283803705701,0,0,0,0,3,1,0,0
1.5816272643157885,68.0323889784949,2,7.496684321632744,0,0,0,0,1,0,0,1
14.744482147000724,21.566619038819354,4,4.516011575156123,1,1,0,0,7,0,1,0
3.116848484810553,10.585574363088604,1,5.845324286958112,0,0,0,0,5,1,0,0
0.30297694911185313,54.52631905796957,2,3.3762169392320036,1,1,0,0,3,0,0,0
6.533099944890253,59.926928221409845,2,4.69310289511772,0,2,1,0,1,0,1,1
1.9937779979965313,35.55399624092816,2,5.90015434633478,0,0,0,0,12,0,0,0
5.299202593752389,38.4269789175909,3,0.0,0,1,0,0,12,0,0,1
1.639704256672275,34.796153565182024,2,3.7605784487305667,0,2,1,0,8,0,1,0
4.228505998864237,32.66149521311131,3,5.329974279548366,0,0,0,0,12,0,1,0
7.395393772813559,63.869916412091996,2,4.844967868117251,0,1,0,0,11,0,1,0
13.156052904363866,26.390030260047226,4,4.095207348508939,1,2,1,1,3,1,1,1
1.5131471106831214,44.68954277133302,1,6.1783038776149555,0,2,0,0,9,0,1,0
2.0387657508983463,31.89327664970295,3,3.5845752535838913,1,3,0,0,6,0,1,1
3.120591471276446,20.89422048197569,2,2.5561850800269266,0,5,1,0,8,0,1,1
13.098468740015129,67.40356349493541,2,7.3675322125791105,0,5,1,0,2,0,1,1
11.582753640952937,39.603495556529225,3,7.085297051874395,1,1,0,0,7,1,0,1
0.47088465142447766,53.76880160841514,2,3.8017018047947495,0,2,0,0,12,0,1,0
0.7074136084194655,19.838482403979796,2,4.8626108606266065,0,1,0,0,7,0,0,0
3.42102815148361,35.16121092487048,3,6.69197937471409,0,3,1,1,7,0,1,1
0.5637122136142307,65.12175761390012,2,5.088068653461496,0,4,0,0,7,1,1,1
2.120036331764199,100.0,2,6.060415213742695,1,5,1,0,3,1,1,1
0.8031058816635384,10.47567871219377,2,5.951133587453489,0,3,0,0,10,1,1,0
5.053561416191984,45.97784409421148,2,4.3616595656903865,0,0,0,0,1,0,1,0
14.928457430907391,58.24561196287,3,6.031848005362811,0,0,0,0,6,0,0,1
20.0,37.677996935214324,1,3.0701127479507644,1,1,0,1,8,1,1,1
2.351947578426977,66.99043973988248,2,5.788548636157111,0,2,0,0,4,0,0,1
4.569126830868356,32.66534658679374,3,4.851804687176653,0,0,1,0,10,1,0,1
9.699012069850667,53.076953204332824,3,4.2785591361694815,0,2,0,0,5,0,1,1
0.6247675704845274,39.55856191003281,3,2.5065282610733095,0,1,0,0,3,0,1,0
5.8488942106468835,74.38862165909545,2,5.263318521918381,0,0,1,0,2,0,0,1
2.6283738239516192,36.47270993928789,2,5.077060555312889,0,1,0,0,6,0,1,1
1.154279578186829,42.96252407426968,2,3.3207270756884695,0,4,0,0,6,0,1,0
2.577127759054009,68.9137807499431,2,1.8062563595624037,1,1,0,0,3,0,0,1
0.39500114394422936,29.43922681814273,1,1.711049798737081,1,1,1,0,3,0,1,0
5.943896537864593,51.37500113527145,3,4.491854020880881,0,0,0,0,6,1,0,1
1.456728334452886,13.549313126267968,3,5.612995278843579,0,0,0,0,3,0,0,1
1.8655146298455592,28.241330827418505,2,8.699943188601914,0,5,1,1,6,1,1,1
0.6453143752067005,57.64262551781607,2,4.909690309898971,0,5,0,0,3,0,1,1
9.999793004551899,30.186049809275353,2,1.7492278968430672,1,5,0,1,5,0,1,1
3.4006047502820764,39.10854136352417,3,4.586163663507458,1,2,0,0,11,0,1,1
4.2448765734779705,59.86172804095875,3,7.502729797037898,1,0,0,0,4,0,1,1
4.213257991105423,38.416277177061396,2,3.6344087829975065,0,2,0,0,5,0,0,0
2.642344394527824,66.45684146432716,3,7.237207154801782,1,1,0,0,7,1,1,1
1.0692463577689895,54.313255749721286,2,5.351449426069992,0,2,1,0,1,0,1,1
6.835062258602063,58.71366223849006,2,6.293763109041713,0,1,0,0,11,0,0,1
0.6794208790054563,74.81931197477064,1,8.717711996408086,1,1,0,0,10,0,0,1
0.5483700843154272,56.39646125228131,2,1.3254721852634526,0,0,0,0,5,0,0,1
6.191873053756386,80.77694580938689,2,6.793008366016478,1,1,1,0,1,0,1,1
1.1712564501307434,68.22524566075647,1,4.810597764237366,0,0,0,0,10,1,0,0
1.8319870671025207,39.530951403310866,2,3.1016389332927377,0,5,0,1,10,1,1,0
3.2239519037939655,75.86296150042543,2,4.798730726153786,0,2,0,0,6,0,1,1
2.983291358008835,55.277320418058906,3,8.381941886303087,0,1,0,0,10,1,1,1
6.164933755423441,42.10640582678993,2,7.669891959511306,0,0,0,1,7,1,0,0
4.883280443183032,55.56771390641765,3,0.9985710776173935,0,0,1,1,11,0,1,1
5.169689915836998,72.24653648780526,2,3.460320587968334,1,1,1,0,11,1,1,1
6.259767267675683,59.10090188484443,2,6.885788471138736,0,5,0,0,10,0,1,0
1.7308849710337215,86.44785665102796,2,4.956511844433935,0,0,0,0,11,0,1,1
1.945498611234493,71.73061115797644,2,4.963973320245537,0,0,0,0,11,1,0,1
2.8812471089659537,60.46320066804325,1,1.8633470884146988,0,0,0,0,6,1,0,0
1.8369620931708304,29.478638345176847,2,3.5090463154019447,0,0,0,0,8,0,0,0
20.0,46.405349719797584,3,2.283588505932172,0,1,1,0,7,0,1,1
8.411439092770495,51.43328279501703,3,1.6933650438370096,0,2,0,1,9,0,1,0
0.8995504630975346,63.932630024354935,3,2.484524033204946,1,1,1,0,2,1,1,0
0.028049308867048504,62.746660825443854,2,3.143804485107321,0,1,0,0,3,1,1,0
0.2186272160428784,53.390808204365726,2,3.4777730621838225,0,2,0,0,12,0,1,0
1.3989891813793942,52.406998307543425,2,3.3157405558791506,0,0,0,0,9,0,0,0
0.6068357374250977,64.40913790152139,3,7.040912146835201,1,1,1,1,4,1,1,1
3.8107514914887908,32.82827548740028,4,3.1857115899592827,1,2,1,0,2,1,1,1
9.759472895908507,83.91031638499713,3,7.852369384371263,1,0,0,0,5,1,1,1
6.673259835724783,9.056662296730579,1,4.032048244822082,1,0,0,0,9,0,1,0
1.2142386944276549,79.10818964344058,2,5.878397319501837,0,1,0,0,10,1,1,0
2.5482919930734775,49.09628943149676,1,5.9422861627977355,0,0,0,0,11,0,0,1
3.5453078216284983,70.05159628543188,1,3.204313158414406,0,1,0,0,2,0,0,0
8.30907606291132,57.27680868585225,1,4.3438188699846,0,0,0,0,5,0,0,1
9.135532490877862,56.920688218216036,2,3.994112326119293,1,1,1,0,4,1,1,1
12.024103144000858,61.08508952053042,2,5.744881425621656,0,2,1,1,11,1,1,1
3.5590538391722335,66.18108578175557,2,4.742311021164313,0,5,1,0,4,1,1,1
5.9253422226035655,43.4233834682552,2,3.503203452106038,0,4,0,0,12,0,1,1
0.5927937704316122,70.69598261052472,3,5.23811657731862,0,0,0,0,4,0,0,1
4.165368721893145,28.31058752842433,2,5.67923216625992,0,3,0,1,11,1,1,0
1.429696689288808,49.893388533477506,2,8.700089357085176,1,1,0,1,6,1,1,1
2.82567771293653,66.71939848544554,3,5.136252912191802,0,2,1,1,9,0,1,1
5.026299779708968,69.90035159231779,2,5.020016693617078,0,3,0,0,12,0,1,1
1.4852015413545323,59.21577696522802,2,5.856797220920008,1,0,0,0,8,1,0,1
0.2679800221458772,42.132151240885285,3,3.1011952746742826,0,3,1,0,12,0,1,1
0.05143291176106313,67.93415556737406,2,1.548980797929016,0,0,1,0,7,1,1,0
0.11204373266091905,36.61267521762493,2,4.375795816558356,1,2,1,1,8,0,1,1
0.04192395919014802,85.02818147497823,2,7.1441981959554814,1,0,0,0,1,0,1,1
0.5846641790316701,48.30658205000672,2,7.467103426337382,0,1,0,0,3,0,0,0
1.3688216395294246,19.20748611588079,2,1.2412305885370443,0,0,0,0,9,0,0,0
1.2501431532516574,26.10633063966896,2,6.332158960986933,0,0,0,0,2,0,0,0
20.0,50.87287273759175,2,0.6304039963446808,0,1,0,0,6,0,0,0
1.8264605782253482,52.796505426521065,4,5.918361109665172,0,1,0,1,8,0,1,0
0.6815091815783657,89.39313369902192,2,5.798718625793311,0,1,0,0,3,0,0,1
3.943474928820084,29.230013247715473,3,1.5520399409689132,0,4,0,0,2,0,1,1
9.758143281891254,50.78924398607862,2,7.000092286263374,1,4,0,0,2,0,1,1
5.666956282854394,28.811571858358867,2,8.487671802581838,0,1,0,0,6,0,0,0
1.7554676675421954,40.14690293573193,2,4.875039337995047,1,3,0,0,12,0,1,0
4.123302024329407,83.67944060138676,3,5.281999749953926,0,0,0,0,8,0,0,1
6.2738043633944045,27.273275536880185,3,7.958232405973812,1,2,0,0,11,0,1,0
6.511687248061967,61.74084848135668,1,2.74733593182404,0,2,0,0,6,0,0,1
5.491138642569559,57.85814718028783,1,2.7978450847542145,0,0,1,0,9,0,0,1
10.232371890034013,49.51657147283583,4,3.3212329921615975,0,0,0,0,6,0,0,1
10.205161878867647,60.38873246383475,3,5.074164208621985,0,1,0,0,12,0,0,1
4.324858832038712,26.799592361134227,2,5.068831688524961,0,0,0,0,6,0,0,0
2.8093348294038196,83.12645015607114,2,3.8934194494394925,1,2,0,0,8,0,1,1
5.1301136031902015,88.49690990247042,3,4.399039177084923,0,2,1,1,4,0,1,1
8.524570567783744,50.942093955186266,2,3.9208635300984938,0,3,1,1,8,0,1,0
0.028340692149891166,98.46212261227109,3,4.016399977238777,0,1,0,0,8,0,0,1
20.0,42.01944136900159,2,3.462957079442827,0,2,1,1,2,0,1,1
1.0099308547266321,58.0086398771256,3,3.47912052305163,0,0,0,0,5,0,0,1
3.1767408354163758,78.63778127549027,1,0.9981123301447994,0,1,0,0,3,0,1,0
10.279786727545222,40.81991079554181,2,4.552649811244033,0,2,0,1,11,0,1,0
1.2747218939322895,22.369018822411235,2,1.088841355565462,1,0,0,0,11,0,0,0
3.238911751250239,17.765658687622917,3,6.501118237414843,1,3,0,0,3,0,1,1
0.7111725192291275,91.21653127805317,3,3.88016431170968,0,5,1,0,6,1,1,1
2.513264932881387,39.419506987224445,3,4.761180842567345,0,5,0,0,12,1,1,1
0.9748183923834737,46.28526473163003,3,4.253580734496087,0,1,0,0,3,1,0,0
2.2598579309468283,27.74471843357891,2,4.511772449303545,0,2,0,0,8,0,0,0
2.337746951119782,68.96678558658377,2,7.526749631193436,0,2,1,1,5,0,1,1
20.0,34.3688028155083,3,2.2970071761454367,0,2,1,0,2,0,1,1
20.0,40.17473944677356,3,1.7533661553150313,1,1,1,1,5,0,1,1
0.6096308504505087,55.99040838832321,1,5.238744653327928,0,0,1,0,7,0,0,1
6.472566175140355,28.71908145508855,2,4.008240552521363,0,2,0,0,9,0,0,1
0.26566165700039385,46.42835460971549,2,5.719247842687892,0,0,0,1,1,0,1,1
0.15328590518021737,78.0441917900654,1,6.4331544794826305,0,0,0,0,11,1,1,1
0.5565234825463904,58.565087950337265,3,2.7873134868696297,0,2,0,1,6,0,1,1
16.831901512199153,52.610845848567166,3,6.206777686529628,1,2,0,0,3,0,0,1
14.139538789065945,54.2972941892773,3,2.9561130261609874,0,0,0,0,3,0,0,1
1.0779099374175114,42.21729808046872,3,5.1491503818762485,0,2,0,1,9,0,1,1
0.8817312361558631,89.92304639509851,1,2.52617255281239,0,4,0,1,11,0,1,1
1.375705774372202,33.756857389318654,2,5.264287514382656,0,3,0,0,12,0,1,0
3.6236742367538417,54.2185232392786,3,4.958245438156198,0,0,0,0,9,0,0,0
4.216417019303314,52.300511326856146,2,2.7941410227877097,0,5,0,0,5,0,1,0
1.2525315415998213,70.1752501426627,2,2.283177317304511,0,1,0,0,8,1,0,1
7.065713634229999,72.0634787758728,3,6.501277168193977,0,1,0,0,7,0,0,1
1.8520815520239267,49.359623910258584,3,4.0939990946432365,1,3,1,0,1,0,1,1
12.763657659377428,55.81332986226099,3,7.024061924464691,0,3,0,0,4,0,1,1
5.346083612191723,56.570695078278966,3,3.9132125403506546,1,0,0,0,4,0,1,1
2.866619531841706,4.557166888587858,2,7.6043594712384195,1,1,0,0,5,1,0,1
7.801143982634723,18.22020795044449,2,3.103220890024339,1,1,0,0,10,0,0,0
8.516398071184367,37.89872618556059,3,7.945493115022416,0,0,0,0,3,0,0,1
1.7158442843371515,38.76802647246262,3,5.348743726116124,1,2,0,0,6,1,1,1
2.075415140638018,26.014351560717355,2,5.799593481537423,0,2,0,0,6,0,1,0
13.740858590118101,64.9916514274726,2,2.991950773111146,0,0,0,0,12,0,0,0
0.9000673425805763,50.04236842034945,3,6.458430365861574,0,0,0,0,2,0,0,0
0.2153226239121375,45.70610905226326,2,6.527856264822345,0,1,0,0,11,1,1,1
3.0261881591575666,24.876894509852264,3,4.351130284949573,0,0,0,0,10,0,0,0
8.077528930089898,49.10910271510423,1,0.7320092159985663,0,0,0,0,7,0,0,0
7.3847751720923185,0.0,2,2.7733428681732653,0,1,1,1,4,1,1,0
12.59939325174507,46.74087378388318,3,2.7730386772160824,0,1,0,0,4,0,0,1
3.8092790090602597,51.26367337615512,2,5.898705635082695,0,1,1,0,12,1,0,0
0.5271618776791681,54.83829968642997,2,4.069935320959714,0,2,0,0,11,0,0,1
4.4420279861953045,18.7179647304144,3,4.108780567455499,1,1,1,1,1,0,1,0
7.534307667399933,54.49633473382949,3,3.8673754602771653,1,3,1,0,6,0,1,1
0.4898732933716793,29.17137460270915,2,7.938580555643917,0,0,0,0,5,0,0,1
0.9476820131521219,33.75060335415332,2,5.090703921659696,0,1,0,0,3,0,1,0
0.061834079850860695,64.3586277164533,2,5.395480671166594,0,2,1,0,4,0,1,0
4.502733848240289,90.28227446719488,2,3.7612209771240224,0,2,0,0,5,1,1,0
10.890098523265053,51.0271751760536,2,4.940722685985607,1,3,0,0,7,1,1,1
5.553373479357203,33.65809082719535,2,3.048621314589571,0,0,0,0,6,0,0,0
20.0,53.77340895019997,2,5.687449355115859,0,0,0,0,7,0,0,1
0.32553956271587103,68.7805831499829,2,2.706892844053939,0,1,1,0,9,0,1,1
11.66527743835079,62.419951317454704,2,6.488439691198317,0,2,1,0,6,0,1,1
8.411879045837832,100.0,2,3.530095454456479,0,3,0,1,4,0,1,1
1.8861489197333892,35.693248618106665,4,6.896785625976407,0,1,0,0,4,0,0,1
18.158065022031252,55.04462959838596,4,8.814588515363953,1,1,0,1,5,1,0,1
1.6979496952431383,80.97835906836406,2,5.002202223050317,1,0,1,1,1,1,1,1
11.004870562598333,79.72318474037064,3,7.623230244285779,0,0,0,0,12,1,0,1
10.632606084964815,10.998441469512386,3,6.502897897970838,0,1,1,0,7,0,0,1
7.087018726483731,49.93284759920038,2,2.134435921928415,0,0,0,0,4,1,0,1
4.144496314748682,79.690415316974,2,5.221855555037015,0,0,0,0,1,0,0,1
0.6391824803970594,100.0,2,6.002397411378445,0,0,0,1,12,0,1,1
3.796132942566371,64.07591767501637,2,6.1954306308525915,0,0,0,0,9,0,0,1
2.2064686985116007,42.64273412607032,2,5.356413609949985,0,3,0,0,8,0,1,1
7.856305863314721,29.8159369512522,4,5.3306227926544425,0,0,1,0,9,0,0,1
7.096758032753727,94.37486715061698,3,5.010174716230468,0,0,0,0,8,0,0,1
12.073872550433894,64.57483172931518,3,5.2663521719873705,0,1,0,0,10,0,0,1
0.07470614373072437,33.03866146229165,3,2.552642059401909,0,0,0,0,4,0,0,0
8.280111996101558,45.93687267332437,3,4.527578438042643,0,2,1,0,7,0,1,1
13.940506360432934,56.20373033657408,2,2.094037290376943,1,0,0,1,1,1,1,0
7.7866104483974325,60.876133077762354,2,4.004744634492048,0,0,0,0,5,0,0,1
0.6974280470477568,32.007626849084204,2,3.818388897798223,0,0,0,0,10,1,0,0
0.42386453847626837,37.71619163749015,3,3.690674052658919,0,1,1,0,10,0,1,1
0.10532784537686346,16.941308752540806,2,2.8959836844219047,0,4,1,0,9,1,1,0
4.954333646127727,70.79524579209564,3,5.538554547593774,0,0,0,0,8,1,1,1
4.9668396988953845,43.16763066459368,4,4.363859388576278,0,1,0,0,9,0,0,1
20.0,59.32643298366584,2,4.159147488494,0,0,0,0,2,0,0,1
2.537847770130245,78.44517017152654,2,2.1848520110074467,0,2,0,0,6,0,1,1
2.0166341160794388,54.397402847478915,3,4.404277615606021,1,2,0,1,2,0,1,1
4.89648450077997,47.74059048101864,1,7.29106559983193,0,0,0,0,6,0,0,1
8.732267482124389,53.878429537678684,2,7.321612619720682,0,0,0,0,4,0,0,1
13.80519435832497,51.263872077004535,3,5.747025159436891,1,1,0,1,5,1,1,1
8.125910170650672,74.9232999575589,3,4.409692049760322,0,2,1,0,5,0,1,0
2.781503774060747,56.2167679507758,2,6.117965660449052,0,4,0,0,12,0,1,1
5.038114906267069,39.11197960842175,3,3.665292823646617,0,3,1,0,7,1,1,1
9.700114002822403,70.956981137795,2,4.401495488233238,1,2,0,0,5,1,1,0
3.372703678413505,74.60968712716704,3,3.5149551148058213,0,0,0,0,10,0,0,0
1.2211123171993399,23.23338746359073,3,6.81673285432818,0,0,0,0,1,0,0,0
0.9299821428447373,80.6556776953621,2,6.560011921983273,0,0,0,0,6,0,0,1
0.0007887851052062069,57.29423546416971,2,4.930635481908013,0,1,1,0,12,0,0,1
6.333462591039501,55.66539900293197,4,8.462504618581129,0,3,0,1,9,0,1,1
0.5888369786521352,70.13249263193029,2,5.825029161541893,0,1,1,0,11,1,1,1
1.3975054717895077,38.66047217991442,2,5.712455092672624,1,0,1,0,7,0,1,1
1.768228622748865,69.08329028381849,2,5.498240493080177,0,0,0,0,5,0,1,1
4.109221217182585,42.464490605242894,1,2.4754263645335124,0,1,1,0,7,0,0,0
2.5371343412209724,20.500986405793235,3,3.211440337185259,0,2,0,0,4,1,0,1
5.6146374897764515,30.044874417861315,2,4.890724092627579,0,1,1,1,11,0,1,1
0.2862320497094157,61.34043665806453,3,4.907233042457398,1,3,1,0,7,0,1,1
0.6615988875728733,31.090633200106836,2,6.179525400420872,0,1,0,0,7,1,0,0
3.4578571488705045,82.20152246379298,3,3.664265781891239,0,1,0,1,7,0,1,1
2.0546358993498597,73.78566906879286,2,5.141373401513087,1,1,0,0,9,0,1,1
1.7535592411564338,76.6687833206593,2,5.177120262206966,0,0,0,0,1,0,0,1
0.3469008700954912,52.49557159354824,4,5.25639016355225,0,0,0,0,4,1,0,1
11.303338880695941,55.15723234589919,1,5.032829034106563,0,2,0,0,1,0,1,1
5.885333316585331,26.12576291511445,2,2.1923199628960077,0,3,0,0,9,1,1,0
0.6483693938626428,69.9156702031498,4,0.47756307268443976,0,0,0,0,7,0,0,0
0.33628951780762534,57.59666910074171,3,3.1164727283854807,1,2,0,0,6,0,1,1
18.418968727653088,61.346112505845205,3,3.937753954402191,0,4,0,0,1,0,1,1
5.715526165054014,83.76623622905764,1,2.643096261899124,0,1,0,0,1,0,0,1
2.7017534097723086,37.8807403210498,1,4.888652262251301,0,1,1,0,12,1,1,1
6.04879825864357,47.477169002453635,1,7.180213937576397,0,0,0,0,6,1,0,0
7.059738798429884,56.533418430843355,4,6.452066330855759,0,2,0,0,3,0,1,1
7.569779700316166,31.291291890825864,4,5.932666590827221,0,1,0,0,1,0,0,1
3.249263360384902,46.248023574463204,2,6.970621477325006,1,2,0,0,3,0,1,0
2.809566259020241,59.85899620933939,2,3.15075391133954,0,1,0,1,4,0,1,1
0.055446721972338096,43.49157457254338,2,4.086407460658152,1,0,0,0,3,0,1,1
13.05623625801848,76.17978819458224,2,6.2296937261164445,1,0,0,0,6,1,1,1
4.622974057374498,19.78150876366012,2,4.050939981656012,0,0,0,0,6,0,0,0
1.135468823155609,72.45542480466683,3,4.160347019697739,0,0,0,0,12,0,0,0
12.603918169095094,63.2237094963201,3,8.724838243818535,0,3,1,0,5,1,1,1
12.321515938010634,38.62342824886818,3,5.190884155726645,1,1,0,0,5,1,1,1
20.0,31.51182863540004,3,8.527252400401474,0,1,0,0,5,0,0,1
10.359611933120224,8.394347655150966,3,1.3534066671944602,0,1,0,0,1,0,0,0
20.0,34.09649975172332,3,3.7382673907934114,0,3,0,0,5,0,1,1
1.403109856098377,70.94353310005994,2,5.817633161303855,1,0,1,0,7,0,1,1
9.23370574041198,48.87828547442651,2,5.187465159546159,0,1,1,0,3,1,1,1
8.658827479493901,73.25961760783683,2,0.888907473605828,0,0,0,0,3,1,0,0
1.3129337810194788,37.60257858750896,3,4.540841638855565,0,1,0,1,9,1,1,0
0.5181298209840253,64.14212320213126,4,9.946035193237407,0,1,0,0,9,0,0,1
19.417302544632978,35.65002795831157,2,5.493825543660194,1,1,0,1,10,0,1,1
1.7550589887563333,30.68849987580322,4,6.208871999997575,0,0,0,0,11,0,0,0
10.235521963309168,47.857455656586474,1,3.7121136641497148,1,2,1,0,10,0,1,1
0.020678474416995767,36.70066977360007,3,5.486568294792682,0,4,0,0,9,1,1,1
0.10624488059269348,19.143557019255752,3,4.975343603529358,1,3,0,1,7,1,1,1
3.1355923705296984,46.353705985660135,3,7.237628863477816,0,3,0,0,3,1,0,1
1.3637353441529316,52.12870832862578,4,7.174001773559654,0,2,1,0,6,0,1,1
5.853355618041535,75.36717222992135,2,5.81503228964148,0,3,1,1,7,1,1,1
4.168536951360032,68.7361135426612,2,5.14193163118909,0,3,0,0,7,1,1,1
0.40326253734171597,74.39886398465663,2,1.641784928207917,0,2,0,0,1,1,1,0
0.8874360832417622,64.40714996787017,2,1.572089125809013,0,0,0,0,7,0,0,1
2.455517531710198,56.652255178999496,4,5.163821826795035,0,0,0,0,12,1,0,0
1.0265431166021162,25.42110187056215,1,6.749268222923311,0,1,0,0,9,1,0,0
7.856433740893261,52.99744395870549,3,7.663492113912342,0,2,1,0,11,0,1,1
2.6898728487242227,61.93587554661629,3,3.220522499252758,0,0,0,0,9,0,0,0
0.4904454546523079,79.14875898740873,2,1.9815228127174427,0,3,1,0,1,0,1,1
3.311566368458709,63.72577083463627,2,6.865918305789164,0,0,0,0,3,0,1,0
0.47616091006893596,74.80766869210844,2,3.3706164658032813,0,2,0,0,6,0,1,1
0.6902066235993014,29.36004217269522,2,1.8458634646543692,0,2,0,0,1,0,1,0
1.3696179926268626,43.4716474770381,2,4.012643683761798,1,1,0,0,5,0,0,1
9.813725000132536,58.587014273225414,2,3.9778020665515093,1,0,0,0,7,1,0,0
12.925571145477413,73.21905381485124,2,7.640342152614695,0,0,0,0,7,0,0,1
8.750911404455826,47.09542708322161,3,6.7312678293630706,0,1,0,0,3,1,1,1
2.0329077861619442,48.35108081701693,3,3.5252257944733385,1,1,1,0,5,1,1,1
1.5903383108869162,63.742806120059576,3,7.795908685112085,1,0,0,0,5,0,1,0
3.983166057370916,27.482583457097512,2,5.2500517158287066,0,0,1,1,8,1,1,0
6.398030526092931,82.14809099646858,4,7.1216712705881875,1,1,0,0,1,0,1,1
20.0,32.4172781378463,3,7.654357016244424,0,2,0,0,4,0,1,1
0.7053455750696911,11.628211528813935,4,4.474814199860943,0,3,1,0,9,0,1,1
0.25274153886766887,50.20134017045161,2,6.142639148254034,0,1,0,0,11,0,1,1
5.926669449065783,83.9691740475113,3,4.186483071133165,0,0,0,0,7,1,0,0
8.925680764584417,61.7290626066722,3,6.860204523838536,0,0,0,0,4,0,0,0
9.365350247220789,65.02181086007266,2,5.180550287607446,0,0,0,1,3,0,0,1
5.673221820276046,50.82771524614228,2,6.920644438131394,0,0,0,0,8,1,0,0
15.39728754667199,46.95245005457646,3,8.049513327636925,1,2,0,0,2,0,1,1
3.57701265477343,19.10181260813769,2,6.094463663589943,0,0,0,0,11,1,0,0
12.256283952421258,4.8122748419162775,2,4.8130802885162955,0,0,0,0,2,0,0,0
17.180829113442563,53.92544676881727,2,4.8463442468200055,1,3,0,0,4,0,1,1
9.391735091238044,76.25098388680452,3,0.0,0,2,0,0,8,1,1,1
1.8535691713681604,56.88267409656131,4,3.5744113603373115,0,2,0,0,11,0,0,1
1.0921213431498924,62.47199054104027,2,6.865147040670684,0,2,1,0,12,1,1,1
3.971693824633411,81.6743509127908,3,6.939762414029671,1,3,1,0,12,0,1,1
3.0166672144193454,56.57533702882116,2,3.530864683798944,1,2,1,0,8,0,1,1
10.50877695875445,47.54689799384761,3,5.329149235477471,0,3,0,0,10,1,1,1
0.5269785317581337,33.6295038869987,2,4.6214671558410245,0,2,0,1,3,0,1,0
1.4902788774024023,90.44425125944173,3,6.379204757418585,1,0,0,1,12,0,1,1
6.967580768385967,60.530955583073606,2,9.417229526691797,1,1,1,0,7,0,1,1
0.4990278922997327,31.127965681613382,2,6.416937156003848,0,0,1,0,2,1,1,1
1.9339362569826597,26.576646643975263,2,3.6596450908601716,0,3,1,0,11,0,0,0
2.4482193641148275,75.06127453857826,3,4.843160943818654,1,0,0,0,10,1,1,1
4.872166044410048,29.251166071833488,4,7.803856506205464,0,5,1,0,3,0,1,1
0.8606640681689575,87.07668315004442,2,2.1826461512313795,1,1,1,0,3,0,1,1
9.852199965761804,0.0,2,3.769884669022282,0,0,0,0,6,0,0,1
2.966891463975458,78.45190395579954,3,6.419927864013419,1,4,1,1,8,0,1,1
12.445881471641282,59.73789622323929,3,7.588662506410785,0,2,1,0,11,1,1,1
3.154336481434696,52.37188846113748,2,6.217935804547225,0,1,0,0,6,0,0,0
1.608195776213557,46.49083129916474,2,3.7866101695653884,0,0,0,0,11,0,0,0
0.7647584951385539,87.81459697188059,2,6.073070602652785,1,4,1,0,6,0,1,1
0.018760625685228727,64.14117716802407,2,5.828585533473161,0,0,0,0,10,0,0,1
3.798117730366601,31.935927822090974,2,5.70164353404584,0,2,1,0,12,0,1,1
0.5667209299264615,15.621800879422373,2,4.805852646075319,0,0,0,0,4,0,1,0
2.4856637002187174,53.545944262946165,1,5.1059886163712545,1,2,1,0,4,1,1,1
4.449117513714599,49.97857732925171,3,3.1850002789224847,1,4,1,0,4,0,1,1
1.6126506831124958,19.602639252489816,4,9.960408449994986,0,1,0,0,9,0,0,0
0.9632189957268139,48.892129490353284,4,5.313998881354379,0,2,0,0,5,1,1,1
7.452092043360974,38.521307338515996,3,6.097024562101621,0,2,1,0,9,1,1,1
14.66765480922075,50.185801366133894,3,4.564177567143316,0,1,0,0,8,0,0,1
0.5292499430506574,64.51847223296804,2,6.6906206587589026,0,0,0,0,5,0,0,0
0.845587522527078,79.8521989492807,3,2.40313411687573,1,2,1,1,6,0,1,1
16.095961531305605,68.17778072738574,1,1.5087889289716707,0,0,0,0,10,0,0,0
0.19258275908906558,35.57118500339589,3,4.939056985151682,0,0,1,1,4,0,1,1
19.000694795564836,57.37830257658389,4,9.108110550235462,0,0,0,0,2,0,0,1
0.023276511045212254,51.26214242984048,3,7.416641669079588,0,0,0,0,6,0,0,1
10.34423553316847,23.35742090738198,2,3.3831071405391193,0,1,0,0,10,0,0,0
1.8359731327637705,57.96465569384545,3,6.032174819946187,1,4,0,0,1,1,1,1
13.950819986904815,87.13344675835428,4,3.728021044338883,0,3,1,0,1,0,1,1
1.9059015906642118,50.64853208374008,2,5.852833374888604,1,2,0,0,5,0,1,1
5.311011092032338,18.11634640549199,3,6.008787752492075,0,1,0,0,2,0,1,0
0.41708505742605073,50.605373422172384,2,6.852958241796267,0,3,0,0,2,0,1,0
1.387535477426206,25.725756020534995,3,1.8686726056847829,0,0,0,0,6,0,0,0
7.429012321984474,67.27211013772575,1,2.4688240222902946,0,1,0,1,9,0,1,1
3.7611521498444804,60.49729983450258,2,4.848858884190083,0,2,0,0,4,0,1,1
13.153297774287081,46.58179893050514,3,2.935153328670895,0,1,0,0,6,0,0,1
2.7996540107227954,43.37671468288357,2,2.7805558600301543,1,2,0,1,1,1,1,1
10.193892646237462,45.75531396768906,2,5.5437147584458675,0,0,0,1,6,0,0,1
2.979697986897051,50.16548988684641,2,3.1679288711072644,1,1,0,0,10,0,1,1
19.375630408123705,34.55529957316916,3,9.515313780776916,1,3,0,1,1,0,1,1
16.073719539890284,22.244938379971263,2,3.933668025412194,1,1,1,0,2,0,1,1
1.9959494841488576,72.77397893389296,3,4.459535831584615,0,2,0,1,9,0,1,1
10.85443748447042,42.291980470060835,3,5.595081081034274,0,0,0,0,4,1,0,1
9.406606362378984,53.34086208338288,2,1.9840892377085062,0,1,0,0,8,0,1,0
1.1829198353030472,55.70563902334989,3,6.01700902433069,1,2,1,0,4,1,1,1
4.8946938825553685,56.44040959310428,1,5.682935299667774,1,2,0,0,1,0,1,1
0.37729535247981166,26.523640058031518,2,4.3013889692445995,0,3,1,0,4,1,1,0
9.06115965391953,16.48319670896305,2,5.547854615192566,0,0,0,0,8,1,0,1
0.9591079992406493,38.226149506160155,2,5.856565025647939,0,0,0,0,4,0,1,1
0.36723549881332096,57.914230648339064,2,7.870381424600599,0,0,0,0,4,0,0,1
2.555954248421047,35.44100265051374,2,10.0,0,1,0,0,5,1,0,1
4.300995236850914,42.90157292601533,3,2.8769980247306552,0,1,1,0,4,1,1,0
9.652245004518,92.54594827499136,2,2.4053051801169123,0,0,0,0,6,1,0,0
18.29515211496172,13.091522303909287,4,5.205499222616031,1,0,1,1,9,1,1,1
2.89456339037703,34.89932008179003,2,0.8421630386412531,0,2,0,0,3,0,1,0
0.31175483382299823,87.93208137147857,1,6.298830463651008,1,2,1,0,1,0,1,1
6.913814600539069,49.10802656009553,2,5.226161526145715,1,0,0,0,8,0,0,1
4.1640380870101055,35.88029669002179,1,5.734573198522754,0,1,0,0,4,0,0,1
2.9700520651271,73.3753783402224,3,4.392856129760107,1,2,0,0,9,0,1,1
1.8500232320651961,51.10460872962223,2,5.510031531936804,0,0,0,0,5,0,0,0
3.4897788952387443,43.03383209911988,2,5.944479155287737,1,0,0,1,1,0,1,1
2.067584215939327,53.84737854075022,2,5.4000468113331825,0,4,1,0,6,0,1,1
7.073713376503643,36.83782381234468,2,2.309802769074915,1,2,0,0,12,1,1,1
3.9251468745486706,29.65017874223843,2,5.344011654403042,0,1,0,0,8,0,0,1
10.471670401563415,47.72806144730503,1,8.70792937209967,0,0,0,0,8,0,0,1
3.9213139107469703,29.78006079847986,1,5.481784116959727,0,1,0,0,10,0,1,1
1.3607657853392163,50.21386623592961,2,5.274111225536329,0,3,0,0,12,0,1,1
9.522129112626743,57.08813134948678,2,8.120075315781651,1,5,0,0,9,0,1,1
4.073400446515366,67.06120912103222,3,3.508768884470255,1,1,0,0,8,0,1,1
1.1586581056134078,72.55849971033655,2,6.779355280173544,1,0,0,0,11,1,1,1
4.8842898776648145,41.885269967354965,1,3.9396852938956517,0,0,0,0,8,0,0,0
2.2136294823980056,59.98829215878139,2,7.173166686690273,1,1,0,1,1,0,1,1
9.302513683017066,59.85046892412713,2,6.596096308935127,1,2,1,0,11,0,1,1
3.019272975124276,56.556374316319676,1,4.17544227334556,0,3,1,0,2,0,1,1
6.481196336666384,40.41081178099083,2,4.468077747334116,0,0,0,0,5,0,0,1
0.502065027510953,29.438643750717787,2,6.955623082836455,0,0,0,0,8,1,0,0
2.521106951536612,60.04003778133119,2,1.2890981975533644,1,4,0,0,1,0,1,1
20.0,15.862748756138998,3,4.1161417802106035,0,1,0,0,11,0,0,1
8.26330063102072,44.64321134863378,3,6.240834967249033,0,2,1,0,10,0,1,1
0.8714145812760261,0.0,2,4.383786457210028,1,0,1,0,7,1,1,0
1.6270169609958862,23.27195153283473,2,5.26972676041385,1,2,0,1,12,0,1,1
2.0010134611193124,32.45732123105151,3,0.9176981086791889,1,2,0,0,7,0,1,1
5.2543356444201486,71.93448415258568,3,3.291043808660908,1,4,1,0,10,0,1,1
7.07336134993969,63.76216048808538,4,6.358905344303618,0,0,0,0,1,0,0,1
6.922012934426621,38.92130632315515,1,3.497985245871173,0,0,0,0,7,0,0,1
3.5654644647868583,64.58739590259502,2,2.3950805783559743,0,1,0,0,6,1,0,0
8.325295895990209,67.75245926760793,3,7.123217065909191,0,2,1,0,4,0,1,1
2.8730717548573885,46.78670303250557,3,6.0313681081394055,0,2,0,1,9,0,1,1
0.6612642817626588,22.312437115726198,1,2.8229332943658183,0,0,0,0,4,1,0,0
4.155634738784434,45.841753798677715,3,5.277007688864197,0,0,0,0,2,0,1,0
15.214264543930053,48.04215189655727,2,2.8881044105494262,1,0,0,0,4,0,1,1
7.87502908292838,25.350912183395483,1,4.695081886248769,0,3,1,0,4,0,1,1
4.322058236821106,57.34093585859936,2,5.351976379050921,0,0,0,0,9,0,0,1
5.203684181420969,55.596237086047104,2,3.383007201599209,0,2,0,0,7,0,1,0
13.336607001182976,58.900853997883736,3,6.484665867050479,0,3,0,1,11,0,1,1
2.7960787910958027,55.57846194334887,3,6.794703404643312,0,1,0,0,5,0,0,1
2.0128026943519677,64.59686070229967,3,5.5271310497997135,1,3,1,0,7,0,1,1
18.91409716546032,46.41343944253937,2,5.827964303080803,0,2,0,0,12,0,1,1
9.955070733963531,54.035702147419066,1,2.0943423232625142,0,3,0,0,12,0,1,1
1.9507419359743534,42.04519431508936,2,7.724374453687055,0,1,1,0,4,1,1,1
3.1160593419174387,38.31001568756099,2,4.8173500238870615,0,0,0,0,6,1,0,0
2.6813849726443846,76.76499261524151,3,3.1294872697491685,1,1,0,1,1,1,1,1
0.8072779380041863,9.124625969470074,2,5.29167162491185,0,1,0,0,4,0,1,0
15.82896536539948,67.53519978308529,2,6.490939984777766,0,1,0,0,6,0,0,1
2.590194814103345,37.58918249108679,2,6.02469913410794,0,0,0,0,4,0,0,0
10.41038837164809,34.99923644713758,2,2.8306192704231377,1,1,0,0,6,0,0,1
1.049632831726919,55.23154968130814,3,6.515275779034996,0,2,0,0,10,1,1,1
3.968936614067803,20.207807752979946,2,4.87868183640162,0,5,0,0,5,0,1,1
0.12126564464920483,33.679538561075944,3,6.002408364768243,0,2,0,0,4,1,0,1
7.22429082106251,33.01720706974016,3,3.3968969988374003,0,0,0,0,4,0,0,0
4.348394433626245,45.5720348362981,2,7.091823178773304,0,0,1,0,4,0,1,1
4.9120135641832166,33.91724623678623,2,5.365431052529644,0,2,0,0,9,0,1,1
0.26553196188737754,82.02237371278538,3,7.37764662827646,1,2,0,0,11,0,1,1
1.185187700311863,85.94033032995908,1,1.9302637822877555,0,1,0,0,9,0,0,0
0.38619210872219567,9.560129545038734,3,2.197161760769974,1,1,0,0,11,0,1,0
1.7048117210449298,60.886454095314726,2,4.519944306729387,0,3,0,0,12,0,1,1
4.93677258400025,67.17326878155149,2,7.935250039945563,0,1,0,0,10,1,1,1
4.1756968601135664,60.859704047822106,4,8.925621795347451,1,1,0,0,1,0,0,1
4.73568076054124,36.83773013816611,2,3.223147401850401,0,0,0,0,11,1,0,0
3.9842261874296288,45.11808875682917,2,5.106094063222946,1,1,0,0,8,0,1,1
1.5943420557035908,35.03450690444609,1,5.310303950561311,0,0,1,0,4,0,0,0
1.4019271050206128,41.59471937682343,2,6.4363152260761085,0,0,0,0,11,0,0,0
0.7370487425090713,25.80069942665648,2,6.769925332824975,0,3,0,0,4,1,1,0
9.45472461288849,47.70422356730899,2,2.7712036141766636,0,2,0,0,1,1,1,0
4.791809178706286,19.943965773898604,2,5.129186720434744,0,1,1,0,9,0,1,1
1.0321144480233335,45.997308915437245,4,0.98296415246016,0,0,0,0,11,0,0,1
0.9752676057414217,25.02836621800471,2,6.621582566080809,1,1,0,0,12,0,1,0
10.31924279399976,54.13632723582808,2,4.322760263351926,0,0,0,0,1,0,0,1
6.788162596656399,36.411608781142185,2,2.5892358413958756,0,0,0,0,9,0,0,0
5.385219046818452,55.811606957490746,2,5.665093619913624,0,3,0,0,12,0,1,1
2.6116587262925983,71.63161456729564,2,4.260261513989007,0,1,0,0,5,0,0,0
1.5188917209804838,81.78893872209416,2,7.522922061552447,1,2,0,0,1,1,1,1
19.424657365866864,0.0,4,3.2148357289075706,0,3,0,1,12,0,1,1
7.978650847092289,33.316118122524344,2,9.44591040012187,0,0,0,0,3,0,0,1
1.796099635000627,43.93827845775972,2,6.709111085926699,1,1,0,0,3,1,0,1
9.405078334285099,59.20655636762966,3,7.575388826368344,0,1,1,1,1,0,1,1
7.1133800722860085,16.99290991690941,1,2.9423275969030978,0,0,0,0,12,0,0,0
1.762564869662918,30.358151863995687,3,8.576918754267519,0,0,0,0,12,0,0,0
2.7804475374980395,52.6071440531422,2,2.574905109183466,0,4,0,1,12,0,1,1
1.028688611103516,51.697764830533345,3,4.58037660709285,0,1,0,0,12,0,0,1
0.5885851887983279,57.55236812840186,3,7.60931325481352,1,1,0,0,11,0,1,1
6.41439527188853,58.873514537762325,3,6.013538145008949,1,1,1,0,3,0,1,1
1.5565406286787251,56.77188866231725,2,2.5216761654080764,0,3,0,0,6,0,1,1
8.575641460962583,53.87310633262985,3,7.270820123685304,0,2,0,0,11,0,0,1
20.0,51.114795466527355,2,5.679908905485075,0,1,1,0,9,0,0,1
0.3985711335988265,63.29526179448725,3,4.1675995278901325,0,1,0,0,11,0,1,1
3.2031069183738308,5.2135466687154945,2,1.9159814879007584,0,1,0,0,3,0,1,0
8.099021271637092,80.88666973942469,1,5.869501059745655,0,0,0,0,8,1,0,0
7.778322273833007,5.910358982393518,1,4.673144394067148,0,2,1,0,2,1,1,1
7.135522577113051,28.41676366191016,2,5.31261869749447,0,0,0,0,9,0,0,1
2.146189284648271,45.464784066997105,1,1.8295972796588167,1,0,0,1,5,0,0,0
3.024337884329044,63.45225782179685,3,4.162685883287306,0,2,0,0,9,0,1,1
4.5189504245326395,0.0,2,5.960609243083023,0,0,0,0,7,0,0,0
18.236880504921317,49.43751352116331,3,8.752929222609463,0,0,0,0,9,0,1,1
1.9841173066752495,65.84790078831469,1,4.589436754298739,0,0,0,0,2,0,0,0
12.829101384604824,69.89036232056954,2,7.8865981181362415,0,0,0,0,2,1,0,1
1.569150993175009,36.053406830050825,2,6.5746968416996925,0,0,0,0,3,0,0,1
20.0,43.983294260899356,2,5.467569932506697,0,1,1,1,8,0,1,1
5.547309974628599,37.67703742214744,2,2.9753164326677712,0,1,0,0,12,0,0,0
3.113550578791631,42.14650692947831,4,3.0590429129380876,1,3,0,0,12,0,1,1
4.751699766188266,29.3634689854313,2,6.2350817414131985,0,2,1,1,7,1,1,1
1.5909206244792151,32.21495675058164,3,3.9470088517895743,1,4,1,0,7,1,1,0
1.6022238299595295,58.68753844056736,2,3.7692745624678006,1,5,1,0,11,0,1,1
0.6026784126948549,52.632307465454836,3,4.6387793219314135,0,0,0,1,8,0,1,1
0.6054754970384326,59.83173015180947,2,4.672338339321616,0,0,0,0,5,0,0,0
2.1360368987311316,54.280287794016736,4,6.801535952387374,0,1,0,0,10,0,0,1
7.195427628962966,64.08677202295192,2,3.9890046034795787,0,1,1,0,3,0,1,0
4.682099449254949,67.56427996309989,1,6.602480072048632,0,2,0,0,1,0,0,1
0.5411819034874203,15.165667602677921,2,5.879410268108807,1,1,0,1,9,0,1,0
9.560712126689289,32.91380699171275,2,1.6520080252758973,0,0,0,0,8,1,0,0
4.598578288588853,45.372480850199224,2,5.589015325966614,0,0,0,0,1,0,0,1
16.20248656650881,49.54644949025318,2,0.0,0,2,0,0,5,0,1,1
5.546124024868188,36.59818852363933,3,3.2095534766960268,0,0,1,0,10,1,0,1
0.9629193555918627,68.24047341976612,1,5.926153693124497,1,1,0,0,12,0,1,1
3.210211461522889,89.59896736581197,2,4.97871379948125,0,0,0,0,9,0,1,1
5.2276936644809044,53.72323911163468,2,1.4642157880769173,0,0,0,0,8,0,0,1
0.14335918896155508,51.686820643964225,3,2.7616764660529043,0,3,0,1,11,0,1,1
0.07511269789356181,66.98912510208662,1,0.0,0,1,0,0,5,0,1,0
0.6928804822839703,12.683204895931283,2,2.3148734859114324,1,2,0,1,2,0,1,1
1.449518926782366,50.56937880876821,1,6.1581266986371,0,1,0,0,3,0,0,1
2.806641097354582,69.58071650935034,2,3.885134122849707,0,0,0,0,6,0,1,1
3.3416921297646525,37.13692005597777,2,5.339891083453116,0,1,0,0,9,0,1,1
0.742660188808279,25.46878840196069,4,5.027288763078992,0,0,0,0,11,0,0,0
5.594966576496908,46.283887798004436,2,5.065166140999171,0,0,1,0,7,0,0,1
4.533410981494748,48.786291335961586,2,7.046264846226103,1,2,0,0,7,0,1,1
1.7439881072244425,31.82695436169083,3,4.594178715657952,0,1,0,0,2,0,1,0
0.06877019026818203,91.92322552101902,2,6.821336746119813,0,3,0,0,2,0,1,0
0.40414128884984274,40.42607237984109,3,0.04531321412499523,0,3,1,0,7,0,1,1
2.485392545101939,26.926812971468625,4,7.2228519136880935,0,3,0,0,11,0,1,1
0.8360280103221446,48.12757361858777,4,2.419843815780445,0,1,0,0,3,0,0,0
2.3645962268165865,68.15721275408983,2,2.854120553843357,0,1,0,0,9,0,0,1
4.946762087829612,50.34828497996462,2,3.590765021017488,0,0,0,0,3,0,0,1
3.961937071267934,59.711878400880046,4,7.167710441662873,0,3,1,0,4,0,1,1
1.3144652616488273,32.569788113336855,1,3.2214003017106845,0,2,0,0,2,1,0,0
2.1066196702412783,79.75376892807027,2,3.6882224415272917,0,4,0,0,10,1,1,1
4.759993688901632,61.23422055836887,2,3.076624563948442,0,0,0,0,12,0,0,0
9.86119462822016,70.9540313775522,2,5.5107896017188756,0,0,1,0,2,0,0,1
6.996157201869052,57.303212649503386,4,6.487216669775336,1,0,0,0,8,0,1,1
4.0304599982992935,66.49768075457568,3,8.40864903152126,0,1,1,0,1,0,0,1
2.2493817306640014,32.53894880645545,2,9.799634999573541,0,4,1,1,4,0,1,1
2.2710551769220286,40.17179166620875,3,6.300361506375939,0,0,0,0,7,0,0,0
10.577097697608831,76.9296119111206,2,5.731308373738736,1,2,1,0,6,0,1,1
0.20017181579428656,81.19483894567928,3,2.5653205357835764,1,5,1,0,11,0,1,1
20.0,27.058688005618464,2,8.818606307461952,0,1,0,0,12,0,0,1
5.458810189292452,54.99472135727624,2,5.430806218667891,0,2,1,0,9,1,1,1
5.714979639613979,41.38112399029545,2,4.4218703161847275,0,3,0,0,8,0,0,0
0.19369290097494468,36.059370612702764,2,5.775063538107108,1,1,1,0,12,1,1,1
4.65105174516083,55.696793907109,2,3.727298545210238,0,1,0,0,2,0,0,0
3.315787599352743,72.81925864730816,2,0.32465687141729127,0,1,0,0,10,0,0,1
0.5590111332969003,59.03324946568388,4,6.1436058418672035,1,1,1,0,10,1,1,1
1.6281106379894128,43.6097510016193,4,7.684947703867808,0,1,1,0,10,0,1,1
11.050688499537188,60.2972235987032,3,6.113845270401893,1,2,0,0,6,0,1,1
3.992409770145,42.80047652838198,3,4.985841739996692,0,2,0,1,1,0,1,1
2.667201895931488,58.242286014612034,4,5.026543504782721,0,3,0,0,3,1,1,0
0.3772944911299591,77.92931400911466,3,5.3445594954325735,0,0,0,0,8,1,0,1
6.2609423972693605,8.456806813983448,2,5.2833084421771686,0,0,0,0,10,1,0,0
6.067604940755185,65.94504597080066,3,4.878597365038891,1,2,0,0,1,0,0,1
4.760154436652854,19.21890156859063,2,5.0506857589377026,0,1,0,0,1,0,0,0
3.569430221394132,74.56655421088922,2,8.110025480880928,0,0,0,0,1,0,0,1
2.8439017924031296,37.259487802542786,2,5.944546428693066,0,1,0,0,5,0,0,0
4.498041958021891,25.64657244787032,2,5.210293968049128,1,2,1,0,7,0,1,0
1.3289209650460034,63.90538454177495,4,6.318453792591834,0,1,0,0,4,1,0,0
14.173092108678523,57.283401262848216,3,6.318597973566487,0,0,0,0,9,0,0,1
4.44331130203449,30.01626194076684,3,6.891995925539717,1,2,1,0,6,1,1,0
1.863966783203535,24.940004856632125,3,3.4861771763342793,1,1,1,0,5,0,1,1
2.986275404020844,46.250370250174356,2,4.038944187704421,1,0,0,0,5,0,1,1
8.19136819436984,25.918260996576066,3,3.372885091611496,0,5,0,0,6,0,1,1
0.8813956100212882,28.770540541527446,2,6.533445846987384,0,2,0,0,12,0,0,0
1.7324607002665249,52.31241580842867,2,6.435741948814051,1,1,1,0,2,0,1,1
5.689490174370235,30.682567314898066,3,2.453514254955257,0,5,1,1,3,0,1,1
1.8952543295393263,58.53078580053086,3,5.781675625640646,0,0,0,0,3,0,0,1
7.863160223503476,79.80287191766953,3,7.744467735735746,0,3,0,0,9,0,1,1
0.6989172643023623,47.02889170198835,2,4.5293347225510265,0,0,0,0,4,1,1,0
7.191859192484589,52.603021239711694,3,5.627946547852609,0,1,0,0,6,1,1,1
0.3539995598503148,90.36193465670974,2,6.460971405648849,0,0,0,0,1,0,0,1
0.06336285792343935,26.247977652453063,2,2.35888352120256,0,2,0,0,7,0,0,0
11.424881156713447,73.82470390361483,2,5.303976317982205,1,4,0,1,6,0,1,1
4.353471369515458,71.41715195824965,2,7.544232379482942,0,0,0,0,7,0,0,1
2.1679874208926946,67.08634678347566,2,3.8135823664717043,0,3,0,0,10,0,1,0
1.3237005630694532,75.83495701465262,2,6.664932284517657,1,0,1,0,3,1,0,0
4.797110591149259,55.61149931917238,3,5.054323214278238,0,0,0,0,1,0,0,0
3.556577991595857,38.341410088014655,2,3.650990715732652,0,0,0,0,5,0,0,0
20.0,71.89146582441134,2,4.806982898371169,0,1,0,0,6,0,1,1
20.0,72.6568442342579,2,3.9477441518275365,0,0,0,0,10,0,0,1
5.039626160811278,72.10627802986576,4,3.2233719164742682,0,2,1,0,4,0,0,1
2.9247879076281498,50.89004164638473,4,4.4913104550937835,1,2,0,0,8,0,1,1
3.377921269517477,35.67610972773347,2,5.136852624772245,0,0,0,0,11,1,0,0
5.736057648553184,53.827245082232224,2,4.667891234902263,1,3,0,0,3,0,1,1
0.5355577070193347,68.84460035135672,2,4.469252837742319,0,0,0,0,11,0,0,0
1.990104975569399,70.48703579719931,1,5.451991765931199,1,3,0,1,8,0,1,1
0.3912794969362189,41.4064774585081,2,6.0628119499620965,0,0,0,0,5,0,0,0
0.3809547900227218,56.3074579225478,2,2.7118095343205204,1,5,0,0,9,1,1,1
1.0897804094867116,23.82443391028088,2,4.495208261238784,1,3,0,0,11,1,1,1
3.320401278809907,69.69900206011702,3,1.052918180012302,1,1,0,0,9,0,1,0
7.680340661807503,34.33382486549873,2,4.675633281931593,0,4,0,1,5,1,1,1
3.3227586883387956,65.70510719143095,2,5.301058092143243,0,2,0,1,11,0,1,1
2.0434260144714784,27.013908452196766,3,6.1395600243308746,0,3,0,0,11,0,1,1
0.4297124168641719,70.62831812868015,3,5.308209612992609,0,1,1,1,4,0,1,1
3.995823150681736,56.43670380045541,3,6.0963512881084965,1,1,0,0,4,0,1,1
1.5822502312540787,34.372846087661074,2,5.130449963338555,0,1,0,0,1,0,1,1
4.7717049642924145,63.82712762161051,1,3.6489632436350514,0,0,0,0,7,0,0,0
18.902285651056676,38.19276616389338,2,2.768129663220601,0,2,1,0,4,0,1,1
0.590058367271284,64.99110074890257,2,4.473994585422941,1,0,0,0,6,0,0,1
1.1920816861078924,44.51777049238557,2,3.467447593186086,0,0,0,0,7,0,0,0
3.2036706785790647,15.579057487406743,3,4.76056177073806,0,0,0,0,6,0,0,0
17.306937310284468,30.35167519038126,4,4.016245993025141,1,0,1,0,11,0,1,1
7.387878416346908,41.39170582625431,3,5.838162025128096,0,1,0,0,2,0,0,1
11.425159928822133,77.36378047497155,3,5.097910048914469,1,1,1,0,9,0,1,1
2.030187723161912,68.0228726105845,2,5.894988672514497,0,2,0,1,5,0,1,1
20.0,82.47722824644285,3,5.8847694465491225,1,1,0,1,12,0,1,1
0.542565265453901,83.07270432059715,4,4.64065391256714,0,0,0,0,2,0,0,1
0.2721378795276885,39.3049839081817,3,4.763327310157359,1,1,0,0,1,1,1,1
9.675931227919177,46.23026280482341,2,6.003208976642723,0,2,0,0,11,0,1,1
13.10465397646982,41.774401513389236,2,9.891877861348249,1,1,0,0,4,0,0,1
0.47477068247989296,36.56978789397847,2,3.021737706128835,0,0,0,0,4,0,0,0
0.6019614594785788,13.17010581327083,2,5.083502975978919,0,1,0,0,9,0,1,1
0.16868450420397613,49.705045639663155,4,2.6085833055519205,1,4,1,0,2,0,1,1
0.5519075133960106,24.28868812577779,3,4.958175300884177,0,1,0,0,1,1,0,0
1.1749409697695548,49.31656236931345,3,3.6518781926912514,0,3,0,0,8,0,1,1
17.545575639577415,92.31541619125969,1,4.76018717789568,0,2,1,0,12,0,1,1
5.510996906591124,39.81309807338583,2,5.3106206678957175,0,2,0,0,11,1,1,1
7.537860555081133,53.895480112561344,2,4.021217775152078,0,0,1,0,4,0,0,1
7.483658793841483,68.13296771618566,3,1.432482647625235,0,1,0,0,2,1,0,0
3.8293824382454345,55.60582583931814,2,7.851071354305613,0,1,1,0,8,0,0,1
7.984804814350151,55.84968375884592,4,6.678553959598619,0,0,0,0,8,1,0,1
4.529320547452428,42.7519513262384,3,4.73888154217827,0,1,0,0,1,1,1,1
1.8883701446354018,45.36244049877535,3,3.2105340035788767,0,3,1,0,4,0,1,1
4.117533573034815,30.799789556243436,4,5.170049180566055,1,4,0,1,10,1,1,1
3.812578321485806,66.92090017778816,4,5.721977650082817,1,1,0,1,10,0,1,1
8.670842268049503,15.17016686771808,2,6.540023631519217,0,1,0,1,5,0,1,1
20.0,69.42176676764404,3,6.724444328801572,0,2,1,0,1,0,0,1
2.6470068260504425,21.926032305095152,2,7.101352610623692,0,0,0,0,6,1,0,1
7.206724651242087,69.25214548153305,2,1.518280621010041,0,0,0,0,1,0,0,0
0.5254861073813166,42.92364947575638,2,4.390713571957711,0,0,1,1,2,0,1,1
7.499138012376942,25.362626237338397,3,6.986201641223255,0,0,0,0,9,0,0,0
2.321435296007271,61.585972901592726,2,3.1527365947240704,0,0,0,0,8,0,0,1
0.20093474607153133,68.5753507015155,3,7.438535154363346,1,1,0,0,11,0,1,1
2.256860818338761,41.23842703792926,3,8.62075523027655,0,0,0,0,4,0,0,1
4.716289893606897,64.41221097357867,3,7.382508638918321,0,0,0,1,11,0,1,1
0.6349082607283472,4.298310106612995,2,6.32318081420643,0,0,1,0,9,0,1,0
12.887379447411915,23.588074205067993,3,4.104987545274303,1,4,0,0,3,0,1,1
0.40427409195885644,75.84817860937457,2,5.563269607495744,0,3,1,0,1,0,1,1
13.29678019578752,45.526614516041676,2,2.3078107025587533,1,1,0,0,5,0,1,1
6.140260623160339,12.75573347102305,4,3.4377786708164875,0,0,0,0,12,0,0,1
2.0002403495500456,36.022676391160125,2,3.578393034977059,0,0,0,0,8,0,0,0
2.47763578596796,31.531990549498385,2,5.123945147931894,0,1,0,0,6,0,0,1
6.75095722263427,46.68076537054151,3,4.215645469143418,0,0,0,0,4,0,0,0
4.599876318176339,42.58498032384705,2,5.523199913240129,0,1,0,0,10,0,1,1
5.568268043256818,53.578634578763214,2,6.7556536497545165,0,0,0,0,1,1,0,1
2.464638887866741,48.610678967748505,3,3.5805449142574766,0,5,1,0,1,0,1,1
3.345332134684029,77.19478510074038,2,5.297202185874102,0,2,0,0,6,0,1,1
20.0,58.490971994393384,2,4.168062020364127,1,1,0,0,5,0,1,1
1.2035018111602995,59.15343222387172,3,5.3803249873143635,0,0,0,0,5,0,1,1
2.705188797898839,73.30314247789043,3,6.372345196423638,0,0,0,0,9,0,1,1
1.7253074070100494,42.22462499140836,3,6.842471581684425,1,1,0,0,7,0,1,1
7.243221949823325,24.762451132830297,3,6.340608238586077,0,1,1,0,5,0,1,1
7.219884869855948,74.13940649264498,2,5.827971257857988,0,0,0,0,4,0,0,1
1.7297028275315662,52.71683496216225,3,2.1595734539609412,1,2,0,0,4,0,1,0
0.4244698285287541,52.78702415797857,3,2.8374681409082214,0,0,1,0,1,0,1,1
0.0574926606872709,37.33340156939527,2,3.351643440399018,1,3,0,1,2,0,1,0
2.788280712349022,37.66289333792845,4,5.71724041361505,0,0,0,0,8,0,0,0
2.641025498185769,66.93444677541687,3,2.417990175218921,0,0,0,0,7,0,1,0
20.0,69.6931159627522,2,5.675044656335715,0,3,1,0,4,0,1,1
3.172524500341291,65.67646811493317,3,5.528938514265297,1,0,1,0,12,0,1,1
1.4813836350551,65.8592321089095,3,1.1286217889606305,0,3,0,0,1,0,1,1
11.092572894470777,61.38059074519518,2,2.824794356464896,0,1,0,0,4,0,1,1
3.377203838577505,52.63045460156313,3,7.087751149713499,0,3,0,0,12,1,1,1
4.571159703331865,46.49240631358039,3,6.394818296789826,1,3,0,0,9,0,1,1
0.5027975747935935,74.20647699883106,3,3.2992120056101317,0,3,0,1,4,0,1,1
2.413753909029876,42.52558259019133,2,2.9302780291710997,0,2,0,0,1,0,1,1
14.432028866741053,57.39958427761494,2,0.09930662984283956,0,0,0,0,10,0,0,0
4.451962331577814,33.91974004091507,2,7.942595375442629,0,0,0,0,8,0,1,0
2.111799029502796,36.81401926299099,3,5.08210873686209,0,3,0,1,9,0,1,1
4.913049929633986,45.27690864285547,3,8.767448110690403,0,2,0,0,12,1,1,1
12.062618671369991,33.921232465456725,1,4.616657826055486,0,1,0,0,3,0,0,1
1.6009615861685051,65.95703650956601,2,5.5651785977791715,0,4,0,0,2,0,1,1
3.51716669553842,23.03931496909941,2,6.782596942857191,1,2,0,0,5,1,1,0
15.933332535401926,51.98459246762146,3,8.27768537236182,0,0,0,0,1,0,0,1
0.9461033650911967,52.650161936843624,3,6.002043316968848,0,2,0,1,4,0,1,1
6.358830649149497,13.784008433606381,2,5.004814435876585,0,4,1,0,6,0,1,0
4.765824109151687,41.179523589527825,2,5.055915322230727,0,3,0,1,7,0,1,0
5.692097914926347,55.11399076096286,2,2.90832879558613,0,0,0,0,12,1,0,0
2.1633051676228963,58.57455986588136,2,4.236234266268698,0,5,0,0,2,0,1,1
1.8835091315584416,45.913855827996684,3,5.102438969230179,0,0,0,0,10,0,0,0
5.763384000692817,63.537764089614306,2,7.763787750203525,0,0,0,0,9,1,0,1
1.213819418677026,47.81367485527918,2,4.139913613037314,1,2,0,1,12,1,1,1
2.720660425293044,50.27305824150113,3,7.1253092909475715,0,2,1,0,2,1,1,1
1.0423502164986351,55.033077379731075,4,4.836323977472281,0,2,0,0,5,0,1,1
0.041697592214612625,68.53999257468337,4,7.487117119164877,1,1,1,1,7,1,1,1
17.542358643983334,36.485639951689365,4,6.3534449879459025,0,1,0,1,11,0,1,1
2.8255553601894743,40.26356254963405,3,6.2183907257027045,0,0,0,0,9,0,0,1
17.425550182877323,36.62207016541571,3,6.957653319991056,0,1,0,0,7,0,0,1
0.7559957314337262,43.35604567716133,3,6.666319822571918,0,0,0,0,6,0,0,1
4.425980832282277,78.5246851615953,3,7.127626791407648,1,4,1,1,6,0,1,1
1.121809170542346,61.45450638659644,4,9.263527918481131,0,0,0,0,5,0,0,1
7.805003980590659,27.378205096623162,2,8.233789422697857,0,0,1,0,9,1,0,0
7.65551381891877,37.99106068822651,2,5.932848468329925,0,1,1,0,12,0,0,1
0.5973374811653914,57.455344485528045,2,4.1165062825926935,0,5,0,0,11,1,1,1
12.155755759518387,31.869844381344592,3,5.73283557938165,0,0,0,0,10,1,0,1
1.082265208876205,35.49319918370486,3,1.147608548682955,1,0,0,0,4,0,1,0
4.746360194007856,76.89919332348298,3,6.657973225002049,0,3,0,0,2,0,1,1
20.0,37.73248743053627,2,2.879933610852779,0,1,0,0,1,1,1,0
10.70218388839658,69.09333632058774,2,7.244962551949012,0,0,0,0,4,1,0,1
15.682325219685412,75.10646379061876,4,8.960578067381434,0,0,0,0,1,0,0,1
2.0973037429985126,35.33075817662071,2,2.098131314630182,1,4,0,0,9,1,1,0
0.5578747164884271,32.200748868857175,2,4.899391207584825,0,3,0,1,8,0,1,1
1.043411069717388,44.4773582703767,3,2.8711742946651384,1,3,1,0,4,0,1,1
3.4706873043945707,28.2274455865275,2,1.5433800721270137,1,0,0,1,2,0,1,1
7.880733293033306,52.42067757005485,2,4.787356697592246,0,0,1,0,10,0,1,1
0.8134985184991451,45.88696176293227,2,6.270334074197094,0,2,0,0,10,0,1,1
5.3901018097645705,57.21160031772603,2,6.5088008586380885,0,0,0,0,11,0,0,1
1.9546877598940786,77.93886912465642,2,5.307851625130689,0,0,0,0,6,0,1,0
2.086692131955896,66.34969961540638,2,1.6715358867728742,1,2,1,0,6,1,1,1
5.422330056084642,59.78479550824713,2,5.246757524906608,1,1,1,0,3,1,1,1
3.1461638288050677,10.67903174064164,2,2.014903967508926,0,0,0,0,3,0,0,0
8.357452111991853,58.867519642047505,3,2.1460234838842736,1,0,0,0,7,1,0,0
0.8475311825744012,84.45255321409098,2,3.0063602234868805,0,0,0,0,11,1,0,1
7.802007220786708,0.0,2,7.09962238275684,1,0,0,1,7,0,1,0
0.3319558374437809,63.78765085951251,2,6.090510691363088,1,3,0,0,10,0,1,1
1.0786919382497764,46.812828504870716,2,5.645181395765201,0,1,0,0,9,0,1,0
5.337744664609653,33.004099939541106,2,3.2747716383263303,0,0,0,0,6,1,0,1
9.652544771187904,66.02257167823907,2,4.224449232897214,0,0,0,0,10,0,0,0
1.4563065363155707,84.19411801214662,4,2.2597549876858753,0,1,0,0,5,0,0,1
1.9814734696407552,65.50461457675507,4,7.728602653784193,1,0,0,0,10,0,0,1
3.8514452717233487,42.57616097476947,3,9.394516015140583,0,0,0,0,9,0,0,0
1.188576061378534,31.130603511836874,1,6.113196828146251,0,2,0,1,2,0,1,1
8.334176933902942,52.892552675790874,3,6.463508422020722,0,0,0,0,2,1,0,1
7.428069026599319,67.46338584763177,1,4.682079721577262,0,4,1,0,11,0,1,1
0.7849752592372395,42.25893947532545,3,1.761095272683272,0,4,1,0,4,0,1,1
3.1165175191740877,44.19234016698407,2,3.3120704187456145,1,3,0,0,4,0,1,1
7.454448440371313,100.0,3,4.069230902132988,1,2,1,1,10,0,1,1
2.0573872133934072,71.57303891919452,4,4.22948797897449,1,2,1,0,10,0,1,1
5.013422716861231,73.00257356787264,2,3.769212742859432,1,1,1,0,10,0,1,1
0.2575882896578028,20.79428187882376,2,5.095506617143134,0,1,1,0,4,0,1,0
4.691260133836938,35.85622641413079,2,3.2996618229359687,0,1,0,1,5,0,1,1
0.8282248169814812,51.49363278908478,2,9.335448241239256,1,3,0,1,11,0,1,1
8.876970333144808,29.97724884229701,4,2.269251970007495,1,1,0,1,3,0,1,1
2.1960102392728245,82.00794597778588,2,6.774619088045101,1,0,1,0,2,0,1,1
1.6533227089800082,78.2062461318129,2,4.476290579676225,0,3,0,1,12,1,1,0
9.190765303777875,39.32909325231893,3,5.925596190523697,0,1,0,0,4,0,0,1
0.25722454556983376,85.67837213214969,2,6.0162297343552495,1,1,0,0,11,0,0,1
2.5259476764209943,49.914958065601155,2,5.3140864602413105,0,0,0,0,11,0,0,1
2.31020539786359,100.0,2,2.7332585048007516,0,1,0,0,9,0,0,1
1.6759678920127148,52.89372261050073,3,4.3359204992598155,0,4,1,0,12,1,1,1
12.138153361045061,61.52385500656844,2,5.338190544398686,0,2,0,0,4,0,0,1
6.950074238107433,77.99806882339116,3,5.212867670568238,0,3,1,0,11,0,1,1
0.33028858167589925,75.55266699615618,2,2.9537360504359476,0,3,1,0,10,0,1,1
6.270850154829896,60.21464132271787,2,7.582424918083133,0,1,0,0,12,1,0,1
3.7464625365640742,47.177193611123286,2,0.012853148164638561,1,0,0,0,10,0,1,0
11.556509591919642,60.28265399986238,4,4.4997502244707235,0,2,0,0,1,0,0,1
1.8767091514168397,33.676316562477695,1,3.1573624896287624,0,1,0,0,11,0,0,0
4.268481429057527,53.04267437728232,2,5.364330832718384,0,0,0,0,12,1,0,0
3.4732943603599646,27.8138493500401,4,7.033451712008853,0,1,0,0,10,0,0,0
3.362419777515533,14.382367198393972,4,2.1860619776458434,0,4,0,1,12,0,1,1
3.0449990000525085,51.00853528278886,3,9.707210464576889,0,1,0,0,8,0,1,1
1.1510263554195608,75.24555781343345,1,5.403697273915724,1,2,0,0,3,0,1,1
7.046994587790007,68.51609283192118,2,5.7634479801909375,1,1,0,0,1,0,1,1
3.001345531816424,48.36175408548783,2,2.120491329305174,0,1,0,0,1,0,0,0
15.912270487006207,84.93979396350993,3,4.906865623333049,0,0,0,0,5,0,0,1
1.5109907957138804,38.61877218306853,1,6.943349643035784,0,0,0,0,11,0,0,1
5.74022877268448,11.643346764039535,2,5.419843144437355,0,2,0,0,4,1,1,0
14.127170176800155,6.35797411598076,2,5.280391147453834,0,2,0,0,7,0,1,1
5.445166416155674,26.37618118808566,2,4.8962808626432235,1,2,0,0,7,0,1,0
10.250303392552047,66.33249486524457,3,2.243999816673157,0,0,0,1,9,0,1,0
8.786238351908477,37.30394633065227,3,2.232582657873093,1,0,0,0,12,0,0,1
2.2323552499863397,59.21917283714604,3,7.338654253281419,0,2,0,0,11,0,1,1
4.583003148681395,82.92566767167955,2,6.764573411886188,0,4,0,0,3,0,1,1
0.8495623833106676,27.998060748443876,3,7.060542344934566,0,1,0,1,10,0,1,0
3.8342472195372284,59.569994635917794,2,3.3543599123907604,0,1,1,0,10,0,0,1
1.3095646484649675,60.779261453114444,2,4.684864477662162,0,0,0,0,11,0,0,0
6.80775148004554,32.78524023053794,2,7.46360037200229,1,2,0,0,2,0,1,1
3.7545003812627127,77.08421850490166,1,2.5426893504807198,0,2,0,1,1,1,1,1
2.648575922540787,44.24585888901047,1,7.259764815106532,1,0,0,0,2,1,1,1
1.5653214376241649,42.324940381739815,2,3.8269608147522143,0,0,0,0,2,0,1,0
20.0,92.23226436835945,4,3.2895333991309905,0,0,0,0,6,0,0,0
0.3720582806855832,60.45533484733436,4,4.936167400386975,0,0,0,0,1,0,0,1
0.22268966168163007,68.50581099370996,2,2.7659961817764063,0,3,0,0,8,1,1,0
1.2247568664993087,77.09785863043678,2,1.2062128110058818,0,0,1,0,5,0,1,0
17.714805745061952,36.99052001081566,2,5.152059373297914,0,2,0,0,1,0,0,1
19.37319496680986,74.99642194107358,2,6.068531540762777,1,1,1,0,12,0,1,1
5.320007097283982,39.9621177000466,2,7.430580345275109,0,0,0,0,7,0,0,0
10.60576412443397,39.10753221323405,1,6.213949426342972,0,3,1,0,8,0,1,1
1.2037489962023058,44.56000055383728,3,8.930794369665412,1,2,1,0,12,0,1,1
17.885276317212355,37.558703301100905,2,7.722149951472966,1,1,0,0,1,0,1,1
0.7703317093998087,66.44312865314326,2,6.47615750337323,1,1,0,0,2,0,1,1
0.533057534559614,55.344213102901115,3,5.937237650711985,0,3,0,0,9,0,0,1
0.5951089212094152,40.17551170765774,3,7.460204366146462,0,2,0,0,10,0,1,1
4.256354483784085,63.490100663096435,2,0.5739557773429356,0,2,0,0,2,0,1,1
7.592833321492737,44.49635125227308,1,4.0398859174741,0,4,0,1,12,0,1,1
2.28379604833257,43.43859259270647,4,1.2830379060785786,1,2,0,0,12,1,1,1
19.059980693986137,50.973677698030876,3,6.326195264772199,0,2,0,0,7,1,1,1
2.8495188495523145,59.26920711332434,2,3.5144722451782027,1,2,0,0,4,0,1,1
0.8152338778801347,57.796952987548394,3,10.0,0,0,0,0,8,0,0,1
3.136485863231224,42.73501635494339,2,3.9641484036584393,0,2,0,1,9,0,1,1
5.682149713436847,66.94222414878804,3,5.212726329765046,1,4,1,0,8,0,1,1
8.925680675192648,45.55211697840688,2,4.195466931624668,0,1,0,0,4,0,0,1
3.0695389615200517,36.90031022782562,2,4.022337523712245,0,3,1,0,2,0,1,1
4.502170896198756,20.639567024652973,3,2.506956232337403,0,1,0,0,2,1,0,0
1.5553998175317727,69.66356961998042,3,2.43970118011805,0,5,0,0,11,0,1,1
5.191112962653542,50.24780152388015,1,0.6410139954540295,0,1,0,0,1,0,0,0
20.0,54.21744717021029,1,6.090924605606877,0,0,0,0,5,1,0,1
0.25148775461696266,70.9160583139903,2,4.1507064669440386,0,1,0,0,6,1,0,1
10.881113525278412,40.45187536804368,2,8.867256452085293,0,0,0,0,7,1,0,1
4.130907800922587,22.51201503051743,2,2.5117196318655077,0,1,0,0,6,0,1,0
1.452421037587512,51.39561404430437,3,7.9526290403098905,0,0,0,0,12,1,0,1
15.493224495289768,56.159231041605906,2,8.144518670703043,0,1,0,0,3,0,1,1
3.301989725631111,44.743018676792545,3,7.554086333000963,0,2,1,0,4,0,1,1
2.0150175890955997,79.47475156152338,3,5.469594620931034,0,3,0,0,8,1,1,1
1.0013949226096388,0.27666864557286885,2,4.3235885495611965,0,2,1,0,12,0,1,0
1.4015612174392826,72.40113275799565,3,7.552135393874569,0,0,1,0,5,0,1,1
8.944289661546053,65.82307300728452,4,3.417073714324636,0,0,0,1,7,0,1,1
4.764903371776941,59.135415554009185,2,5.541415190891441,0,3,0,0,10,0,1,1
12.223371828090603,0.0,4,4.912504107955746,0,1,0,0,7,1,0,1
1.319622343792949,75.67777566540536,3,3.217166274607962,0,0,0,0,3,1,0,1
0.6456402157742984,29.471317787282295,2,5.556093944568607,0,5,0,0,7,0,1,1
0.03053067767296535,39.84616043233227,1,6.483676503186024,1,2,0,0,11,1,1,1
3.544980952240686,46.58814670419862,3,3.1383435811220473,0,2,0,0,9,0,1,1
20.0,58.14836069303951,2,5.9202403742317005,0,0,1,1,5,0,1,1
5.936648180659791,62.788560843851,3,0.5419436252003731,0,3,0,0,5,0,1,1
1.8436985280215312,67.85681108638593,3,2.9016893178795327,0,1,1,0,11,0,1,0
10.472109262751342,66.31707020157032,2,4.085308554244088,0,3,1,0,4,0,1,1
7.609935089123202,55.058544084262515,2,5.714674473932233,0,1,0,0,9,1,0,1
0.07767607531915113,58.31845318115182,2,6.738629499268109,1,3,1,0,8,0,1,1
8.487535076029324,28.184925683555072,2,5.165645782327675,1,1,0,0,11,0,1,0
1.7871386877873467,34.97946386361956,3,6.133191468979994,0,2,0,0,9,1,1,0
0.8106742197733052,67.90920447349664,2,4.678836193461151,0,4,1,0,8,0,1,1
1.283054691461727,66.74418973457362,2,5.809496285816596,1,0,1,1,8,0,1,1
3.1610112090771163,64.47598832888842,2,5.703818133257417,0,1,0,0,8,0,0,0
2.7657778625216753,39.71166476686945,3,3.981958748731488,0,0,1,1,11,0,1,1
1.7046217585904888,68.20984263887391,2,4.2892402469054565,1,3,0,0,12,0,1,1
0.9450291676405211,26.77511095039284,4,6.2002543447024365,0,0,0,0,8,0,0,1
7.182273900784918,71.54719619724546,3,8.624175617282802,0,0,0,0,1,0,0,1
20.0,44.7825839750822,3,7.41363716261864,0,0,0,0,10,0,0,1
7.520697552969521,83.68340812681265,1,2.7417678877651994,1,1,1,0,12,0,1,1
1.7544369613730202,19.571158158690302,2,2.7488365215481787,0,0,0,0,5,0,0,0
1.403922652489553,85.26808091837043,2,3.928737302463473,0,1,1,1,10,1,1,1
1.2273668061606093,42.770713416730764,2,5.197842675755189,0,2,0,0,8,1,1,0
0.7349365915579706,42.41041487976511,3,5.096512513948639,1,1,1,0,9,0,1,1
4.007344266064455,53.89677637971194,2,7.480560553856698,1,0,0,1,2,0,1,1
4.649418140013212,36.05842174398607,2,7.59022661169355,0,2,0,0,9,0,1,0
6.112426552205555,48.553419973953865,3,5.01133116883102,1,2,0,0,4,1,1,1
5.700506448777537,35.247474694582905,2,4.544606847278252,0,2,0,0,8,0,0,1
1.7289103739416147,35.978729380416254,2,6.033492864575199,0,1,1,0,7,0,0,0
2.0047093076240414,59.73771900601144,1,7.126402640103021,0,1,0,0,9,0,0,0
5.720892210964608,31.96869009392968,3,6.104873619955097,1,2,1,0,7,1,1,1
2.1496674677207595,34.636115299890356,2,4.136908393218583,0,1,0,0,9,0,0,0
1.195241758908074,22.54417500507182,3,3.7754922765853545,1,3,0,0,5,0,1,1
2.3447101942352826,39.921386400773216,2,2.778792563068551,0,0,0,0,3,0,0,0
1.5878491926821012,76.23204059447843,2,5.386973695190505,0,3,0,1,2,1,1,1
0.4622912189155426,33.08132719794063,3,6.246240196639374,0,0,0,0,3,1,0,0
8.863871240664631,35.36733469625517,3,6.469690386258915,1,3,0,0,2,1,1,1
9.590403644040792,53.87843892963071,2,7.303520739509796,1,0,0,0,8,0,0,0
1.2407064126867584,42.58407132400947,3,7.9606192013238655,0,1,0,0,10,0,0,0
0.3348257124832542,94.563088666993,1,2.2500687046453276,0,1,0,0,2,1,1,1
6.712869652775598,46.749440706474864,3,5.809524866862655,0,2,0,0,8,0,1,1
1.1882958872011542,56.70436692434743,3,5.878518978761351,0,0,0,0,5,0,0,0
2.499720954700467,68.87537569598643,2,4.852107183163995,0,1,1,0,1,0,1,1
0.33142156599663547,68.49155731725702,4,3.343310860111445,0,0,0,0,5,0,0,0
1.2826588339234346,54.665751631147586,2,7.889259669473541,0,1,0,0,7,1,1,1
7.872822558749636,46.77745026627998,3,3.82279897790513,0,2,0,0,8,0,1,1
8.158326782455987,90.48057072758513,4,0.6148622811341227,0,1,0,0,7,0,1,1
1.16019515070094,48.00479449371467,2,5.040144570220469,1,3,1,0,2,0,1,1
2.0467169328866692,41.16619791143039,1,4.524272666228482,0,0,0,0,12,0,0,0
0.7207285952823208,37.08302023411963,3,8.715394545626939,0,1,0,0,1,0,1,1
0.38533743754529315,15.463935945864883,1,5.9793879083875,0,1,0,1,7,1,1,0
20.0,66.43231504474326,3,4.389474506337535,1,1,0,1,9,0,1,1
5.329669717072485,3.0386320579834702,1,4.606289819213852,1,3,0,1,7,0,1,1
3.90548417922947,49.88554318190159,3,4.583192984324498,1,1,0,0,8,0,0,1
7.251466481280601,45.9027873145723,2,9.434266749126767,0,1,0,0,5,0,0,1
9.16531914057787,94.79930384462895,2,6.350967736275688,0,3,1,1,6,0,1,1
8.217941476485217,13.366975425727475,3,2.185679655451979,0,0,0,0,10,1,0,0
0.08338876540454418,31.97793426031286,3,4.51112010379803,0,2,0,0,4,1,0,0
1.0339395487863965,47.27807082636701,2,4.952735103998982,0,0,0,0,7,1,1,1
5.319682065001769,46.04941325061664,2,2.7848635930714627,0,1,0,0,7,1,0,0
2.356096621950301,39.0091081837991,3,1.4340890855058204,0,0,0,0,8,0,1,0
20.0,48.38024181195665,3,6.191126763573689,1,1,0,0,1,1,1,1
5.474169070087563,24.808745422605174,3,3.390734008524192,0,1,0,1,6,1,0,1
15.680596560163831,57.14385757989878,3,7.497543237119963,0,0,0,1,11,0,1,1
1.1247664498051078,3.570293158448436,2,5.016388865215669,0,0,0,0,5,0,0,1
9.973922367057671,49.48461288245486,3,4.051462359476529,0,0,0,0,7,0,0,0
1.9382657294700643,37.992866114728535,3,0.16653269970880924,1,4,0,1,9,0,1,1
20.0,70.3257588551327,2,7.444635699255864,0,1,0,0,9,0,0,1
0.8580279247407575,85.10622141266609,2,5.587053665290604,0,2,1,1,3,0,1,1
3.631863619472705,43.378956624992846,2,4.103610562365275,0,5,1,1,8,1,1,1
7.871428616721334,77.81451858282861,3,3.219417224839595,0,2,0,0,4,0,0,0
2.833828141464432,43.67767438739178,3,8.19818241806251,0,1,0,0,5,0,0,1
3.1563490499828397,30.677469537418197,3,2.871560598654288,0,2,1,0,3,0,1,0
20.0,84.91807264371239,2,4.262705083394696,0,1,0,1,9,1,1,1
2.7696064770250577,60.415528894680136,3,6.139490204114126,0,2,0,0,5,0,0,1
4.632615782623365,50.088770452196286,3,7.901533280046748,0,0,0,0,7,1,0,1
0.28041669268884173,63.74354950197297,2,4.5673605859244395,0,1,0,0,1,0,0,1
9.232453761350989,55.48430070260335,2,3.530366051534915,0,2,1,1,3,0,1,1
5.223008146275378,48.61561184116964,3,4.786521582889363,1,3,1,0,2,0,1,1
2.5877417106061875,23.471303453840072,4,6.808941325914672,0,2,0,0,10,0,1,1
0.08150846738206612,44.58926525677467,1,7.2587897705264055,0,0,0,0,10,0,0,1
4.478383598040993,62.46510846916945,2,2.249681701909237,0,1,1,1,10,0,1,1
0.06369310646760994,47.54457148626379,2,5.229880240754019,1,3,0,0,8,1,1,1
0.006021694169918977,68.04651522260772,2,2.1314691820772023,0,0,0,0,8,0,0,0
4.786847158021589,57.67310047733578,2,6.768434341954545,1,4,0,0,2,0,1,1
1.0475413494516608,32.43727363829186,2,5.844767801166306,0,0,0,1,8,1,0,0
1.0652702950173767,23.616560843357526,3,3.1576287380985413,0,1,0,0,6,0,0,0
5.296067079518622,46.85643000139664,3,8.068291140102328,0,0,0,0,10,0,0,1
0.2759633191740125,39.51543103790825,2,5.670026960014775,1,5,0,1,5,0,1,1
1.8800574900627567,56.726436192433724,3,5.450384960933257,1,1,0,0,3,0,1,1
0.809254011616489,35.637246824745404,3,4.641777035308081,0,1,0,0,4,1,0,0
4.339602919930993,37.692153484902455,2,4.983924131330687,0,1,0,0,3,0,0,1
5.420074081339822,71.06139435189824,2,4.237034997154424,0,0,0,0,5,0,0,0
6.385152731062144,52.964059372557955,3,3.5175830075674925,0,4,0,0,11,1,1,1
1.4734073352681463,35.94545869145414,3,7.4582611752107875,0,0,0,0,10,0,0,1
0.4674328519571237,50.35283617470039,2,4.014514820668635,0,4,0,0,10,0,0,0
0.40975911948578075,77.57822486003366,2,3.9471839245365556,0,0,0,1,5,1,0,1
2.7769496960679483,55.87573376549445,3,4.741411819702235,0,0,0,0,12,0,0,0
14.579470308961442,61.85901618850259,2,7.8490289617096165,0,0,0,0,10,0,0,1
1.2277704746743896,34.95530926945115,3,7.262331787394626,0,0,0,0,4,1,0,0
1.4835575862865589,70.528387542692,3,4.210303260865026,1,2,1,0,2,1,1,1
0.5317428075490344,96.36204520927603,2,7.453570851117355,0,2,0,0,5,0,1,1
4.651571443211856,34.170647149742926,2,5.216240340856678,0,1,0,0,9,0,1,0
5.695185465818443,26.36212051256021,2,3.3131494639839296,1,2,0,1,1,1,1,1
5.149134107690415,53.51084487670296,2,4.047741303993187,1,0,1,0,4,0,1,1
9.871093927164132,67.51010099688821,2,7.7465077385674554,0,1,1,0,5,0,1,1
3.331804148568028,48.17220655899477,3,9.165690527138226,1,0,0,0,9,0,1,1
0.7219913521769877,28.935872079146744,2,5.639633517506405,0,2,0,1,12,0,1,1
1.7082640783195304,47.8283167643922,2,3.8669256766339624,0,0,0,0,2,0,0,0
5.429911520164355,61.961845455549096,3,4.750165064652107,0,1,0,0,10,0,0,0
4.748229066290159,41.859363461078814,3,3.4751116361221586,1,3,0,0,11,0,1,1
3.7857959189202828,62.145100355098435,4,3.766473242153501,0,0,0,0,7,0,0,1
5.743706337597311,73.2942157047982,2,3.569904404406362,0,2,0,1,1,0,1,1
5.072148737955794,54.804612515408955,2,4.841312505002686,1,4,1,0,8,0,1,0
10.656828415677355,49.441044574434144,1,5.241362072915853,0,2,1,0,2,1,1,1
4.409644325328129,66.58687850452563,2,4.703677718636421,0,1,0,0,1,0,1,1
7.5389519779265655,32.87798345125539,3,4.557354130956859,0,2,0,0,4,0,0,1
1.42979882215695,30.905803326141548,2,6.520983247011387,0,1,0,0,9,0,0,1
5.668854635734887,44.66855430142029,3,4.5415821501491065,0,3,0,1,4,0,1,1
11.623852822566061,40.16241090371066,2,4.669968378732531,1,2,0,0,5,0,1,1
2.436622488934307,33.93316049419049,2,4.6468794579477875,0,0,0,0,11,1,1,0
7.5503206227335715,86.60936949997549,3,8.086575465902538,1,1,0,0,2,0,1,1
6.451091486042719,93.43986418988582,1,4.017570750348506,1,0,0,0,10,1,1,1
0.3068574241275122,42.925899154888356,2,6.19259221388307,1,2,0,0,10,0,1,1
4.355491224911424,51.83437899496731,2,3.503244612125078,0,1,0,0,12,0,0,1
0.6973986689033651,46.24314359872418,4,5.699889662850525,1,0,0,0,2,0,0,1
17.10483339884924,72.14998480236312,2,6.092466383576674,1,5,1,1,9,0,1,1
8.340833452977863,76.11291123680094,2,7.1685185736054775,0,0,0,0,12,0,0,1
0.5811176436135721,14.454724026207067,3,4.23146366141487,0,0,0,0,6,0,1,0
0.6491313120813751,59.52021600131251,3,2.772074870349637,1,4,0,0,6,0,1,1
4.512849656670342,23.86357317677703,3,3.43202935347885,1,3,0,1,8,0,1,1
2.1147542896197398,85.16544315750556,2,6.929083146273343,0,2,0,0,3,0,0,1
0.17764813518356332,58.80496060420796,4,9.163503224973345,1,1,0,0,11,0,0,1
3.900518335277372,33.533009232747276,3,6.668906824025438,0,0,0,0,6,1,0,1
2.453849617035073,45.17357224124294,2,2.4757211404232966,0,3,0,0,11,0,1,1
0.5327866709738558,44.22045483467683,2,6.6013057622256754,0,0,0,0,7,0,0,0
8.095431348892854,60.50225885771631,4,3.112417817956917,0,3,1,0,1,0,1,1
12.330037757391787,70.83825208354956,3,4.301714765737521,0,1,0,0,1,0,0,1
7.0651208842905655,27.0358541605658,3,5.3744621537305886,0,1,0,0,6,1,1,1
8.641735378879368,86.77509001824228,3,5.710737710941929,0,2,1,1,6,0,1,1
1.2198608901606736,82.11380215641687,2,5.130884189342433,0,3,1,0,8,0,1,1
1.5297254939564133,32.493528648179094,2,3.7977757059008237,0,1,0,0,2,1,0,0
1.1693009766902671,51.45603588724619,2,7.119916529348668,0,1,0,0,9,0,1,0
7.242198609888279,84.21617088228632,2,3.94486719020548,1,0,0,0,10,0,0,1
14.77459097303704,74.65837173354966,1,7.509025490723978,1,2,1,1,7,0,1,1
6.308666527518753,43.265139399042084,2,2.2812402184206664,0,0,0,0,1,1,0,0
10.662809462892618,66.28679629135746,3,5.4310606838888456,0,0,0,0,3,1,0,1
5.090220678323536,100.0,2,2.547698073536936,1,0,0,0,5,0,0,1
2.4523371639136067,52.10319963702424,1,3.3318347360147262,0,3,0,0,8,1,1,0
2.77355331939177,37.34703497119962,3,3.973975582133164,0,1,0,0,11,1,1,0
0.3915454804742818,53.44839704182798,3,8.041210909461949,1,0,0,0,7,0,1,1
0.15981300076793717,54.93104190994636,2,7.616049332204653,0,0,0,0,2,0,0,0
5.945020387178861,39.50926521999804,3,6.748497525114392,0,2,0,1,7,0,1,1
2.885084367413876,58.83250135628434,3,5.0665715004337315,0,4,0,0,7,0,1,1
4.017211122280225,24.911978805449976,2,5.376117898742686,0,1,1,0,12,0,1,1
4.078396411755349,36.689322659826416,2,7.5329583236627125,0,2,1,1,8,0,1,1
1.624329945531175,65.16489552309595,2,6.402610572413597,0,1,0,0,5,0,0,0
3.230292418464995,14.902582969154977,3,5.036016846741513,1,4,0,0,6,0,1,1
3.1815684132478257,68.06335183989553,2,7.97334316003256,1,1,0,0,4,1,0,1
2.458606570692879,9.76037268588594,2,6.6290590723270295,1,1,0,0,12,0,1,0
8.5927880749773,15.373508422473698,3,5.484839731678036,0,3,1,0,2,0,1,1
2.999778068865978,40.02042513888229,1,4.082046439503038,0,3,0,0,3,0,1,0
4.627219024996802,55.737276856387005,1,3.9015154934139744,0,2,0,0,9,0,1,0
11.293803828224112,76.50527206254777,2,4.3276492895994405,1,2,0,0,2,0,1,1
10.058302273936558,51.15245526319191,1,5.913981771523971,0,1,0,0,8,0,0,1
11.055602571090752,45.0689278484802,3,6.671565631865613,1,1,1,0,8,1,1,1
1.5735879466787281,61.591624959696084,3,2.1114163088979274,0,0,0,0,6,1,0,0
0.1780451548838995,32.58202359064131,2,1.1068026446975416,1,5,0,0,12,0,1,1
1.5127387720005872,52.788303186928125,2,3.0970203868157355,0,3,0,1,9,0,1,0
1.633551616939095,26.0110748408928,2,4.184646773249307,0,1,0,0,9,1,0,0
12.004316334566393,51.651810337508266,4,7.3918944013123875,0,2,0,1,7,0,1,1
5.238304206459038,47.40327348301193,3,4.439163664033624,0,1,0,0,3,0,1,0
0.426177281275164,33.91464157101166,2,5.509546697943785,0,3,0,0,4,1,1,0
0.7273177555567845,53.300812730754785,2,5.835809023975342,0,2,0,0,7,0,1,0
0.8460956024253997,53.17099306319285,2,2.9528582796579608,0,0,0,0,2,1,0,1
4.97696391697139,73.5090802467827,1,7.919777663756541,0,1,0,0,3,0,1,1
6.647945175787161,17.887331938744246,4,3.670388228040161,1,2,0,0,2,0,0,1
9.817862948113657,48.47902184605915,3,8.11958291193256,0,1,0,0,12,1,0,1
14.120382877236459,34.79475200593041,3,4.747647997072569,1,3,0,0,7,0,1,1
1.1263826060553426,67.39524116352584,2,4.324993404773788,1,0,0,0,4,1,0,1
1.8536700172829388,65.07824130384266,2,2.7784216326873974,0,2,1,0,8,1,1,1
1.3743088952922786,60.15759690137242,2,5.3945705823971615,0,0,0,0,3,0,0,0
2.221769607967047,35.92333483861074,2,9.508764788071879,0,4,0,0,10,1,1,0
12.305859254798428,67.70941165880191,2,5.8271765808040055,0,1,0,0,9,0,0,1
4.279655042634775,19.397381425133364,1,5.540873743897809,0,1,0,0,11,0,1,1
6.700717380585256,15.293785928144572,1,3.6667927484216833,0,1,0,0,12,1,1,0
3.3678918846270545,24.48258000196152,2,6.18396749722356,0,0,0,0,12,0,0,0
0.14641245577588546,49.33050379346188,4,5.315235614245898,0,0,0,0,7,0,0,1
0.3317433843952294,63.503288019765876,4,4.874331050517054,0,1,1,0,1,0,1,1
3.860119013946041,0.0,1,5.98958956865702,1,1,0,1,7,0,1,1
6.3432506278349905,76.45485663759573,2,1.3683080423602147,0,1,0,0,2,1,0,0
1.212463520223284,52.62224392356868,2,4.798951015209644,0,1,0,0,4,0,0,0
6.39904472386224,18.644553048204497,3,2.6059443097625916,0,1,0,1,8,1,0,1
8.321207157117815,52.01893940579162,4,5.057796996639887,0,0,0,0,3,0,0,1
2.654269948774105,71.8505082935684,3,3.5516012487332906,0,1,0,0,2,0,0,1
6.860364492928226,61.98882030612518,3,3.688320298877592,0,0,0,0,10,0,0,0
2.5878243270421617,71.98146125107932,2,2.333117434428599,0,2,0,0,4,0,1,0
5.671466190417118,22.675067412057782,1,7.231329942493641,1,4,0,0,11,0,1,0
7.219554855756975,41.71989529723191,1,3.644507003464243,0,1,0,0,4,0,0,0
20.0,31.506155389529358,3,3.7515227527324915,0,1,0,0,3,0,0,1
2.118629088639648,84.35160410088636,1,8.061230142344836,0,1,0,1,12,0,1,1
2.6469916734816,62.7872568697326,3,6.1359148655331675,0,1,0,1,6,0,1,1
0.9053320805244592,100.0,3,0.930721523976036,0,1,0,0,10,1,0,0
1.1412393963089458,40.64780933165545,1,7.77072034344363,1,4,0,0,5,1,1,1
5.9109750662952525,35.50651576635391,4,8.295781283398606,0,1,0,0,3,0,1,1
12.447320505320434,47.14346722809699,2,8.108752176512695,1,4,1,0,10,0,1,1
2.509370307921478,77.56714442845097,4,6.336378486022261,0,2,0,1,6,0,1,1
0.9913062886668377,42.67760621249305,4,2.796580480137976,0,4,1,0,8,0,1,1
1.6780595297399636,52.488751958138884,2,4.9015489853036165,1,2,0,0,4,0,1,1
3.0353218001352222,51.93381405773639,2,2.1031093952339206,0,3,0,0,7,0,1,1
1.7170334277210855,50.78993522404379,2,3.2679678889958597,0,1,0,0,7,1,0,0
1.3301188016019663,36.95203079075044,3,2.778226552074547,0,1,1,0,5,0,1,1
6.658737114268895,47.25417864179267,2,3.7459390896209617,0,0,0,0,4,0,0,0
0.03937927260448815,46.397947972972844,4,5.327907780422926,0,0,0,0,12,0,0,0
3.8742871017753227,49.84870680650702,2,4.110176101668974,0,1,0,0,7,0,1,0
7.893738728584175,68.87033636305416,3,4.024276489420044,0,0,0,0,6,0,0,0
1.5477865776233157,85.21256069248986,4,4.418211110553063,1,4,0,0,7,0,1,1
4.622767758353536,33.191304746605866,3,7.998945359103763,0,1,0,0,5,0,0,1
5.526675767110473,42.1601275042457,1,9.327511004701606,0,2,0,0,11,0,1,1
5.3214122414794405,33.49976203187627,2,4.09860764036162,0,0,0,0,8,0,0,1
2.951596053241502,53.74203074444545,2,5.672148404993914,0,1,0,0,5,0,0,0
2.127660458966788,39.23301084978046,1,3.3174440748867076,1,2,0,0,7,0,1,0
9.037129944762889,54.79593667483977,2,6.535302609713016,0,4,1,0,5,1,1,1
7.103310251928877,72.07253820889574,2,4.0470998761445145,0,0,0,0,11,0,0,1
1.9375501486782718,0.0,3,3.5777902738204057,0,1,0,0,12,1,0,0
0.5436040781929311,59.835597792013814,2,9.003174531631394,0,2,0,1,11,0,1,1
0.3725809066205044,40.79625902204242,3,2.2878615140167886,0,1,0,0,6,1,0,0
0.49510315355051493,59.20844535968778,1,0.0943452906240525,0,3,0,1,8,1,1,0
4.371779118664843,32.07061124499599,1,6.469660492298002,0,1,0,0,3,0,0,1
0.26522242797784445,73.9252197661375,1,4.264743178093718,0,5,0,0,10,0,1,1
2.0543500035317086,68.26561236080568,2,3.708006841492156,0,0,0,0,11,0,0,1
6.995878895743366,61.36704297085286,2,10.0,1,1,1,0,7,0,1,1
1.7431665841683894,65.86451435620197,3,6.460453145165392,1,2,1,1,1,0,1,1
7.204979435841757,35.08759065655653,4,4.882971804989047,0,1,1,0,5,0,1,1
6.841624677460921,37.6075249062142,2,3.5841367205446035,0,1,1,0,8,0,1,0
1.4106683509357913,65.04872401634958,1,5.891575697663374,0,0,1,1,9,0,1,1
6.524902556316104,34.64541714462776,2,1.5342947416113009,1,5,0,0,1,0,1,1
6.8872011399459785,78.91270093316174,3,3.967797122056397,0,0,0,0,3,0,0,1
2.5329557230960416,43.52817857437937,3,4.9258020604044095,0,2,0,0,1,0,1,1
1.1812736656062248,60.03788779721244,3,5.426983663393871,0,1,1,0,12,0,1,0
3.683101001512386,91.9849903851018,2,4.7151373264117815,0,2,0,0,9,0,1,1
12.716764464987051,35.87553291863847,2,3.613577512542207,1,2,1,0,11,0,1,1
5.1029359085884884,51.37523501689566,2,6.841324291323076,0,3,1,1,10,1,1,1
0.9492843663376032,71.08366329274615,3,1.6966928716017553,0,1,1,0,8,0,1,0
5.740434999985409,69.02554777753062,2,4.4441522559698114,0,1,1,0,11,0,1,1
2.7861197420436796,43.44369379521284,3,3.964138875358022,0,1,0,0,4,0,1,1
4.476669312644923,39.665391249562916,2,7.023686200085331,0,0,1,1,2,0,1,1
6.622498661754487,45.337281349098966,2,4.082233811341271,1,0,0,0,4,0,1,0
3.6174892017885147,78.95715532302728,2,5.875327113554621,0,1,0,0,10,1,1,1
8.409612253861615,44.41788287280107,3,5.666093592318825,0,1,0,0,2,0,1,0
6.403469798883981,51.5623138496693,1,1.3297633157857605,0,1,0,0,10,0,0,1
4.773512281975638,41.464270581531494,4,4.868705230180748,0,1,1,0,1,0,1,1
0.8172604463229998,64.11097129591974,1,1.5145283564504948,0,0,0,0,8,0,0,0
9.03789299985555,53.11050075167313,1,5.702570436908464,1,2,0,0,12,1,1,0
13.736990266632255,29.93132378483542,2,3.5393569320456617,0,2,0,0,10,0,0,0
0.73650087989909,30.623517719300114,3,7.373339153698795,0,2,0,0,1,0,0,1
3.349508604009357,10.027888668889858,2,4.638463800244077,0,4,0,0,11,1,1,1
1.4980225958400404,33.37357181748767,2,3.4598873955915295,0,0,0,0,11,0,0,0
7.022766374257601,65.87891607264345,1,7.399717732389833,1,3,0,0,2,0,1,1
6.394014036772537,76.47521076024536,1,3.256219670583294,0,1,1,0,10,1,1,1
0.7592631485021286,63.71116726434368,3,6.78939012269528,0,1,0,0,1,1,0,1
10.478963328834903,61.09264401281362,2,5.935057348036266,0,0,0,0,4,0,0,0
0.9981915337707402,47.46947900942701,3,4.26913675480079,0,2,0,0,2,0,1,0
7.979130515605255,65.49829109827974,3,2.3280443889727156,1,2,0,0,2,0,1,1
3.0530489479407645,55.72556446163769,3,7.483325083634686,0,2,1,1,12,0,1,1
1.9895110966071574,86.0889794397425,2,6.00092811471872,0,2,1,0,1,0,1,1
0.8612973253325971,48.03109371646503,2,3.4561039584796616,0,0,0,0,5,0,0,0
0.9172965558350937,76.86016167472262,4,5.489211369189181,1,1,0,0,10,1,1,1
5.4219281662591365,67.4822816363572,3,7.012323797464972,0,2,1,0,11,0,1,1
3.99732285768621,64.70886572408318,2,5.224037588393775,0,1,0,0,5,0,1,1
0.6510299062731921,9.770173490763597,2,5.476797665306194,1,3,0,1,1,0,1,1
0.5978486191331934,68.58379123095422,4,7.064007487608055,0,3,1,1,3,1,1,1
0.3752913665108717,47.44984042181693,2,8.074525548606353,0,1,0,0,12,1,0,1
6.808347239442791,41.121470111302166,3,4.760801650076399,0,0,0,0,9,1,0,1
6.221927281755364,20.341739176441735,2,2.325114269343181,0,1,1,0,1,1,0,1
0.3010381827493124,49.888257320636335,2,2.394847372847908,0,1,0,0,10,0,1,0
4.107972743510641,50.671031936364855,2,3.618014374320217,0,0,0,0,5,0,0,0
0.44238673814044316,23.93996156370391,1,3.1302169471620322,0,0,0,0,5,0,0,0
11.703811825271856,20.53439654212616,2,1.6350622077986312,0,0,0,0,12,0,0,0
11.882095776867969,59.73238960256222,3,8.695650006263097,1,4,1,0,4,0,1,1
5.990500244029264,67.43410262122754,3,6.056198524552666,0,1,0,1,6,1,1,1
13.031232213226879,53.805658198448434,3,3.9524048063300175,1,4,1,0,8,1,1,1
8.342040638044741,73.01669299368726,3,4.934966315216043,1,0,1,0,9,0,1,1
8.81698485098247,48.272300312970025,2,1.4272018249931162,0,2,0,0,7,0,1,0
4.216454418573677,48.912974511995955,2,7.314643795817484,0,3,0,1,1,1,1,1
1.8268431106844731,31.659439425184193,4,1.1007792169125694,1,0,1,0,3,0,1,0
1.2282184269300682,18.795160448925653,2,6.020055563288526,0,0,0,0,2,0,0,0
1.981536015402142,87.0932426771917,2,1.3231556905033992,0,2,0,0,12,0,1,1
4.9509705682961735,72.62598100499493,4,4.17198380976148,0,1,0,0,9,0,1,0
0.9476767839717344,22.149748657230433,2,7.4853777445417835,0,1,0,0,9,0,0,0
1.496346304486452,53.11503815662561,3,1.7320958167164617,0,2,0,0,10,1,0,1
3.1561309996798697,47.99907377792667,3,4.702582199562721,0,0,0,0,4,0,0,0
1.3266689862546002,44.52015053673914,2,6.255541351454374,0,3,0,0,5,0,0,0
4.441477282199665,41.81964304370121,1,5.92833900068877,0,4,0,0,2,0,1,0
12.831192790279546,57.625382939359575,4,5.140371999556725,0,0,0,0,6,0,0,1
6.893404400856861,66.36351050942949,2,5.9915270246763965,0,2,1,0,4,0,1,1
5.4894619515193455,58.04782338056411,1,3.778352088791422,1,0,0,0,10,0,1,0
4.370006784222686,47.589632512416124,2,8.865591710665996,0,0,0,0,7,0,1,1
3.3466445969273484,46.8554656621776,3,1.7787642942163293,0,1,0,1,2,0,1,1
1.0324392763126846,68.73628633845334,3,7.324141488657549,0,3,0,0,4,0,1,1
11.255205782875281,59.26889876232124,4,5.378989073567032,0,2,0,0,3,0,0,1
1.4286598890336013,51.45378926070866,4,6.234218462728698,0,1,0,0,7,0,0,1
0.4787502093271783,49.28197404799784,4,6.589092035167479,1,2,0,1,11,1,1,1
6.93177539939009,56.905410192245775,1,6.111257206926486,0,2,0,0,9,0,1,0
0.9655913666991706,40.63302622881101,3,3.3779564788820577,1,1,0,0,5,0,0,1
2.325247601994583,66.43077634616421,2,4.427460621022437,0,0,0,0,5,0,0,0
0.14346326798157094,28.482828763242665,2,2.096820665882337,0,2,0,1,2,0,1,1
0.7370965965913989,41.77086980467036,3,4.403008547977155,0,1,0,0,4,0,0,0
0.9509842126208295,62.22212190892048,2,5.645037989616886,0,3,0,0,11,1,1,0
0.2797317139168213,27.342343732914536,4,6.214256550713407,1,2,0,0,5,1,1,0
5.345126025727255,18.539829147009993,1,5.782868689988523,0,0,0,0,11,1,0,0
9.07026453166056,51.261553508584804,3,1.489820517139731,1,2,1,0,10,0,1,1
2.3365595268628008,16.070836911070586,2,3.8756521351585436,0,1,0,0,11,0,1,0
10.38029541198053,24.02392891896277,2,3.675501021264945,0,0,0,0,3,0,0,1
1.1998375092010463,65.13188237012864,2,2.3796641335132835,0,0,0,1,6,1,0,1
1.9681058036318977,45.90429484788528,2,3.3281331977924795,1,1,1,1,7,0,1,1
0.8169317811424477,75.7097389941797,2,5.00255836073902,0,3,0,0,9,0,1,1
4.845283384858853,25.9037131812509,4,7.8275770415568555,1,1,1,0,1,0,1,1
2.722511786940437,48.12095268735431,3,3.0938713415820085,0,0,0,0,7,0,0,0
4.750315082481496,57.991691064155184,2,2.742271129988604,0,1,0,1,2,0,1,1
7.170597968206064,26.589701397421823,2,3.801055112710892,1,5,0,0,8,0,1,1
3.945020725481432,70.6352380899925,2,5.6749327741722215,0,1,0,0,4,1,0,1
4.939341242264986,60.21357766332078,2,7.447415780717086,0,1,1,0,5,1,1,1
13.686132169626056,17.814258266251322,3,4.826982184620061,1,2,1,0,10,0,1,1
1.7766956798440066,49.24516407582799,2,2.1082425080959775,1,1,1,0,4,0,1,0
2.224908046356866,57.71913472517265,3,2.5338343434398993,0,1,0,0,8,0,0,0
6.323984260401515,38.19886652943885,1,5.376562777319888,0,2,0,0,5,0,1,1
4.724808174162897,20.402701889823724,2,6.990508789352113,0,0,0,0,11,0,1,0
0.9833169826227641,55.56917578894821,3,8.631483849682565,0,0,0,0,11,0,0,0
2.3592050610862985,94.22485900565123,2,2.6351983301945285,1,3,1,0,11,0,1,1
3.1540367468972668,42.26031801684619,3,5.279548762568639,1,2,0,0,12,0,1,1
2.7183786245339894,81.38482362569417,3,2.9403099255096015,1,2,1,0,3,1,1,1
0.9817462825786079,34.954223564770636,3,3.202746648830747,0,1,0,0,8,1,1,0
12.913485572548788,54.31091270019903,2,3.0333765354503175,1,1,0,0,5,0,1,1
7.184124189349324,65.43045061752238,4,4.331477670450932,1,1,0,1,1,0,1,1
3.2826862097636953,49.8317266805727,3,3.235441828055059,0,2,1,0,10,1,1,1
5.698125074176766,44.045287022375376,2,9.957692113866933,0,1,0,1,9,0,1,1
11.37887226579621,64.52255042700747,2,4.080648433428656,0,2,0,0,5,0,0,0
0.7319204207598793,87.82910230538442,1,6.9755562217189855,0,2,0,0,6,0,0,1
1.4408979856965116,56.01173849278263,2,3.680944650730403,0,0,0,0,2,0,0,1
3.912091878791009,39.67879646939305,4,9.466481059736456,0,0,0,0,10,0,0,0
8.022509855111386,46.20496885480634,2,5.678129962837658,0,2,0,0,10,0,1,1
0.18464216846831097,100.0,3,6.673863459056045,1,1,0,0,4,1,0,1
20.0,52.69814232676256,2,3.8178449807881236,1,3,1,0,2,1,1,1
3.033990640716071,38.11172602844054,2,6.952881210204752,0,2,0,0,5,1,0,1
2.22543240442341,27.098641670349203,4,5.669778051635836,0,0,0,0,2,1,0,0
1.731674632102039,13.481978117747886,1,4.242044908249591,0,0,0,0,2,0,0,1
0.9579622409562548,57.2716854769238,2,2.840217127140738,0,1,0,0,6,0,0,1
7.8408538993331085,63.09283985649007,4,4.52491297806085,1,2,1,0,12,1,1,1
15.551695328020571,42.06607640069586,4,4.353713042755064,0,3,1,0,3,0,1,1
2.6691472634106903,49.70059163938092,3,6.738056553172852,1,1,0,0,4,1,1,1
15.226786880049934,26.590765814227524,3,4.535502268804675,0,2,1,1,4,1,1,1
8.680610161428937,52.65856929655002,3,1.1569125934310294,0,1,0,0,6,0,1,1
3.279749560919453,59.62990641134249,2,6.2923600970063625,0,1,0,0,11,1,0,1
5.604691024539328,39.29671465664725,3,7.586333163876583,0,1,0,0,12,0,0,0
2.8545077337976137,83.80905339171679,4,1.6678650299431186,0,1,1,0,1,0,1,0
4.090417039381854,33.25787346506176,2,8.609461226792108,1,1,0,0,6,0,0,1
0.29899597828259133,55.669532080379646,2,7.7933036063067025,0,0,0,0,7,0,0,1
5.957973242203893,66.96634439409212,2,3.738238669734058,0,1,0,0,4,0,0,1
0.2713551671924342,48.45420999701235,3,2.7656807863647077,0,1,0,0,3,1,0,0
8.493667123641913,46.23046362211017,2,7.105954913850434,0,2,0,1,1,1,1,1
8.713330454036624,21.422676991006753,3,2.2607016409238647,0,1,0,0,7,0,0,0
1.3529927356763012,77.14682991432568,2,3.663318843565187,0,1,0,0,7,0,0,1
1.9553174134959548,46.602135966648085,3,2.369740516987428,0,4,0,1,8,0,1,0
3.282248033064397,60.7473084986965,2,5.011815618961812,1,4,0,0,1,1,1,1
4.539913037239509,63.45440975720282,2,7.930370286744256,0,2,0,0,11,1,0,1
1.6938500044979157,37.434030159644934,3,5.749833668702655,0,2,1,1,4,0,1,1
4.48840491995653,46.0494279141757,2,7.036148997445649,0,0,0,0,10,0,0,0
1.7675930322934377,76.68964701487008,2,4.2963950489306315,0,1,0,0,3,0,0,1
0.28544883959216666,27.6560466851911,2,5.194605658723691,0,1,0,1,4,0,1,0
0.012653747393167549,92.55836149514514,2,2.5471244707009397,0,1,0,1,6,0,1,1
0.5332014372961494,35.10254429447452,2,4.806228142923369,0,0,0,0,9,0,0,0
7.857116077380866,26.409650867189765,4,3.5080597806869145,0,3,1,0,12,1,1,1
16.27657266677153,52.64618041377069,3,4.679459403247456,1,4,0,0,8,0,1,1
2.784052874845853,94.16696528679742,3,4.541975854764061,0,0,0,1,4,0,1,1
3.594212000825906,11.780681288155897,2,4.37112024397197,0,2,0,1,2,1,1,0
0.7940887546650787,47.17968563020616,2,9.215113999860346,0,0,0,0,6,0,0,0
4.004011107367034,59.525300345131114,2,8.535089305423853,0,4,1,1,5,0,1,1
0.7812513404786512,50.672999170710625,3,7.832284763083486,0,0,0,0,4,0,0,1
4.723635335772489,57.638433400060194,2,8.590117934994515,0,2,1,0,5,0,1,1
13.534654207658804,35.63933835655452,3,7.838605298555734,1,3,0,0,9,1,1,1
1.0889056448207577,38.00556308137238,2,4.955245331779654,0,0,0,0,9,0,0,0
7.231574835666437,47.031547056816,2,4.7501807899216235,0,1,0,0,11,0,0,0
0.11891504896618613,27.40223824194498,2,5.470800501041159,1,0,0,1,9,0,1,1
2.3539976600345978,49.10627197119621,3,4.578630162569174,0,1,1,1,9,0,1,1
0.5868759507299708,42.22509412656997,2,2.9199092371350965,0,3,0,0,12,0,1,1
2.172992790450821,40.59909629690263,2,5.5932105110940284,1,3,1,1,3,0,1,1
0.9530001628914713,56.41012825197276,4,1.8677578328933384,0,0,0,0,12,0,0,1
2.336476421608618,13.586810136013924,3,5.27528328091272,0,1,1,1,8,1,1,1
2.702326232123387,45.41819793233692,2,3.010454229847711,1,3,1,0,2,0,1,1
1.7875988090623884,96.34707531229722,2,4.837922259258599,1,2,0,0,1,1,1,1
5.344616253272948,28.2778062734875,2,5.382406885078271,0,0,0,0,12,0,0,0
12.557406313575665,75.71000992968827,2,4.294293057194362,0,0,0,0,11,1,0,1
2.5590920329363303,51.09312241825398,3,1.7189782742586903,0,2,0,1,10,1,1,1
1.068090046393687,37.94084382237163,2,2.623962333100966,0,0,0,0,6,0,0,0
1.5785065750645173,23.58716680940387,3,5.9164872433601,1,2,0,0,5,1,1,0
9.620771488378981,52.793639305704644,2,3.885115612306226,0,1,0,1,4,0,1,1
4.238953347139896,79.06794211629352,2,6.1216995055687935,0,0,1,0,5,0,0,1
3.0349486364441987,42.21577709606473,4,5.019402583263137,0,1,0,0,8,0,0,0
0.8104581717063407,48.38077150526453,2,4.6043362177790454,0,0,0,0,8,0,0,1
2.986706602888356,70.20741700380664,3,5.695287176243055,1,3,0,0,11,0,1,1
1.63205908735943,56.81741582692562,3,3.6502058562103814,1,1,1,0,9,1,1,1
14.337850031775847,18.55448440550843,1,5.800789836146169,0,0,0,0,4,0,0,0
10.773848310544373,51.97774431710367,2,4.160985835039282,0,4,1,0,8,0,1,1
0.4381626229176546,80.24469821331196,2,10.0,0,1,1,1,6,0,1,1
3.635107345049216,49.26117627065003,4,2.7321287657278317,0,3,1,0,4,0,1,1
1.2748376849893683,0.0,2,4.285502739871914,0,1,0,0,3,1,0,1
2.644753555553722,57.76429983182146,2,4.366186006094891,0,1,1,1,4,0,1,1
10.4716794999596,46.03087120911928,2,2.2962688778782603,1,1,0,0,12,1,1,1
3.748741312216798,13.418111721575663,3,6.451625178197052,0,2,0,0,8,0,0,1
2.033944620110285,16.415838198924313,2,4.142551837838834,1,1,0,0,4,0,1,0
1.1652646503174275,69.50214286577618,1,0.2404435566497316,1,0,0,0,5,0,1,0
8.055317650335985,35.3523450880984,4,6.3902571430906665,1,0,1,0,10,1,1,1
4.897723929655684,31.85007238528016,2,3.7276624372942884,1,1,0,1,6,0,1,1
3.156174215626153,49.28722878136662,2,4.790197154160467,0,5,0,1,9,0,1,0
1.2262068085222027,37.11594003360123,3,6.353645159711717,1,2,0,1,4,0,1,1
2.034178040250127,52.0009725555549,3,4.270586829955771,0,0,0,0,10,0,0,1
16.07484567196789,45.94559941126659,1,4.254206721186826,0,3,1,0,12,1,1,1
3.6707828132415448,26.00008839812714,2,9.92940396864433,0,0,0,0,4,0,0,0
2.5599588609579493,39.776044028772304,1,0.6925085037301537,0,2,1,0,6,0,1,0
3.684680802285763,58.85506642618209,1,2.42806902674111,1,1,1,1,8,0,1,1
7.5477028465639915,50.83836080477251,3,2.8158781301491107,0,5,1,0,2,0,1,1
2.0784025644608453,48.36115035216337,2,8.57804548181802,1,2,1,0,11,0,1,1
0.9843714050020501,88.74768482358769,3,3.710773387915902,1,0,0,0,3,0,0,1
4.396614194422857,64.62075050771071,2,5.48041774969134,1,3,0,0,7,0,1,1
5.471170984782329,67.04882529642686,3,4.051843594155352,0,2,1,0,6,1,1,1
6.236454887689461,46.680631844101505,2,6.206400684661775,0,0,0,0,9,0,0,0
10.68482748523406,54.402903807025496,4,4.974572904577013,1,0,1,0,2,0,0,1
2.31950441024578,41.378000209486146,2,5.506198392399144,0,0,0,1,11,1,0,0
0.39172643344646535,65.55099531048256,3,7.5744927426063615,0,1,1,0,10,0,1,1
15.892099522437606,47.79200191801913,2,5.880539293697931,0,1,0,0,4,0,0,1
2.854753292836658,54.44755497861113,2,3.529865245087476,0,1,0,0,10,0,1,0
4.880966872247955,53.212226043103364,3,5.62413409817715,0,1,0,0,12,0,1,1
5.487644225949479,49.63666237189091,2,9.837305496695773,1,0,0,0,9,0,1,1
3.9539511927621334,100.0,2,6.129940938007516,0,1,0,0,6,1,1,1
1.1486857679091917,36.667614450105546,3,5.303819309958004,0,2,0,0,12,0,1,0
7.035405584928155,36.48576939682616,3,2.2588940944785985,1,1,1,0,7,0,1,1
8.141879912592048,63.88193493623514,2,6.448837061329909,0,0,1,0,1,0,0,1
4.025710342246977,38.09662001849642,2,6.744453760363438,1,1,0,0,7,1,1,1
3.3526363588775023,44.17187277302214,2,5.6254462935746,0,3,0,1,12,1,1,0
0.6048428003750623,28.271780932887637,4,5.228188238187596,1,3,0,1,1,0,1,1
0.4384307220595832,59.83115838805174,2,10.0,0,1,0,0,1,1,0,1
2.074281681585474,60.08514488968303,3,6.710855498248813,1,1,1,1,2,0,1,1
1.8614537313557769,43.69615880153111,1,7.480056523685927,0,4,0,0,7,0,1,1
15.358365880076105,64.29633376960145,2,5.133764308843642,0,0,0,0,6,0,0,1
7.653659160015921,12.837499725328165,2,4.736811163923889,0,0,0,0,7,0,0,0
5.392935125772236,35.86293196971313,3,6.264198155404282,0,2,0,0,10,0,1,1
3.6454066277824753,46.600416275781384,2,4.734914275594138,0,0,0,1,12,0,0,0
0.9158147376793596,26.554350061940944,1,4.899132030643805,0,0,1,0,3,0,0,0
19.18844562246315,15.02573925162556,2,5.926411363748724,0,0,0,0,4,0,0,0
2.3503437427514373,43.84208069923106,2,3.9743803087653373,0,2,0,1,10,1,1,1
0.5654269482335345,63.88040174121484,2,5.440818430119235,0,0,0,0,5,0,0,0
3.4041062467790217,75.64216782853023,2,5.160168293052102,1,2,0,0,11,1,1,1
10.357287956533147,39.05424233589254,3,6.934051274908066,0,1,0,0,4,0,1,1
10.914730094319545,64.66431675243187,2,3.777371323695853,1,5,0,0,1,0,1,1
0.055132424581512275,62.73084076151335,2,1.0001361894450795,0,3,1,0,2,0,1,1
10.870772268481996,74.37216348668993,4,4.378730159714649,0,2,0,0,7,0,1,1
1.5837299460124596,42.99617939291997,2,5.7945720454494944,0,0,0,0,5,0,0,0
0.19876056424126293,14.02999009630652,4,6.928214914320473,0,1,1,0,3,0,1,0
9.412479544706157,51.403717048454894,2,3.6143139944563694,0,1,1,1,8,0,1,1
9.970605687463628,29.72412518060554,2,6.084199719285779,1,1,0,0,10,0,1,1
4.534562722358188,35.52989781875985,2,7.270308731236065,1,1,0,0,10,0,1,0
4.271673305280938,43.975617118936356,2,6.50250132621098,0,1,0,0,6,0,0,0
8.386450190740115,43.22144737301714,2,3.4187297931085032,0,3,1,0,4,0,1,0
7.716134095774563,52.83118533791589,2,3.6335472503252637,0,3,0,1,12,1,1,1
11.041171113295377,64.06312632839234,3,5.870006899349289,1,3,1,0,1,0,1,1
4.0231592486343635,42.645288334480675,2,8.250680624250199,0,1,0,1,8,1,1,1
17.155256964586908,57.913950132160096,1,5.028330318764843,1,1,0,1,3,0,1,1
20.0,50.29632019861011,2,4.669344561340852,0,0,0,0,2,1,0,1
0.6195724042777618,68.7098879175689,3,2.2607650697741675,0,0,0,0,9,0,0,1
9.470414991146924,46.228162977873666,2,4.271426240351599,1,1,1,0,3,0,1,1
3.4639587961338454,48.42146648450888,1,3.5695236921644242,0,1,0,0,8,0,0,0
2.451573249286127,42.51199104002187,3,5.054398748365818,0,0,0,0,4,0,0,0
4.747587253263167,46.755029200830094,4,1.9743520141296642,0,0,0,0,2,0,0,0
0.2879631377548437,34.330237433082516,1,4.342819091212581,1,5,0,1,4,0,1,0
3.5307681825963098,32.348054277129734,4,2.9821313084776273,1,2,0,0,4,0,1,1
10.235474699259289,65.5153077056545,2,6.880458611677697,1,0,0,1,5,1,1,1
1.2005681357594926,28.335966336307973,4,3.281655284247034,0,0,0,0,3,0,0,0
2.7790268632189625,43.61763820604193,3,3.8553015247005145,0,0,0,0,5,1,0,0
14.023980291468707,70.30685572541992,3,5.564253051909216,1,4,1,0,6,0,1,1
2.7980125209181117,42.945984099927855,3,4.092568844992151,0,1,0,0,3,0,1,0
2.2186988767128986,66.57480907371149,1,9.718905244972648,0,0,0,0,2,0,0,0
2.903886274682379,38.17908558546317,1,6.861030314558844,0,1,0,0,9,1,0,1
3.66414877355558,28.976727872996122,2,5.034413156628436,0,0,0,0,12,0,0,0
4.998244098539757,18.103482901983586,2,5.73620277089401,0,2,0,0,8,0,0,0
8.064539652864859,76.25448138545323,2,0.28915362472882755,0,3,0,0,6,0,1,1
3.0083325814893853,27.26257636731169,4,7.4634503474209914,1,1,0,0,5,0,1,1
8.504503230781005,64.94373180250187,2,6.02379333953434,0,4,0,0,12,0,0,1
3.8148519264487617,30.001059464132354,2,4.853684354145155,1,4,0,0,11,1,1,1
2.0660791653826585,76.34767835879643,2,6.131699365508842,1,4,0,1,4,0,1,1
5.364003874129511,94.13565449230201,3,6.3756984876856135,0,1,0,0,6,0,0,1
6.3243189024737045,16.269398806193266,2,4.167254965327502,0,5,1,1,1,0,1,1
4.082781038176609,28.30487131682372,2,5.760324082323502,0,0,0,0,7,0,0,0
0.2914038985862484,65.4626372760645,3,7.097449082973401,1,2,0,0,2,1,1,1
0.9309423694155412,60.2608584673163,3,5.90979548640443,0,1,0,0,12,0,0,0
1.6794460792858614,65.53843709520383,3,4.494788025525322,1,3,1,0,1,0,1,1
1.6607870361641073,38.524888991912476,3,5.593301523315734,1,5,0,0,1,1,1,1
5.595413938481979,89.75068322046735,2,7.764478127245269,0,3,0,0,2,1,0,1
0.09259543147291806,52.36098933379549,3,6.567951882030902,0,4,1,0,11,0,1,1
7.046418554945751,25.660748463129607,2,2.6738656914559153,0,0,0,0,3,0,0,0
1.5417542023849902,44.9370299991411,2,6.173367628424843,0,0,0,0,3,0,0,0
1.8554767153740745,25.928662075423347,2,5.908315810383712,0,4,0,1,10,0,1,1
3.7529263457559434,81.8188271710821,2,7.328227047423139,1,2,1,0,9,0,1,1
1.2162568318630413,36.793374743997674,2,5.065639025859602,0,0,0,1,8,1,1,0
10.791182062734467,59.84966969489244,2,4.261319417202629,0,1,1,1,1,0,1,1
0.4461716623171833,40.586537100356395,2,2.2636703710861155,0,1,0,0,10,1,0,0
2.938374616436813,37.69225380474974,2,3.610811186017425,0,0,0,0,10,1,0,1
9.466379230484165,11.794916374378985,3,7.415891139504589,0,0,0,0,5,0,0,0
4.783531420292947,61.963492059811344,2,5.39591297339836,1,0,1,0,12,0,0,1
1.7288835574287598,75.98362505258368,4,4.800424373146047,0,1,0,1,5,0,1,1
2.730193691135521,31.680648372696968,1,7.591247565185111,0,0,0,0,7,0,0,0
6.132700715408772,19.095417700026577,3,7.17920493469197,1,1,0,0,7,0,0,1
18.108112536959084,66.06632085475658,3,3.5285088927439805,0,1,0,0,8,0,0,1
11.181118595348792,17.07517301787498,4,7.401992667252668,0,0,0,0,2,1,0,1
2.0960416378859548,74.39065871896517,2,1.6828379386417254,1,1,0,0,2,1,1,0
20.0,31.91209754090759,2,5.919089883800846,0,0,0,0,2,0,0,1
0.017554096254921707,27.93414514350747,2,5.682616794787735,1,3,0,0,9,0,1,1
0.14009318693620929,54.96924842262583,2,7.299563825276911,1,2,0,0,10,0,1,1
8.68182765231254,29.23721429977125,2,5.762023352491013,1,1,1,0,9,0,1,0
1.1123606765285357,35.85777837413581,3,4.510879602393979,0,0,0,1,8,0,0,0
0.31347054700220967,57.07963865342013,2,4.668874517899838,0,1,0,0,1,1,0,1
1.353456668412627,1.4177532566670763,2,10.0,0,0,0,0,1,0,0,0
2.7765019108696887,82.84838491856644,2,5.1652808959631935,0,0,0,0,11,1,0,1
6.557164101472248,50.87280264931476,2,6.194151383895107,0,2,0,0,8,0,1,1
4.895294459147398,24.14067975192944,4,0.9576764800689581,1,1,0,0,2,0,0,1
1.3565587849399197,29.655092614263168,3,3.3452862036906374,0,2,1,0,7,0,1,1
3.4985478108155372,69.83292756521604,2,6.037536089262249,0,4,1,1,1,1,1,1
13.032938478526477,62.02105870148207,2,1.7709549529572182,0,2,0,0,6,0,1,0
8.437207462687324,77.73561314570422,4,6.098797667334503,0,0,0,0,10,1,0,1
1.9518218873519408,36.345143103915305,1,3.549749291164529,0,0,0,0,5,0,0,0
20.0,55.931676743016055,3,2.9322973800890484,0,3,0,0,8,0,1,1
6.165641980141964,58.53135823567355,4,3.5423274927435466,0,3,1,0,8,0,1,0
0.32242250987266496,63.90535000504474,2,8.055077716288721,0,0,0,0,10,0,0,1
0.17896866890436974,72.5456224686414,1,5.666835842980557,0,0,0,0,3,1,1,1
0.9220664086904178,35.654721883113055,2,3.1791272444981495,0,0,0,0,3,0,0,0
6.507117280787256,47.71659464479038,4,6.550679704616215,0,1,0,0,10,1,0,1
1.0151051568429295,37.7970050883971,1,6.6594766881837435,0,1,0,0,10,0,1,0
3.5819436166981884,48.94776253287249,2,4.237383798394719,0,1,1,0,8,0,1,1
0.48949830909870085,63.9686556412595,3,6.918347250190648,1,0,0,0,11,1,0,1
12.684337118464565,16.919289994785956,3,7.013499271196471,0,1,0,0,8,0,0,1
2.1076722578572045,72.1874313891857,2,6.702663934693465,0,1,0,1,6,0,1,0
11.937015652504899,27.216357514725008,2,3.6524959335218856,0,0,0,0,1,1,0,1
14.490817949593254,43.85259360605537,2,2.6418962144483564,0,0,0,0,9,0,1,0
0.03073752279187402,74.87883849932248,2,1.6142653515980752,1,0,0,0,8,0,1,1
3.1193668232293765,56.5601943596681,2,3.688970721704904,1,0,0,0,7,0,0,1
0.12482553406557699,56.7905989652732,3,4.2643780832607305,0,0,0,0,1,0,0,1
11.967626322703088,26.387479094097785,2,4.427127827764657,1,5,0,0,1,0,1,0
3.6532852554367388,29.118281283523185,1,4.9055929584969205,0,0,0,0,12,0,0,0
0.38950508244474796,68.82512793337838,2,8.465977098420195,1,2,0,0,9,0,1,1
0.5842239762636786,38.217129090312206,2,4.3208456535368525,0,1,1,1,12,0,1,1
2.418557973768586,40.101762534003015,3,4.9024517668206515,0,0,0,0,1,0,1,0
14.086607843651205,69.27902502109424,3,1.3648163221008511,0,1,0,0,12,0,0,1
5.90305825970288,29.00172909260945,3,9.45594292907608,0,2,0,0,1,0,1,1
10.110350697540342,55.38470265772516,3,2.3681851986097775,1,3,0,0,6,0,1,1
2.2821342321218343,50.85814652335383,3,3.586290591021287,0,1,1,0,1,0,1,1
0.22087606989914021,49.946285482735156,2,6.39144409374033,0,0,0,0,3,0,0,1
18.309753976095276,39.631287362449925,2,5.49238487643635,0,0,0,0,11,0,0,0
0.08661078342108008,38.40289637073343,3,8.28637254059814,0,0,0,0,2,0,0,1
14.749174598221904,28.432716724102693,1,6.440027311455015,0,3,0,0,7,1,1,1
2.299691664405942,59.653300520826136,2,4.837431897524279,1,0,0,0,4,0,0,0
0.05070829113591603,36.63701616966527,2,7.088167737688717,1,2,0,0,5,0,1,1
5.8423403144581325,69.37489242334503,2,7.322615891736746,0,2,0,0,11,1,0,1
19.6970491287291,45.50889916818694,2,3.6796824772357244,0,3,0,0,7,0,0,1
16.852233756095924,28.830990211579245,3,6.926058772328479,1,2,0,1,11,0,1,1
0.87734749646485,45.24372235703159,2,4.55547767460318,0,0,0,0,2,0,0,0
0.9998690621120452,41.78285601727051,4,4.793044184828994,1,2,1,0,4,0,1,1
4.1682445006400295,70.18206823456106,2,5.285866566057811,0,1,0,0,12,0,1,1
5.070962698625449,42.619996214969355,2,4.238438255318494,0,3,0,1,9,0,1,1
6.724186783690024,44.475792375993485,1,4.130817704347975,1,3,1,0,3,0,1,0
0.9986634360882484,78.2309341098487,2,6.969441696497384,0,3,0,0,6,0,1,1
15.971780375653937,60.165346429266975,3,1.942122189299834,0,0,0,0,4,1,0,1
5.090776498109596,83.25412032006993,2,2.876746109081625,0,0,0,1,11,1,1,1
9.388120319519736,75.1809000812781,2,6.349467966220984,0,0,0,0,10,0,0,1
3.883358295088885,32.25674823274291,2,4.854201081681689,0,0,1,1,11,0,1,0
2.6745401859922873,69.79901708800216,1,6.983025304045566,0,3,0,1,8,1,1,1
18.901226565843345,80.50606584149183,2,5.715864556246914,0,0,0,0,10,0,0,1
4.3628212471662415,80.65626264646839,2,2.3325906819126954,0,2,0,0,2,0,1,1
10.082280484675707,69.76191967153375,2,5.125668838555172,0,2,1,0,5,1,1,1
15.319241544259087,69.35045989818352,3,6.069095602178433,1,0,0,0,10,0,0,1
5.62510926213778,43.946779126489005,3,5.468079317066641,0,2,0,1,12,0,1,1
3.980759904572136,33.25235831300851,2,4.063451652745101,0,2,0,0,4,1,1,1
0.017585142054009475,42.95565362205086,2,4.452119359759597,0,2,1,0,9,0,1,0
0.20421226916338336,16.70421997134474,3,3.8798296884784893,0,2,0,0,7,1,0,1
1.1210406892465674,76.8559063084341,3,2.349605836797639,0,0,0,0,6,1,0,1
1.029026357893478,44.33414081164576,2,2.0745208703045286,0,0,0,0,8,1,0,1
1.4702367408533927,75.8266145812992,2,5.780041912188737,0,1,0,0,3,0,0,0
1.818746956806259,25.37000845556801,2,3.2570832689421936,1,5,1,0,3,0,1,0
2.2319472076894,71.65249842004421,2,6.151196854904118,1,2,1,0,3,0,1,1
2.7282732863144217,40.10238683641361,1,3.8098650250969395,0,0,0,0,12,0,0,0
0.5205084219036535,24.31261183381652,2,2.373702826570103,1,0,0,1,11,0,1,1
0.216426859643377,82.54236104319516,3,4.184112729550904,0,0,0,0,1,0,1,1
5.6034375525782165,72.14623338681548,2,9.188749944836108,0,2,1,0,10,0,1,1
3.8537582515646225,54.235848403715686,2,4.8087784416339385,0,4,1,0,8,0,1,1
2.9362318744063876,50.678757702699265,3,6.291733336664462,0,0,0,0,8,0,0,1
5.03162346821234,58.790200376382366,3,5.337607619848154,0,0,0,0,7,1,1,0
8.791993127445505,53.89257155834822,2,2.189603927667077,1,1,0,0,3,0,1,0
2.790397797460886,34.15448091657058,2,7.89792649204634,0,1,0,0,10,0,1,0
5.123828588035954,41.758954604301564,1,4.504356380352131,0,1,0,0,7,0,0,0
15.34928687305838,89.21435664077406,2,2.378974870562611,1,3,0,0,12,1,1,1
9.151186562768023,100.0,2,3.975532983113331,0,0,0,0,7,1,1,1
2.775636473443356,81.25337010461365,2,4.587511810051603,0,0,0,0,10,1,0,0
5.174200837469715,59.56447880325247,2,6.498959047002451,0,0,0,0,7,1,0,0
0.974426284429095,43.245019345961296,3,3.6384736387794394,0,0,1,0,4,1,1,1
4.110840203539687,34.03628212206068,2,10.0,1,3,0,0,5,0,1,1
19.903728979034305,35.35435179139595,2,3.1256620349827857,0,5,1,0,5,0,1,1
3.6523257235501982,38.93464682626479,1,6.223989924462058,1,2,0,0,4,0,1,1
13.130390569481929,93.0232808285154,3,1.0520545171767761,0,1,1,1,1,0,1,1
2.6156291479724167,86.12564592765197,3,4.752602667481401,0,1,1,0,2,1,1,0
20.0,64.92556779870787,3,5.73446855864423,0,1,0,0,10,0,1,0
4.328226154624624,30.78773647174348,4,2.760833492354761,0,3,0,1,12,1,1,0
0.21594163871028815,67.86111853422074,2,7.99809096208334,0,1,0,0,2,0,0,1
4.418570747935283,45.2276594297879,2,5.868953302368342,0,0,0,0,5,0,0,1
1.604972062386113,6.939811227117573,2,4.364719070307145,0,0,0,0,3,0,0,0
0.1651027443764535,55.74201274802519,2,5.8473550032559505,0,0,1,0,2,0,1,0
8.597751409623463,33.16173918331889,1,3.813371676126434,1,1,0,0,11,0,1,0
1.612952633596517,33.83893141819925,2,7.5027598048151525,0,1,0,0,5,0,0,0
7.961639486954245,44.99184012863985,2,7.030597203644351,1,2,0,0,2,0,1,1
1.6999150415633688,40.033540541151744,2,5.7467801342149745,1,0,1,0,10,0,1,0
1.0803826201124214,49.31486361791984,4,6.223384094995847,0,2,0,0,3,1,1,1
18.235919434397353,48.35338899965589,2,2.0456075797975632,0,0,0,0,9,0,0,1
2.244306187449162,12.483818143047372,2,7.9338902134889295,0,0,0,0,7,0,0,0
4.5986859635559245,80.40555977765666,2,4.801284357469398,0,0,1,1,12,0,1,1
4.7078054333124895,30.3324655410264,3,7.050091298852203,0,3,0,0,9,1,1,1
4.110286136627691,30.952032297390538,3,6.499684447049394,0,1,0,0,7,0,0,1
12.307654628132394,43.42893496419405,2,7.019429535087744,0,1,0,0,4,0,1,1
5.611058966858885,47.83330305261411,2,2.9044740994820915,0,0,0,0,10,0,0,0
2.585333662700082,79.17959633663678,3,3.1590013153681777,0,0,0,0,10,1,0,0
9.916309046566964,55.38846904109802,2,9.49654953764114,0,0,0,0,6,1,0,0
0.9987399898786159,61.32930968219068,4,1.9613158530152863,0,2,1,0,1,0,1,1
3.9289090479374584,55.490723751665634,2,2.8047792929825834,1,1,0,0,11,0,1,1
15.034003712772861,54.62923164997546,2,5.086487993196319,1,1,0,1,1,0,1,1
4.909450809621965,56.19459006174017,3,5.08995945465722,0,2,0,0,3,1,0,1
8.490483696117808,11.345317148621227,2,3.91996384573505,0,3,0,0,5,0,0,0
5.300238649048269,45.001630303209424,2,6.2321577438385445,0,0,0,0,6,0,1,1
9.143285356854738,73.24522221142314,2,6.804166875201001,0,2,0,0,10,0,1,1
14.455769504523314,100.0,3,4.963664734182402,0,1,0,0,8,0,0,1
1.593605711136057,25.9138213492098,2,4.463020280623207,0,0,0,0,1,0,0,0
0.9296066285130201,58.46159920648706,2,4.9554756207697075,0,0,0,0,1,0,0,1
3.30815293974553,38.57906844251317,1,4.005278416051163,1,2,0,0,10,0,1,1
6.051001220271495,90.95303807793698,3,1.6035261156223006,1,3,1,0,4,0,1,1
1.2886183890094358,22.924344784170373,2,5.601848874015092,0,0,0,0,3,1,0,0
0.0205494222350831,62.498789806317596,2,6.531671427496082,0,0,0,0,1,0,0,1
2.0998625356719347,21.8557780099162,2,4.692145443352187,0,3,0,0,2,0,1,0
17.34620386327946,43.62866663878335,3,0.4698436361888625,1,2,0,0,7,0,1,1
5.936684107635609,49.31373338500382,3,3.8565699093564954,0,0,0,0,1,1,1,1
2.5651857030151843,71.39383363479216,2,6.8114441437358595,1,1,0,0,4,1,1,1
1.0695323326322257,28.45666347682944,3,2.1235029749263816,0,1,0,1,7,0,1,1
2.2009790376702516,63.26766097694771,2,6.39176804420744,0,1,0,0,8,0,0,1
0.9306807152367959,50.37555446775894,2,4.109167743260455,0,1,0,0,3,0,1,0
0.5619582216877879,55.45586772571959,3,4.9624496986501185,0,0,0,0,11,0,0,1
11.86194714167344,69.16665429370282,2,3.628200978432257,0,3,0,0,3,1,1,1
20.0,24.34886613989425,3,2.728834980764106,0,0,0,0,6,0,0,0
0.8963178236815128,66.21189946297184,4,7.868492936540743,0,0,0,0,8,0,0,1
0.2803262518660485,38.621902938211505,2,6.631678065142981,1,0,1,0,12,0,1,1
2.00038157245963,71.91746909953652,1,6.28944205900408,0,2,0,1,1,0,1,1
3.09631713191912,56.691152690757605,3,6.817110964403826,1,3,1,0,8,0,1,1
1.145941715782563,45.80943236965889,2,6.005429744604994,1,0,0,1,2,0,1,0
1.7935630342404243,38.19948061818357,2,6.888262511560468,0,0,0,0,10,0,0,0
1.1211628184378157,66.46589988710662,2,3.67219850803917,0,2,0,0,3,0,0,1
7.441869512712882,75.21903370961854,2,7.755373774558091,1,0,0,0,9,1,1,1
6.234017812239287,39.34296918279631,3,7.57686211907466,0,0,0,0,8,0,1,0
5.038625503448405,27.33986868437206,2,5.760963935035878,0,3,1,0,2,0,1,0
2.4487290056132154,63.88422085890451,3,4.4240109042299025,0,0,0,1,2,0,0,0
11.986728891273748,21.029381159325993,3,2.5529415627005196,0,1,0,0,1,1,1,0
17.455480502620652,23.889751248340566,2,5.457315548408388,0,1,0,0,2,0,1,0
0.9536196662448126,28.74599448944202,2,8.36983035933613,0,0,0,0,6,1,0,0
1.2616559913009806,41.69099033922501,3,2.6783256532980038,0,0,0,0,8,1,0,0
3.7288491908006822,23.2733622156911,3,7.036150297051212,1,1,1,1,5,0,1,1
0.47842938289995496,11.224001812368442,2,4.057122252186887,0,0,0,0,4,0,0,0
2.8674818853251622,27.291116113257537,2,4.227804430369443,1,4,0,0,11,0,1,1
4.358873022694333,62.84948893145237,2,2.649082017474263,0,2,0,0,4,0,1,1
3.6914923642499224,24.569118557464655,2,3.4950141468660574,0,0,0,0,3,0,0,0
2.0091729053561393,43.1946064409166,2,6.293564171122293,0,1,0,0,3,0,0,0
3.909299723100772,88.93396924731124,3,6.542255137513538,1,0,0,0,11,0,1,1
15.946700922587054,49.01651739945819,2,5.471716162153211,0,2,0,0,4,0,1,1
1.1534686886884058,56.850619794591864,4,3.998374270480295,0,2,1,0,5,0,1,1
5.318610825666283,31.079199634968937,3,2.7928855955355223,0,4,1,0,10,0,1,1
0.221832459575396,93.26949707400284,2,5.123516933620452,0,1,0,1,8,1,1,1
0.34362384686964775,39.17411021723143,1,4.270091391566764,0,5,0,1,10,0,1,0
4.012893459922778,45.437906310969666,3,5.42236284487486,1,3,1,0,7,1,1,1
0.5543180403763774,76.34117355934728,3,4.357524600359337,0,1,0,0,5,0,0,1
0.11300130611259297,46.365315102927624,4,4.408670426629074,0,0,0,0,10,0,0,1
0.9407706520379346,50.9577756535043,2,5.317921372224927,0,0,0,0,4,1,0,0
4.160312873286261,44.366233584217404,1,5.7043849292874445,0,1,0,1,7,1,1,1
6.075858973218495,44.50335243885546,4,7.44784258019547,1,2,0,0,11,0,0,1
1.131232829323901,57.41004021656183,2,4.326023331850615,0,0,0,0,2,0,0,0
5.517010264605031,61.05886378396211,3,6.0909890341045525,0,2,0,0,7,0,0,1
1.0073771192301753,37.13503137574865,1,8.60724411806415,0,0,0,0,8,0,0,1
4.7525663300104934,34.6783908770614,3,6.144152648455125,0,0,0,0,1,0,0,1
2.6547988091432546,37.817278222848735,2,7.328501987129958,1,1,1,1,4,0,1,1
5.30368609474671,21.974919716004635,3,3.7587453214625524,0,2,1,0,8,0,1,0
20.0,18.191394829614055,2,3.5592887193033134,0,2,0,0,7,0,0,1
13.888365346879649,55.94334294449815,4,4.681251743230125,0,2,0,0,8,0,0,1
0.02145475405984748,68.77191606350223,1,4.894120229572522,0,1,0,0,4,0,0,0
10.833228949422045,67.42090586290435,2,7.1416490342318895,1,2,0,1,8,1,1,1
0.3440222774851869,2.360174537266829,1,3.5406321016372906,0,3,0,0,11,1,1,0
15.292996818604493,45.098698259134785,3,4.822744179604827,0,4,0,1,3,0,1,1
1.6552147631630483,27.958160888148818,2,7.14965049402642,0,0,0,0,3,0,0,0
2.406615915007562,52.87474875641714,2,5.43108716679735,1,1,0,0,1,0,1,0
0.48056263646150876,41.64352962381238,2,4.978366059390836,1,2,0,0,1,1,1,1
0.5954537172682582,61.83823812489177,2,5.476995242933862,0,3,1,0,1,0,1,1
6.48666812270517,49.61693819197317,2,2.7448949969782745,0,4,1,0,12,0,1,1
14.441770191656566,12.079962101642217,2,2.7124937715160793,0,0,0,1,3,0,0,1
4.717648008741805,30.65828254400919,3,1.8235724967327838,0,0,0,0,10,0,0,0
6.291265329410086,50.11570229653307,1,5.413363574739206,0,1,1,0,5,0,0,1
7.176787449244015,51.802208584621724,3,6.837709499686033,1,3,0,0,10,0,1,1
1.5245770828825886,21.886463845919963,3,6.531172969207741,0,1,0,0,4,0,0,1
0.23142209319896756,19.270805929077564,4,7.28725598512963,1,2,0,0,12,0,1,1
0.009372498482426404,51.12490675146358,3,7.908444438107749,0,2,0,0,3,0,0,0
2.1589115608736598,21.926653878989452,2,5.289294768976326,1,1,0,0,6,1,1,0
1.3818266003264243,16.62741146998429,3,4.870784564452902,0,3,0,0,3,1,1,0
0.3217205671088691,41.097189747373164,2,7.95192938968492,0,0,0,0,4,0,0,0
0.9893792553097382,40.23107817322698,2,3.597969606645826,0,0,0,0,6,0,0,0
0.6647943442688226,32.43199045321398,3,2.642934759233504,0,1,0,0,3,0,1,0
12.318371144339121,35.925260865500746,3,4.322241094861797,0,2,0,0,10,0,0,1
0.7556682567029255,50.27671446444789,1,4.088513381331569,1,3,0,0,11,0,1,1
3.8571488838941086,35.59674192640362,2,5.096653491642042,1,1,1,0,6,0,1,1
4.496012297013562,51.41394043329679,2,3.299960617713761,0,0,1,0,2,1,1,0
3.920717427379188,42.39062927765331,2,5.739466289526665,1,2,1,0,10,1,1,1
0.5215632921267253,53.353003107733116,3,3.8617759192190335,0,1,1,1,11,0,1,1
1.9194846262507639,67.5641113087329,2,7.4564076527117455,0,3,0,1,4,0,1,0
0.2631569064657122,66.7849569078119,2,2.610868993120586,1,0,0,1,11,1,1,1
2.5181736524171985,75.76420942132167,2,4.721054367895795,1,1,0,0,6,0,0,1
1.044964055347052,66.7629379379432,3,4.330171416844977,1,1,0,0,4,0,1,1
4.123488776180216,54.77115063083609,3,5.461779845340936,0,0,0,0,2,0,0,0
5.901418009047303,41.33136724719711,3,6.853408965653413,1,1,1,1,5,0,1,1
3.797715637075859,42.244781543675515,2,5.532421812777886,1,0,0,0,1,1,0,1
2.8478974006924758,32.4444538712838,3,4.742817603297572,0,3,0,1,9,0,1,1
2.4496720379551613,50.09058582103116,2,6.382510075530588,0,2,0,0,1,0,1,0
9.216056557665798,63.9477495742387,3,6.686049538832302,0,1,0,0,7,0,1,1
1.2382575715912136,35.48664794233959,2,5.538399593408686,0,3,0,0,10,0,1,0
6.625400662792397,49.25564282672452,2,5.7751836546129915,0,4,1,0,5,0,1,1
7.083403417955819,36.45275542556462,2,6.293271092591228,0,1,0,0,3,0,0,1
2.716744139950165,54.18708660375229,2,1.712146548301499,0,3,0,0,12,0,0,1
1.7641303676590372,39.012332321001,1,4.298389577087087,0,1,0,0,3,0,0,0
3.179502332415986,35.209788574118946,4,5.752467862417327,1,0,0,0,1,1,0,0
0.48924358824376507,36.40066610135949,2,4.4167850324512505,0,2,0,0,6,0,1,1
0.2350913437213199,60.06657547691133,2,4.423706220723621,0,3,0,1,5,0,1,1
0.5916839416623907,48.0650118933929,2,5.749803085599868,0,2,0,0,10,0,1,0
1.0360128791512206,41.431565399999286,1,5.795289948030861,1,4,1,0,1,0,1,1
3.507679542164153,55.22809005094421,3,5.934118709141773,0,3,1,0,8,0,1,1
9.456903635265848,41.70967565064699,2,3.4155530765593887,0,1,0,0,12,0,1,1
1.343597237658132,72.53035787371407,3,2.164393278891636,1,4,0,0,6,1,1,1
13.67931796747925,30.522676926134867,1,6.60877356470502,0,2,1,0,8,0,1,1
15.495242061320669,46.260569743654365,4,3.515168985023001,0,0,0,0,1,0,0,1
15.959296018931129,21.904695566659985,2,3.3769492874554476,0,0,0,0,4,1,0,0
9.087317056495625,43.062512162198125,4,3.1964969491759514,1,2,0,0,9,1,1,1
2.2614083019391744,16.4072900458674,2,7.3020602826710785,0,0,0,0,8,0,0,0
0.3773039547862673,64.92633045118252,3,5.4240536241729265,0,0,0,0,6,0,0,1
4.2061335067392775,65.33007534011158,2,5.685046796769069,0,5,0,1,5,0,1,0
4.089941574776678,65.68340347448952,2,6.379102366454937,0,3,1,0,11,0,1,1
9.484792226657007,50.577449603489356,1,4.915258939168907,1,2,0,1,2,0,1,1
20.0,32.40259190579816,3,7.0253769253314164,0,0,0,0,1,0,0,1
3.5479817119738044,33.99318735928101,1,2.606393688040884,0,1,0,0,10,0,0,0
2.11715794821528,80.60344110441042,2,2.8287859884919873,0,2,1,0,8,1,1,0
1.0283708639755638,78.71354207599593,3,2.718461068667923,1,2,0,0,3,0,1,1
0.024056904848379933,52.45110313901543,3,5.843336995140667,0,1,1,1,4,1,1,1
3.557713654653214,39.687319318393456,4,6.012835392397379,0,1,0,0,8,0,1,0
4.054236098707359,77.37246845397021,2,4.054835926572993,0,2,1,0,3,0,1,1
8.713089114675581,36.1099367723038,2,4.53512330242245,0,1,0,0,3,1,0,1
3.5117163553367274,54.57698416191815,2,7.536141201590464,0,1,0,0,7,1,0,0
12.412648305290407,77.03914610796917,3,3.611127608093814,0,1,1,0,5,1,0,1
4.945429246379395,33.27323000670745,4,5.590865582506572,0,1,0,0,11,0,0,1
9.173425819281473,66.58447171274224,4,3.6285682579602607,0,0,0,0,6,0,0,1
0.8026148185685698,60.411215916877396,4,7.191948649880339,1,5,1,0,8,1,1,1
9.666711838118559,49.20966915536878,3,6.256852368545335,1,1,0,0,12,0,0,1
5.621864118497762,30.131328017337687,4,2.2021571479908255,0,1,0,1,6,0,1,1
0.9330518979320372,35.51120479793448,2,4.478397940704109,0,1,0,0,11,0,0,1
1.0521458519387688,55.78902145701317,4,0.8419864178741587,0,4,0,0,1,0,1,0
13.052391475845862,21.533264102372268,3,6.800911162021659,0,5,0,0,9,1,0,1
0.16372848130983594,52.614877180365,2,9.09461790184287,1,2,1,0,8,0,1,1
3.1044576593816036,60.82101968123327,1,0.6391177599989,1,2,0,0,8,1,1,1
1.8805653007627727,69.704403456182,2,2.145802618125905,0,4,0,1,8,0,1,0
5.469279690270193,22.03285851079555,3,5.334640167139706,0,3,0,1,10,0,1,1
9.151339073030156,76.32494594322547,3,4.963082379421093,0,0,0,0,7,0,0,1
2.2343904608023784,83.9072698835987,2,4.178309656389758,1,0,0,0,10,1,0,1
2.783493497963601,58.20303135427188,3,1.5247599654977324,1,3,1,0,1,0,1,1
20.0,29.23902837150679,2,5.6468936599502575,0,2,0,0,7,0,1,1
7.660452083591068,43.437814232795176,3,6.775027703893958,1,0,1,0,3,1,1,1
11.375050554649363,49.048055097629856,3,10.0,1,2,1,0,12,0,1,1
2.888053070761352,55.40927017461114,4,7.6145758442736415,0,3,1,0,4,0,1,1
1.3333629859914586,50.43963105287205,2,2.402568016117526,0,1,0,0,6,0,0,0
2.653980781572181,55.62330285789234,4,4.976217177676463,0,5,0,0,5,0,1,1
6.295523737723073,48.18506485321755,2,6.184155442897431,1,3,1,0,3,0,1,1
0.5794701319941071,55.30214189024486,2,3.623477104953407,0,3,1,0,6,0,1,1
1.5767678091792812,40.789531576773726,2,6.560024003085779,1,1,0,0,6,0,1,1
0.23879196056999547,43.23626566035063,3,6.406755579873869,1,1,1,0,10,0,1,1
2.8312313156269058,38.479496590466646,4,7.474719431471666,0,1,0,0,10,0,0,0
8.785217589737659,88.34519069008144,2,6.604485506535039,1,0,0,1,3,0,1,1
0.12486466190877166,79.27801572348645,4,5.570287300215518,0,4,0,0,9,1,1,1
5.624630297789056,61.105883800272316,2,3.724136505982229,1,5,0,0,2,0,1,1
13.47783282328166,76.50617994535477,2,2.4138428110136854,1,2,0,0,8,1,1,1
1.3520135315497697,65.96922677955766,2,5.438032276307904,1,3,0,0,3,1,1,1
5.914887787638996,53.625423190281104,2,4.192331816579298,1,1,0,0,4,0,0,0
18.464819139159378,19.88857317960633,4,4.385605524653714,0,0,0,0,5,0,0,1
16.38756697489966,44.7567215974972,3,7.243580981438736,0,2,0,0,5,0,1,1
1.3389344565350099,43.29924215963296,2,7.7378480276117205,1,2,0,0,1,0,1,1
0.5286421011435636,27.33849653815686,3,2.529266767493392,0,3,1,0,4,0,1,1
0.802502121993539,20.27675450786768,2,4.579138788169624,1,0,1,0,2,0,1,0
6.053907462667966,59.8543869313405,1,4.133589659406866,0,0,0,0,8,0,0,1
6.468737714938822,56.49008644741626,2,5.629817284005344,0,0,0,0,6,0,0,1
5.607919050962385,26.65206039864776,3,0.4674446220476769,0,3,1,0,8,0,1,1
2.047955951516384,35.08242987127621,4,2.078324029914439,0,3,1,0,3,0,1,0
0.9303043350910191,73.22444546308327,1,4.765010133923188,0,1,1,0,8,0,1,0
4.34657167641477,32.44606972966879,2,6.572230408610631,0,1,0,0,8,0,0,0
3.3051470700764494,53.41597807867605,1,5.150581474907148,0,2,0,0,9,1,0,0
6.525123210306561,46.204434008640376,2,6.343014146115404,0,2,0,0,1,1,1,1
2.911250806482374,60.12726942124125,3,5.394616755373973,0,0,0,1,4,0,1,1
2.0672824819641593,32.877846946871394,2,7.552579147488229,0,0,0,0,9,1,0,0
1.737008775539004,51.80166955080214,3,7.97177509766436,0,1,0,0,1,0,1,0
1.1879261612993062,53.37445154691754,2,3.479074225669013,1,1,0,0,7,0,1,1
1.5445038676059306,54.60361612458439,2,6.767290679575103,0,1,0,0,4,0,1,0
0.49816496219359596,51.581477159252266,2,6.016239096934109,0,0,0,0,9,0,0,1
2.1297960056644016,56.8921864118822,1,10.0,1,0,1,1,12,0,1,1
0.18627625398979494,93.83540664101622,3,3.404329961971766,0,5,1,1,1,0,1,1
1.031517270084589,100.0,1,4.766528937936363,0,0,0,1,8,0,0,0
6.867294340564063,37.21567718426556,1,2.935452733368265,1,0,0,0,1,0,1,1
1.9686881381653378,3.635140392950021,3,3.054127535795998,1,1,0,0,6,1,1,0
5.516672357882744,61.90990601443947,4,5.771128043290202,0,2,1,0,2,0,1,1
6.309495957803014,53.725049198025324,3,5.411086841078221,1,2,1,0,11,1,1,1
4.35163401173151,71.2208371836716,2,6.082902187816357,0,0,0,0,9,0,0,1
15.934190460106842,55.697717994306345,2,6.039507454898131,0,5,1,0,6,0,1,1
0.1083651969118162,51.172078790514384,3,4.528722494351178,1,0,0,0,2,0,1,1
6.709524578922482,72.57813191754445,3,4.514921862603674,1,3,0,0,9,0,1,1
15.9449644947836,75.37561176827684,2,3.05840253505617,0,0,0,0,6,1,0,1
9.912362941205322,22.268798824380035,2,3.5976913914308106,0,0,0,0,12,0,0,1
0.9189693514087273,33.66787625720833,2,4.886396446884118,0,2,1,0,8,1,1,1
1.978714904465241,47.88814081422643,2,5.394059283684161,1,2,1,0,5,0,1,1
0.9464398693969499,51.96875247849167,2,6.421575783177178,0,0,0,0,11,0,0,0
4.597835012645975,45.48033593295503,2,6.2177213195843475,1,5,1,0,8,0,1,1
6.227238635820356,58.68414355723772,2,8.114153531131466,0,0,0,0,9,0,0,0
1.9068421654841163,69.922095786342,2,3.054623815004862,0,0,0,0,1,1,0,0
3.8772834957087983,84.45419421441457,2,4.534829178711861,0,1,0,0,3,0,0,1
5.870784901657679,61.578260475457995,1,3.229390887604457,0,4,0,1,8,1,1,1
2.735199381568253,32.95332643093781,2,7.55457413872414,0,2,0,1,9,0,1,1
9.621275179572027,47.052475496043634,4,3.9950522236071535,0,0,0,0,4,0,0,1
7.382188138533056,48.49295517480886,1,7.310054904889272,0,0,1,0,4,1,1,1
0.33425553271848585,60.292804799623184,3,7.9055722674521185,0,2,0,0,8,0,1,1
4.852748665113519,57.76336066867884,3,5.826873926921564,0,0,0,0,1,1,0,1
1.341525462703641,91.00793302223019,2,5.58611765545006,0,0,0,0,3,0,0,0
4.076780457351359,40.76973729490183,2,5.0772902909691595,1,2,0,0,8,0,1,1
15.719820827257411,57.695010675336064,1,4.365787927667155,0,0,1,1,9,0,1,1
10.562386495204237,97.09422795488183,3,4.125230472343869,1,3,1,0,7,0,1,1
2.591907178398636,38.29586206192798,2,4.705166552571384,0,0,0,0,1,1,0,0
1.7231239008088135,52.9029739234071,2,8.648756780958198,0,1,0,0,8,0,0,1
1.3355147100856257,31.102389977519692,3,2.9162895700676392,0,4,0,0,10,1,1,0
3.80193868862533,51.64173799254863,3,5.409218447551981,1,2,1,0,11,0,1,1
0.6065939449347221,34.39565703724717,2,6.4226119283748,0,0,0,0,3,0,0,1
3.984489497937968,70.93601806982693,3,4.431248317315288,1,1,0,0,4,0,1,1
0.006672647896986358,52.946377180627906,2,5.832164742483157,0,4,1,0,12,1,1,1
1.9566989397506942,31.29205480035413,3,1.99079637463312,0,2,0,0,9,0,0,0
1.2418857490325106,66.81135395583343,2,7.650086292630359,0,3,0,0,8,0,1,1
17.740162669793005,53.59332077743175,3,7.262297422882181,0,1,0,0,9,0,0,1
6.495857477176397,69.05637554446909,2,4.803148201252702,1,1,0,0,4,0,1,1
2.151248986990778,27.046747441045028,2,3.240328269389863,0,4,1,0,11,1,1,1
0.4872102290017204,57.37648824497323,2,6.5857962951738145,0,1,0,0,8,0,0,1
3.636629315480983,65.46683389289417,3,2.7037610673958743,0,4,1,1,12,1,1,1
1.2004814604408247,41.53245019528527,1,2.9907518681807974,0,1,0,0,4,0,0,1
3.8439845049672923,24.819945460636976,2,4.892781017862633,0,1,0,0,1,0,1,0
9.020041529735991,49.16785009259212,2,8.036083133976032,0,4,0,1,4,1,1,1
4.782863216814341,74.56230587561856,1,6.281163711870637,0,2,1,0,11,0,1,1
5.022720119674014,72.51860661268113,3,3.7060096600214294,0,1,0,1,1,0,1,1
3.893855301712879,41.43143130488846,4,1.6358041169689947,1,2,1,0,6,0,1,1
13.104706387761382,24.33829127247115,3,5.083040827263628,0,2,0,1,2,0,1,1
13.434087427041796,41.37640559300855,3,5.502843571803195,1,0,0,0,9,0,1,1
3.594614708724007,40.63044698536175,1,4.854439836822393,0,2,0,0,8,1,1,1
1.8246840910076667,58.92893566609555,2,8.612783360463352,0,0,0,0,6,0,0,1
3.077108139051762,47.89996994191757,2,4.736146220783109,0,0,0,0,9,0,0,0
1.032402718942003,34.93471576525716,4,0.4357592516484612,1,1,0,0,4,0,0,1
5.057738901073634,72.08526134521335,3,4.185720883647223,1,1,1,0,8,1,1,1
3.4666593458915234,52.808517348896686,2,5.909289157094858,1,3,0,0,3,1,1,1
0.5451722694086607,58.70831305461881,2,5.773794617503945,1,2,0,0,9,0,0,0
1.1010379593184987,15.50029131737466,2,4.646643427529939,1,2,0,0,12,1,1,1
3.266094706114919,1.514702586054284,2,4.315563627854356,0,2,0,1,5,0,1,0
10.927966994889779,21.249084371111838,3,1.000754230403531,1,0,0,0,6,1,0,0
4.178057141635772,40.38913148786449,1,5.171541512443068,0,1,0,1,6,1,0,1
5.721213503863904,61.52712035227617,3,4.322754447842075,0,3,1,0,1,1,1,1
2.070223159044721,3.1550625918540405,4,5.498499764086919,1,4,0,0,5,0,1,1
4.236288891468574,81.85704128743974,3,5.982578548040581,0,0,0,0,11,1,0,1
2.9654217682805317,53.411320535402524,4,7.482136744089281,0,3,1,1,9,0,1,1
5.381269248613435,77.20589985899821,1,3.088869797372264,1,0,0,0,8,0,0,1
0.2594966851241691,32.28059835051742,4,2.41203569096857,0,0,0,0,9,0,0,0
3.3991829662985356,60.077198683449815,2,3.852066537751199,0,0,0,0,1,0,0,0
1.754832236155948,51.70391859941575,3,3.5288135098873856,1,2,0,0,3,0,1,1
1.9739988870023328,66.35372626109108,2,3.3491808505674445,1,1,0,1,2,0,1,1
16.210393656486616,45.32417264800566,2,7.889812881736505,0,0,0,0,7,0,0,1
1.008713538101343,59.46430418015177,1,5.296831743076589,0,2,0,0,6,0,0,0
1.8643501286546167,72.043906375424,1,8.944786925256164,0,1,0,0,2,0,0,1
3.5656533935162447,36.97647412216449,4,4.993859153950474,0,0,1,1,4,0,1,1
9.939855371622118,54.844884649792995,3,2.6562471018680776,1,4,0,0,8,0,1,1
2.6950117883752265,12.242755255553035,2,3.383650831604461,0,0,0,0,6,1,0,0
6.810258631955693,64.05006038126716,2,7.048910694087915,0,1,0,0,4,1,0,1
9.70271632042408,89.0932508692498,3,2.7322965260789527,0,0,0,0,6,0,0,1
1.8554369288070727,25.111279045026095,2,6.115753288527757,0,0,0,0,5,0,0,0
2.494075066728075,48.172374791441136,3,4.286494941694679,1,2,0,1,1,0,1,1
2.2046031373108113,67.60962601828227,2,3.1403488546704783,1,0,0,0,12,0,0,1
8.944492088248435,50.628349469331006,3,7.773039464296448,0,0,0,0,5,1,0,1
0.2268012903971282,53.30199102986452,4,3.82286792735996,0,1,0,1,8,0,1,1
1.8438900922488672,42.180011169527226,2,3.3448579507992653,0,2,0,0,3,0,0,1
5.687938657996981,41.43695493824171,2,4.842213840894353,1,3,1,1,7,0,1,1
4.167146536038872,48.26611692829245,4,3.98352461431627,1,1,0,0,8,1,1,1
2.8660710376575596,50.83342844278712,4,9.429971801199738,0,0,0,0,12,1,0,1
3.882081231567443,26.371174768453805,4,7.120714586751159,0,0,0,0,6,1,1,0
1.1006441621728675,48.679560281079425,2,3.818615155089674,0,1,0,1,4,1,1,1
2.8168847001128756,81.37067877418653,2,4.049325777483137,0,1,0,0,10,0,1,1
3.482794812135187,41.61732412822191,2,0.961103449864523,1,1,0,0,11,0,1,1
11.572737893074937,25.254900342507444,1,5.274807302182889,0,0,0,0,10,0,1,0
1.5111716425720672,46.97167864027147,3,3.5058813141223855,1,2,0,0,1,1,1,1
10.118274868181716,35.707743757514066,2,5.1760227643198675,0,1,0,0,10,0,0,0
5.16751435173213,23.23316349356121,3,1.0674518101915393,0,1,0,0,1,0,1,0
0.10275277306525124,52.78336923465242,4,4.946487328022116,1,3,0,1,9,0,1,1
6.448222430075394,35.79435925697844,4,8.39734261246699,1,2,0,0,7,0,1,1
0.1809961753501109,37.5057166629345,1,5.108282322464654,0,1,0,0,12,0,0,0
20.0,53.06854760770778,2,3.4506356258989177,1,5,1,0,12,0,1,1
10.303557748872432,19.33650809275331,3,4.959066550180349,0,1,0,0,1,0,0,1
1.7644373953806007,15.168606994977502,2,4.871502527627827,0,0,0,0,8,0,0,0
1.4880643008040706,63.41744389003863,3,9.383666281512582,0,0,0,0,2,0,0,1
2.4018141617921938,11.383327985518342,3,4.334316141558627,0,0,0,0,11,0,1,0
2.201579247014239,30.466446093852905,2,2.593413393554286,0,1,0,0,5,0,0,0
2.3287659230701343,14.003209292231247,2,5.0429163484548765,1,1,1,0,6,1,1,1
1.9156559810847107,40.27727066302335,2,5.391066475678598,0,1,0,0,10,0,0,0
4.852855664132396,58.56117495302331,3,6.124591932708312,0,0,0,0,7,0,0,1
0.8972105143403639,52.246758974647534,2,6.511523700462773,0,3,1,1,7,0,1,1
9.35340603161513,97.83746778914568,3,8.911052171019591,1,2,0,0,1,0,1,1
8.367282418013847,71.73831235578001,4,3.808672596654923,1,2,0,0,5,0,1,1
3.2359308625036953,31.376842996867975,2,3.6269005116436306,0,0,0,0,8,1,0,0
9.577437032383898,26.05889990347179,4,1.291727045690704,0,1,0,0,5,1,1,1
1.4194136291276864,100.0,3,6.323307533431446,0,3,0,0,12,0,1,1
0.0886077951984132,71.25144011466725,3,3.225371269121712,1,2,1,1,12,0,1,1
4.827508939046931,61.787392145391436,2,6.783528559829239,0,1,0,0,4,0,0,0
3.061610728441195,51.497036244312355,2,4.016730172828309,0,0,0,0,8,0,0,0
4.186988188717938,55.470431349500345,2,8.451915943520735,0,0,0,0,11,0,0,1
11.480004532921148,20.358534490351477,2,2.132986222039863,0,0,0,0,4,0,0,0
17.52040044245033,53.14078340393536,2,7.045851006705389,1,2,1,0,4,1,1,1
5.031803997036616,51.42462794918029,3,6.807685125625573,0,3,1,0,9,0,1,1
7.220795259625171,31.9172231379704,2,6.053152876928438,0,0,0,0,3,0,0,0
0.4376490121289162,39.22947092863043,4,2.7654726020249205,1,3,1,0,9,1,1,0
0.8760281849106261,80.30352786887111,2,6.0623016406171075,0,4,0,0,12,0,1,1
6.606369873358602,47.49650159410275,2,5.2537494815934105,0,3,0,0,7,0,1,1
2.8225866478347794,91.42342605066221,2,1.3394875791746692,0,5,1,1,10,0,1,1
2.952639526995011,15.186411270252329,4,8.116545979469326,0,2,1,1,5,0,1,1
1.8452393090937576,39.55739627548505,2,4.308777168166017,0,1,0,0,1,1,0,0
4.67426453358971,19.054428975061622,1,7.962435392048771,1,4,0,0,11,0,1,1
1.0238484798113354,25.811550922163313,4,4.864677099796033,1,3,0,0,4,1,1,1
4.9297621614119524,33.435885886814056,2,6.964652126597477,1,3,0,1,12,0,1,1
0.9545851037092632,56.306192535411824,3,3.2809497765194364,0,0,0,0,12,1,0,1
0.32976979710785237,55.336523421607744,2,5.428869908656967,0,3,1,0,6,1,1,1
2.005057864415237,36.41419360744789,2,5.287883986255355,0,0,0,0,11,0,0,0
1.3142341274706946,5.444008853268365,2,4.352797945214734,0,0,0,0,1,0,0,0
10.99074876092754,79.55385746064306,4,3.261554372170666,0,2,0,0,5,1,1,1
0.28260548767957816,44.284705679272875,4,0.0,0,1,0,0,9,0,0,0
0.9716489954746388,27.674196593977214,2,3.3084811830128293,0,1,0,0,6,1,0,0
3.9783320777735964,55.49861562140175,2,6.401018227151466,0,0,0,0,4,0,0,1
3.279904331655272,54.08890341046348,2,2.2095409022196733,0,1,0,0,10,0,0,1
0.23468251277799612,43.5464707000007,2,2.6237327203427623,0,2,0,0,7,1,1,0
0.036394273602879446,52.97062031283009,2,2.130274383270587,1,2,1,0,4,1,1,1
20.0,26.89940319183963,2,5.4177762326211125,1,4,1,0,3,0,1,1
5.376940847354826,65.19825686352968,1,3.213186829813484,0,2,1,0,3,0,1,1
2.2738503046424583,30.062658104862592,2,7.440685954400273,0,0,0,0,12,0,0,0
3.178470834080218,37.88860689393136,3,6.469239414238549,0,5,1,0,9,1,1,1
1.5499800713904857,62.97603632303151,3,5.400248127901926,0,0,0,0,8,0,0,1
2.11463682629456,74.07917930020467,2,5.607899333151707,0,0,0,0,5,0,0,0
5.235478754578117,81.71549136092678,3,3.474103854700596,0,0,0,0,3,0,0,1
10.719870399184344,71.11596476933144,2,3.474614748010514,0,1,0,0,10,0,0,1
1.017501393627865,43.51855632396436,2,6.422053093164027,1,2,1,0,8,0,1,1
9.174217143607637,19.179338617990744,3,6.826784047274083,1,1,1,0,12,0,1,1
0.648019175178809,78.10111171205787,3,6.404524743827093,0,0,1,0,4,0,1,1
1.210308274959844,77.41391977809951,2,4.058834687153203,1,0,1,0,3,0,1,0
0.18941953324509092,36.56047693293009,2,4.217355844959433,1,2,0,1,5,0,1,1
0.7588368064850076,68.4237807564912,4,3.1364864363899416,1,0,0,0,12,0,1,1
12.462868561538174,43.35644412138523,3,6.536507674515771,0,1,0,0,9,0,0,1
3.0757366053418926,80.02553767023457,3,1.0770888759193986,1,0,1,0,6,0,1,1
0.40423857599191004,39.70270675192436,3,0.5915273902859282,1,3,1,0,7,0,1,1
16.06034994089333,89.57302575097006,2,0.9902812550983109,0,0,1,0,10,1,0,1
10.559505815817321,65.72241095196492,2,0.7146214346113409,0,3,0,0,6,0,1,0
7.0260103705668495,85.95089689371974,4,7.7142818029962905,0,5,0,0,3,0,1,1
13.5507213567551,40.724054607002415,2,6.573610727140547,0,0,0,0,11,0,0,1
1.2431364860692478,58.10059208888386,2,2.602806796633892,0,0,0,0,3,0,0,0
9.050715884443623,30.614416033112693,3,4.788134186625108,0,1,0,0,2,1,0,0
5.855772915245541,66.87978504238393,2,7.93158074769673,0,1,1,0,10,0,1,1
10.19185307412826,67.98083065674248,2,6.000397241824847,1,0,0,0,1,0,0,1
7.970568790333346,97.94047836402373,2,9.228752535941611,0,0,0,0,12,0,0,0
2.127025957557721,59.640795944392984,2,4.771467731814363,0,1,0,0,9,0,1,0
7.444926372633346,64.48188405012186,3,3.6896821072548693,0,0,0,0,12,0,0,0
1.5221497116670304,40.58339246992436,2,2.837781666625772,0,0,0,0,2,0,0,0
1.9918926096087255,60.82758745270477,2,5.04728931159889,1,2,0,0,4,0,1,1
0.5709172690363338,42.402175826248325,2,6.872128783173935,1,2,0,1,12,0,1,1
13.672737058501237,52.317215176839994,2,5.19825006653858,0,0,0,0,3,1,0,0
1.7195224816312842,53.4903132309159,2,4.2836100007139715,0,0,0,0,4,0,0,0
3.6763340954833024,42.95390253301659,2,7.513040870634425,1,0,1,0,4,0,1,1
2.482418450875313,51.25890193083987,3,6.057784192266009,0,1,0,0,10,0,0,0
16.085402260511895,42.494096605731585,3,4.773127006760184,0,0,1,0,5,0,1,1
2.0402109116047424,42.405377499323215,2,3.4668174531098233,1,2,1,0,1,0,1,1
7.537697898113457,71.53329303004543,1,4.49111441693641,1,1,0,0,7,0,1,1
9.669478474698167,53.50827283652823,1,5.945494445513812,0,0,0,0,6,1,0,0
2.860017856306958,56.94132544400554,2,3.4393022477698176,0,0,0,0,11,1,0,1
2.375457267126134,20.853904620289285,2,2.5326941224650152,1,2,0,1,5,0,1,1
6.8865902636032486,58.469166636607795,1,4.039697486796635,1,2,0,0,2,0,1,1
12.203261229291552,60.60846927950476,2,4.901580615844523,1,2,0,0,4,0,1,1
7.0310923336449695,42.03322754622495,4,7.726580330331554,0,0,0,0,9,1,0,0
1.2881985900185386,91.70059352521383,3,2.679925260274961,0,0,0,0,10,0,0,1
10.960039673236626,4.215454716318696,3,5.453496193865698,0,1,0,0,4,0,0,1
2.4516984002192483,65.68734271541092,2,4.444857053385537,1,0,0,0,9,0,0,1
4.292815178464706,64.25609609909725,1,4.544118428154545,0,2,0,0,6,1,0,0
8.902187604076579,60.831658639988234,1,8.078732605768513,0,1,0,1,12,0,1,1
1.0437061189360248,53.52425411277246,4,5.162424274650736,0,2,0,1,4,0,1,1
7.67420701925473,61.013586452500746,2,3.1728901765684423,0,0,0,0,10,1,1,1
4.533717236793452,67.36350959111788,2,6.777493443091211,0,1,0,0,6,0,0,1
11.190622335120256,35.48224832336012,2,6.630481366613726,0,1,0,0,5,0,0,1
0.9435318933500061,55.983912443601795,3,2.997657776156773,0,3,1,0,7,0,1,1
2.729520692756622,46.33366315953392,2,2.6141265406259104,0,0,0,0,5,0,0,0
8.944111720037075,28.12463199548983,2,5.82103944941414,0,0,0,0,8,0,1,1
0.09709519200851441,64.34339949226579,4,4.934062162516756,0,1,1,0,12,0,1,1
0.5950516304030976,38.712791506319334,2,4.058834590582145,0,0,0,0,1,0,0,0
20.0,20.04282650441066,2,7.11259701597674,0,0,0,0,10,1,0,1
1.6452584357648803,39.21778678596702,2,3.8154386079284843,0,0,0,0,4,1,0,0
18.554233632510197,34.02202203813739,3,5.843125805006775,1,0,0,1,4,0,1,0
1.0077148573076942,70.5695801838022,2,7.349288735901576,0,2,0,1,2,1,1,1
2.2399931683068415,53.063862811161556,2,4.321738279703629,1,1,0,0,9,0,0,1
6.989192586162191,77.6476549137988,3,1.341802530541551,0,2,0,0,7,0,1,0
5.361484098423838,36.668875375339084,2,4.193864433210302,1,1,0,0,1,1,1,0
4.350882628361006,67.48339743793,4,5.378567483150876,0,0,0,0,7,0,0,1
3.7740404386012534,100.0,3,7.006011885525615,0,2,0,0,10,0,1,1
9.271593948651732,57.120649342542805,2,3.9576786195282025,0,1,0,0,6,1,0,1
1.3390610464484933,67.23297724646305,1,8.446186892926429,0,1,0,0,1,0,0,1
2.9212031405850967,63.87035328450813,3,2.4023552425325168,0,1,1,0,6,0,1,1
0.8447702595800684,21.558493451483468,3,5.328287329094643,0,1,0,1,9,1,1,0
4.53097923223247,61.71634594934901,3,4.5216739325815904,0,0,0,0,2,0,0,1
1.442041175362381,56.129126412991376,2,7.694181786279959,0,0,0,0,4,0,0,0
2.031142479647974,44.80505233203382,4,2.052705638436116,0,1,0,0,8,1,0,0
3.186204519694665,32.319272515902384,2,5.851269516271847,0,1,0,0,7,1,0,0
0.1356772211058958,63.879664806540745,2,4.511536736210578,0,0,0,0,4,0,0,1
0.4822127510333972,30.551925207787573,4,8.05828189937198,0,0,0,0,8,0,0,1
5.790684533590172,92.67291209363793,3,3.342882637554837,0,2,1,1,9,1,1,1
2.8015674876690237,52.28338166976257,2,5.830636524988874,0,0,0,0,6,0,1,1
10.004638977512188,25.533859044269928,4,3.3236169191243032,0,4,0,1,6,1,1,1
5.931843411564692,39.720074433433226,1,5.3761243548456985,1,4,0,0,1,0,1,1
0.04066966283795685,44.43731323420366,1,4.261270254538456,1,1,0,0,3,0,1,0
4.794847385645495,98.24753307847692,3,4.22954048948515,0,2,1,0,6,0,1,1
0.49206169597380667,32.30822106381007,2,1.0251293904587047,0,0,0,0,7,0,0,0
7.591892402959438,47.675654734972255,4,5.829168128716193,1,2,1,0,6,1,1,1
20.0,39.24343260269955,3,2.8355217260963,0,1,0,0,4,0,1,0
3.787882343561071,59.98516971163329,2,2.766640769896217,0,4,0,0,10,0,1,1
5.740790819633801,39.562331725899114,3,1.889433188882451,0,5,0,0,4,0,1,1
1.3545453838978905,27.218866677205792,1,2.8879012832020257,0,4,0,0,10,0,1,1
2.877689633380751,46.094108404076024,2,6.0009595326583725,0,1,0,1,7,0,1,1
9.693021140318551,44.01212313335514,4,5.902346576972818,1,1,0,0,7,1,1,1
0.9161475307537682,38.15511244751973,3,6.327421921082458,0,0,0,0,1,0,0,1
1.5430688026599406,39.223792822057646,2,2.9460382143103785,0,0,0,0,7,0,0,0
2.9478443379858206,73.69391595762006,2,5.4295632511454475,0,0,0,0,1,0,0,1
6.228296901403727,43.605195714649916,2,3.7692329339917583,0,0,0,0,4,0,0,0
2.357094790121179,27.317446750431348,2,6.909459376676631,0,2,1,1,1,0,1,1
13.136888597712764,40.757680724002874,2,5.852027909688604,0,1,0,1,5,0,0,1
0.496102859133967,51.08671318930785,1,3.6869633465727754,0,0,0,0,9,0,0,1
2.3165638953064174,23.27460726897292,2,7.081151070636475,1,4,0,0,4,0,1,1
6.171371863938031,82.51955920012797,3,6.014688681282649,0,1,0,0,10,0,0,0
1.2808315345501355,67.35158955012544,2,2.2259943461723504,0,3,0,0,9,0,1,1
5.3415765747546775,78.6034548723756,2,1.6569556373368486,0,0,0,0,11,0,0,1
0.8969310949456298,57.84256250975365,4,2.3046283589467644,0,1,0,0,11,0,0,1
0.2880411418715065,8.12605099739799,2,8.298363433053277,0,1,0,1,4,0,1,0
0.6449413085846883,80.70667433277026,3,2.9690747479271393,0,1,0,0,2,0,0,1
13.29521338379568,32.72863280580215,2,8.752280415363643,0,0,0,0,11,1,0,1
4.012030681234289,34.356265119958024,2,2.8653628338912145,0,0,0,0,6,0,0,0
7.956658505397703,53.12650287910887,2,2.6522698894453116,0,2,0,0,8,0,1,0
2.0222368876462085,77.56459693340298,2,6.759904962126525,0,0,1,0,7,0,0,1
4.490518710350994,71.06574267904799,2,6.851046621804873,1,1,1,0,3,0,1,1
3.4155103472798807,68.12562240352042,2,6.111650347267238,0,2,0,0,2,0,1,1
14.569651823432778,43.76345894250893,2,6.35222058758329,0,3,0,0,7,0,1,1
6.883198311473374,43.447849478157764,2,3.396756449283333,0,1,0,0,6,1,0,1
6.556725442586889,56.918873359601335,2,6.666006390961299,0,1,0,0,3,0,0,1
0.2373098975165583,47.398583174329346,4,5.4799933434372035,0,1,0,0,2,0,0,0
3.9888694831693283,67.78635814658706,3,4.2694492208322155,0,1,0,0,6,1,0,1
3.1460891049475785,66.60235328990453,3,5.189239795569535,0,1,1,0,10,0,1,1
13.14450407280412,61.82682642345411,3,7.121291636298556,0,2,0,1,5,1,1,1
1.4875981021354014,0.0,2,5.783701205915634,1,0,1,0,12,0,1,0
1.5724131234224916,52.55976727354528,2,0.6843958145993057,0,2,0,1,2,0,1,0
2.6495856353466696,47.822922385345976,3,6.782455742583754,0,3,1,0,10,0,1,1
1.394402688611679,53.36051203519063,1,6.629277426925098,0,3,0,0,3,0,1,1
0.6916224074866115,34.91350722907186,2,4.241870640718892,0,0,1,0,8,0,1,0
9.739079451914556,23.504281792015497,2,5.233496586438246,1,5,0,0,8,0,1,1
4.085356067550733,59.2627695995008,2,5.225479502318664,0,1,0,0,12,1,1,1
9.879471226992106,42.87397364535876,2,1.0410808480464633,0,2,0,0,10,0,1,1
8.893271552992365,61.49385987415199,4,4.196659381811781,0,0,0,0,3,0,0,1
1.65672350815824,36.58171244630458,3,4.274045844106184,0,1,0,0,3,0,0,0
3.967461962019682,78.31821280985353,2,4.682546262293409,1,2,0,0,8,0,0,1
0.4344262123977194,70.02129685141526,3,3.948304472264711,0,1,1,1,11,1,1,1
12.34035881710052,55.936542170917605,2,6.325683538446764,1,1,1,0,9,0,1,1
2.58977753092783,45.73423173228106,3,3.3817422028706865,0,1,0,0,6,0,0,1
2.5017054280441986,67.04817755596395,3,6.820154332047105,0,2,0,0,4,0,1,0
1.803094775378338,57.85095630474812,2,6.2314841667942,0,2,1,0,10,1,1,0
3.087080261641919,54.7716837586121,3,7.720836775603184,1,1,0,1,3,0,1,0
1.4501533849641453,70.85730819119217,2,8.467598068274107,1,2,0,0,3,1,1,1
2.3488364682503997,78.5307230881328,2,8.480903642831118,0,1,0,0,6,0,1,1
8.045865952002396,24.95177631028911,3,2.628764071263943,1,2,1,0,2,0,1,1
8.986539273006008,28.992317853003872,3,5.688371671190256,0,2,0,0,8,0,0,1
1.8133391676188748,34.39478549042404,3,3.5644274873731825,0,3,1,0,6,0,1,1
3.1651021714587606,19.951508047128964,4,10.0,1,1,1,1,6,0,1,1
10.350220235093968,48.74502948861698,3,6.228142717969581,1,0,0,0,6,0,0,1
0.2705564736419944,62.00232910489012,3,7.832623979387588,0,3,0,0,6,0,1,1
10.997659475549362,49.57163410095327,3,5.870739006996978,1,1,1,0,9,1,1,1
1.237080974854652,39.317567167742084,2,0.0,1,1,0,0,7,1,0,1
5.674399043703692,72.52915514258316,2,3.4328699367675517,0,0,1,1,1,0,1,1
4.367972830168502,52.81112806413499,2,3.6288341186273847,0,2,0,1,3,0,1,1
4.0253206938333195,56.859659347326364,2,4.219729444872748,0,1,0,0,5,0,1,0
9.807767215591857,73.08469609799519,3,5.719136600506859,1,1,0,0,12,0,1,1
0.5355443470488579,47.53516122297732,1,6.00266544882873,0,4,1,1,2,0,1,1
2.1311053421506276,91.20428145249362,2,0.0,0,1,0,0,3,0,0,1
3.863688038040553,41.04369992256468,3,4.526160871647874,0,4,1,0,10,0,1,1
8.337688803817496,89.958964090258,1,4.028247757228682,0,1,1,0,11,0,1,1
1.2195578790311132,30.50529636175159,2,7.762076647404983,1,2,0,0,3,0,1,0
8.120977392446314,60.34969805760883,2,6.184489208160864,1,1,0,0,2,0,1,1
2.5511163801852,37.149356623875256,3,4.6338449551923935,0,0,0,0,1,1,0,0
1.0469050578010124,72.39132233962185,2,5.447361647725363,0,3,0,0,6,0,1,1
7.114510416771184,40.43534784283143,4,1.625953924562546,0,1,1,0,4,0,1,1
0.4764948574457043,55.81742381288172,2,6.322704089663614,1,3,0,0,11,0,1,1
3.6156343097705417,36.989160079168606,3,4.208922158814455,1,1,0,0,7,0,1,1
0.33003550880206856,68.74450347333229,2,3.3852424544764865,1,3,0,1,12,0,1,1
2.203528034402412,36.88497478721722,2,7.628463679672514,0,0,0,0,5,1,0,0
4.594931796657209,83.66829689485337,2,5.547161645355186,0,3,0,0,7,0,1,1
4.060954894950237,30.080057860772193,1,3.6691381396386094,1,1,0,1,11,0,1,1
2.59307455747666,23.087441633437066,2,3.79121370750104,1,3,0,0,6,0,1,0
2.8022506267465284,69.03104156158173,2,5.731812679280988,0,1,0,0,9,0,0,0
1.2858907748345203,38.16712719472957,2,5.576342592947924,0,1,0,0,8,1,1,0
3.0429511265570413,49.855253731009284,3,5.058850102848889,0,1,0,0,11,0,0,0
15.315224471640745,43.555176923285586,2,2.593287222808091,0,0,1,0,6,0,0,1
9.500720022598582,23.747834656946196,4,2.8890719597814765,0,0,0,0,11,0,0,1
0.7846310431765201,48.46012671723324,3,3.503372043667484,0,1,1,0,8,1,1,1
0.15116620282248677,75.29831789944603,2,4.607707138494528,0,4,0,0,9,0,1,1
13.554595014657032,70.0627400661113,2,4.91737787378432,0,2,0,0,10,0,0,1
3.7406548018942027,54.635855252518496,3,4.680057948530239,0,2,0,0,9,0,0,0
3.8591970867670558,72.24536586070215,3,4.771510077859033,0,0,0,0,5,0,0,1
7.586983433453225,28.80962830611647,3,8.76249119584214,1,1,1,1,11,0,1,1
1.8894124551403844,43.490913421899876,3,6.698500173186343,0,3,0,0,10,0,1,1
3.288008070501902,57.91609881460416,1,7.376433513096473,0,2,0,0,12,0,1,1
17.314764996828238,47.39170346365776,2,5.928527983127959,1,1,0,0,1,1,0,1
5.575975435970392,45.063533390468855,3,5.144805344632496,0,3,0,0,8,0,1,1
0.8346729208114578,25.987125353578094,3,5.819916479228425,0,4,0,0,5,1,1,1
0.7148893405374861,8.373172227145773,3,5.45164034523088,0,1,0,0,4,0,0,0
1.1424437971808201,66.35732849899273,3,6.615956417223106,0,0,0,1,6,0,1,1
7.277400707935433,54.86443146504452,1,3.0497190667031324,0,1,0,0,7,1,0,1
1.750461882121187,68.03996756420186,4,6.449494189232855,1,1,0,0,9,0,1,1
0.10810451483257416,41.25528115683251,4,5.334117337554604,0,1,0,0,8,0,1,0
14.42761039860294,35.744442303448125,2,1.385825924701722,0,2,0,0,11,0,1,0
0.9299217816775063,50.13095933273269,2,5.171443373262186,0,1,0,0,3,0,0,0
0.04802079393590755,67.08399297225633,2,2.3875643982216324,0,1,0,0,6,0,1,1
1.3533487138096985,45.37095570024692,3,3.9300046532278996,0,1,0,1,7,0,1,0
1.3395853804170916,66.03570368656972,2,4.681618680490118,0,0,0,0,5,0,0,1
2.7409524742959768,29.873839888138264,2,1.9857962623166556,1,4,0,0,6,1,1,1
12.653067246580411,46.77105733660265,2,4.892517634187557,0,0,0,1,7,0,1,1
10.567470742264252,48.59771711843938,2,5.136936154141017,0,3,1,1,6,0,1,1
3.052258940906495,74.5277988784384,2,6.51014746359377,1,2,0,0,4,0,1,1
2.6457958458882826,54.15254796031817,3,4.092469299431591,0,0,0,0,11,1,0,0
4.04850708034489,84.9215503658839,3,5.548950008638978,0,2,0,0,9,0,1,1
1.3949597854079392,23.04630400105035,2,4.809174501772379,1,2,1,0,12,0,1,1
0.2679796748713565,52.598378088225594,3,4.163458527596712,0,1,1,1,12,0,1,1
14.00281272663078,53.587960783608914,3,1.658845409719261,0,1,0,0,6,0,0,1
1.0332699282859792,62.40186395173734,2,4.776799385341004,0,2,1,0,10,1,1,1
1.1057322919481032,33.732801271022176,2,6.489024994805005,0,1,0,0,11,0,1,1
3.197656052478309,83.68892678821672,2,3.132566418829767,0,0,0,0,10,0,1,0
3.382564943569007,50.25927882943518,2,4.564432277403453,0,3,0,0,7,0,1,0
0.09303118575560097,28.25864974130164,4,4.85902534714473,0,2,0,1,4,0,1,1
0.8005781502954774,49.67950019172763,3,7.204881263563527,0,1,0,1,10,0,1,1
2.3753206083165,43.73676954239773,2,5.060215647712082,0,0,0,0,3,0,0,0
5.755805963078765,100.0,4,5.576174750626182,1,2,0,0,3,1,1,1
1.2965645922196698,70.99887199050028,3,4.982687905872921,0,1,0,0,2,0,0,1
2.749690248008052,50.99322711416435,4,4.015388350053047,0,1,0,0,7,1,0,1
4.0748236979178305,47.76166629601591,2,2.7310521648849795,1,3,0,0,3,0,1,1
10.972802902692136,69.0211372496293,3,4.429855805190768,1,2,1,0,4,0,1,1
1.9731488820016203,69.97724320656428,3,5.786718608918414,0,2,0,0,5,0,1,1
0.7168020743057829,0.0,3,5.246152735999154,0,0,0,0,10,0,0,0
3.3595928121412206,62.85986309466668,2,7.959033859428308,1,1,1,0,1,0,1,1
6.866330033189185,50.559330879572535,3,6.891704073234359,0,0,0,0,8,1,1,1
0.5818812616227821,23.777123564260478,2,7.481115801042952,0,2,1,1,11,0,1,1
2.7641747020185554,67.60428279248353,3,0.9354467806974291,0,0,0,0,1,1,0,1
0.08972598737607546,94.9237602711653,3,8.158668504767908,0,2,0,0,6,0,0,1
0.17067607579839295,61.13591893655561,2,5.533623190654291,1,2,1,0,2,0,1,1
3.2981110099895323,72.00856884513729,2,5.8178509248436026,0,0,0,0,2,0,0,0
1.77051482977875,86.08238183928808,3,6.792054691322361,0,2,0,0,9,0,1,1
9.325113267137594,33.39475698559897,2,5.042634616827253,1,1,0,0,12,0,1,1
4.608455263547874,12.848571096661658,2,2.859238904993364,0,1,0,1,3,0,0,0
3.025067650418351,63.137321266190035,3,7.894815266259345,0,3,1,0,11,0,1,1
2.620697397702036,45.04776927117098,3,3.463555879752226,0,0,0,0,2,0,1,1
3.438266300974378,22.51653095256914,2,3.0285652410349746,0,5,0,0,1,0,1,0
0.20639607438037857,48.43660127728413,2,4.531398169988324,0,1,1,0,3,1,0,1
11.164985292889256,64.55094747581241,3,4.22799213090693,0,0,0,0,6,1,0,1
20.0,47.0205667047128,3,5.007613668456251,0,2,0,0,7,0,0,1
1.0013307606406974,34.26344738529925,2,4.80358344072228,0,0,0,0,9,0,0,0
0.6413432673761081,45.529858794069796,2,7.694259535138483,0,5,0,1,2,0,1,1
0.7749570358141289,49.61047069397309,2,5.9186451981044215,0,1,0,0,2,1,1,1
5.40917496293895,11.410354747478358,4,3.284406041734143,1,2,1,1,1,0,1,1
5.415282131379033,47.144500936586134,2,3.55899148308481,0,2,0,0,7,0,1,0
9.416879750911798,23.113190557102165,2,4.223622704683837,1,3,0,1,10,1,1,1
6.968133655335969,63.18051904042193,1,4.231597990459016,0,1,0,0,3,0,0,0
2.986364648180434,18.77914848826444,1,3.9705117263730854,0,4,0,0,8,0,1,1
4.744784565257481,70.25384409101872,3,2.7965159639128125,0,3,1,0,10,1,1,1
5.828324563465736,41.81669861572117,2,5.580804274872305,1,2,1,0,4,0,1,0
3.5947508673957813,39.14048586455976,2,4.088790994922373,0,0,0,1,4,0,1,0
3.227988780869736,55.88909194603944,2,3.096397081909914,0,0,0,0,8,1,0,1
5.179560109776715,32.67931109553216,2,5.97095039018538,1,3,1,0,12,1,1,1
4.076286498744796,55.57491508260128,3,6.695643997546582,1,5,0,0,3,0,1,1
5.163312487989151,35.35782450623259,2,4.508725804399544,0,3,0,0,10,0,0,0
4.74477697634302,38.86530975350461,3,8.562972729037032,1,2,1,0,3,0,1,1
6.350501790112508,58.10708338658271,2,9.431041398062348,1,1,0,1,12,0,1,1
5.147346265242046,27.228385325312345,2,5.9937803067225515,0,2,1,0,6,0,1,1
3.667164161743273,24.713253964752862,2,4.062378561611298,0,4,0,0,5,1,1,1
5.725325710118269,54.964510148206834,4,5.537907108753515,0,0,0,0,12,0,0,1
2.9844778128330605,49.46200295021231,2,2.5511138695054547,0,1,0,0,1,0,0,1
1.3831912427741577,53.37385489618784,3,3.256272784869343,0,1,0,0,5,0,1,1
0.007096133799735093,56.552784734428414,2,1.6346217231981992,0,0,0,0,4,0,0,0
4.104495358150021,51.14751107613962,2,3.7430700349970696,1,2,0,0,10,1,1,1
4.465987556546025,62.16185247934138,2,2.53495949961755,1,2,0,0,11,0,1,1
17.88650520815477,51.94872573957317,4,6.248113463831374,0,1,0,1,5,0,1,1
2.2429983578911488,9.853922006493939,2,3.501682948819383,1,1,0,1,2,0,1,0
2.5054759487116907,15.042308106762889,3,5.55324258303316,1,1,0,1,3,0,1,1
1.1269778093262424,88.55898360484166,4,6.495812881446865,0,0,0,0,12,0,0,1
0.3657268446869652,50.00143734117726,2,7.342684823017043,0,1,0,0,2,1,0,1
7.409721836251499,69.00483303434194,2,4.293150917377939,1,1,0,1,5,0,1,1
1.4362845764816377,43.08592188745848,2,5.6212749978795875,1,0,0,0,7,0,1,0
4.694022132104971,48.83969811212139,2,5.68500300112701,1,4,0,0,1,1,1,1
5.820124527307731,40.93270691458313,2,7.544182763044363,1,3,1,1,5,0,1,1
3.186071856197954,99.3185466292273,3,6.567116158167892,1,4,1,0,11,0,1,1
10.451586869685219,55.06484844728285,3,7.606689977573422,0,2,1,0,8,0,1,1
2.933090308741773,39.30284188987605,3,1.6706970834387693,0,0,0,0,12,0,0,1
1.676724722561295,16.969205731396187,4,3.6714579798562985,0,2,0,1,5,0,1,0
11.317568251137015,89.47466885471704,2,7.063633668447853,0,0,0,0,2,0,1,1
9.886746036565048,46.73443229543393,2,6.16140367379565,1,1,0,0,4,0,1,1
0.8958722531166667,64.88458239123194,2,4.74990890855494,0,1,0,0,10,0,1,1
0.1315197695828466,67.11994580613091,2,4.051900233279976,1,4,1,0,8,1,1,1
0.47147403726964243,40.74338953139259,2,6.577369089257859,1,0,0,0,1,0,0,1
1.6881963766069208,63.449055507723116,2,1.040845857121755,0,2,0,0,5,0,1,0
17.924363585513152,37.91723426496765,3,6.58438237062547,0,0,0,0,8,1,0,1
4.088069233040896,30.191472759211685,4,5.1813765320816305,1,1,0,1,8,1,1,1
2.3361313047651424,73.28929385024425,2,4.02232096481547,0,2,0,0,10,1,1,0
10.978353184210503,46.83621240355601,3,6.00488180380629,1,4,1,0,10,0,1,1
3.0177787125137847,60.3702566720531,3,4.227901835429767,0,2,0,0,10,0,0,1
1.8934243202074805,58.21841987763542,2,5.05803746945174,1,1,0,1,9,0,1,1
14.169728003834548,62.75863920110578,2,4.907508398219284,0,0,0,0,7,0,0,1
9.469547925116116,18.869261315967503,4,6.489059847966928,0,1,1,0,1,0,1,1
9.27887864726012,38.2941893736726,3,5.318363642366526,0,0,0,0,6,0,0,0
3.5901176664121897,43.510496850071505,4,1.1817606977734498,1,1,0,1,7,1,1,1
7.789885132321074,33.37042654197019,2,2.2158123949935535,0,0,0,0,5,0,0,0
0.9883133161593727,58.580136960327756,2,2.831667593602146,0,5,0,0,2,0,1,1
4.257467754821766,73.73786155191794,2,5.913089333557163,0,0,0,0,12,0,0,1
20.0,76.90369310692596,4,6.113704843045509,1,2,0,0,4,0,1,1
1.7192056151170942,43.21590469580233,2,8.340714369508408,1,0,0,1,5,0,1,1
7.907954553205304,55.83931724915814,1,2.971139178064876,0,1,1,1,4,0,1,1
3.3714152343014927,58.912870089801984,2,7.618505939775632,0,0,0,0,5,0,0,0
0.2030980084636979,62.425121884070585,2,1.124242670046439,0,1,0,1,3,1,1,0
7.198884942600861,32.437298538547125,2,5.035515914982242,0,1,0,0,7,0,0,1
0.9230357001051548,86.41160536529932,3,5.490406800089389,0,4,0,1,9,1,1,1
4.991214194711254,68.53040368692889,2,5.483180513138859,1,2,0,0,3,0,1,1
0.44778686214679153,69.05298687384882,2,4.380808964485907,0,1,0,1,10,0,1,1
14.674822780089638,74.06920113800794,1,5.235791183720898,0,0,0,0,8,0,0,1
1.7246063572822454,60.682718845319684,2,2.5295608587294023,0,0,0,0,4,0,0,1
1.283919812674676,29.453731538980552,2,6.730322973592845,1,1,0,0,5,0,0,0
0.6913496033480335,47.22054536889787,2,5.499580866906881,0,2,0,1,6,0,1,0
14.594059253162726,16.97893209876169,3,5.724466826963738,0,0,0,0,5,0,0,0
6.222303135267238,58.30145019398169,2,4.441967076891838,0,1,0,0,7,0,0,0
6.767410861472303,46.61572683668906,2,4.344040750502332,1,2,1,0,2,0,1,1
3.459785059261369,49.189552329461364,2,6.049461788330536,0,0,0,0,7,0,0,1
3.21919323260347,74.08002260171303,2,8.179947699914816,0,2,0,0,5,0,0,1
0.5827884253527923,40.860119228870815,2,2.2127378188015423,0,0,0,0,9,0,0,0
4.103097354337379,44.957536824558474,3,2.1118596504122187,0,2,0,0,12,0,0,1
1.417895805304568,50.43946591926433,3,5.532410624777847,0,3,0,0,7,0,1,0
18.89299964343666,13.200155011727347,3,4.335599827291365,0,1,0,0,7,0,1,1
7.962435464255243,44.67872688475994,2,5.248211543344987,0,0,0,0,3,1,0,0
2.6635846658433233,0.2841017542763353,2,4.952421370801321,1,3,0,0,6,1,1,1
0.820490635880534,38.28956876208522,3,6.244018735707387,0,1,0,0,11,0,0,0
7.6933059580027265,67.10378106785654,2,4.427673139560111,0,0,0,0,10,0,0,1
0.6508496267788437,58.94533116502138,2,2.5835764202014646,0,0,0,0,6,0,0,1
1.0494942142920354,38.10359379091848,3,3.4202920778160566,0,0,0,0,3,0,0,0
1.1882444707657371,50.815964364476244,2,4.679096690211008,0,3,0,1,10,0,1,1
4.06969336601379,28.50020865739189,3,2.4900590622572043,1,2,0,0,11,0,1,1
7.733645649137035,49.953131937009594,2,4.926292186498031,1,1,1,0,1,1,1,1
1.8866838175973317,100.0,2,5.121509311429003,0,3,0,1,10,0,1,1
0.44235210042466006,86.91602640743864,3,4.284392800257703,1,2,0,0,11,0,1,1
3.1231310949193904,51.05244260034522,2,5.418444267583588,1,2,1,0,4,1,1,1
6.893818760533935,53.20288329830749,2,1.7714428382753797,0,0,0,0,9,0,0,1
1.2529838491442316,30.40869370730898,2,3.093631322873523,1,0,1,0,9,0,0,0
1.241823153470042,33.96421784097899,2,2.7146022273927906,0,4,0,0,10,0,1,0
14.708780504462544,57.24368644209388,1,6.759713475894847,0,4,0,1,3,1,1,1
15.41230686493962,39.5021486872703,2,9.612328005161269,0,1,0,0,12,0,0,1
20.0,68.08299189703163,4,3.238360840055451,1,4,0,0,8,0,1,1
8.242442841184046,81.39371361955514,3,4.5295155260651265,0,1,0,1,3,0,1,1
1.042408869328564,56.652415695620775,3,3.6131415147690378,1,4,0,0,11,0,1,1
1.1911686931843204,52.034744116798535,3,5.442450481615887,0,2,0,0,3,0,1,1
2.0792838862158507,16.384407501786967,2,3.7831827011596895,0,1,1,0,10,0,1,1
1.914599837455828,64.952204905441,2,5.565559753494375,0,1,0,0,6,0,0,1
15.678162271389194,27.126573969218835,2,6.330053233443174,1,1,0,1,6,0,1,1
7.781239183810607,41.63981742733161,3,2.552350124218485,0,3,0,0,10,1,1,1
6.436931347150966,69.1915178477027,2,5.543028631049937,0,0,1,0,2,0,1,1
1.028748673551929,70.59516328618065,2,1.4118879535619069,0,1,0,0,7,1,1,1
12.013439460292698,40.66984945299765,3,4.486932071119093,1,0,0,0,7,0,0,1
8.797537392330021,41.82168930160027,2,4.352639149038461,1,2,0,0,3,0,0,1
0.8934916908932262,36.01362253486656,2,4.5417258989698155,0,0,0,0,11,1,0,1
10.246320749592975,26.042925093481784,2,4.3758790872175695,1,2,0,1,12,0,1,1
1.5889715554655761,37.304090357915165,2,4.010145758867223,0,0,0,0,7,0,0,0
0.42163715996576534,17.737399621706224,2,4.4684356432102295,0,0,0,0,7,0,0,0
5.3475345457570755,63.661251630165296,2,5.4762753835537,0,2,0,0,9,0,0,1
5.303760474898659,57.890472103237514,2,5.532514414775497,0,0,0,0,1,0,1,1
0.49872605276170445,61.21058569741025,2,5.230398689399265,1,5,1,1,3,0,1,1
1.9198769424158826,30.911918988497145,2,3.8528051527070484,0,2,1,0,9,0,1,0
20.0,26.098588729698875,4,7.160673296509565,0,0,0,0,11,1,0,1
5.672648324593244,51.0702854862712,2,8.0507101673164,0,2,1,0,1,0,1,1
6.548058767849705,51.28205129900451,3,2.4231713699094963,1,2,0,0,2,0,1,0
1.1971096760173108,47.054603449741094,3,5.32853831189984,0,1,0,0,6,0,0,1
0.4102932428592383,44.21033461624301,2,4.063716134951015,0,0,0,0,2,0,0,0
1.6210504530257364,84.21551555388774,2,6.851196105789999,0,0,0,0,2,0,0,1
1.4310716518497886,58.52050023585957,2,4.974811597582984,0,0,0,0,5,0,1,0
1.3364183796338307,89.41356782932982,3,5.1063558958062725,0,0,0,0,10,0,0,1
1.0706361159885607,75.37930050863267,2,5.989935646782888,0,0,0,0,8,0,1,0
4.275457148507086,84.0654185203469,1,4.404922082939488,0,5,1,0,3,0,1,1
1.988254661114457,28.51074467287996,1,8.354962154796,1,1,1,1,4,0,1,1
8.58358508836244,61.8634198199606,2,6.019479456633101,1,2,0,0,5,0,1,1
1.0163824359080398,41.36469022013254,2,6.863214989949659,0,2,1,0,2,1,1,1
3.1239585556257223,16.732265772809342,4,4.558888808071736,0,0,0,0,2,1,0,0
0.06875981348712287,79.92006339111052,2,4.754288676828126,1,1,0,0,5,0,1,1
3.2858347379334156,44.12614948588742,2,6.62324971912801,0,1,0,0,9,0,0,1
0.2872887566484133,28.89796739466631,3,6.422364536519171,1,2,0,0,10,1,1,0
19.021117503962483,41.70872273502613,3,2.502662935334746,0,2,0,1,9,0,1,1
7.817356956175284,34.07551754452361,2,5.255265192965638,0,0,1,0,9,0,1,1
3.3678157939816127,36.126040647666656,2,5.947675891132853,1,0,0,1,8,0,1,0
0.4528376896389675,45.56793219634701,2,4.739398750006605,1,2,0,0,4,0,1,1
4.487902338162416,84.61630386089486,2,5.757855131366652,0,1,0,0,12,0,1,1
7.109892690577318,36.67365566910749,2,4.824011504308609,0,5,0,1,7,0,1,1
1.0580346056845702,83.18541328438381,2,0.5064981120887113,1,2,1,0,4,0,1,1
4.199060387045924,66.97673591959042,2,2.3782171200556674,0,5,0,0,6,0,1,1
8.415715554252875,57.92543127172172,4,6.949968868385637,0,0,0,1,11,0,0,1
7.310432425689965,64.9624006450375,1,4.511239499155337,0,1,0,1,6,1,1,0
8.12255516312075,50.27311327674915,2,5.379381990484863,0,1,0,0,5,1,0,1
10.573206224281675,75.72100207726852,4,4.992686394017607,0,1,0,0,1,0,0,1
13.877533048436936,61.339605265342016,3,3.3494034023427224,0,1,0,0,6,0,0,1
2.600350741758163,16.70668029948974,2,4.0658430563538825,0,0,0,0,2,0,0,0
4.20555803661437,55.925038637799304,2,5.657898953676335,1,0,0,0,11,0,1,0
7.818966452583708,65.67946285985231,4,5.861992271394359,0,0,0,0,8,0,0,1
5.972420060648252,44.21997562797566,1,9.376818940960632,0,0,0,0,12,0,0,0
20.0,52.52511745427865,3,4.044515642444775,1,4,0,0,7,0,1,1
0.06886025975378188,37.74284010651186,3,8.341278316651783,1,1,0,0,3,1,1,1
2.193557594455254,22.44748687872879,1,3.279170234198927,1,2,0,0,6,0,1,0
1.649663812234177,18.9924625813752,3,5.977200387490717,0,0,0,0,10,0,0,0
1.5211976362294632,19.25864025862273,4,5.355745239063669,0,0,0,0,3,0,0,0
1.258549705636129,63.380894849410645,3,4.748268897649628,1,1,1,0,1,0,1,1
6.174288361014803,0.19436583247342298,2,4.988683096274588,1,2,1,0,4,0,1,0
0.4428418875686058,36.670401460730375,3,3.7547700161882194,0,1,0,1,11,0,1,1
6.766403473726523,34.68693429509244,2,6.807809110927693,1,1,0,1,7,0,1,1
5.911478009320154,44.35680928025071,3,3.314769918822183,0,0,0,0,9,1,0,1
1.443774121561109,12.871369001275944,2,5.635051840629789,1,2,0,0,7,0,1,0
1.4573380305255808,58.07776189481237,1,6.51171666715476,0,2,0,0,3,0,1,0
4.955887531100101,24.53677211680202,2,7.768406186775438,0,1,1,1,2,1,1,1
7.181018972344432,72.64811081418537,1,6.943538937795954,0,0,0,0,12,0,0,0
10.456988182396003,37.56468624822335,2,6.144858892795448,0,2,0,0,4,0,1,1
9.557432245690201,48.08773953176159,1,3.7245360737000137,1,1,1,0,11,0,0,1
16.74534884542327,50.07547713110412,2,3.4284496953871706,1,3,0,0,2,0,1,1
4.354016929287657,54.88482105721144,2,2.7228422297406403,0,1,1,0,2,0,1,1
11.965589387449187,50.74028754992285,3,2.531468861146509,0,2,1,0,10,0,1,1
8.264683924142185,41.45778902534737,3,4.997191923711314,0,0,1,0,5,0,1,1
11.253172228467,56.860970613880866,2,3.545166595266956,0,2,0,1,2,0,1,1
0.05847359355805642,59.32294260989909,2,7.398451268979198,0,0,0,0,12,0,0,1
16.892728182710954,34.69730665780759,2,3.842076816879142,0,1,0,0,1,0,0,0
3.207806192031193,58.527356379471144,2,5.188511674743365,0,1,0,0,3,0,0,0
8.001969405653496,73.83440604803391,3,4.470712463119656,0,0,1,0,3,0,1,0
0.6802678207782376,64.11788392209105,3,2.1922851252316984,0,1,0,0,2,0,0,0
2.5204178115781515,68.64750483294374,1,7.178881663160636,0,2,0,0,2,0,1,1
1.5835682878942816,53.43841697814891,3,6.390964169289986,0,1,1,0,12,0,1,1
1.7241466941288695,31.276991078502416,3,6.6210441778460964,1,4,0,0,7,0,1,1
0.657698999817196,33.807110805927095,2,6.189893320497907,1,3,0,0,3,0,1,1
8.193402511362715,56.39775935708823,2,3.4810299300097602,0,0,0,0,10,1,0,0
0.04642644884454704,68.8552745030462,2,3.5199020695264456,0,2,0,1,3,0,1,1
1.8735069345296704,100.0,2,5.903975282386231,1,0,1,0,6,0,1,1
0.9582882735255018,69.63643888877208,2,8.085839131968402,1,1,0,0,11,0,0,1
4.446284074901417,26.59128485004996,2,5.771957795686398,1,1,1,0,2,1,1,0
1.4668403866753443,34.65454855280035,2,6.956933353701945,0,3,1,0,3,0,1,1
1.4987628401556983,95.57034631911998,2,3.9482553354041734,0,0,0,0,11,0,1,1
3.3504565480919806,45.71222136046443,1,7.195701819939963,0,2,0,0,8,0,0,1
5.2876738005066315,50.95029269522577,2,4.161063215730451,0,1,0,0,12,0,0,1
0.6465854525038818,30.791661591815423,2,5.480318542492399,0,1,1,0,8,1,1,0
0.9649601363680593,81.30206811148489,2,4.267677809242373,0,1,1,0,12,0,1,0
1.4196107132396805,60.006664146412504,2,6.778312347353788,1,1,0,0,10,0,1,0
18.200106293285906,34.50797304229377,3,6.80552397857028,0,1,0,0,3,0,0,1
2.5304550815064926,30.123494222854575,3,2.0464378397136618,0,3,1,1,6,0,1,1
4.5688457016878505,56.144078917957444,2,7.6505956684443595,1,1,0,0,8,1,1,1
1.3823446285503622,50.88412349760905,2,9.752818385518388,0,1,0,1,6,0,1,1
3.371229945778044,66.64220434442254,3,4.28933463393742,1,1,0,0,2,0,1,1
0.3850487532962629,60.93936946254399,3,4.746396856673555,1,1,1,0,7,0,1,1
0.1768000351914452,44.71039302462755,2,7.478859588480306,0,0,0,0,6,0,0,0
3.1624577544409203,39.12396809077267,3,5.133534910611432,0,1,1,0,6,0,1,0
2.5429679789606254,46.80115703402332,2,4.992051379933811,0,2,0,0,9,0,1,1
0.7360095906503024,38.98638306686475,2,8.793937467774825,0,0,0,0,3,1,0,1
5.817377175185491,47.39608934390476,4,2.291405677183946,1,0,0,0,1,1,0,1
20.0,50.32881857238763,2,3.422073739732542,1,2,0,0,4,0,1,1
2.517982594095463,32.04138213239886,4,5.835645987111716,1,2,1,0,1,0,1,1
4.898264871060107,62.613597241957606,2,1.760910812248599,0,1,0,0,5,0,1,0
16.480936856326178,42.59144571060659,2,4.253981633193873,0,0,0,0,6,0,0,0
8.905135511725202,33.16231299429313,2,4.2356687398495465,1,2,0,0,8,0,1,1
3.1139303119062016,42.96785143436264,3,6.923547640444631,0,0,0,0,3,0,0,0
6.687320692762499,54.84516313240572,1,6.385706069003838,0,1,0,0,3,1,0,0
0.6856036486911927,51.66076399626607,3,1.6335455023413559,0,3,0,0,12,0,1,1
3.588263571757175,58.44236229808924,3,3.613753316630901,0,3,0,1,3,0,1,1
1.6359987369167939,67.96692250151058,2,3.619887431812798,0,4,0,0,4,0,1,1
0.8786984517635376,76.09880408016066,2,4.566848246499318,0,1,0,0,3,0,1,1
2.778076930842837,55.70972325376106,2,2.8049056207813057,1,1,0,0,9,0,1,1
0.7021445117108721,28.611952255290063,3,5.903295883943332,0,1,0,0,11,0,0,0
6.002977704768569,44.61778394939398,3,3.611625861392512,0,0,0,0,12,0,0,0
3.0462369347994804,29.913632312339836,2,6.1772438720074465,1,1,0,0,8,0,1,0
3.787304715477865,83.93708147424563,2,4.9942915123366065,0,0,0,0,9,0,0,1
0.7913219566369306,89.74801765054326,2,3.053849721979221,0,5,1,0,6,0,1,1
0.7527870730990933,63.006223949926856,2,7.776554605490993,1,0,0,1,6,0,1,1
4.378329006970201,67.16917685278061,2,7.835453268566086,0,3,1,0,4,0,1,1
20.0,55.018863864733184,3,5.580690630419559,0,0,0,0,6,0,0,1
0.506015754311588,57.32111830921583,4,4.5215875743119645,0,0,0,0,9,0,0,0
1.6824811845065557,18.05091563341755,3,2.887414373250441,0,1,0,0,5,1,0,0
10.180344090238782,48.5213526948618,2,7.142226739744861,0,1,0,0,6,0,1,0
0.37508352908684806,32.3769387530748,2,6.645279070046264,0,1,0,0,6,0,1,1
10.432762679559733,55.62713075076741,1,3.37200810997395,1,2,0,0,12,1,1,1
3.7146920535787546,48.807803092229314,2,3.6263745326383683,0,2,1,0,8,0,1,0
2.6234968864777746,88.93643924692228,2,5.913840928351425,0,0,0,0,11,0,0,1
1.853004191519697,68.33255377445683,2,2.6491125052976656,0,1,0,0,9,1,0,1
1.762825277901404,55.6902396504329,3,3.7486271525012174,1,0,0,1,9,1,0,1
1.8249944779903644,44.66120625720748,2,2.918868670054737,0,3,0,0,5,1,1,0
10.805561377620645,83.52042917519859,4,2.983331980731296,0,1,0,1,1,1,1,1
6.433063843473742,49.400907077469405,2,3.5598710116045975,0,4,0,0,4,0,1,1
5.53911803193575,56.633479232705554,2,6.812008309011086,0,3,0,1,5,0,1,1
8.016015669412358,50.8449920885367,2,1.4909070393192594,1,1,0,0,6,0,1,1
1.4860678526994335,41.91692188585355,2,5.866968559957942,0,1,0,0,4,0,0,0
4.812233750843584,50.7301244477104,4,5.5158946656203955,0,0,0,0,4,1,0,1
3.0815440584234866,10.76066298643368,2,6.936687528169861,0,4,1,0,9,0,1,0
7.62644060272014,19.04587197517625,4,5.514097974260999,1,3,0,1,5,0,1,0
1.849930806803752,56.99261083339255,2,4.2423213506677335,0,3,1,0,1,0,1,1
5.152599748873269,81.36399381054972,2,3.3693805491202697,1,4,0,0,10,0,1,1
10.694361883952094,56.964422082883374,2,6.980823347818903,0,0,0,0,7,0,0,1
2.5720809456462455,35.59262290206692,3,5.993896168510585,0,2,0,0,9,0,1,1
0.3447255454636501,21.142924918653293,1,4.013728682367571,0,5,0,0,8,0,1,1
3.6288769130865712,65.69054520951278,4,6.817823448333321,0,4,0,0,9,0,1,1
2.1230293041819954,38.65609697969798,2,4.108243569587772,0,0,0,0,4,0,0,0
5.5771452129928285,62.8647083710512,2,4.998116269012008,1,3,1,0,6,0,1,1
15.083035701825604,57.797303161314346,3,3.7910325829107396,1,0,0,1,1,0,1,1
3.3238513823941416,59.566007845093786,2,6.0676838088004565,0,1,1,0,6,0,1,1
3.138578698677326,50.672034147071116,1,3.01161729962024,1,0,0,0,11,1,0,1
5.315040539218304,57.672887699392824,3,4.4028226238676975,0,0,0,0,8,1,0,1
0.5462710066342368,47.6109119748733,2,3.690892433497771,1,4,1,0,7,0,1,1
1.46183976313348,37.29386931263593,2,5.527423923324033,0,1,0,0,1,0,0,0
12.565254580711262,30.73001878967897,2,5.776975836482066,0,0,0,0,4,0,0,1
5.542443703712968,2.2998240405804253,1,2.791678145816649,0,0,0,0,2,1,0,0
0.06767616683868392,46.37780875190981,2,5.8128627776494906,0,0,0,0,4,0,0,0
1.1447108578148355,80.38756365903906,2,2.0465532326179283,0,0,0,0,12,0,0,1
5.741701402257248,64.60160185075195,3,9.383946342877922,0,3,0,1,11,0,1,1
7.228082212507477,54.55418236951917,2,3.9770538614398023,0,0,0,0,10,0,0,1
9.158520889444336,35.31990011421698,3,7.098521329937885,0,2,0,1,8,0,1,1
1.7278046938262221,69.94678451518155,2,5.402332785131667,0,0,0,0,3,1,0,1
13.37031649546815,47.613813763939504,1,5.483591002038342,0,1,0,0,2,1,1,1
4.025389425560197,81.49868627578117,2,2.6678521483074853,1,0,0,0,3,0,0,1
5.96251125669219,30.378254734106374,3,6.686881718163276,0,0,0,0,9,1,0,1
4.540854718547487,35.000609440546874,3,5.0972942638287995,0,1,1,0,2,1,1,1
0.6547596382452158,33.05460111560743,2,5.94027937736878,0,0,0,0,1,0,0,0
16.499705400862887,20.35763259131974,1,4.818571354309765,1,1,1,1,3,0,1,1
0.6555321327023722,31.25910629616475,3,5.26008612583325,0,1,0,0,5,0,0,0
1.4710631269193817,52.064325195318354,3,3.225656811536463,0,2,0,1,9,1,1,1
8.400049799646755,35.75597950298745,3,4.694217846338552,1,4,1,0,5,1,1,0
4.819493095744073,0.0,2,4.160221583361309,0,1,0,0,5,1,0,1
9.10540070925297,71.48546594840244,2,3.588857604487771,0,2,1,0,12,0,1,1
3.6256272770839,16.318125413051888,3,5.269051479389827,0,0,0,0,2,0,0,0
2.3659895104706936,61.784565697732745,2,5.726773911637031,0,1,0,0,11,0,1,1
12.745338182061712,50.62429179339129,2,5.501544019459693,0,1,1,1,9,0,1,0
0.18462879396050552,92.34745632840685,2,4.7954784103270685,0,3,0,0,9,1,1,0
9.694233482732795,69.93914963045239,2,5.82221811006051,1,1,0,1,12,1,1,1
1.3121369360190258,39.907908090300516,4,5.48432842396355,0,2,1,0,4,0,1,1
9.443653955707402,35.95872875289376,4,5.195054408989957,0,1,0,1,11,0,1,1
0.7494457767738021,80.05455361598571,2,5.332302039937916,0,3,1,0,8,0,1,1
4.340110228855562,20.482578057971764,2,7.366005979535872,0,3,0,0,7,0,1,1
10.951102174071695,53.817598718374164,3,2.5898528771946996,0,1,1,0,11,0,0,1
3.2078962649771507,47.377590735006564,2,4.362807660364214,0,0,0,0,1,0,0,0
6.863272517880141,43.13547862590649,2,5.676349217245744,0,1,0,1,5,1,1,1
8.165365628889447,57.07027968896851,2,1.8345281950346681,0,1,0,1,1,0,0,0
6.66839966468898,53.791197210173515,2,7.765168966652141,1,3,0,0,9,0,1,1
12.97336675048567,59.14801485583489,1,5.509635751448963,0,0,0,0,11,0,0,1
2.9604877920080885,52.77951304726568,2,6.91380352884748,0,0,0,0,6,0,0,1
0.9505113761369044,58.35362810034495,1,7.239523757109766,0,0,0,0,3,0,0,0
0.24495900692226372,51.86730385863189,3,5.824905857821305,0,1,0,0,6,1,1,1
1.414865018619811,36.81146225567371,4,0.5348125891119002,0,1,1,0,6,0,0,0
0.7727392327390108,50.08002520473191,3,5.2953884434604195,0,1,0,0,11,1,1,1
4.08164717011573,35.7122688059196,2,5.423773827057196,0,0,0,0,1,1,0,1
1.0225004854228834,34.39246790538299,2,2.826266488857191,1,0,1,1,9,0,1,1
0.1985594467075199,43.27699994564497,3,1.4206530864943656,0,0,0,0,4,0,0,0
0.18326716730570156,47.61153678528315,4,5.923338605602708,0,0,0,0,3,0,0,0
8.906160337379328,50.70450612695622,2,2.5016193255641284,0,0,0,0,4,0,0,1
4.475704026729207,68.3275765472666,2,9.122834417933571,1,3,0,0,2,1,1,1
2.2164992655642166,40.03071834918313,2,5.526274563626312,0,0,0,0,3,0,0,0
11.232349244733337,53.93703852949641,2,7.703023435009818,0,3,1,1,12,1,1,1
0.36391062650462574,52.36055427887638,2,5.062326798735563,0,0,0,0,10,0,0,0
19.641288572203003,37.8274342506787,4,6.503077655952565,1,4,0,0,11,0,1,1
4.7893644284831165,51.4748157241309,2,5.106527862459436,0,3,0,1,3,0,1,1
1.0134229397245824,70.05442830354627,2,7.011145860751347,0,1,1,0,8,0,1,0
5.682647203173605,53.730124337668,4,0.9233361969293066,0,2,0,0,10,1,1,1
7.2065256212487485,54.53167858054616,2,6.776295687778842,0,2,1,0,7,0,1,1
2.8048328536536027,35.89343338114665,3,6.337528321868433,0,2,1,0,1,0,1,1
9.889214289074953,89.37717702409752,1,4.691696683833958,0,1,0,0,2,0,1,1
0.8169047828964404,37.03287259354998,4,4.181672230670413,0,1,0,0,8,0,0,0
1.634454507849806,16.644330789050443,2,4.4017954989804595,0,0,0,0,11,0,0,0
0.4907791127512215,67.20368240436153,4,5.565533936763997,0,1,1,0,2,0,1,1
1.1841707099666827,47.70365920703148,2,7.428078729311931,0,4,1,0,1,0,1,1
1.363828135297584,43.939163581058494,2,3.9316215844449762,1,2,1,0,5,0,1,1
12.482863628306735,39.08892439176945,2,1.596465817682382,0,2,0,1,4,0,1,0
0.4066451538978604,87.43429248631676,2,9.969161968490127,0,0,0,0,4,0,0,1
2.787971464312811,57.091805572093655,2,6.3431491290273785,0,0,1,0,11,0,0,0
3.800696209589593,60.9950244329017,4,4.21757677191603,0,1,0,0,3,0,1,1
11.448001497586276,53.25231247164535,2,7.377693437994097,0,5,1,1,9,0,1,1
20.0,55.40099226890393,3,6.867387803630209,1,4,0,1,1,1,1,1
6.999697468149813,77.97249221118828,2,5.9845647473398,1,0,0,0,6,0,0,1
17.6663903757036,44.9829067754461,3,4.04589661601101,0,1,0,0,4,0,0,1
7.734690133320657,20.861249089585403,2,6.3346450379686745,1,2,0,0,9,1,1,1
16.51164600955073,67.36109308455553,4,7.17911764738542,0,4,1,0,4,0,1,1
6.142535382148563,59.93403224484784,2,1.5598545354183093,0,0,0,0,5,1,0,0
0.4156224787332257,52.159596257700855,2,5.448989963944223,0,0,0,0,4,0,0,0
2.570155336849723,59.41506483095573,2,5.5963514055549375,1,4,0,0,9,1,1,1
5.200735166123743,42.585115594116516,3,5.532153322857745,0,2,0,0,9,0,1,1
2.159444633285488,50.413851657085196,3,5.092367233032355,0,1,0,1,12,0,1,0
1.5967851318666357,47.365994922801804,3,7.372146150707804,1,2,0,0,2,0,1,1
4.306637198079541,38.170234858581665,1,4.577366133845672,0,3,0,1,10,0,1,0
13.552907764038988,73.78345566210005,2,4.994429101422059,0,0,1,0,1,0,1,1
0.17804196949241183,21.75482745164399,4,5.631330636156912,1,4,0,0,4,0,1,1
7.331694754040474,97.21764343625934,2,4.643860945390366,0,2,0,1,10,0,1,1
6.41376850678197,67.54724418412951,1,2.227997486497691,0,1,0,1,11,0,0,1
16.614717187356266,14.44048930595298,3,5.428260087377866,0,3,0,0,5,1,1,1
13.347361621601316,45.51667341018141,2,5.450912754742916,0,2,1,0,5,0,1,1
7.182311172402781,46.629081681928845,3,4.269669837169101,0,4,0,0,7,0,1,1
3.674105654901676,57.83773257884224,2,4.7353701669413955,0,4,0,0,4,0,1,1
1.1424613589606465,30.212434585205596,4,0.0,0,0,0,0,2,0,0,0
3.9398802826290558,50.640506867364344,3,7.416812098668268,1,3,0,1,4,0,1,1
7.248343670990151,47.57761203754706,3,6.802060351721199,1,3,1,0,1,0,1,0
11.3009438984398,35.247632748531224,2,2.324337639034965,0,0,0,0,9,0,0,0
7.796386515210875,32.46495537057536,2,3.649065509944876,1,1,0,0,11,0,1,1
1.086223265322397,68.37609293404714,3,7.897042722083182,0,1,0,0,9,0,0,1
4.57753412389886,16.06834919914813,2,2.6902986453580957,1,5,0,0,4,0,1,1
2.0186340456134673,59.557578721921026,3,5.9569173784722675,0,0,0,0,5,0,1,0
0.046241506990354314,65.95020613756247,2,4.015966537839111,0,5,0,0,10,1,1,1
1.1170987959596321,45.628833233231674,2,5.820283913370331,1,2,0,0,9,0,1,1
0.6007954370404486,51.04745679449992,2,5.10027605031413,0,0,0,0,10,0,0,0
9.248610249930348,73.26989999394763,2,4.433536341445816,0,0,0,0,1,0,0,1
1.495442745983465,35.90296978551886,3,5.777043746502908,1,1,1,1,5,0,1,1
1.6752520217326698,37.96695142221752,3,4.013905628303105,0,1,0,0,6,0,1,0
16.086456878715197,40.090326378013835,1,1.4315342540890512,0,0,0,0,11,0,0,1
2.382819287214956,73.30651198446563,3,3.144555462492531,0,1,0,0,1,0,0,0
0.048159390552320894,75.84587493769415,3,2.9042827502381083,1,2,0,0,5,0,1,1
1.669301292463114,22.08219531072762,3,1.7917616841582555,0,4,0,0,4,0,1,0
0.6351887848039529,70.12481494623273,2,5.738800132695411,0,5,0,0,6,0,1,1
0.5424300955497088,66.37816612694567,2,4.654466618778986,0,0,0,0,2,0,0,1
0.40327062765870825,81.07189620899655,3,5.707882131619639,0,2,0,0,12,0,1,1
4.497899078497603,57.70216064252759,2,6.041502711206751,0,1,0,0,3,0,1,0
1.0495803795494565,49.11479759442847,3,6.512937673520483,0,0,0,0,6,0,0,0
2.2411542809152953,72.90433373143318,3,5.813843482297563,0,4,1,0,6,0,1,1
9.90314989909903,63.97807583003531,3,3.0407828064115625,1,1,0,0,8,0,1,1
2.7611741946198203,94.89796828297453,4,6.159051050501951,1,1,0,0,9,1,1,1
12.366354050618316,69.17415689923655,3,5.4436094784154125,0,3,1,0,4,1,1,1
3.445158836465837,53.070959528478305,1,9.380209558249653,0,2,0,0,9,0,1,1
2.5444426294252414,26.517912392476575,2,5.015836679746011,0,2,0,0,3,0,1,0
6.939256404267375,38.38165645611763,1,5.765799571465864,0,3,0,0,6,1,1,1
0.37995309408828287,21.280900439439677,2,4.8103487823713955,0,3,1,0,10,0,1,1
0.4686881908847173,45.69875927878274,1,5.097791701393096,0,1,0,0,9,0,0,0
5.277386336780644,68.5213518646569,2,4.962773291833807,1,0,0,0,2,0,0,1
3.336819358772552,49.92657823038969,1,4.130752847598695,1,1,0,0,3,0,1,1
7.813135441694316,70.43450537520145,2,5.354707315509833,0,2,1,0,10,0,1,1
12.400839716678522,56.75147466878027,3,6.243520884246218,1,2,1,1,3,0,1,1
2.4581132477265317,41.938154204919805,3,4.160986641258683,0,1,1,0,5,0,1,0
4.536779168435033,51.75250310339928,4,6.671146577020453,1,1,0,0,11,1,1,1
3.4727070381679486,59.44193382110193,2,6.42862065919959,0,0,0,0,3,1,0,0
19.979919465592637,52.78446796927232,2,3.2394754963467074,0,1,0,0,2,1,1,0
8.891780703204194,53.013684577038276,2,3.0726205487637115,0,2,0,0,7,0,1,1
12.137211549457703,34.61899784826587,2,5.8963068002138534,0,0,0,1,9,1,1,1
1.4674283209762293,41.34047469515568,2,3.824928430041707,0,0,0,0,5,0,0,1
7.403605965531098,95.16921592309288,1,2.9085787054610135,1,2,0,1,4,0,1,1
1.5426441532988648,74.56932980847085,2,8.433794892306805,0,1,0,0,4,0,0,1
1.1706593457142913,20.523182063805685,3,3.0673448714026295,0,2,0,1,1,0,1,0
14.435838849758124,2.660620849872764,3,1.9528091036815214,0,1,0,0,9,0,0,0
0.09746590116042729,51.523848428974446,2,3.432613223157771,0,1,1,0,11,1,0,0
16.81787583243382,67.8694578885198,2,5.463296387445127,0,0,0,0,9,0,1,1
0.8082547490869583,39.60116325155585,2,5.147104154668426,0,2,0,1,1,1,1,1
8.558407614382928,70.43317456395876,1,8.774426860329664,0,2,0,1,3,1,1,1
1.614284607084947,51.19309130014168,4,3.463214104454471,0,1,1,0,6,0,1,0
2.1593200199851665,46.738774405460504,3,5.472312813975846,0,4,0,0,1,1,0,1
1.2215659724325203,65.12230352350363,1,7.2569777767782995,1,1,0,0,5,0,0,1
4.403580915507416,39.362484141954624,2,3.6819683030133032,0,0,0,0,3,1,0,0
2.139286365258825,44.26587356392694,2,6.407448416137943,0,0,0,0,3,1,0,1
5.355856882935333,63.40334524260926,2,1.3356577982820514,0,3,0,0,1,0,1,0
0.07885514710135955,49.372081258679515,4,8.517509078821476,1,1,0,0,10,0,1,1
0.3327019965431417,88.1755254675547,3,6.98951552301443,0,1,0,0,2,0,0,1
0.524920447748725,63.87650825712036,2,3.6386500055820568,1,2,0,1,8,0,1,1
2.7149682676609994,62.57627656665523,1,6.659635555667432,0,0,0,0,8,0,0,0
8.431491455003728,49.00990707869864,3,7.626365798919867,1,1,0,0,6,0,1,1
10.954230780945517,67.49509353419212,2,2.422662832366543,0,1,1,1,10,0,1,1
1.4039344286545965,43.547844543967074,3,3.800244202050439,0,0,0,0,1,0,0,1
4.270921034141711,55.6475550239903,2,7.692166827685865,1,2,1,0,1,1,1,1
7.312961952644557,31.674139059908796,2,5.134945778879926,0,0,0,0,9,0,0,0
1.7042148814525662,70.78882784461183,3,5.872332331398967,0,0,0,0,12,0,0,0
2.6297617629302295,55.81209394523584,2,5.14039445721258,0,1,0,0,4,0,0,1
3.711416150904266,89.65026127395754,2,6.782977687331622,0,2,0,0,7,0,0,1
0.7244054814141521,97.84596767339517,2,6.025863281096067,1,3,1,0,5,0,1,1
0.13162898289266525,65.26638902866296,2,5.212434527844006,1,0,0,0,7,1,0,1
0.8291267089928842,51.36850622415807,3,0.7966147043653606,0,1,0,0,6,1,1,0
4.928922500018542,31.078709757488625,2,6.280021261029884,0,5,1,0,11,0,1,1
0.3823444236067174,68.09499606517649,3,6.458481953318422,0,0,0,0,5,0,0,1
1.0517312167385995,54.20569127790456,2,2.5209222544859453,0,1,1,1,4,0,1,0
2.061345154635375,60.76069678308924,2,2.6568021835287943,0,1,0,0,10,0,1,0
0.40534568635385715,84.59574774912487,3,6.0351971913391935,0,0,0,1,5,0,1,1
1.0641055027492585,33.51153422673306,3,5.388650136268539,1,3,0,1,4,0,1,1
12.110774249756048,31.51391663037327,2,1.0504128361566791,0,0,0,0,10,0,0,0
0.09743895866810731,45.271481232586396,2,3.3559565917088445,1,1,0,0,7,0,1,1
5.298380063100203,66.42402299503647,1,5.627686197804069,0,2,0,0,12,0,0,1
2.4258619239107233,61.09734480428976,3,6.353353738337736,0,1,0,0,12,0,0,0
5.583607466386261,32.08622976608455,1,3.8313615603483964,0,1,0,0,2,1,0,0
4.4420613677044765,65.13105801404964,2,4.705087023003275,0,4,0,0,9,0,1,1
1.2647851610760774,25.975743622134743,2,3.241295788610756,0,0,0,1,5,0,0,0
9.393437478131743,33.24516651302285,2,7.647847348323062,1,1,1,1,12,0,1,1
3.3857824061063084,47.69085365621621,3,5.3491765550520185,0,0,0,0,3,0,0,1
8.644938070572978,38.9313750804956,2,3.664623434370507,1,4,0,0,5,1,1,1
2.604485322680855,67.79718977301869,2,2.687397135650364,0,2,0,0,9,0,0,1
20.0,55.72756966002189,1,2.466225262402063,0,1,0,0,12,0,0,1
7.359029411852179,85.31122355254521,2,8.623109438504661,0,3,0,0,2,0,1,1
16.899656351344422,45.05629269291171,2,4.652976311609768,1,0,0,0,8,0,1,1
3.611093240613179,47.55595697918513,2,4.200957819643502,0,0,0,0,1,0,0,0
3.209335188056027,74.20765218123526,2,4.573512370936598,0,1,1,1,7,0,1,1
7.041755344975202,48.18158393752409,3,3.7395804277263553,1,0,0,0,11,1,0,0
10.613468391918703,79.88010495415091,3,4.785979013842847,0,2,0,0,7,0,1,1
16.64147224337131,60.81656420768983,2,5.069856807209938,0,1,0,0,7,0,1,1
1.9618948272051628,2.944270602292818,2,5.0300070642843755,0,0,0,0,7,0,0,0
8.01490834058911,73.55140828298929,2,2.474804402647091,0,0,0,0,3,1,0,1
1.1826993990893595,68.25453626239617,2,6.7848619600963875,0,0,0,0,3,0,0,0
3.9436047897151956,69.02665212221089,3,3.8940811337188665,0,3,0,0,2,0,1,1
0.9913288550080441,11.780432429094837,4,3.6826733055783727,1,1,0,0,9,1,0,0
2.133934260780778,36.74020077457905,3,3.592347966934915,0,1,0,0,11,1,1,1
13.394280181503353,38.225903328864604,2,2.8950566137378053,0,0,0,0,3,0,0,0
0.789651483285454,33.17757264879215,3,5.535595330574625,0,1,0,0,6,0,0,1
5.003811617914973,84.83845063787876,2,6.78996394468,0,4,0,0,4,0,1,1
4.4941487416039045,49.764643243527324,3,3.5540215627323732,1,2,1,1,10,0,1,1
0.6433638043394342,49.26878114741659,2,1.3137484292364565,0,1,0,0,11,1,1,1
1.9724703811102364,61.040166206315575,2,2.9457708047831526,0,0,0,0,10,0,0,0
4.138898805092391,61.38603335778764,1,4.103428101411895,0,5,0,0,3,0,1,1
1.0362194241137013,0.0,2,2.5371293771374948,1,0,0,0,5,0,0,0
8.062805332352259,37.072849257012734,3,3.802536621995858,0,2,0,0,5,0,1,1
17.905780377339234,21.744228444174464,3,3.8969463514385323,0,0,0,0,1,0,0,1
1.20882555648602,58.006121863096396,3,4.969019955766146,0,0,0,0,7,0,0,1
1.0345794545311118,44.22215171331905,4,2.0900910674954174,1,4,0,0,8,0,1,1
3.034251785491034,50.30775129002537,1,6.160226745984612,1,1,0,1,7,0,1,1
6.886975925355955,8.429605022189541,2,8.321877637399579,0,1,0,1,1,0,1,1
1.6536480571555257,43.80295550619004,2,7.858234410960203,0,1,0,0,6,1,0,1
0.10040086339781301,72.3026050366563,3,3.831911705403485,0,0,0,0,10,0,0,0
3.8959292778830235,78.18898966204335,2,6.337310322316719,1,4,0,0,2,0,1,1
15.686544600786894,64.377268390814,1,6.100507611804022,0,0,0,1,12,0,0,1
2.4819586060834427,23.290694131037625,2,4.9129496741415375,0,3,1,0,10,0,1,1
2.7247959616318536,75.18803605984247,4,5.354011282350247,0,0,0,1,1,0,1,1
17.353013369956273,64.48004510000031,3,6.366087593718087,1,0,0,0,8,1,0,1
5.930789049874469,47.656219318709226,2,6.766751608746882,1,5,0,1,4,1,1,1
6.35006310975332,9.499273709805117,3,3.3766554731965464,0,4,0,0,3,0,1,1
4.135702031877204,69.07189901325034,1,6.495382779965365,0,2,0,0,1,1,1,1
18.366844015678826,38.156673400332416,2,8.33292504697089,0,1,1,0,11,0,1,1
5.837665742007713,56.92331642109562,3,6.764363284035079,0,5,0,1,9,0,1,1
11.27053448765512,51.36787721273325,2,8.07292583057972,1,2,0,0,8,0,1,1
6.009522485963173,80.76789968876557,2,0.0,0,0,0,0,8,0,0,1
6.642313117051978,47.492660280049826,3,6.191418125256188,1,1,1,1,8,0,1,1
1.7153462003784816,49.69772819828104,3,5.528502539816412,1,1,1,0,5,0,1,1
1.8082845094974267,81.5723078095726,4,7.054169394447132,0,1,0,0,5,0,1,1
7.638935943313055,36.83555512499623,2,2.7487476848431958,1,3,0,0,12,1,1,1
1.759903390398407,66.28645702815554,2,3.9877178164565645,0,0,0,0,8,0,0,1
4.136480342423351,46.02768554243072,2,6.801073465961297,0,0,0,0,6,1,0,0
1.434094298347145,29.949160759901417,3,2.880662885084336,1,1,1,1,8,0,1,1
8.490891575065923,50.02321973441745,2,5.484628514902762,1,1,0,0,2,0,0,1
0.5854864548209006,63.834102272159754,2,4.966122834188902,1,2,0,0,12,0,1,1
8.843535339733302,77.07419679953023,2,4.608138666267973,0,1,0,0,2,0,1,1
4.615693132724475,79.49387970691365,3,6.14539728419378,0,5,0,0,6,0,1,1
1.0345645117465523,44.104718515489346,2,2.7689984252412674,1,2,1,1,12,0,1,1
3.9048167939156024,30.255015359355728,1,3.439766436739748,0,3,0,0,11,0,1,0
1.6599035511549283,43.625222008450415,2,4.72150240910608,0,0,0,0,4,0,0,0
1.9538727342334394,26.369384933396887,2,2.5976352696581717,1,1,0,0,2,1,1,0
2.1656825843253165,45.6522760116699,2,7.461843604666084,0,0,0,0,11,0,0,0
0.3270638330797551,43.16669432760483,2,3.4024657251399146,0,2,0,0,7,1,1,1
20.0,64.54980408313531,3,6.572659200081787,0,4,0,0,3,0,1,1
0.1602127558447292,5.881296401712433,1,3.2489933861053695,0,0,0,0,12,0,0,0
5.43090252036647,35.327841078267205,1,6.408394412285503,0,1,1,0,9,1,1,1
2.319930039568459,35.48963391116169,2,1.782302651106209,1,3,0,0,6,0,1,1
5.192437183709089,73.74254504816051,4,7.817230802089016,0,0,0,0,12,0,0,0
2.2022105667875893,27.72311245197966,1,7.270266010213268,0,0,1,0,9,1,0,0
5.600466506086304,54.533147192979875,3,3.894832983754895,0,0,0,0,11,0,0,0
6.532529372820298,47.437431711604376,3,3.3487187358457327,0,1,0,0,3,1,0,1
5.8648364169489255,70.86085053672764,2,5.915605025000241,0,1,0,0,8,0,0,1
0.6049770943335147,61.91663729021094,2,1.9477875563925018,0,1,0,0,8,0,0,1
5.348568055110441,52.42487463640759,3,5.069504173588502,1,2,1,0,10,0,1,1
1.6424338734834174,38.90666250823863,3,3.3848231301643206,0,2,0,0,10,0,1,0
0.14612134945072602,12.953149937802479,3,4.491379769444052,1,3,1,0,9,0,1,0
2.679270119351547,54.94171311374811,3,3.712302457852663,0,0,0,0,12,1,1,1
2.8417714377923344,60.60979597059745,2,3.4032627342124364,0,0,0,0,4,0,0,0
3.1478030621086157,18.502647750506938,3,8.409588315249172,0,0,0,0,10,0,0,1
6.100920253431413,25.326116713429016,2,6.561086966673944,0,0,0,0,5,0,1,1
1.8469472239173124,55.046599467433516,2,2.0402740356557083,1,0,0,0,7,1,1,1
1.8937301638609694,56.7828337241574,3,3.248373190465183,0,0,0,0,9,0,0,1
0.312315415036887,30.187053798158814,2,6.714898058669825,0,1,0,0,12,0,1,1
5.80490528299456,38.51870572863923,1,6.937373687609016,0,1,0,0,8,0,0,0
4.194636027706973,13.270223228591469,2,2.2298346086943077,1,1,0,0,7,0,1,1
2.149494324856349,77.54527807626468,2,6.397209697382607,1,1,1,1,3,0,1,1
6.107103672089202,24.002511852630953,3,5.530058232266044,0,0,1,0,3,0,1,1
3.854006000400974,60.84518782497101,2,1.116660069868796,0,0,0,1,4,0,1,0
3.167273279130964,49.30078607693239,3,4.193604563213381,0,1,0,0,1,1,0,1
3.5802834915725708,75.79187239249518,2,4.727673367298995,0,0,0,0,7,0,0,0
5.05779128536303,34.15491814450487,2,5.096983610734696,0,1,0,0,12,1,0,1
5.394086609573998,51.22505420680774,2,2.3588344253599542,0,0,0,0,9,0,1,0
1.7051176241777488,16.031461815252996,2,3.4739689916305867,1,1,0,0,5,0,1,0
0.7584381977959282,11.229463261204927,2,3.7541125227031715,0,0,0,0,12,0,0,0
0.8517723317156073,61.92667167730948,3,3.928648566680499,0,0,0,0,10,0,0,1
5.09980346860451,14.299483218605957,2,3.9620051054943675,1,3,0,0,10,0,1,1
10.312854700399761,45.43564931130938,2,4.734734178171033,0,5,0,1,6,0,1,1
2.63389670408414,70.2259089594584,1,5.619273230220835,0,0,0,0,5,0,0,1
0.9287581257677281,64.93369712189359,1,8.548451449029159,1,2,0,0,6,0,1,1
7.065296813151689,36.70829024102812,1,6.741777507093133,0,1,0,0,1,0,1,1
8.933545452022233,18.229937271836548,3,7.633726779019506,0,3,1,0,6,0,1,1
10.625645231476806,60.18989723311057,2,4.038488629952634,0,3,1,0,8,0,1,1
4.667584125085228,76.84513565720361,2,2.9921536995141405,0,0,0,0,5,0,0,0
9.856652199744204,36.75523842668753,2,6.602850551094664,0,0,0,0,1,0,0,1
0.07767502092494086,33.93374283185767,2,4.967578120230479,1,2,0,0,5,1,1,0
0.5671639435372023,39.50196074262003,1,6.4606356002590735,0,1,0,0,11,0,1,1
0.48572768399672445,61.432174216142315,3,3.2353995508299165,0,2,0,0,10,0,1,1
6.234483020995512,74.57035212829825,3,6.297154197535285,1,2,0,0,2,1,1,1
0.3606054940147458,25.207863772389555,2,4.649501027180217,1,3,1,0,1,0,1,1
3.4295111680797308,20.03436381350694,3,4.078198031063462,0,0,0,0,5,0,0,0
3.199993577375699,96.79992643864895,2,4.266488468699976,0,1,0,0,10,0,1,1
1.8604190044780922,46.45354424219923,3,5.980866834495755,0,3,0,0,8,0,1,0
10.216711936940994,55.05785591380619,4,6.54828263268878,1,1,0,0,4,0,1,1
0.9342582221012691,36.16138318764722,2,4.267171684558285,0,0,0,1,5,0,1,0
2.1728950561441334,59.79924618905432,2,5.688619656846658,1,2,1,0,9,0,1,1
7.439897087204884,69.20121749403044,2,5.681632788666356,0,2,0,0,9,0,1,1
0.1544733897569499,55.99592343145859,2,6.4766737200632525,0,1,0,0,4,0,0,1
5.588217191917744,84.8171615402887,1,6.973830386566307,1,4,0,0,11,1,1,1
8.474917086104238,43.46510820117816,3,8.622442774545426,0,0,1,0,6,0,1,1
13.460970788886337,44.742350539292474,1,4.069659226953975,0,0,0,0,2,0,0,1
10.449344207178932,54.62812702554831,2,7.92001979932037,0,0,0,0,3,1,0,1
1.9237859009079474,59.299232910121944,3,5.23414875012268,1,1,0,0,1,0,1,1
4.413846303085106,54.55894524125218,3,2.810397589176602,0,0,0,0,1,1,0,1
0.4022203622797178,24.311699460898183,1,3.6990310279054555,1,4,0,1,6,1,1,0
1.4911542689268644,56.250303323911226,3,5.931920240432428,0,3,0,0,6,0,1,1
0.49480727111706,42.51652830393125,4,6.447521423850947,0,2,1,1,5,0,1,1
1.8930494719405861,38.38045971850708,1,2.967464286544341,0,2,1,0,1,1,0,0
10.404701860174546,50.64964109506487,2,3.4722314867635413,1,0,0,0,10,0,0,1
2.1321683977740036,30.769546253415715,3,3.933766686282174,0,1,0,0,2,1,1,0
4.126518770566426,27.29217352253537,3,3.2732639562038726,0,0,0,0,9,1,1,0
2.840339453680581,0.0,2,1.2398300195050265,1,0,0,0,7,0,0,0
3.070908565726125,84.94474657019782,2,0.5613725740733893,0,0,0,0,11,0,1,0
17.461968727146942,61.114626382060045,3,4.236385769003257,0,3,1,0,8,0,1,1
1.7559818102332265,47.6647175738739,4,5.504158579252733,0,1,0,0,8,0,0,1
4.935235646982564,36.65553526226704,3,6.3111712135173015,1,2,1,0,1,0,0,1
2.724176161393242,0.0,4,2.275331852051111,0,0,0,0,12,0,0,0
0.315477446299656,35.42942247557031,3,2.3093217652146034,1,0,0,0,4,0,0,0
3.3601665922677784,64.31732674328153,4,3.9441427937912876,0,1,1,1,12,0,1,1
8.392421669053794,68.84348607187738,3,5.006684905777144,0,1,0,0,12,0,0,1
0.519879421743339,62.84583987206603,4,7.017563200793597,0,1,0,0,12,0,0,1
0.3606595767217483,53.16783911504937,2,6.43544413838044,0,2,0,0,3,0,1,0
0.8340022955589856,76.07748291862758,3,4.264343657705874,1,2,0,0,7,0,1,1
7.228101499973706,43.429255558229194,2,5.720310609235529,0,2,1,1,3,0,1,1
6.4366884464578265,71.70377832268723,1,3.312921521739659,0,2,0,0,8,1,1,0
4.16225048393891,42.30835112559574,2,5.1486915112996465,0,0,0,1,6,0,0,1
3.157687259122399,32.37717382244475,2,4.875153413932913,0,1,0,0,3,0,0,1
10.960848535352582,29.88574039154958,1,7.8086045796559755,0,2,1,1,1,0,1,1
7.277103861188934,28.710071576540944,4,5.987110167650916,0,3,0,0,8,1,1,1
8.355030946969356,63.181360576049705,3,3.458429907994595,0,1,0,0,12,0,0,1
8.390251639125069,35.145088578058434,4,3.4788903483746365,0,4,0,0,8,1,1,1
5.146137636338024,29.339423099301122,4,4.3338169342104,1,1,0,1,12,0,1,1
3.0625813001962827,64.2747043932272,2,1.8710679911138461,1,2,0,1,9,0,1,1
10.0004816353065,56.55940780944466,2,4.539959243706421,1,2,0,0,7,0,1,1
13.018952143419426,69.25183965691605,2,4.712681580703274,0,2,1,0,8,0,1,1
0.12046993071371832,60.25199022545597,2,5.933053757932743,0,3,1,0,1,0,1,1
0.26465671979915345,34.93776839605377,3,6.2242507042977016,0,2,0,1,1,1,1,0
15.939708401068057,51.52204832937175,2,5.197832818776078,1,1,1,1,7,1,1,1
1.6228411533212377,52.50265981539354,2,1.7400146267208778,0,1,0,0,7,1,1,0
10.332407027140409,31.616826830519955,2,2.557906937704528,0,1,0,0,3,0,1,0
2.4616152758462233,27.90750051812015,2,3.789790152801161,0,0,0,0,6,0,0,0
0.634056161323407,36.38556781764591,1,6.304582897269778,0,0,0,1,6,1,0,0
0.4193173218535363,90.73164713344161,3,6.237047942149316,0,2,1,0,6,1,1,1
0.8510237084390336,41.74511811556902,1,4.5011234538104645,0,2,1,0,4,0,1,1
1.4376983787357962,74.65733582773429,2,9.719460819533746,0,1,0,0,9,0,0,1
3.3522178839848027,40.62678981040404,2,8.12313517013138,1,4,1,0,4,0,1,1
6.044891564468783,67.77677639079984,3,7.4798387957038095,0,2,0,0,4,0,1,1
20.0,68.04983311115694,2,6.401316309185265,0,0,0,0,11,1,0,1
2.91256367237229,69.0518101590409,2,5.9170835076834285,0,0,0,0,12,1,0,0
3.6509746818482873,57.75654684017917,2,5.771152072222147,0,1,0,0,10,0,0,0
3.6887952942043856,77.54733157562302,4,1.3899417432750663,0,4,1,0,5,0,1,1
3.8764994146566893,57.567079387054555,4,2.897431286410584,0,1,0,0,2,1,0,1
3.6463662691589285,84.2705945868056,2,4.555726426502804,0,1,0,0,6,1,1,1
0.04406739962836878,17.601603936231328,3,5.255744990821816,0,1,0,0,7,0,0,1
0.008631556640834152,56.96572495333637,1,4.751086954314814,1,4,1,0,3,0,1,1
0.5138544588508964,55.66647185071333,2,5.544553562421997,0,3,1,0,4,1,1,1
0.535457862191039,31.269603083890175,2,0.7933989005147213,1,1,0,0,5,0,0,1
6.102152612597336,61.591684435274765,2,6.011328605638667,1,2,1,0,12,0,1,1
1.1465377521420976,20.19834648846764,3,5.124275111623991,0,4,1,0,1,1,1,0
11.2553790855525,36.91631348479343,4,4.62510008248339,0,1,0,0,8,0,0,0
13.197730315521445,10.018243742043843,1,6.8546240690538545,0,1,0,0,4,0,1,1
18.626335204160267,81.1725303392563,2,2.9089332332608873,1,1,0,0,10,0,1,1
13.991075854332301,45.36901012109409,2,4.526210294744016,1,1,0,0,5,0,1,1
1.5865041929628223,93.33768069632623,2,5.568836822796975,0,0,0,0,4,1,0,0
3.5644728628839326,66.0589985303899,4,3.2939773827807173,0,0,0,0,2,1,0,0
0.9646176189726985,58.96196426702049,3,0.9933120438356822,1,2,0,1,9,0,1,1
8.204892005288679,38.27544611438002,3,2.693919779309204,0,1,0,0,1,0,0,1
10.965591828355901,29.0729992862516,2,4.870558825512218,0,3,0,0,1,0,1,0
9.528746865856132,60.45943147793891,3,4.501960512674253,0,4,0,0,8,0,0,1
2.840216802976108,48.569719814540356,2,4.963467901666582,1,4,0,1,1,0,1,1
7.108030423174684,23.21459369029398,4,3.6814463117530787,0,2,1,0,11,1,1,0
0.5133715757256438,19.66283166983363,1,2.3754723348937445,0,1,0,0,6,0,0,0
0.20538498212765166,30.825925417128325,2,5.2740165164158554,0,1,1,0,3,0,1,0
6.996622718292096,86.4193445053246,1,4.666954011027222,1,2,0,1,6,1,1,1
2.770016487709192,94.26555836022608,2,6.275669765523326,1,0,0,0,11,1,1,1
20.0,54.099782946178195,3,3.5046304341444237,0,0,0,0,8,1,0,1
0.511571444249554,52.978855924825766,3,0.9582960183093618,0,5,0,1,1,1,1,1
9.676798856413916,43.27359256340958,3,0.0,0,1,1,0,1,0,1,1
3.269469508232668,31.310293033809955,2,4.19706157103784,0,2,1,0,6,0,1,1
8.77666121838023,77.50358115214487,2,5.255818324235593,0,2,0,1,8,0,1,1
8.494824495595028,87.47152787794272,3,4.53537495607634,1,1,0,0,12,0,1,1
12.38421631396054,32.131618283214294,3,3.869699095357503,0,1,0,0,4,0,0,0
1.7680411932079143,48.34323243150797,2,1.8172351736838115,0,1,0,0,8,1,0,1
14.958636865622116,41.00267398579664,3,1.2212755905855661,1,2,0,0,3,0,1,1
0.8224099243163565,41.59521850270046,4,5.734549561989199,0,1,0,0,6,1,1,0
0.42761938801975996,73.71816510859725,3,4.544797540421029,0,1,0,0,4,0,1,1
2.824785916119725,23.760769092677563,2,4.27296337047988,0,3,1,0,8,0,1,1
8.810701459827419,59.329393818726125,3,1.9164980901657622,0,2,0,0,6,0,0,1
3.2067707963011833,64.56476214611732,2,3.0674868001799775,0,0,0,0,3,0,1,0
8.83884803062958,47.156976527963614,3,5.090208699019481,0,4,0,0,6,0,1,1
6.540870068497203,67.86135653973545,2,5.569231906930112,0,0,0,0,12,0,0,1
1.1749951665814526,52.953036810749005,4,4.671519735849676,1,0,0,1,5,0,1,1
14.868056277006472,74.34259842312224,3,7.758498852324781,0,3,0,0,9,0,0,1
0.3135338983606772,19.555893901482918,2,3.849012208287399,0,2,0,0,10,1,1,0
11.427642316610978,43.024494779862614,3,7.5737438430196065,1,1,0,0,12,0,0,1
1.8152148053061865,48.563737142979306,2,5.433733522583999,0,1,0,0,2,0,0,0
3.467216953773262,0.0,2,5.216266884574932,0,1,0,0,8,0,0,0
2.743951859940697,28.280945328429304,2,6.865045432958796,1,1,0,1,10,0,0,1
0.942711670347589,33.72801491282428,1,3.7517453050316387,0,0,1,0,2,0,1,1
2.2169788266409296,68.964119896467,4,4.341593081650075,0,1,0,1,1,0,1,1
1.0717518513055,35.86313307370799,2,2.552916867916284,0,1,0,0,5,1,0,0
1.1400674226932879,33.638420253880454,3,6.8704250430108065,0,5,0,0,11,0,1,1
1.0354704044480663,66.34971561312383,2,5.6710108824702585,0,2,0,0,9,0,1,1
3.357098508884089,17.64178708419891,3,7.195586703809235,0,3,0,0,9,0,1,0
7.9957393724622605,8.575118651128555,2,5.409726806293419,1,1,0,1,7,0,1,0
4.207888320295979,42.76815399861307,2,7.206084430382634,1,0,1,1,11,1,1,1
11.184295224549686,21.045864638432896,4,3.505421751440436,0,1,0,0,10,0,1,1
5.06049189490407,21.80641410680702,2,6.974479313940966,0,1,0,0,10,0,0,0
5.8452829231919345,61.46867583375964,3,4.204370145092719,0,3,0,0,8,0,1,1
5.507189831593086,67.51947675825159,1,5.005063872700488,0,1,1,0,6,0,1,1
2.984270993716506,65.7772843170425,2,6.456711026654028,0,1,1,0,12,0,1,0
5.845262105733773,72.17553320614465,3,9.65568248589572,1,2,1,0,2,1,1,1
0.36128245546364557,74.82268640029604,3,6.640105747422096,1,0,0,0,8,0,0,1
9.825262519285973,7.42819582346138,2,6.828692269905144,1,2,0,0,4,0,1,1
7.52116027116375,59.00823919858933,4,3.909244090930108,0,0,0,1,3,1,1,1
1.4067107828323238,39.407836008608825,2,5.3139959819191755,0,0,0,0,2,0,0,0
7.3057890306371345,35.05151508019128,2,4.808265465330267,0,4,1,1,9,0,1,1
0.06361599557755637,61.20829264417411,2,7.81533226910725,0,0,1,0,4,0,1,1
1.224687699840324,15.394090402084963,3,4.708131609590826,0,1,1,0,1,1,1,0
0.33677769896875553,14.977827882553598,2,7.657083704698719,0,2,0,0,10,0,0,0
7.575798520507307,62.67145488163435,2,2.3967065865612196,0,1,0,0,2,0,1,1
7.050357063977425,59.755720350217956,4,7.797554650099684,0,4,1,1,4,0,1,1
8.400268280736721,52.734653117430206,2,3.2771983069636215,0,2,1,0,8,0,1,1
0.022458831100386642,32.40173190553726,2,6.707768314841606,1,3,0,1,5,0,1,1
3.478078390757653,64.87659269164249,1,3.2713390750615865,1,1,0,0,3,0,1,1
6.101124070452429,63.60605784120952,2,6.236694514661339,1,2,0,0,2,1,1,1
0.8444673645081404,51.706090300949086,2,3.074825678965409,0,2,1,1,11,0,1,1
5.2461219089497515,26.45357917460457,1,7.072961882846547,0,0,0,0,4,1,0,0
0.43929558642513583,41.495033085409865,2,6.690490931874256,0,1,0,0,2,0,0,0
1.0003457250092644,66.75667355048886,2,3.7986251514690035,0,5,0,0,8,0,1,0
3.2293795608788534,76.54382445603574,3,6.156169017979023,0,2,0,0,7,0,0,1
5.300302544289412,43.46926793247343,4,6.894865296644916,0,1,0,0,11,0,1,1
0.788354249040616,45.006540643834754,3,3.153361892752672,1,1,1,1,11,0,1,1
1.024206144262856,46.76621783949878,2,2.931994311483066,0,0,0,0,4,0,0,0
1.1435850653461719,55.49786017821944,1,2.8573905380622424,0,0,0,0,12,0,0,0
1.3636441883846842,38.37865399879952,3,2.5739945992488065,0,2,0,0,9,0,0,0
1.2844961405190105,0.0,3,2.847814307972825,1,3,0,1,6,0,1,1
2.513866558271527,73.85538003294194,2,6.849576418306641,0,0,0,0,8,0,0,0
5.303543715449226,85.893778943251,2,6.115699642527989,1,4,1,0,12,0,1,1
2.8815499215385754,37.752002807885745,3,1.6079956256167756,0,1,0,0,4,0,0,0
7.479963775575415,28.666932621624518,2,3.979666029187497,0,1,0,0,6,0,0,0
6.3517830182437764,47.25798955219555,2,2.6843268225534325,0,3,0,0,10,1,1,1
0.6763898080803032,46.24992232542454,2,6.723060393017695,0,1,0,0,6,0,0,1
0.25037346655317544,69.91037154325919,3,4.100708527627836,0,0,0,0,5,0,1,1
10.516276826575632,51.09278883290076,3,1.9111451543589002,1,1,0,0,4,0,1,1
0.41599001247260703,34.14754339257634,3,5.340330135541159,0,1,1,0,11,1,1,0
0.8028346542586091,23.63181098883902,3,6.212984216262731,0,2,0,0,11,0,1,0
0.1119094590510753,67.31268369639346,2,3.0926031335231294,0,0,0,0,5,0,0,0
4.948830207717638,61.99022482328499,3,4.470168166637161,0,1,0,0,8,0,0,1
4.365803771884261,71.21119756183637,2,3.1952090307195107,0,0,1,0,5,0,1,1
20.0,30.636264985578123,2,7.488094784237564,0,1,0,0,2,0,0,1
10.898846882388378,86.76873799056659,3,4.137283726256136,0,0,0,0,12,0,0,1
2.645314393073563,15.126109858855258,2,3.556323605475198,0,2,0,0,12,0,1,0
2.322779204442316,64.1920204280296,2,4.8973490123017145,0,0,0,0,3,0,0,1
1.7609396588270034,11.80834465606197,4,4.5849013400661836,1,2,1,0,3,0,1,1
0.8267730844721153,34.193372366030644,4,6.376986787732006,0,1,0,0,1,0,0,1
0.7429853122516407,81.22045860895918,2,7.432094451857775,0,3,1,0,5,0,1,1
0.7094523514767546,66.62728508951979,1,7.447246502044999,0,3,0,0,4,0,1,1
0.6058392977501535,39.07559169025636,2,4.23618527881505,1,3,0,1,1,1,1,1
1.375554063869193,39.62325914356624,4,5.610227266295309,0,0,0,0,10,1,0,0
1.8312361357063658,52.01244221670884,2,7.9769998205808985,0,2,0,0,4,0,1,0
16.29575170043851,60.28281981521445,4,8.05399761675001,1,3,0,1,4,1,1,1
4.319360210555403,75.03158765365393,1,3.248187690612929,0,3,0,0,12,0,1,1
20.0,40.87531990783011,2,6.184490433286689,0,0,0,0,3,0,0,1
2.329794682877945,17.764298730255973,2,5.846411145543654,0,2,0,1,12,0,1,0
3.0590032247158816,53.1393725409752,2,6.8527750888894,0,2,0,0,7,0,1,1
1.9620928710137924,40.851383249832104,4,7.487235135675576,1,1,0,0,7,0,1,1
1.0098933968691974,23.987325905031053,3,2.918047981411589,0,2,1,0,1,0,1,0
0.7725478498056392,55.953378306255885,2,3.618643389930849,0,0,0,0,7,0,0,0
14.509315458154957,45.73772491814422,2,6.815217512615185,0,1,0,0,1,0,0,0
20.0,56.13024412939589,3,5.296061509699973,1,1,0,0,10,1,1,1
0.2297458746896544,32.11111599625639,2,0.5455175848883709,1,3,1,0,11,0,1,1
0.8146296187892048,59.734210606509976,3,1.6674351157084009,0,0,0,0,9,0,0,1
2.754108653905905,23.658036064900433,2,6.325146282597957,0,3,0,0,6,0,1,0
1.0310233650927827,33.44537220606834,2,6.678221845143305,1,1,1,0,7,0,0,1
2.261843364940269,45.141715378254446,2,2.301024591439472,0,0,0,0,12,1,0,0
0.6911196403216975,84.83636829919428,2,7.198335124255683,0,1,0,0,10,1,0,0
3.048736020788356,65.69650737096987,2,4.605705337816697,0,2,1,1,3,0,1,0
1.5851741772999106,71.54385008535579,4,2.9550517404239365,0,1,1,0,7,0,1,1
2.168590372358756,78.34154066686288,1,3.8794082199029525,0,0,0,0,9,1,0,1
0.49530561205558454,100.0,2,2.5545135479023924,1,2,1,0,10,1,1,1
2.794200887708457,50.83178135116868,2,3.768178033237874,0,0,0,0,10,0,0,0
20.0,78.40801846259711,3,1.2622040582227525,1,0,1,0,11,0,1,1
1.993686802807482,70.25270508803882,3,4.852334102003767,0,0,0,0,2,0,0,0
10.454708067441496,69.92065006615051,3,6.174237375855998,0,3,0,0,11,0,1,1
9.263893483710355,85.48479236080362,1,2.305150065082613,1,1,1,0,5,0,1,1
15.188860285684969,41.61373938031047,3,5.034040541245894,1,1,1,1,3,0,1,1
7.80584685636231,40.026299521272406,3,3.3906959436471626,0,0,0,0,2,0,0,0
5.38812280556269,56.39531026963723,2,6.337601670728477,0,0,0,0,9,1,0,0
9.710044392546392,46.34600456156226,2,0.3711858174021936,1,2,0,0,2,1,1,1
0.393293682578526,56.37001705996346,3,6.423777696097995,0,3,0,0,2,0,1,1
3.1072094223132742,81.25497570106023,2,1.3644868050939598,0,0,0,0,3,1,0,1
20.0,40.43706554587443,2,4.580119307553213,0,3,1,0,11,0,1,1
7.339695034108904,43.90642074812539,2,3.5821637670346025,1,0,0,0,6,0,1,1
16.36077360909463,53.48622007053154,2,4.278594146382277,0,1,1,0,6,0,1,1
7.562335473387318,45.43363147949661,2,1.9412184864451318,0,2,1,0,7,0,1,0
10.39248863375228,11.719883439730253,3,8.320275281027563,0,0,1,0,2,1,1,0
6.129893033308563,38.39744714602121,3,2.426873844779326,0,1,0,1,1,0,1,1
7.146051156702339,63.747464844750084,2,2.5846927880485486,0,3,0,0,2,0,1,1
3.7030602199572242,78.75093501865294,2,8.589641170171035,0,3,1,0,10,0,1,1
12.900772411412568,26.907628649245467,3,5.645403272151328,0,1,0,0,12,0,1,1
8.715958381002311,26.81435201538314,3,2.491486953078803,0,1,0,0,9,0,1,0
9.285810719494037,50.60467605434671,2,4.742424648192309,0,2,1,0,2,0,1,1
5.589114700817419,8.488098702443267,3,4.5285410614284025,0,1,0,0,7,0,0,1
1.8161961165441198,41.10059594025745,3,1.6246983248507383,0,1,0,0,1,1,1,1
0.18140014206918162,15.279158808972127,2,3.483474811963543,0,4,0,1,9,0,1,1
13.717490296105668,77.38122599684931,2,4.947238576249398,0,1,1,0,6,0,1,1
4.410900225076891,34.61337691299191,2,7.532835811675104,1,4,0,0,9,0,1,1
1.7701277915127942,83.05668372678055,4,4.622340313547941,0,2,0,0,9,1,1,1
0.8075096332058542,72.27042706916677,1,4.772709584771985,0,3,0,1,6,0,1,1
8.845779297645404,37.073654046051665,2,3.369666658079601,0,0,0,0,6,0,0,0
9.055329048570457,28.56080726307845,2,7.191781562416469,0,0,0,1,3,0,1,1
8.42371676369403,46.129085016648226,3,6.804643503001903,0,2,0,0,8,0,0,1
5.179352258790137,47.90706751483594,2,6.578669545963035,1,4,1,0,1,0,1,1
2.278652977445473,56.922938879048026,3,5.223677730139164,0,4,0,0,11,0,1,1
1.8125330381330613,34.46913420939642,3,1.802852876192647,0,4,1,1,6,1,1,1
0.042957861016460264,64.92789747044407,3,7.17333979768607,0,1,1,0,8,0,1,1
8.967030882179516,55.30656109999799,3,5.114659495875563,0,1,1,0,9,1,1,1
0.45746720036996213,43.19209686568272,1,4.3828169570273126,0,0,0,0,4,0,0,0
4.98147446658843,35.75918689163954,4,5.896918123785263,0,5,0,0,11,0,1,1
3.506652330872603,46.30230033802628,3,5.448379407656032,0,1,0,0,4,0,0,0
3.740016797989327,33.661974963448614,4,2.861604012876201,0,0,0,0,11,0,0,0
13.066849641950357,51.16877389767175,3,4.358404277027911,1,0,0,0,3,0,1,1
0.16062777572287493,51.7087737043982,3,1.1918144151686745,0,3,0,0,1,1,1,1
7.422673088882201,55.23414566952679,2,5.1720532691979155,0,2,1,0,10,0,1,1
0.26728025397025923,85.32484819343708,2,7.66025553460228,0,5,1,0,1,0,1,1
0.1945025729755193,47.35110560600855,2,1.40876972506305,1,2,0,0,2,0,1,1
2.8089957073270986,70.09195734248965,2,5.257256139622952,0,4,0,0,1,0,1,1
0.32576114358356884,54.591747939514036,3,6.336957067589046,0,4,1,1,1,1,1,1
7.782898059745108,45.23511396203092,2,6.632713967448933,0,5,0,0,6,0,1,1
3.770467140475518,47.61681460097532,1,3.507620478358243,0,1,0,0,5,1,0,0
0.14734376217858774,48.82347181663899,3,2.7955385406699924,0,0,0,0,5,0,0,0
0.20671839496302788,55.595354154564326,4,3.8258960697549336,0,0,0,0,12,0,0,1
4.742372201243071,30.8135846956206,3,7.381742059918904,0,0,0,0,11,0,1,0
8.202368328859661,20.69319233110066,3,1.580888709352073,1,2,1,0,11,1,1,1
2.879483933880518,63.08594786948551,2,2.568066009896379,1,2,1,0,1,1,1,1
4.043695646782211,67.96247665162518,3,4.082461030948436,1,2,0,1,3,0,1,1
8.042927730255336,64.91271665605606,2,3.048657564175727,0,3,1,1,7,0,1,1
4.714536324977373,53.099440371129454,4,4.9166545291719235,0,1,0,0,6,1,0,1
1.272914633556216,65.34449254906578,2,7.829051878857509,0,1,0,0,6,0,0,1
4.747325143803235,64.26858052034285,3,2.592363106383513,0,3,1,0,8,0,1,0
4.948064705364798,65.7525871790991,3,4.707267647004467,1,0,0,1,5,0,1,1
6.623306174308265,32.809183573157725,2,4.983498061199047,1,2,0,1,10,0,1,0
4.849435850164312,28.06096405690738,3,4.330827502864078,0,2,0,0,2,0,1,1
17.40804698703879,42.22861506495459,3,1.843150047837557,0,4,0,0,4,0,1,1
1.0987983450185266,49.65231780914689,3,3.7243489556462195,1,0,0,0,3,1,1,0
15.08893649381632,45.161577457354205,2,3.730327296900408,0,3,0,1,2,0,1,1
3.86462742807985,12.46619337324249,2,6.267007911275156,0,0,0,0,11,1,0,0
5.573039807670658,84.43385224270284,1,5.839158595397009,1,3,1,0,8,0,1,1
0.5238123473499006,44.51908022228529,2,1.8962085009384047,0,0,0,0,10,0,0,0
2.394825851898215,53.45408833153907,2,4.225727283966442,1,1,0,0,4,0,1,1
7.334901217965415,74.89097981526118,3,3.9994895836324873,1,4,1,0,5,1,1,1
6.136395066697942,3.1005546095758945,2,8.909390567434492,1,5,1,0,9,1,1,1
0.20483600533925606,39.766122561765755,3,5.584626360603245,0,0,0,0,9,0,1,1
3.9548394439958354,42.25765452840391,2,2.84512316193893,1,3,1,0,6,0,1,1
0.4621018579518338,43.27379909098711,2,3.4464041547966984,0,2,0,0,9,0,0,0
20.0,46.53026818572094,2,4.242909201609221,0,1,0,0,1,0,0,1
11.379549724062565,78.94269596889689,3,5.724735150783084,0,2,0,0,5,0,1,1
0.10653015238863037,63.46917751454445,3,5.969841892324476,0,0,0,0,7,0,1,1
9.782566078678839,69.16070537257659,2,5.400965285382891,1,0,0,0,7,0,0,0
12.593119747545016,50.94240543621847,2,4.580469508727471,1,3,0,0,2,1,1,1
2.181283368754526,22.012539077089976,2,4.7279993516193155,0,1,0,1,12,0,1,0
6.355937271926672,8.406059297079864,3,4.7420615471717635,0,4,0,0,12,1,1,0
2.917911294952937,19.41184553536738,3,1.4341802054282287,0,1,0,0,9,0,0,1
5.324424787196635,57.19531408332039,3,4.877416756712639,0,0,0,0,1,1,0,1
2.0799823762099185,50.6353942539527,2,3.8454918884112548,0,3,0,1,9,0,1,1
1.9471658209795715,45.79672704887985,2,1.694339558430538,0,1,0,0,1,0,0,0
2.7620059070513054,42.628461865197266,1,9.83576515607297,0,0,0,0,3,0,0,1
0.7865903791432648,90.23443150885494,1,5.622607211974238,0,3,1,0,10,1,1,1
8.893395885389868,33.541928180470514,2,5.026206516556594,0,3,0,1,1,0,1,0
2.1439084099635624,68.55638912232118,2,4.257744018808421,1,2,0,0,6,0,1,1
2.5553745567264974,50.038258720419876,2,6.460444917297372,0,1,0,0,6,1,0,1
11.224157659048355,48.781209764280064,2,2.675399481585971,1,0,0,0,2,0,1,1
3.4320875192122005,73.53275097233488,2,4.374591416114374,0,0,0,0,12,0,0,0
3.9290972165038767,79.2506076538289,2,3.0956582346518524,0,1,0,0,10,0,1,1
15.674756166220991,45.20901086230324,3,6.4431257073427055,0,0,0,0,3,0,0,1
10.88974499504398,65.98405438484284,3,3.3465177082946926,0,2,0,0,7,0,1,1
0.9284363255359855,57.27782724300108,2,7.202655623267395,0,1,0,0,8,0,1,0
3.2048142005813367,50.14874277619829,3,4.801449224792421,0,0,0,0,7,0,0,0
17.753633581862104,54.085098853140515,4,6.5489801936541125,0,0,0,0,8,0,0,1
2.3289928006023835,36.23982370310325,2,5.79971776874175,0,0,0,1,4,1,0,0
2.3226778996963455,43.878012133378306,1,7.118489667991038,1,3,0,0,9,0,1,0
1.0847527864318203,38.38729440494588,3,3.1296468079429536,0,0,0,0,1,0,0,0
0.6070154175708056,68.02753432857838,4,6.811246369893281,1,2,0,0,6,0,1,1
6.741233038767219,48.09597768917875,1,1.274822693541473,1,2,0,1,4,0,1,1
7.349042257247513,24.045719507699232,1,5.086253524227372,0,2,0,1,1,0,1,0
17.370931697368594,35.53125553673824,3,3.9081561353939707,0,0,0,0,9,0,1,0
7.423246497421513,0.0,2,2.190917232009926,1,3,1,1,1,1,1,1
1.3942889000339127,40.11014796235703,4,3.212955750013319,0,0,0,0,4,0,0,0
0.204717188056862,50.75290130194299,2,3.7186885474413325,0,1,1,1,7,0,1,1
20.0,47.27728302266053,3,4.606896635792268,0,0,0,0,3,0,0,0
2.0809927463036972,89.60308703062785,1,3.9503006963016145,1,0,1,0,3,0,1,1
1.869625395803168,61.498120818300734,2,5.16005194707931,1,4,0,0,10,0,1,1
11.819920590852824,60.60903706178301,4,3.33968336882286,1,3,0,0,11,0,1,1
4.3985875355725454,17.134619308594445,2,4.0462845979973325,0,2,0,0,11,0,0,0
1.2095373245896728,42.707158917657345,2,4.421867869918277,1,2,0,0,9,0,0,1
10.995462526370122,40.26674385352609,3,5.364192444661514,0,1,0,0,10,0,0,0
20.0,34.27837602383984,2,6.6976945636751255,0,1,0,0,11,1,0,1
0.45333695755388376,34.00238668973307,1,6.707326014130758,0,5,0,0,2,0,1,0
9.911633258633449,13.837540921167523,2,5.47496798360433,1,1,0,1,8,0,1,1
2.475710427059957,24.48293590637343,3,5.860506033211197,0,0,0,0,12,0,0,0
3.7124481743879363,67.48186805529897,3,5.62373383169095,0,1,0,0,6,0,1,1
12.314706858537603,47.14170616013635,3,4.370715648272907,0,0,0,0,8,1,1,0
18.130311275843198,39.87195163451332,2,6.801166005235758,0,5,1,0,8,1,1,1
1.520167899373184,49.89177330694584,2,3.171037815032474,1,3,1,0,11,0,1,1
1.1966871547699887,73.34781357402302,2,0.9037090633923093,0,2,0,0,1,0,1,0
0.41971621678021104,50.08421041751571,3,2.9170212264912876,1,2,0,1,5,1,1,1
4.125374757362633,60.80748261862076,3,7.806241630208573,0,3,1,0,8,1,1,1
0.06848891597459833,33.06790315223485,4,4.409133723004643,1,1,1,0,1,1,1,1
2.654276913957605,37.62740098506562,4,5.548258012367535,0,3,0,1,5,0,1,1
0.3810802834506704,57.07953770127351,2,4.452099966859591,0,3,0,0,6,1,1,0
2.5978670628024685,87.85307416674227,2,6.123330657652716,0,0,0,0,4,1,0,1
0.2037568041660786,78.59549719029748,3,5.141425332012755,0,1,0,0,7,0,1,1
9.01563701847866,61.65656138912278,2,4.862815981535495,0,1,1,0,11,1,1,1
1.1769600033371912,53.02867520321436,1,6.22755667010089,0,0,0,0,5,0,0,0
1.9897821721232534,78.02138711254342,3,4.068644122762353,1,1,1,0,2,0,1,1
10.20295050681965,65.89356646090248,2,5.744155565394103,0,1,1,0,3,0,1,1
6.857345232599363,4.126759552586776,2,4.650556677844368,0,0,0,0,5,0,0,0
1.2361462448430158,28.92138304289556,2,4.7851474935742155,1,1,0,0,11,1,1,1
0.37307583500910063,56.76280650715863,3,3.362805001353451,0,0,0,0,2,0,0,0
6.288165134982314,14.260648688980552,2,4.568088701227454,0,0,0,0,9,1,0,0
2.4772435399813624,32.04821990486276,3,3.9175148995056377,0,0,0,0,9,1,0,0
7.263880493255747,36.00370112684052,2,7.259840357522188,1,3,0,1,5,0,1,1
2.946592138637042,44.87668187508333,3,1.6318566722824772,0,1,1,1,2,1,1,0
2.1232580854590024,44.25139583547585,2,6.778519782888925,1,2,0,0,1,0,1,1
3.0001552861672187,44.21759145666346,4,1.511484638622036,1,4,0,1,4,0,1,1
6.902734262099876,66.50615034480627,2,6.074431275219923,0,1,1,0,4,0,1,1
11.625190761479418,44.695522690989314,4,3.3245395315751436,0,3,0,0,4,1,1,1
0.25524134093185025,42.30739735857532,3,6.132644528336682,0,4,0,0,6,0,1,1
3.712858912595415,23.016557917129674,2,4.757281983967672,0,1,1,0,5,1,1,1
0.1669330545946356,70.4869240397165,2,2.1352932882224187,0,3,0,1,7,1,1,1
3.1594095378978104,36.57004972105028,2,7.717237079687634,0,1,0,0,5,0,1,1
10.826427816607104,28.259393439974495,3,6.553292619711287,0,1,0,0,9,0,0,0
2.2438749306370767,54.26181149737942,2,6.0063509139977125,0,3,1,0,6,0,1,1
13.474467241048089,34.661174752338745,2,3.7192605112242703,0,1,1,0,5,1,1,0
4.97949072511251,39.48094520411412,3,6.622169226904932,0,1,0,0,1,0,0,1
13.602285025402743,55.16920348638138,3,2.433496756803515,1,1,1,0,6,1,1,1
7.076898860641645,43.47034752440887,1,0.544707754985339,0,2,0,1,5,0,1,0
0.5459233512852381,96.23218750601268,1,1.8753482616155979,1,0,0,0,10,0,1,1
1.3143058286697984,48.50342913361604,1,3.1560239273471704,0,1,1,0,3,0,0,0
2.5057830533477836,62.35676437758444,2,3.4903262318189343,0,2,0,0,12,0,1,1
0.9322917999601944,11.166119050141099,2,4.130312862307822,1,1,1,0,4,0,1,0
3.4151091248914094,32.787017361705395,3,4.219133530760725,1,2,1,0,10,0,1,1
3.187315179563388,28.26172610166575,2,3.7003234354179364,0,2,0,0,5,0,0,0
15.647369644540145,30.912405533947425,1,0.7673704556676473,1,2,1,0,9,0,1,1
2.843402720221609,58.31075987674005,2,5.384246735221296,0,0,0,0,11,0,1,1
7.700184388005658,70.71130135554819,4,4.470650493097329,0,0,1,0,9,0,0,1
14.228855632292083,56.89261009269022,2,3.607312830905233,0,2,0,0,6,0,1,1
10.477400613213517,45.46710752867382,4,7.796042582745388,0,0,0,0,11,0,0,1
1.170186014501976,37.382899225751615,2,4.515669270889271,0,3,1,0,6,0,1,0
3.4261916333252023,72.27199502373018,2,5.11706346491235,0,0,0,0,9,0,0,1
2.136558448846862,91.42510908309724,3,6.591700303566265,1,1,0,0,11,0,1,1
2.552950716945151,52.701114095673816,2,2.0202783155450117,0,0,0,0,8,1,0,0
2.2377428197264044,68.78726128143146,3,4.954779892664196,0,1,1,0,7,0,0,1
8.75383269963003,56.8674069959095,3,6.585095708033254,0,3,0,1,6,1,1,1
3.008668872288005,65.11009812931178,2,4.817342194602175,0,0,1,0,2,0,1,1
3.708477358484315,26.70906443779767,3,2.3933148266288167,1,0,1,0,8,0,1,0
20.0,40.23727439715752,3,4.035049110109452,0,3,0,0,10,0,1,1
0.3092667655055761,57.90938880091168,3,5.3779732914872955,0,2,1,1,10,0,1,1
3.3467396129063447,74.24981888163958,2,0.7862442197017341,1,0,0,0,5,0,1,1
7.437466782882648,33.6373155672465,1,2.294678009797512,0,1,1,0,6,0,1,0
0.8194343717052126,9.334017779197467,2,8.947073791870219,1,4,0,0,3,0,1,1
4.727717185506069,40.034711471175015,4,5.969180455369824,0,2,0,0,1,0,1,1
1.3686642805297335,70.202614286965,1,7.966941121432562,0,0,0,0,6,0,0,1
10.102246107523086,18.322088178243014,2,6.732635403015765,0,2,1,1,11,0,1,1
1.9807902576870016,26.461602157368315,2,5.787967286348259,1,4,0,0,4,0,1,1
1.9953988161733864,53.11837172102224,3,4.381841522112987,0,2,0,0,5,0,1,1
4.558927957851262,47.68057494477072,2,5.7624277487696345,0,2,0,0,4,0,1,0
1.0140270780720793,61.88932963106455,2,7.8999283817247115,0,0,1,1,5,0,1,1
1.6765849931496972,25.425464791088416,3,6.651077846334859,0,1,0,1,1,0,1,1
2.6946840850210796,43.500428116626644,1,5.333620609693559,0,1,0,0,4,0,1,0
2.181976744466279,73.90370804806196,2,4.655305861600713,0,3,0,0,4,0,0,0
3.720910099702843,26.14207612726432,2,5.996647174941726,1,1,1,0,12,0,1,1
4.576957482399679,79.53824592620538,2,3.9359147854188583,0,1,0,0,10,1,0,1
4.181249202744009,28.651660282226224,2,5.996948820828904,0,0,0,0,6,0,0,1
5.309015365618719,66.98763154755221,2,3.6040890180079015,0,1,0,0,3,0,0,0
1.8390370931998508,42.54082979573749,2,4.292158225029152,0,0,0,0,3,0,0,0
0.6758134818435331,27.101834847220466,3,2.9445890675669992,0,3,0,0,5,0,1,0
7.152433925622819,40.06201905694803,2,4.120473911811343,1,2,0,0,3,0,1,1
9.51168058073568,60.89858376357988,2,3.6325446830275085,0,0,0,0,7,0,0,1
1.4853381110834647,49.86292010197018,2,8.383830782218215,1,3,0,0,12,1,1,1
2.6135798070767824,72.36938822886688,1,3.2110084855444234,1,1,0,0,3,0,1,1
3.451448504866366,78.71480121869763,3,5.769670591215781,0,1,0,0,4,0,0,1
3.8106307187852635,26.339386693642993,2,3.1062353612928355,0,0,0,0,2,0,0,0
5.386556438468142,24.874617101793103,2,5.093792073352232,0,0,0,0,1,1,0,0
0.21246712663969158,23.904124527583164,3,5.579830803908779,0,1,0,0,3,0,0,0
6.3912746739604485,32.016078079039616,3,1.2977926521525984,0,1,0,0,4,1,0,0
0.3198721052499218,72.0842904163949,3,2.204597023355596,1,3,0,1,9,0,1,1
3.1582717862069924,61.2072390133347,3,3.090653617524034,0,1,0,0,9,1,0,0
8.791753126070937,39.09944854155137,2,2.393526251902928,1,2,1,0,5,0,1,1
3.00024553081919,49.777948187543316,4,5.168170403891033,0,2,1,1,8,1,1,1
0.8072430934137018,78.08611010331877,4,5.485160417509731,0,0,0,1,10,0,0,1
20.0,88.16021701958239,2,2.8738560892649305,0,3,0,0,5,0,1,1
11.00400060323893,55.187686668856045,3,5.24839687386511,0,0,1,1,2,0,1,1
7.377018957790202,0.0,2,4.151842772457237,1,0,0,1,1,0,1,0
2.65099034266301,55.94574189519946,3,4.801047932862226,0,0,0,0,9,1,0,0
1.015759408514852,68.69496259082695,2,3.7431534207881674,0,1,0,0,7,0,1,1
14.186057048975,54.4926463171215,2,5.975313464924292,0,0,0,0,11,0,0,0
3.8001876749695107,64.53029837469568,2,8.269858513875356,0,2,1,0,7,0,1,1
9.564738267217226,57.14130748920768,2,6.548668431237157,0,0,0,0,9,0,0,1
2.0934737186702717,25.307091650362693,2,7.786781697358235,0,1,0,0,7,0,0,1
2.0420094592919322,32.27523133273074,2,2.1943504337874162,0,4,0,1,6,0,1,0
20.0,43.57695625739687,3,3.6485817954537154,0,2,1,0,5,1,1,0
3.6889766827014867,71.30829556476704,3,6.130471665596031,1,2,0,1,1,0,1,0
0.7581592462516727,34.682318633587585,2,8.016588349766884,0,0,0,0,9,0,0,0
1.2402218337900504,59.11805266335294,3,6.3008808538131476,0,0,0,0,2,0,0,1
3.2883623688391737,56.07385187842394,2,2.947551829252273,0,0,0,0,9,0,0,0
0.21699588848932816,81.7239453015826,3,4.130685330362239,0,3,1,0,9,0,1,1
3.1044487479506184,49.16640443741171,2,5.666808873176282,0,0,0,0,8,1,0,1
2.714513532266261,14.904831634474832,3,4.670680956738506,0,1,0,0,5,0,0,0
7.555576493739132,62.93740929793556,3,3.4024550845632584,0,0,0,0,7,0,0,0
2.192074943490205,92.76110423268008,2,4.41949111331114,0,1,0,0,6,0,0,0
20.0,64.24766689732913,2,4.971127962480842,0,2,0,1,8,0,1,1
0.9969515288382607,34.246768163791856,4,2.8301573890448424,0,2,0,0,7,0,1,0
4.47003784189553,28.361082416420707,3,6.96901814507347,0,0,0,0,8,0,0,1
0.4699014560369155,30.940623329851896,2,4.120770354881921,0,0,0,0,5,1,0,1
6.6187388126043185,90.06623760764091,2,4.854847547378411,0,3,0,0,7,1,1,1
20.0,43.45345118957128,3,7.070105407447974,0,2,0,0,11,0,1,1
8.55012247819095,36.74713212343945,4,4.750002667788089,0,1,0,0,10,1,1,1
4.056316191413499,46.83126711745533,2,6.960717656883178,1,2,1,0,8,0,1,1
3.3154314287330013,43.66185902788597,4,2.941598278166547,1,5,1,1,10,0,1,1
9.009957025026301,81.35300719575007,2,5.865911829232566,0,0,0,0,9,0,0,0
13.742336755940503,29.71045017967394,4,6.678644711427908,0,0,0,0,1,1,0,1
20.0,73.61286463320894,3,3.340264003041902,0,2,1,0,12,1,1,1
2.525371203319998,52.44184192902169,2,4.6432608152671895,0,0,0,0,10,1,1,0
20.0,74.1405302685537,2,4.68464883073884,0,5,0,0,12,0,1,1
0.8475770463126964,81.65238087468103,3,5.419278434299413,0,2,0,0,3,0,1,1
1.4621317165214232,51.695952678261904,2,5.949603234679537,0,0,0,0,3,0,0,1
0.4661504095801696,43.698727808016685,4,3.177587602755379,0,2,0,0,7,1,0,0
1.5854755731109773,51.32357663730206,3,4.879890283397365,0,1,1,1,7,0,1,1
7.303743847381839,48.10458655989736,2,8.18263634714916,1,0,0,0,8,0,0,1
9.584041271673133,16.86067088522544,4,7.1077535832496075,0,1,1,0,5,0,0,1
7.545534633225963,81.04960747570146,2,6.587687690487673,1,1,0,0,7,0,0,1
4.985684557244926,54.915700347623805,3,4.614440804130736,0,2,0,1,10,1,1,1
3.6073887659052097,26.738016298978916,3,9.257661649454246,0,0,0,0,12,0,0,0
6.167081697555846,8.64953359603183,4,7.059628377012521,1,2,0,0,9,0,1,1
2.4783186525030576,3.448015341393017,1,5.074837735858865,0,2,1,0,5,0,1,1
9.203961386406275,65.40960873375006,2,5.440821431181403,0,2,1,0,5,0,1,1
5.65345827626473,37.620448631858096,2,4.082300690521918,0,3,0,1,1,0,1,0
5.983408884482118,40.90198663789733,2,5.786743382316611,0,2,1,0,6,1,1,0
3.838663952135079,59.76308529077647,2,6.186150067453827,1,0,1,0,12,1,1,1
10.824081513405531,39.679036877964435,3,6.405216169094194,0,1,0,0,9,0,1,0
1.4518599931677256,60.930488321070264,2,4.638632215619104,1,0,0,0,6,0,0,0
2.399442850341681,51.90528128753431,2,2.0526013247446566,0,0,0,0,11,0,0,0
7.517345726741431,48.31740833701527,2,5.483576692359649,0,4,0,0,3,0,1,1
3.393745620459811,18.544991886170223,2,6.413587011861212,0,0,0,0,5,1,0,1
11.000774938075775,33.60537287122281,3,3.042893319289604,0,1,0,0,1,1,0,1
2.126293473411878,62.05070731173732,2,4.818334844009255,0,0,0,0,6,0,0,0
2.3048640016158792,36.35956370271897,2,7.682931650480786,1,3,1,0,4,0,1,1
10.979238151213789,74.10739111568981,2,2.5930498838599108,0,0,0,0,10,0,0,1
3.121561262759425,96.92802647986797,1,4.432531300423071,0,1,0,0,6,0,0,1
3.6296390538849717,63.12770601682645,2,7.974278295876699,0,0,0,0,4,0,0,1
2.0230552296331963,79.85663782730315,3,5.31543070822754,0,1,0,1,1,0,1,1
1.6194482474208616,64.41454476592136,3,3.947976343519521,1,5,0,0,1,1,1,1
5.334822681612396,39.314759546556246,2,4.985936813779186,0,0,0,0,12,0,0,0
0.6382616073499119,54.003033296148494,2,6.651834264556562,0,1,0,0,1,0,1,0
10.571102543255053,90.26641892194884,4,4.592988929632487,0,1,1,1,5,0,1,1
7.552560855219107,39.52892514745098,1,6.19516422987815,0,0,0,1,5,1,1,0
1.0582262030918634,29.21345402243852,2,5.4699803173514905,0,1,0,0,11,0,0,1
5.9211768079372185,27.31611153769461,2,5.63415682069728,0,0,0,0,7,1,0,0
4.614473969905112,45.64941232332902,3,6.323083022016266,0,2,0,0,8,0,1,1
1.0199841925754085,29.930558227138757,4,4.410343834053414,0,0,0,0,8,0,0,0
1.5955438321319821,83.48038854874474,2,3.110978494255426,0,1,0,0,1,1,1,1
2.6295821275750724,54.32713069182575,2,5.94879121089421,0,1,0,0,7,0,0,0
6.007258844796581,69.43452619521005,3,4.735191774446461,0,2,0,0,1,0,0,1
5.090557167267172,44.02669218840603,4,4.103777548173232,0,0,0,0,10,0,0,1
3.7989446014445036,27.196056044877636,3,6.052770578616094,0,0,0,0,10,0,0,1
7.3139452863218875,23.812121091334454,3,7.554694162387393,0,3,0,1,10,1,1,1
7.09280155780068,31.840165156437582,3,4.690843233962431,0,4,0,0,10,0,0,1
4.809830158439219,56.95050988053422,1,5.01689907711622,1,1,1,0,11,1,1,1
7.7320827873884745,60.39765863535895,2,2.636465561747242,0,1,0,0,6,1,0,0
2.034305721410881,62.0639214611737,1,4.554610783176257,0,1,0,0,3,0,0,0
10.653654320275558,20.226546324362857,2,5.442580893701699,0,1,0,0,12,0,0,0
4.7713921429488915,49.9918162820346,3,4.959111802624524,1,3,0,1,11,1,1,1
8.640080146393506,29.47876338215215,3,4.275688334291795,0,0,0,0,8,0,0,0
3.951365191244089,58.02931935169056,3,6.451683340267134,0,1,1,1,11,0,1,1
1.2323055555744116,59.58154110994904,3,5.11601535715658,1,3,1,0,3,0,1,1
3.9089098675548395,26.556539059471234,2,10.0,0,1,0,0,10,1,0,1
2.319007819591044,69.36059214392697,3,5.415438529712207,0,0,1,0,10,0,1,0
5.978354074310426,96.77645883056489,2,0.0,0,0,0,0,7,1,0,0
3.229350724244189,66.69671475169325,3,2.775936782529712,0,2,0,0,10,1,1,1
9.042884613749184,46.74331920897791,2,6.064238558539407,1,2,0,0,10,1,1,1
5.667144761719639,43.66908593580516,2,3.7133804001177397,0,0,0,0,8,0,0,0
5.768687203078066,45.81872036654983,2,3.83753946434091,1,2,0,1,1,0,1,1
1.2241049258176246,34.78532306445979,2,2.521540312094544,0,3,1,1,4,0,1,1
20.0,55.047964133040985,2,4.046535058699343,0,0,0,0,2,0,0,1
9.21553359182375,27.230748176913913,2,5.387855511748569,0,4,0,0,4,0,1,1
7.779601476753889,12.206044268041992,2,5.771671428775839,0,1,0,0,3,0,0,0
2.003994248925862,54.39203363627097,3,2.960208697004455,0,0,0,0,7,0,1,1
3.8353859503353664,50.424661315516424,3,6.610812226632971,0,0,0,0,12,0,0,0
0.7373008203966134,38.57659967125612,4,2.617261820390155,1,3,0,0,7,1,0,1
3.86610585745997,24.346067547792668,3,5.875912217982496,0,1,0,0,7,0,0,1
0.7884720282182174,55.794880538280694,2,5.674093549273397,0,4,0,0,6,1,1,1
4.026406750608711,30.196499228590984,3,3.1312836299310245,0,2,0,0,3,0,0,0
5.230885025200214,47.22111298269331,2,2.893368947832086,0,1,0,0,7,0,0,1
2.4730881560792133,85.29943708252888,2,5.764580881209763,1,0,0,0,10,0,0,1
3.451205818912235,63.02379539150768,3,3.8802349627946184,1,2,0,0,11,1,1,1
10.423411760822123,22.617346752366068,2,4.619001309380209,0,0,0,0,7,0,0,1
0.5746033695790959,24.50296857975395,2,6.374671635829582,1,1,1,0,10,1,0,1
7.844669274243852,53.036381854875174,3,5.958274322461955,0,5,0,0,2,1,1,1
0.9361954462854858,22.49358635881958,3,3.1681109698108574,0,0,1,0,7,1,1,1
0.18699338094022144,9.965490375314268,3,4.892841619406347,0,1,0,0,4,0,0,1
1.0263622421882912,60.64744022593447,2,3.1305695962143245,1,4,0,0,2,0,1,1
7.2417678441868265,56.41871508641735,3,6.739877899912673,0,0,1,0,10,0,0,1
2.5970289192452105,59.011966625582644,3,8.073033728563402,0,0,0,0,2,1,0,1
10.298999218863692,55.26070363635807,3,3.3098093696132143,0,1,0,0,7,1,0,1
3.719124808202527,48.693785766552104,3,4.937665792067273,0,1,0,0,12,0,1,1
0.11250812640730205,36.756229046466785,2,6.834922022662219,1,1,0,1,9,0,1,1
6.3064845642023295,60.32269932175886,2,5.048422016656602,0,0,0,0,2,0,0,0
0.5839777284825494,80.59766976810302,3,6.123010574760853,0,3,0,0,9,0,1,1
7.7884898837488326,39.97541985113092,3,5.103212663021886,0,0,0,0,3,0,0,1
0.9202305136753688,29.58519579583403,2,2.8863925842257814,1,0,0,0,6,0,1,1
2.1190089036179844,27.297611611775217,3,5.237850034355743,1,1,0,1,3,0,1,1
7.162140306214417,32.66539533332565,2,7.2545672784661015,0,1,1,0,10,1,1,1
15.42078041703328,54.05197048952148,2,5.6285841396151595,0,1,0,0,4,1,1,1
2.321570830073953,7.207448728928796,2,8.247348567578388,0,0,0,0,3,1,0,0
8.842174673288616,58.783408488646515,2,1.4569922819571461,0,3,1,0,9,1,1,1
1.0584980774936643,62.87826020592312,2,5.758094899280413,0,1,1,0,11,0,1,1
8.229984879872239,14.038432801142399,3,3.7039840296336433,0,3,0,0,7,1,1,1
5.357331380965303,30.416391274448014,2,3.248737677748456,0,1,0,1,10,1,1,0
1.0705691314104895,51.593619596908276,1,7.668837217143458,0,1,0,0,1,1,1,0
1.8012922161295328,47.13060539391204,4,4.4899900446212415,0,0,0,0,6,0,0,1
0.7064982296104526,60.39274936537181,2,4.296909477333397,0,1,0,0,4,0,1,1
2.4141639491777993,47.17726356967268,3,5.687151770237769,0,4,1,0,8,0,1,0
1.1385739245226747,75.29539053549931,4,0.6949630939073979,1,1,1,1,6,0,1,1
5.164093999588103,43.57661201912636,2,7.709731879767338,0,0,0,0,6,0,0,1
20.0,30.339340265604925,3,8.80886062822827,1,2,0,0,9,0,1,1
0.06040927827031051,28.73116267476487,4,6.8302268900444645,0,2,0,1,6,0,1,0
3.8926519272957707,64.70937018563379,3,5.8239794811427945,0,0,0,0,11,0,0,1
4.262668019751258,50.59242283913833,2,4.566849145717068,1,0,0,0,4,0,1,0
12.279193607841272,62.674318014503896,2,2.849575362435636,0,3,0,1,9,0,1,1
3.5261528048794046,62.26244998458369,2,7.388127631465528,0,2,0,0,4,0,1,1
3.9230395113158476,9.603002944723187,3,6.8326832465377425,0,1,1,0,3,0,0,0
3.190008190703697,27.19834797953113,3,5.900232509834771,0,1,1,0,3,0,1,0
1.5660545874387741,29.587499189923587,3,5.667257778896684,0,0,0,0,12,0,0,0
0.2882998740267766,33.67871623016475,2,5.601184827730613,0,0,0,0,11,1,0,0
2.626801056694661,41.592893468469484,2,3.9481265604213425,0,1,0,0,1,0,1,0
0.2701244312689906,69.98299189234372,2,10.0,0,2,0,0,8,1,1,0
3.998013360380087,73.96964704767798,1,4.428752918955361,0,5,0,0,4,0,1,1
1.8357454860625344,44.142183395940066,3,4.146591613043122,0,0,1,0,5,0,0,0
3.813583965136762,44.97438277350511,2,7.2412126240902985,1,0,1,0,2,0,1,1
0.7210667211724322,35.89132551885427,2,4.9415884551513045,1,2,0,0,6,0,1,1
13.487774777326182,51.783753944770886,3,4.962010969494319,1,3,0,1,10,0,1,1
11.24622853502343,54.05041765467873,1,7.829138744159607,0,0,1,0,12,0,0,1
1.053583608490649,66.1295111000453,4,6.3572304911007524,1,0,0,0,11,0,1,1
2.103738597622139,65.96877451965106,1,6.458837093548586,0,0,0,0,1,1,0,0
4.753023547911304,3.9576389786189736,4,2.164579011614564,0,1,1,0,9,0,1,1
0.5028943150433292,46.94910104725764,2,5.801080357218093,0,2,1,1,11,0,1,0
2.1891757089249166,77.68200061780207,2,2.988784128810246,1,2,0,0,7,0,1,1
1.4458311117479719,41.237701453901664,3,4.090011986510156,0,5,1,0,10,0,1,1
12.35600868598452,72.78483636726577,3,5.351282539125639,1,2,0,0,1,0,1,1
9.569996081188172,43.87096399977622,2,4.927580395848831,1,1,0,0,6,1,1,1
4.335512059501852,53.49846934883928,3,6.308436612057545,0,0,0,0,1,0,0,1
3.673454853305402,27.26218615201702,4,6.54139930368322,0,1,0,0,10,0,0,1
13.348413288690102,28.015028848669704,2,6.691267678565245,0,0,0,1,8,0,0,0
13.472791856119839,64.50983144526029,3,2.311598113719677,0,1,0,0,8,0,1,1
17.42237193987111,67.63636560401329,2,9.725316524073754,0,1,0,0,9,1,1,1
0.6698224840497945,50.528578124009854,2,4.950842262448257,1,2,0,0,6,0,1,0
0.8750883408145621,25.449515147232177,2,7.42586670733442,0,0,0,0,10,1,0,0
5.646440567339872,50.87609113214429,2,0.0,0,0,1,0,7,0,0,0
3.898260446693217,75.14469921348555,1,4.4693424004725895,0,4,0,1,12,0,1,1
0.0931926405686362,84.8573294010352,2,2.0786358046581137,0,2,1,0,8,1,1,1
0.3198935812319639,43.66584135348171,2,3.2772692600819635,0,0,0,0,10,0,1,0
10.949871820477037,16.8026429948442,3,5.101111503167633,1,3,0,1,10,0,1,1
10.15786074128231,66.80727199109558,3,4.330501122958281,1,5,0,0,12,0,1,1
2.2101599205911606,44.48073807089998,2,7.628034014262167,0,0,0,0,6,1,0,0
11.084359400590921,68.8608128312208,2,8.537983993946703,0,0,0,0,12,1,0,1
4.5030106504620395,55.62144450035239,4,3.066331574535936,1,1,0,0,3,0,1,0
8.19705441289338,32.331117884763,2,4.024469669264279,0,4,0,0,6,0,1,1
2.788110755405286,51.16488721318762,2,2.9378235235358305,0,0,0,0,11,1,0,1
0.6017973503900191,76.16676734108655,2,7.311800358834911,0,2,0,0,5,0,1,1
2.8433954776844734,47.01692022065512,3,5.318087209447496,1,1,0,0,2,0,1,1
3.0559911284706103,29.303896731092447,1,5.064662339924696,0,2,0,0,8,0,1,0
4.003040545379662,18.227116628066867,2,5.624932821454671,1,1,0,0,7,1,1,1
0.5579142431004385,34.55670626270697,3,4.3776582179013745,1,1,1,0,12,0,1,1
20.0,41.79727476458036,2,3.2870599483269407,0,1,0,0,10,1,0,1
1.3994744954237912,66.39998271834519,2,5.102109507581594,0,4,0,0,7,0,1,1
1.1066784545022426,27.583014643767566,4,4.465983269925128,0,1,0,0,10,0,1,0
3.7412165761576883,81.07503771459271,1,5.694048154549363,0,0,0,0,2,1,0,1
3.8523897876645212,23.25695578317617,3,1.7360428629595535,1,2,0,0,7,0,1,0
2.897492177327385,96.62972185113674,2,5.372717165426582,0,0,0,0,8,0,0,1
7.389683597219511,84.51037113508943,1,3.6215079883932484,0,1,0,0,12,1,0,1
3.635116773773733,52.82332498775984,2,5.3026098748271115,0,5,0,0,1,0,1,1
4.704139801731429,17.046129304608158,3,6.810179218741501,0,1,0,0,8,0,0,1
6.43217970869536,48.89151876035156,1,3.8875044977695934,0,3,0,0,8,0,1,0
0.12671776754706204,42.26318084026988,2,7.393441031540361,1,0,0,0,7,0,0,1
4.227346462543512,24.514255538981523,4,1.5184748299807973,0,2,1,0,11,0,1,1
10.77921485420534,55.820192544948846,3,8.087657661042773,1,1,0,0,11,0,0,1
0.08770851448502655,33.52713740288712,2,7.476988104695828,0,0,0,0,1,0,0,1
2.5974998854489426,35.701883059008374,2,3.226820728179077,0,2,0,1,10,1,1,0
13.033842852881483,45.92642730855289,2,3.243549175769882,0,1,0,0,3,0,1,1
2.1782382818266814,38.50182342588593,2,2.010088093821567,0,0,0,0,12,0,0,0
3.0691743827564695,91.56313234220059,4,6.842757584241281,0,0,0,0,2,0,0,0
19.96112257805204,39.285707340009004,4,4.339178374635605,1,1,1,0,4,0,1,1
1.1114936598140526,58.81762022788951,2,4.192460199882388,0,2,0,0,5,0,0,1
0.3374085824547881,52.910449844207236,2,2.7543700745228192,1,3,0,0,6,0,1,1
9.809984936021767,57.055004505177436,4,8.623947788870854,0,4,0,0,10,1,1,1
10.142424485832484,58.58176807221864,3,3.0544781407002546,0,0,1,0,7,0,1,1
3.194032101545517,67.62722973212244,2,5.048332277450473,0,2,0,0,4,1,1,1
3.609865154497913,55.328921512372844,2,5.431939419451389,0,0,0,0,9,0,0,1
9.033544372711367,54.4979158977264,2,4.202657634315389,0,2,0,1,9,0,1,1
6.707742738103077,51.16954136936279,4,3.7982185687498253,0,1,0,0,11,1,0,1
1.5404376221269285,47.23164295320051,2,4.261477111253077,1,2,0,0,5,1,1,1
0.08518837736922692,31.764042366786455,3,6.1306666655059905,0,4,0,1,10,0,1,1
3.266750115351087,48.78263245159597,1,4.305885689976255,0,2,0,0,7,1,1,1
9.791868905509087,54.82534750531067,4,8.251091374599058,0,4,1,0,7,1,1,1
11.30887997391252,58.0432911314559,2,3.4459226283928093,0,2,1,0,8,1,1,1
15.64359873649221,53.60569545980473,2,6.508213505340685,0,2,0,0,2,0,1,1
10.583152286353897,45.340899731029324,1,1.4872025763308794,1,1,0,0,8,1,1,1
4.338021380864854,48.858401936082046,2,3.4461499303280223,0,0,0,0,5,0,1,1
2.940383928040215,38.927070308984156,2,3.3674156678415725,1,5,0,1,11,0,1,1
7.454938753092644,56.26447982013128,3,2.792172933672679,0,1,1,0,1,0,1,0
6.731939307505642,45.57743544171756,2,5.566945014511209,0,0,0,0,7,0,0,0
3.8625044541160225,53.6112187639494,1,4.779625612815708,1,0,0,0,10,0,0,1
0.45689015330035715,70.01606086765105,2,0.44234456429418945,0,1,0,1,11,0,1,0
13.023950356673454,35.81282180715161,2,8.991070878505024,0,1,0,1,11,0,1,1
3.040378346567627,61.93390761820969,2,5.352032388687526,0,2,1,0,12,0,1,1
2.2575487559516962,50.664203597707456,2,5.002354709031491,0,1,0,0,3,0,0,0
4.965418770409689,90.4238719916151,2,7.620237697193971,0,2,0,1,8,0,1,1
5.601804847348173,45.67399343072981,2,6.9777217787830015,1,3,0,0,1,0,1,1
1.1829674696107015,63.90329166302133,2,4.4036534122030035,0,1,0,0,11,0,1,1
9.068149816623777,50.30706903511954,2,1.094973880597665,0,4,1,0,10,0,1,1
1.7120085619802106,22.233909833730124,2,6.12877129057093,0,2,0,0,2,0,1,0
1.0331773498730488,39.58621808961711,3,3.0743076505026945,0,0,0,0,1,1,0,1
2.607746696211844,67.60942210856787,2,7.478528917178847,0,4,0,0,12,1,1,1
6.557049240855941,41.34611078783454,2,3.4476726748046147,0,0,0,0,5,0,0,0
16.827922349765355,5.594873703207725,3,4.096266209620052,1,0,0,1,8,0,1,1
8.284777622957186,49.37193966150993,2,2.3136378107213216,0,1,1,1,10,0,1,1
14.0961696666297,28.153274040979788,2,2.475409277994332,0,0,0,0,11,0,0,1
0.7576378065104133,52.636354651934376,1,4.781849238602188,1,0,1,0,6,1,1,1
0.3691843461008605,81.02294162796036,3,4.595480943014133,0,0,0,0,12,0,0,1
4.078888302014583,65.38914621605807,3,4.048234772958302,0,2,0,0,4,1,1,1
1.7145469347528115,80.73311657479955,3,9.10602324801776,0,3,0,0,8,0,1,1
8.802902317707037,38.76975957111017,3,6.207292732239816,0,0,0,0,10,0,0,0
5.573523469248545,47.13667332728936,3,5.020486645852506,1,1,0,0,6,0,1,1
17.655647267096477,29.111276063844407,3,0.0,0,0,1,0,10,0,0,0
1.4704619114889734,36.3191310991981,2,6.651536457388635,1,1,0,1,6,0,1,1
3.3255604536242807,31.462303354276397,2,10.0,0,0,0,0,5,1,0,1
3.4781560903941666,23.865540615760853,4,4.624099488955914,0,0,0,1,8,0,1,0
1.3667713361999636,77.3171325066268,4,3.3789749537356357,0,0,0,1,4,1,1,0
4.459129744321294,8.160794099471559,2,5.326649309482202,0,0,1,0,3,0,0,0
2.928518054544695,77.40277809609114,2,2.137182534695575,0,1,0,0,5,0,0,0
2.9594694439606157,74.92117849840463,3,5.924121088533244,0,1,0,0,12,0,0,0
2.252861416859152,59.99585350957996,2,8.000437927874488,0,0,0,1,9,0,0,0
0.08537146031987378,27.709854638118614,2,3.6581377989312727,0,0,0,0,12,0,0,0
3.691719033745981,18.356497771135857,3,3.722718434468125,1,3,1,0,7,0,1,1
2.041704965271755,39.03192637472871,1,4.840608342539318,0,3,1,0,6,0,1,1
0.00660370389292402,62.50240912679848,2,3.9975615362045245,0,3,0,0,6,0,1,1
1.840439896818168,50.06127274881349,3,1.975365584248415,0,2,0,0,5,0,1,0
1.633003932146003,29.130010098104847,2,4.229524614830897,0,1,1,0,9,0,1,0
2.499825345237281,72.96409569312979,4,3.8259815613839305,1,1,1,0,8,1,1,1
0.7069653000722986,83.68766656363076,4,7.733109726668548,0,5,1,0,2,0,1,1
3.543170680171907,45.46801671970805,3,7.310749437573356,0,0,0,0,10,0,0,0
5.895431174977961,52.18673807194691,4,7.794625950493861,1,1,0,0,9,0,1,1
4.973769685707207,19.823026327410076,2,6.603450003393418,0,0,0,0,5,1,1,0
8.141955665905286,41.712265677819296,2,5.411565822962151,1,3,1,0,12,0,1,1
3.00747558106254,60.20879956001988,3,3.25118394511126,0,1,0,0,11,0,0,0
3.660393673151894,57.09713080515555,2,7.652231255304263,0,0,0,0,1,1,0,1
8.314244629058116,39.84664301580587,2,5.695578873488474,0,0,0,0,8,0,0,1
2.790469976914873,44.51512983047106,3,2.503939304529896,0,1,0,0,7,0,1,0
6.046591160171254,41.055785269108966,3,3.1722636156241757,1,3,0,0,1,0,1,1
2.851130115933307,44.4307057256323,3,2.472509635872901,0,0,0,0,4,0,1,0
2.7041582995661333,58.464696050362534,3,0.895942078766824,0,1,0,0,11,1,1,0
7.139867458739346,10.649258292617546,3,5.77704436989826,0,1,0,0,8,0,1,0
0.9608711698022355,48.513009703841554,3,2.524249256334906,0,3,1,0,8,0,1,1
2.0668763450777003,56.99951071251378,2,3.488109438338499,1,2,0,0,6,1,1,0
1.2691239478153284,38.59030628717846,2,5.077679257295535,0,0,0,0,11,0,0,1
2.224486773312548,40.413339120702375,3,4.624214152225495,0,1,0,0,5,0,0,0
1.3092583247245437,40.99211118369101,1,3.573116317343658,0,2,0,1,8,0,1,0
4.330432020131527,40.4190005292568,4,8.037858026123516,0,3,1,0,9,0,1,1
8.001667483902079,50.117675557007466,3,1.9466910164953015,0,2,0,0,6,1,1,1
7.723240736599277,52.58005516027568,3,2.033267703299187,0,1,0,1,6,1,1,1
2.2667235306657725,7.989713675324012,4,5.915687815177074,0,0,0,0,4,0,0,0
20.0,63.05760742944577,3,3.7477340712987335,0,3,0,0,10,0,1,1
4.505217380397109,44.20002231306081,1,3.6695044470629634,0,0,0,0,10,1,0,0
2.5491331294719832,88.65926350937067,2,2.841927937708077,1,4,1,1,10,1,1,1
9.025417584361136,26.167029222025832,2,5.676402372953936,0,0,0,0,4,1,0,0
6.544334044874377,32.65370982491336,2,5.451263749226259,0,1,1,0,2,0,1,1
6.916999507046617,45.94182042833478,2,5.238246217346894,0,0,0,0,3,0,0,1
1.091646726947162,58.26450899372071,3,3.8340861573579863,1,2,1,0,10,1,1,1
3.158607879195725,10.984653452569965,2,3.4979407931773894,0,0,0,0,12,0,0,0
9.896284699604191,33.41799895767787,2,4.6738123228563,0,1,0,1,4,0,1,1
3.5062799173854566,61.82640321147687,2,6.933079618473024,0,1,1,1,2,0,1,0
5.751413693287104,31.03752107134915,2,8.136318796273134,0,0,0,0,8,0,0,1
4.432855502082395,77.40052752752455,2,7.222710626059662,0,1,0,0,11,0,0,0
9.237104747686416,40.92232802301855,2,6.011474683791933,0,0,0,0,7,0,0,1
1.6742935735716624,32.01253597316207,3,6.9643523456770655,0,0,0,0,3,1,0,1
4.283925183659242,62.20488515579039,2,2.63612826022551,0,0,0,0,5,0,0,1
0.6575795140742036,82.15234773648893,1,3.572459450828479,0,0,0,0,5,1,1,1
5.859315687968297,58.32792517487793,2,6.04879701140173,1,2,0,0,2,1,1,1
6.5832414976242255,75.20858798446517,3,4.763678265903135,1,0,1,1,6,1,1,1
0.2189095683365076,83.53270681273926,3,5.6750127589726915,0,1,0,0,10,0,0,0
5.631833986186851,31.562826401448433,4,6.958930382047818,1,2,1,0,5,0,1,1
2.678069604836035,68.76782668119174,3,6.6480565688616515,1,2,0,1,4,0,1,1
0.6624989166374119,19.53058981392905,2,2.818072979867605,1,2,1,0,7,1,1,0
2.722838938123508,58.498050635727694,2,5.023688612197082,0,0,0,0,1,0,0,1
1.0798028645102158,48.57364218970362,2,3.1583548362772285,0,4,0,1,10,0,1,1
2.6855017731151376,74.85900406084124,3,3.4453639227198325,1,2,1,1,8,0,1,1
2.425294185101792,73.44503025969682,2,1.578261989826761,0,4,1,0,2,0,1,1
6.704533455056124,61.39566701068805,3,5.267200884709097,0,2,0,0,7,0,1,0
7.440872660300571,55.96855798965637,2,1.430450861735936,0,1,1,1,2,0,1,1
4.670092908455226,60.16737353443902,2,5.788266477704354,0,1,0,1,4,0,0,1
0.11474074145196297,51.23541742753091,2,7.716895221965542,0,1,0,0,10,0,0,1
13.369858558051801,48.77608517784193,3,6.060672237961026,0,0,0,0,10,0,0,1
5.795527497133914,78.85156344504885,2,5.10377671567152,0,3,1,0,5,0,1,1
0.17396897175938247,81.25779639356352,3,8.068896250806192,0,0,0,0,11,0,0,1
8.54167732424817,47.16681604595586,1,5.6548913947391215,0,2,0,0,10,1,1,1
1.1173815003321554,54.75272806021489,2,3.2745133614262616,1,2,1,0,7,0,1,1
4.328239871355802,51.63310449545549,1,5.250212903462308,0,0,1,0,7,0,0,0
3.142740524562182,17.7660311612561,2,8.919383001188299,1,2,1,0,2,0,1,1
2.722246263045181,43.27128844775987,2,2.8147223307153646,0,2,1,1,6,0,1,0
11.023378748100512,81.99408402096205,2,2.2397522405305446,0,0,0,0,9,0,0,1
2.8755879126249484,35.00448249936379,2,6.2298172946830785,0,3,0,1,2,0,1,1
0.39166814841973563,92.29086924602603,3,4.551893664073826,0,1,0,0,4,1,0,1
14.653350124329998,73.44252619178765,2,3.9359962490002953,0,0,1,0,11,0,1,1
12.662207578966305,58.02996301092418,1,2.481641159596321,0,1,0,0,8,0,0,0
5.766916372654993,61.216865719528414,3,1.0997755240265112,0,2,1,0,11,1,1,0
3.154548976266529,31.65586607329949,3,2.0871399223371587,0,0,1,0,7,1,1,0
0.4872895237658459,44.695424955505956,2,8.22985105065472,0,0,0,0,7,0,0,1
7.82108289193216,78.8279822064352,3,4.982251513711044,1,3,1,1,7,0,1,1
0.3923916961443292,37.70941321652933,3,1.0752710358931252,1,2,1,1,2,0,1,1
0.3553375293480985,71.22263513897599,2,7.368171876637527,1,1,0,0,11,0,1,1
3.8542880104023185,22.459196211258835,2,7.469667934027949,0,0,1,0,4,0,1,0
0.8725303284301477,26.036831750499786,2,7.4584679113656716,0,1,0,0,1,1,1,0
0.0388015036724428,88.02769331172632,1,4.154937381032,0,2,0,0,1,1,1,1
2.750548096571283,49.763257075193515,4,4.462378776514857,0,2,0,0,8,1,0,0
0.7379616819911073,39.23000226011318,2,5.275255727416169,0,0,0,0,9,0,1,0
0.8748358254389922,77.25481653997925,2,7.802093015989367,0,1,0,0,7,0,1,1
0.40014616530465985,74.91643109927008,4,3.8901979618227323,0,2,0,0,3,0,1,0
1.147655502470447,68.41509130514477,3,3.4911735108385717,0,3,0,1,12,0,1,1
6.284832099209367,38.60204161175788,2,6.391353736714317,0,2,0,0,1,1,0,1
8.275506664294634,44.26164848124649,3,7.418509467699323,1,2,1,0,7,0,1,1
3.0122713473072738,56.2325764744946,3,4.894418611566885,0,0,0,0,3,0,0,0
3.5317073773001058,63.88798684294474,3,6.340879815603879,0,1,1,0,12,1,1,1
0.16600054696512626,39.830328519629255,1,5.224893528148066,0,1,0,0,5,0,0,0
0.3591788006875038,53.414742212413934,2,4.497510787790958,1,1,0,0,3,0,1,1
1.4891181273071152,55.34782601594812,2,3.3414436030282975,0,1,0,0,11,0,0,1
3.9251986634072806,75.73539512750507,1,2.6922801971061023,0,1,0,0,6,0,1,0
6.72674392689241,65.08931657870238,2,3.770467876458973,0,2,0,0,1,0,1,1
4.644386321669584,19.863967103294186,3,3.047881628262954,0,1,1,0,5,0,1,1
2.4889535346838434,45.727393830292286,2,5.566965066118859,1,5,1,0,1,0,1,1
0.6296536010147704,31.42433260033167,2,7.435091534833574,0,0,0,0,6,1,0,0
7.5882431387274,61.36174841223347,3,5.408018702741799,0,4,1,1,2,0,1,1
2.261101876769615,68.46306701010089,2,3.1585933206266583,1,0,1,0,7,0,1,1
6.660053985414588,52.03111971220489,3,6.710754162051919,0,0,0,0,8,0,0,1
3.59723855541091,44.637459387443,3,5.593762992199417,0,3,1,1,12,0,1,1
6.709704476343719,51.38339586071966,4,5.989652041423561,0,2,0,0,4,1,0,0
11.891371035301244,54.17838546955509,2,3.9612645778352755,0,0,0,0,10,0,0,0
12.693405586315045,37.19800696566186,3,7.266753144636985,0,1,0,0,8,0,1,0
3.829737670873494,25.625777984612693,3,7.25653139635791,0,1,0,0,6,0,0,0
3.582164655073326,8.997219148892938,3,4.6318657106831225,0,4,1,0,11,0,1,1
1.5440414419446475,75.34364263477768,3,6.436903693205848,1,5,0,1,11,0,1,1
13.728747220676622,59.927324872699316,2,7.202978304143336,0,4,1,0,7,1,1,1
3.061700753271892,57.25022022688345,2,4.069255547822959,0,4,1,0,6,0,1,1
0.6824860131137827,75.30397775905898,3,4.83752270473039,0,0,0,0,9,0,0,1
2.834378389375684,24.89063980615166,3,5.159582714404813,0,0,0,0,8,0,0,0
0.6794036091955953,15.287382482899623,3,2.804359683508405,0,0,1,0,8,0,1,0
3.49111705680242,57.684638330381794,2,5.8833250231088146,0,1,0,0,1,0,1,0
4.1194182970573765,55.865427508868606,2,7.045045631198814,0,2,0,0,9,0,0,1
2.0606042537243283,15.373863806544932,2,4.712227967564305,1,5,0,1,6,0,1,1
0.37173561883355655,57.19042124280944,3,5.679700108704536,0,5,1,0,12,0,1,1
14.367886101836264,41.99554095200864,3,7.797161591836353,0,3,0,0,10,1,1,1
7.4218101932800495,33.85823880524837,2,4.189696250394104,0,3,0,0,9,0,0,1
9.128062781239416,43.331525834351744,3,5.720529995254007,0,1,1,0,8,0,1,0
2.285384852635844,1.1694285816305978,1,3.8603755966606523,0,1,0,0,10,0,0,0
7.152924947410748,38.17251553216124,2,3.8057874018611715,0,2,0,0,11,0,0,1
3.321563544360741,35.91410861031591,2,5.683786522945574,1,3,0,0,5,0,1,0
1.122494148984496,61.1420489387228,3,5.482739134626574,1,2,1,0,6,0,1,1
0.6643630592395477,46.83539726978228,3,6.110139679055396,0,1,1,0,1,0,0,1
2.1159885472496427,62.77737747357763,2,5.152317499248899,0,2,1,0,10,0,1,1
0.7399027550177045,0.0,2,5.9302856345983095,0,0,0,0,2,0,0,0
20.0,33.21803554857904,3,8.331037944142738,0,0,0,0,11,0,0,1
0.25219982042414496,61.11994103142888,2,7.119820810611154,0,0,0,0,7,0,0,0
2.909313624990126,43.8227073885369,4,5.676763397488977,0,1,0,0,10,0,0,0
3.008253339473695,66.90921065948734,3,6.0098139966733415,0,0,0,0,3,0,0,1
1.7878905339210835,13.907941812215533,2,4.402195972991595,0,1,0,0,4,1,0,1
4.235590982552985,64.62221679378949,2,4.6816218177241415,0,3,0,0,9,1,1,1
0.8124594972657122,37.217215644299195,2,5.984921861342931,1,1,0,0,8,0,1,1
7.660356540601815,35.276058312346514,2,5.1753004494317185,1,2,0,1,8,0,1,1
2.0206878352615707,69.82094093854903,3,6.586037352463038,0,1,0,0,5,0,0,0
4.474390509075605,73.23802259913012,1,7.53414600689205,1,0,0,0,3,0,1,1
6.2875577571240635,70.69399392174563,3,4.796468078012471,0,1,1,0,5,0,0,1
10.993022941624815,90.77283850096532,2,0.9815669217659924,0,5,0,1,11,1,1,1
9.032967856007147,75.33607216886668,4,9.068377851581223,0,1,0,0,5,0,0,1
4.686410435457851,34.09126832535402,1,3.6950111338574962,0,1,0,0,7,0,1,0
2.458328272689677,52.83276256271301,3,5.390323406197359,0,1,0,0,8,1,0,1
3.4978857435948774,42.7960418303013,3,6.454984573453947,1,3,1,1,3,0,1,1
7.320950731948271,90.58179719898132,2,7.817947077686165,0,1,0,1,1,0,1,1
10.500080470594412,72.09739909397419,2,8.612068417140254,0,2,0,1,8,1,1,1
0.5478575594441457,46.22239726573088,3,4.27225372446508,0,1,0,0,2,0,0,1
2.4294965948014093,67.55819595506004,2,7.379379533885855,0,1,0,1,7,0,1,1
7.483149456404275,25.356030673737905,2,5.3959598267497295,0,5,1,0,10,0,1,1
2.8251047705081427,55.00523475290946,4,10.0,0,0,0,0,7,0,0,1
2.019040638790372,31.241550147938316,1,7.20088944852008,0,0,0,0,10,0,0,1
2.6493855891646882,16.228155987451856,2,4.645051823175368,1,0,1,0,11,0,0,0
4.617140043559967,65.69072475059667,3,3.4138543656102085,0,2,1,0,3,0,1,1
20.0,68.17182190375102,3,0.0,1,0,0,1,7,0,1,1
3.3961467138488355,59.14425272423972,2,6.349351859760277,0,0,0,0,6,0,0,0
1.1690920960535771,46.34065918866998,2,7.016897515981508,1,0,0,1,11,0,1,1
0.8887396107965972,24.67282690307181,3,6.490920888799916,0,1,0,0,4,0,0,0
0.21636324271303264,26.77306258565505,2,0.29317110526157997,0,1,0,0,4,0,1,0
4.091480280486301,30.614400405224057,3,2.483978020621068,1,2,0,0,12,1,1,1
3.9325892185934626,45.32653416550153,2,5.961646955793574,0,3,0,0,12,0,1,1
1.1485372757475143,71.5235746720983,3,8.571047470961583,0,0,0,0,5,1,1,1
5.942620535869003,71.20808422157305,2,4.888892394554594,0,2,0,0,7,1,1,0
6.756702954275843,17.02864800774246,4,7.183036513183366,0,2,1,0,5,0,1,1
1.4994359667454271,36.13533326566106,1,2.931186353123006,0,0,0,0,1,1,0,0
2.1087329045845107,35.596779608563224,2,5.414256065304648,1,3,0,1,12,0,1,1
20.0,0.0,2,4.450679738086992,0,1,0,0,7,0,0,1
2.3441373487686947,61.322418938998155,2,7.375178947661814,0,0,0,0,3,1,0,0
7.152311229384986,45.07680351362957,2,3.920327338127234,1,3,0,0,11,0,1,1
3.0140232010788943,47.73714926738048,3,8.354025367729879,0,2,0,0,4,0,1,1
7.8835185492001365,76.91742116751277,3,4.384575032760024,0,0,0,0,2,0,0,1
7.32719087155813,51.76618026568714,2,2.8602740076956663,0,0,0,0,7,0,0,0
5.509428580430268,41.38539070067964,2,2.9273853645241643,0,0,0,0,12,0,0,0
9.647470287572542,61.441552420098866,3,3.755145735304283,0,1,0,0,4,0,0,0
14.002348641764987,71.17743693151124,2,5.741134655845433,0,1,0,0,2,0,0,1
4.337304276419738,55.92935132098451,2,3.7800400499177544,1,2,1,0,10,0,1,1
1.3555599695957699,63.78379197396297,2,3.359045248698056,0,1,0,0,8,0,1,0
2.5427158331383004,47.08864700514231,2,6.779616103068812,0,1,0,0,7,0,0,0
7.100408152077707,48.36284507280675,2,0.0,1,4,0,0,2,0,1,1
5.261747794915629,52.260414205976566,3,4.1402367271287,0,0,0,0,1,0,0,1
0.9788479190095,34.93758099134676,2,2.331523704529714,1,1,1,0,2,1,1,1
0.26299463254236993,38.63876771260799,3,3.2628911233123565,0,3,0,0,9,1,1,1
5.743661782124656,77.55759283636948,2,5.487499847178173,0,0,0,0,12,0,0,1
1.4456090353913107,90.15912191724642,2,4.58953470992991,1,2,1,0,7,0,1,1
3.4624394270043806,81.8439582807636,2,4.408868071059133,0,3,1,1,10,1,1,1
6.8668269583024575,23.534852864629052,4,7.37901775792853,0,1,0,0,2,0,1,0
4.135299293966748,21.60284930830055,2,4.97276368050716,0,2,0,0,10,0,0,1
0.4348891592802596,26.185811361096782,2,8.612113747213824,0,2,0,1,9,0,1,1
1.0263968313478036,52.687748837589616,2,6.42438355600153,0,1,0,0,5,1,0,1
1.2380021374110515,0.0,1,3.0665805569353823,1,1,0,0,5,0,1,0
1.4911155298857488,38.22396866760999,1,8.868183940569708,1,0,0,0,12,0,0,0
4.1666850797721295,78.14198578322227,2,5.5562106889820235,0,0,0,0,12,0,0,1
3.505551811747774,69.64877661457815,2,8.743495718479759,0,0,0,0,5,0,1,1
1.1355071065699534,39.818106988529856,4,4.467808913934482,0,4,0,0,8,0,1,1
0.34972471275522465,41.332891176587246,2,5.5444634948158535,0,1,0,0,11,0,1,1
0.9402830811170958,61.34483413613808,3,5.864228330650148,0,1,0,0,8,0,0,1
20.0,68.70537510488398,2,4.663772451564561,0,2,0,0,1,1,1,0
3.160702098053709,39.337254645204794,2,7.543839991173773,0,1,0,0,6,1,0,1
10.100036552801592,45.31267956561125,4,8.865164017008619,1,2,0,0,8,1,1,1
9.444187453792539,38.67980542959953,3,0.4131474427669968,0,0,0,1,7,1,1,1
3.582279220243509,23.373011172495723,3,6.629636749983023,1,2,0,0,9,0,1,1
6.132586980695869,45.60512503956372,3,3.2109923802976295,0,2,0,0,4,0,1,0
1.0706217989653755,44.08144919582473,4,0.0,0,1,0,0,6,0,1,0
5.830121951762289,24.787117680226885,2,6.0340365129283855,0,0,0,0,7,0,0,1
1.5899131929353558,62.92161875275459,2,6.0385469949997574,0,0,0,0,5,1,0,1
8.920804957215534,59.66641357251779,1,6.3602543501237685,0,1,0,1,7,0,1,1
0.4371889746036805,63.914394016901525,3,5.7420557558070495,0,0,0,0,10,0,0,0
7.417081709700513,34.63859289071264,3,6.75005044656735,0,2,0,0,11,0,0,1
0.5264520715116939,10.328486437707049,3,3.793902397311511,0,1,0,0,3,0,0,0
10.651116388123194,59.34662259291298,2,5.526668778309837,1,2,0,0,4,0,1,1
1.8134975486229492,36.71774570740573,4,6.396332536857138,1,3,1,0,8,1,1,1
5.312270216254646,32.186637335085976,2,7.7059122451187525,0,2,1,0,10,0,1,1
3.342295070339043,24.85893850713115,3,5.087690945504267,0,0,0,0,2,0,0,1
2.2809229299758464,44.49354943825692,1,4.57240886940498,1,2,0,0,6,0,1,1
5.184414325910389,81.54654594100947,4,4.889522210964669,0,4,1,1,9,1,1,1
14.736899649997516,39.89100957288971,2,2.6128137891078222,0,0,0,0,8,1,1,1
0.21072761756850805,28.203939116661324,2,6.5392485714425845,0,1,0,0,10,0,1,1
12.557455891426754,63.03866802060057,4,2.085366186403255,0,2,0,0,12,0,0,1
4.696282885885006,53.45624559542568,4,5.781928206074725,0,0,1,0,7,0,1,1
8.233474594605326,7.613972646235851,2,5.169148444518909,0,2,0,0,11,0,1,1
2.4215266918911467,63.24692639506573,4,1.8980548691655472,0,1,0,0,7,0,0,1
3.191808216742295,92.56935537003201,3,2.012107796536408,0,2,0,0,8,0,0,1
10.15709652531039,0.0,1,3.2926170540404756,0,1,0,0,11,0,0,1
2.6794179242322125,25.285879519557525,2,4.312116045009461,0,1,0,0,2,1,0,0
3.824930133708935,0.0,2,7.960958563302828,0,2,0,0,8,0,0,0
0.10200814103715009,48.493911585183305,2,4.778529667342402,0,3,0,0,5,0,1,1
0.8634286888814079,69.80772473222706,3,6.0929738713438315,1,2,0,1,8,0,1,1
5.131734998569918,52.11001499592558,2,7.533210754556212,1,2,0,0,8,1,0,1
6.311133814936774,77.83991396225339,3,7.146334582305195,0,0,0,0,8,0,0,1
4.368562643371641,66.61100580660268,3,4.985880574258705,0,0,0,0,2,0,0,1
0.7733959756087203,84.04294647004355,3,3.588949448906561,0,3,1,0,9,0,1,1
2.947589670621511,73.2042153621419,4,5.9977091193887055,0,4,0,0,5,1,1,1
2.193259487874664,41.94113862780991,3,3.62885636292636,0,1,0,0,1,0,1,1
3.422536500603325,51.3345291246968,2,8.629609305044962,0,1,1,1,7,0,1,1
10.213775360211075,32.62646169038054,3,6.735596998870479,0,2,1,0,3,0,1,1
7.477454204752572,45.38687662263902,4,5.4173926081673445,0,0,0,0,7,0,0,1
0.43863726504070366,51.2366334403624,2,6.025343532123769,1,2,0,0,10,0,1,1
11.050448800080817,48.30185352929292,4,5.356572979027195,0,2,0,1,1,1,1,1
3.1910904543916176,76.8450705260722,1,4.263340740172753,1,1,0,1,5,0,1,1
6.810197414503687,43.396638749863385,2,5.997219856479168,0,1,0,0,12,1,0,1
0.7543425426217574,31.35827172885286,3,4.514216199365626,0,1,0,0,10,0,1,0
5.554226929717211,32.607779301936255,3,8.873376864875114,1,3,0,0,10,0,1,1
1.3480715275409303,63.10200543245062,3,3.61459319946301,1,1,0,0,7,0,1,1
2.8846570589329543,21.937231838220008,2,6.017594850526483,1,1,1,0,6,1,1,0
0.08503333560987604,45.976276596981656,3,3.4345470139316454,0,0,0,0,10,0,0,1
0.8220779759251046,76.55000490910842,3,3.413671732933242,0,0,0,0,9,0,0,0
0.48299776562470687,55.85196891481661,2,1.4278202716350092,0,1,1,0,10,0,1,0
1.3705014389440293,48.507892217624914,2,5.822950209546199,1,3,0,0,4,0,1,1
0.5269030794342965,49.2817919272314,3,3.935068177909482,0,0,1,0,6,0,0,0
5.886817086513211,29.408708155456544,2,7.166779037632638,0,0,1,0,8,0,1,1
0.14734952734237788,32.85730579130918,2,5.826590785233708,0,3,0,0,6,0,1,0
4.8082779163590255,46.096366541708456,1,5.296449316058601,1,2,1,0,1,0,1,1
0.7582314386659899,55.425460602185865,3,2.179002452031507,0,2,0,0,3,0,0,1
14.516809980416859,68.9630002360422,2,6.169810609735869,1,2,0,0,10,0,1,1
13.522338612481928,51.85121234342869,2,3.6757076961610995,1,3,1,0,3,0,1,1
1.2777081248525164,77.05548351508496,2,2.134322607697244,0,0,0,0,11,0,0,0
4.765049758760423,82.10396030419051,1,5.861026959057636,0,1,1,0,2,0,1,1
0.14202473622481934,65.90534424964407,2,2.4834147589517785,1,3,0,0,11,1,1,1
13.425713688947718,74.4996281611177,2,0.8177505992619505,1,3,0,0,12,0,0,1
3.7010609044161042,30.185729572238113,2,7.594268909606346,0,2,0,1,12,1,1,0
0.22092546397210577,27.016021306238752,2,3.878535994288001,0,0,0,0,7,0,0,1
2.0965525214810294,60.35946752580331,4,1.5110238830744187,0,3,1,0,5,0,1,1
0.3998148060152056,23.175803762659054,1,3.074816378647185,1,2,0,0,11,1,1,1
2.4956747947699034,44.19256311968133,3,3.557896805856646,1,3,0,0,12,0,1,1
5.542197219282602,65.42383810659479,3,7.288454580587954,1,2,0,0,1,0,1,1
3.1733528666519657,78.26745849370414,2,1.674064479834723,0,2,1,1,3,0,1,1
2.4202870102976037,44.91568699423869,2,2.322187436501351,0,1,0,0,3,0,0,0
0.6343796360553384,37.00111409384619,4,6.960805989771468,1,1,1,1,10,1,1,1
1.4047839940567663,56.40923243023165,3,4.100534408842975,1,3,1,1,5,1,1,1
0.5275986846551421,28.529131129522213,2,5.4559054760226955,0,1,0,0,7,0,1,1
8.238262682397183,46.53442703413146,2,4.01814933986429,1,1,0,0,9,0,0,0
0.7265153413955499,49.839999034474374,2,9.041140313643975,0,4,0,0,4,1,1,1
4.523952648966756,49.4403201465841,3,2.4206096881592076,0,5,0,0,6,0,1,1
2.098381149198177,51.770069476357634,4,5.564231334556484,1,4,0,0,5,0,1,1
1.2807773949013366,33.30970288855717,1,8.00591317451483,1,1,1,0,2,0,1,1
5.10087889801977,35.46014014763166,2,4.250027979453468,1,1,1,0,6,0,1,1
3.0532510602672653,35.05767477934759,2,3.4924518891816225,1,1,0,0,8,0,0,0
2.5553404931745556,17.59811321609886,4,6.534206061634283,0,4,0,0,5,1,1,0
4.492892676457078,56.83660643692212,2,7.008129620552754,0,3,0,0,7,1,1,1
3.37916596710137,67.8931490338401,3,3.400192630017395,1,0,0,0,3,1,1,1
1.8083240672218246,65.92620165707072,2,7.924393187810875,0,0,0,0,11,1,0,1
4.094246938587626,44.75006279078491,3,5.102442184295777,1,1,1,0,12,0,1,1
5.535721563713098,33.779895210722245,2,6.017522592256534,0,1,1,1,3,1,1,1
0.13527945242274247,64.88629284725378,4,7.976562381079025,1,3,0,0,12,1,1,1
3.135596304146064,62.778460447491035,2,6.537560451576798,1,1,0,1,8,0,1,1
0.29706922486325804,54.348412848725914,3,4.999501649163652,1,1,0,0,3,1,1,0
1.0314654436462904,84.88622504846546,2,3.6568157869648115,1,0,0,0,5,0,1,1
4.110687174071322,49.47148957265875,3,10.0,0,3,0,0,8,1,1,1
10.056631445853938,44.86220032150222,2,3.4219676438934425,0,2,0,1,4,0,1,1
10.719609301264732,42.00365337850799,1,5.636258187960543,1,1,1,0,6,0,1,0
0.36255245247511636,18.782445870383853,2,6.019978774735259,1,0,0,0,5,0,1,0
2.7159270494756123,63.226799282845846,2,6.114618937236553,1,2,1,0,6,1,1,1
4.373423020388461,47.890292656844466,2,9.256033863813002,0,0,0,0,9,0,0,1
0.7953884312793005,60.1986248271359,2,5.095140790177864,0,2,0,0,9,0,0,1
7.250053392353389,86.8375600418248,2,4.809868128272732,0,2,0,0,2,0,0,1
6.817486176462234,42.18496460190765,2,8.104556115215082,0,0,0,0,3,0,0,1
11.682830499827352,3.2398256641689755,2,4.728231707866617,0,0,0,0,3,0,0,0
0.04261111644331132,59.621407390215445,2,6.7520486760382035,0,0,0,0,5,0,0,1
1.2210969994935013,53.33718779785351,2,5.388779677193279,0,1,0,0,1,0,1,0
8.777717702066528,35.3509224805736,2,6.84194983231432,0,1,0,0,11,0,0,1
5.552109504599079,57.94532671242995,3,6.450896554173404,0,3,0,0,6,0,1,1
11.240004149624694,65.7219264020875,2,4.193775801196439,0,1,0,0,6,0,1,1
0.29439764158314125,31.067801795769054,3,1.3119747566832602,0,1,0,0,10,1,0,1
4.5436465296853505,43.97336277193235,2,1.6521825709116436,1,0,1,0,2,0,1,1
4.208776285579335,79.53507459697856,4,1.3192428178083708,0,0,0,1,5,0,1,1
0.18163149514556026,35.5675561754127,1,4.817606705477498,0,2,0,0,8,1,0,0
3.6028187872265676,51.3333951082757,3,0.29474885989139565,0,3,0,0,9,0,1,1
4.701896623264539,0.0,2,4.680019359251236,1,2,0,0,12,1,1,1
1.061594092292946,20.3630899783741,1,5.267534694141985,0,0,0,0,3,0,0,1
1.5964112552140466,53.15034994665599,2,6.712452889194504,0,0,0,0,11,0,0,1
5.113082820636049,74.55975619171201,2,6.008759345320378,0,3,0,0,2,0,1,1
3.15838820340683,22.75940635997998,2,6.803770136415624,0,1,0,0,2,0,1,1
9.760122030325572,51.49128124120993,2,5.827810248470785,0,3,0,0,2,0,1,1
2.09565353768183,42.485641818925664,4,4.35291691988317,0,1,0,0,12,0,0,1
1.5507268580307143,69.06176109984987,2,4.788034112171847,1,1,0,1,12,0,1,1
20.0,25.643933893548297,2,3.2967120754714943,1,3,0,0,10,0,1,1
12.103227905501194,58.601552967349704,3,5.456173056677916,0,1,0,1,9,1,1,1
0.1471066951949631,36.92618626007486,3,1.8316088992469264,0,1,0,1,5,0,1,0
7.364244455452411,54.4607604965295,1,7.132070908012615,0,0,0,0,6,0,0,1
0.584550186918211,51.37862104616945,3,3.0868122267363054,0,5,0,0,11,0,1,1
0.13934989889788657,44.96441851714764,2,5.3076906433559685,0,1,0,0,11,0,0,0
1.5989297629266983,59.55623692538769,2,5.642956670615176,0,1,0,0,10,0,1,1
1.5690754498880635,50.87305468605922,2,7.325445839308755,0,2,0,0,12,0,0,0
8.555104591233361,47.3438739584661,1,1.6376732837933528,0,1,0,0,4,1,0,1
6.2008892754923695,42.87166931954514,2,4.349081594194624,0,2,0,0,3,0,1,1
19.979585503333233,51.55196779490674,2,6.099695671359987,1,1,0,1,11,1,1,1
6.215524545763442,54.44087096292144,2,8.502367026024258,1,1,0,0,10,1,1,1
2.7086201131138763,30.21715839838758,2,4.92234454553111,1,0,0,0,4,1,0,0
6.002023570110058,43.01057524165247,3,3.811308583981036,1,2,1,0,7,0,1,1
20.0,28.896281107376545,3,9.053977512400099,0,0,0,0,11,1,0,1
6.191818629695845,49.203091544384286,3,6.605121343709572,0,0,0,0,7,0,0,0
7.170733301697566,38.153355902919444,3,7.747266543690362,0,0,0,0,2,1,0,0
13.932628172168865,65.41566295962511,3,2.5809185446007494,1,0,0,0,1,0,0,1
0.6032239778177931,63.45453955513379,3,6.042258208239222,0,1,0,0,5,0,1,1
6.100244905966719,31.54502872871261,2,2.8333494781739197,0,3,0,1,1,0,1,0
9.512537623837556,49.953853092030506,2,2.3899119937141657,0,2,0,1,9,1,1,1
15.436891895720187,62.77033158496728,2,6.163760126679254,0,0,0,0,3,0,0,1
1.184750179206998,46.493833596719426,2,6.303694797836698,0,1,0,0,12,0,0,1
3.505181164555272,35.4356495038891,2,4.035976163748064,0,1,0,1,8,0,0,1
5.705848435099564,28.151929439104087,2,7.864074457115011,0,2,0,0,11,0,1,1
1.421556994475052,67.08535123156724,4,4.261960435321189,1,2,1,1,1,0,1,1
4.587367946499668,68.0542629656994,2,4.460037972191718,0,1,0,0,5,0,0,0
1.4891925915457982,45.841048022519026,2,4.927922450011276,0,2,0,0,1,0,1,1
2.0282532805930136,65.32275169053355,1,4.51411444669539,0,3,0,1,6,0,1,0
2.9126706866420897,0.0,3,7.55452425470123,0,0,0,0,3,0,0,0
3.7665043655871355,76.55109301418472,2,2.9165933290318917,0,3,0,1,2,0,1,1
2.983423521114001,46.86110389445643,2,3.491313618473064,0,1,0,0,11,0,1,1
3.398149951883856,52.83553121598978,4,2.617184906245739,1,2,1,1,8,0,1,1
1.7733045551000868,43.58964552668061,3,8.767034145990632,1,3,0,1,3,0,1,1
0.8656105727332369,77.9141496373501,3,4.3509613593212215,0,0,1,0,3,0,0,1
0.2425384013247436,28.785367520889324,4,3.462966866040464,0,1,0,0,4,0,1,0
1.0906477279537434,79.4892065321367,2,4.425384624267338,0,2,0,0,10,0,1,1
4.360695133062255,57.925418418902225,3,6.698112202484814,0,1,0,1,4,0,1,1
7.711594426226188,62.45328431836316,2,6.327530943965837,0,0,0,0,5,0,0,0
0.9271173985889193,43.415908733421674,3,3.849642090004709,1,3,0,0,4,0,1,0
0.574559693484124,23.835616042072587,1,4.200827653217947,0,1,0,0,1,0,1,0
6.917299122072387,68.61021531072203,2,2.0890590978156376,0,5,0,0,1,0,1,1
1.820356365467759,56.22816702378662,2,5.2774466423178685,0,3,0,1,8,1,1,1
15.130899593914567,77.23246916617634,1,7.5646348719101795,0,3,1,1,6,0,1,1
6.264379360025175,46.124473595686034,2,3.8364456759829935,0,0,0,0,5,1,0,0
1.9782376474821453,41.61537242202171,2,6.271626060812985,0,0,0,0,1,0,0,0
1.7092324952244433,77.76176473280604,3,3.8357740110373992,0,2,1,1,9,0,1,1
3.7085199156503124,88.23788328994888,2,2.808701902151247,1,1,0,0,5,0,1,1
0.4122616622848423,50.1869435273146,2,6.360559605588946,0,1,0,0,3,0,0,1
0.6259826225458474,34.94485006285788,3,9.695298775176305,1,0,0,0,8,0,1,1
0.9670614490689198,66.21061525579098,3,6.086847218575247,0,0,0,0,5,1,0,1
7.4521357826639,44.919588676586514,1,4.172287626280113,0,4,0,0,2,0,1,1
3.60626599348965,61.985256508015965,2,4.3012680802337595,0,0,0,0,8,0,0,0
0.053116756414025953,44.814480512424936,3,8.8183707788633,0,0,0,0,10,0,0,1
5.596879758379321,81.28028036423626,1,5.613960039672306,0,1,0,0,12,0,0,1
2.755549393120834,36.010209898986005,2,3.4681679587600787,0,0,0,0,5,0,0,0
3.575454614670457,59.6105932504392,2,4.875549873253836,0,1,1,0,10,1,1,1
1.204731949364785,40.22596059535752,4,5.430280925723097,0,2,0,0,7,0,0,0
4.0123803366979915,44.36986877158462,2,5.938427403198685,1,1,0,1,1,0,1,1
19.35278363287538,41.75888690478847,2,8.024077628188063,0,2,0,0,12,0,1,1
0.3814076916833864,64.77216132186831,3,7.551796988191423,0,0,0,0,7,0,0,1
1.669798775390978,68.36726229867742,2,5.396477552960033,0,0,0,0,5,0,0,1
1.3919442285468029,61.15477657864742,2,4.917009575148232,0,0,0,0,4,0,0,1
1.4287484418866452,47.84033066509459,1,5.791971485537524,1,2,1,1,9,0,1,1
2.3797572732346235,52.80360062003186,4,3.783533015383301,0,0,0,1,5,0,0,0
8.521759933957341,67.9544313691885,3,6.960018687289029,0,1,0,0,5,1,0,1
12.201121123586915,68.5862317441521,3,4.593056402805425,1,2,0,0,1,0,1,1
1.1295812550976303,0.0,1,5.981802618234146,0,0,0,0,12,1,1,0
3.914811745581188,44.55555656454608,1,8.426507140712005,1,2,1,1,8,0,1,1
5.065370849228059,45.51482417121029,2,6.1056129410537725,0,1,0,0,6,0,1,0
3.688918396589304,63.385051282523236,2,5.461406332051365,0,0,0,0,9,0,0,1
2.8464809098393404,48.664583645785086,3,3.9652250856903004,0,2,1,0,12,0,0,1
1.0658145319493577,64.38366761898574,2,4.843851884969038,0,0,0,0,1,0,0,0
3.3492959084177016,28.426784579388954,3,2.7278988042006476,0,1,0,0,10,0,0,0
2.5642619456011264,55.2010903092156,2,6.06640029351311,1,2,1,1,11,0,1,1
7.937485962984204,68.00411306900989,2,0.7312771430366585,0,1,0,0,5,0,0,0
7.21124216697996,20.512342613637035,3,6.9368131310413865,0,2,0,0,5,0,1,0
0.7193442378183413,100.0,2,6.463367118632529,1,0,0,0,12,1,0,1
0.46342293754909203,73.81771865733039,3,5.196363851026401,1,1,1,1,11,0,1,1
11.938206997037732,50.027066049312836,2,3.9339662115723426,0,0,0,0,8,0,0,0
3.8340589054738543,33.431837855224636,3,4.967480155299446,1,1,1,1,6,1,1,1
9.752636764664125,46.49829699452588,4,1.451939946519221,0,2,0,0,2,1,1,1
0.2995522125250139,51.67604719222681,2,6.647601206528902,0,0,0,0,6,0,0,0
3.738181739690902,58.81325113624095,2,4.672350921479149,0,2,0,0,3,0,1,1
3.8764142927522443,80.01321698920061,1,8.030462349930048,0,0,0,0,10,1,0,0
9.855699947083055,40.47803061114308,3,5.783980570249089,0,0,0,1,5,0,1,0
0.513542389491226,61.254196751451225,2,5.462867540659136,0,0,0,1,12,0,0,0
1.3751164280932842,24.15141674799774,1,5.801896276216139,0,0,0,1,6,0,1,0
2.608913114247234,41.727985713494654,3,3.0489788273989635,0,2,1,1,3,0,1,1
10.043665794964689,57.53433695738717,3,4.098012265906562,0,2,0,0,1,0,1,1
13.974851871574272,63.8252498201761,4,5.265897867221334,0,5,0,1,7,0,1,1
20.0,34.935350466707604,2,4.394871466560181,0,1,0,1,12,0,1,1
15.994567823447777,41.184166079761724,2,3.8469750560872167,0,0,0,0,11,0,1,0
0.029797391561000024,79.21113271167091,3,4.435207359404159,0,5,0,1,1,0,1,1
0.24441963545801523,73.2381723925609,2,5.088259830785737,0,2,0,1,5,0,1,1
0.7985368936995978,54.16914434104733,3,9.637484534143805,0,1,1,1,7,0,1,0
2.145169131444126,5.267096935585691,3,4.349217289980253,0,0,0,0,4,1,0,0
8.857373937369244,100.0,2,3.6451410424932424,0,2,1,0,3,0,1,1
11.158592339391,49.6013687668551,1,4.694542016152763,1,2,0,0,8,0,1,1
1.0341025394013146,43.748658839573466,1,8.003189796998226,1,2,0,0,10,0,0,1
4.833503025330307,39.5528014829177,2,8.146183440280323,1,4,0,0,8,0,1,1
12.466427375471278,57.52734074398217,2,8.898196151376066,0,0,0,0,11,0,0,1
3.115603752252843,57.7316517834186,3,5.121951006453145,1,2,0,0,5,1,1,1
0.546527947039274,69.01255746253025,2,6.283184539194956,1,2,0,1,11,1,1,1
3.0607275880132634,31.478756713019738,2,2.8999510506062576,1,1,0,1,12,0,1,1
2.3563814119310154,43.750102437174775,2,4.293118453821532,0,1,0,0,3,0,0,1
4.309699286547004,90.61091446448404,2,2.7698304453391565,0,1,0,0,12,1,0,1
2.8871307638585586,54.491812664999834,1,5.946517514240584,0,3,0,0,7,1,1,1
0.08749065040802717,46.54951253346507,2,5.07682552573783,0,2,1,1,3,1,1,1
20.0,31.167644688325964,2,5.452379319891257,0,0,0,0,6,0,0,1
3.921273634100653,60.118686116415034,1,3.3075783630913924,0,3,0,1,9,1,1,1
3.208761633752428,70.62036434084888,2,6.701374649379313,0,2,0,0,11,0,1,0
15.46312939702559,67.49175291619615,3,0.18594280843598732,0,1,0,0,5,0,0,0
0.8471867841126747,44.823982727821665,2,4.495943635664433,0,0,0,0,10,1,0,0
1.0489012128528832,57.22504566727072,2,4.786710821576087,0,4,1,1,12,0,1,1
8.251683639701712,83.43318873297223,4,0.9567949930834567,0,0,0,0,2,0,0,1
1.511144025134883,71.41764584342937,3,5.768256796735015,0,1,0,0,7,0,0,0
8.027904458842013,34.31674515613361,1,4.6534717517913045,1,1,1,1,7,0,1,0
1.5840680792119954,0.0,1,6.122233791623986,0,3,0,0,7,0,1,0
0.16875417840230417,55.9354501416847,3,8.999657191069245,1,2,0,0,5,0,1,1
3.638845550158627,65.97136253496865,2,5.649247748500552,0,0,1,0,8,0,0,1
1.0950507413261057,28.21551016253475,1,6.945322608979328,0,0,0,0,4,0,0,0
7.090913006391244,49.82420955754445,2,7.761906179836059,0,2,1,1,5,0,1,1
5.124945632955367,44.726018682538424,4,5.984054192556371,0,2,0,0,11,0,0,0
12.859037522981776,52.085726444643974,2,3.2682488353775936,0,2,0,0,12,1,1,1
7.639021368638328,39.106074257605755,2,1.7196653375166373,0,2,0,1,10,0,1,1
0.996988365632947,75.81021995255986,2,5.748756199008147,1,0,1,0,2,0,1,1
8.051147044543962,52.95937761265525,2,4.199484354994799,0,2,0,1,10,1,1,1
5.132440252552294,32.419662276705,2,7.567202135174648,0,0,0,0,11,0,0,1
5.527454084381676,68.34924307187441,4,4.049753678042436,1,1,0,0,9,1,1,1
8.926786612972199,24.716248080165897,1,4.971385877797458,0,0,0,0,10,0,0,0
4.264515174211361,75.68988755070265,4,2.6819786066470015,1,5,0,0,5,0,1,1
3.1368301061450787,69.82118848445128,2,4.312334656716331,1,2,0,1,5,0,1,1
5.0618202501549785,77.79550590641571,2,3.1143299997980876,0,0,0,0,1,0,0,1
1.7688061714277428,46.835072551167684,1,3.296945907148478,1,2,1,0,4,0,1,1
1.0081159902760346,40.07772040433247,2,4.89437150436606,0,5,0,0,6,0,1,1
4.7932236380988975,51.68043521866186,2,3.786164065000002,0,4,0,1,10,0,1,1
1.331875886229187,48.311264272889375,3,10.0,0,0,0,0,6,0,0,1
0.4164467037327557,36.94527428872975,2,6.6717883022807,0,2,0,1,12,0,1,1
0.0027716910114429874,38.92753371748715,2,7.169279825558345,1,2,0,0,8,1,1,1
4.686542854055855,42.67254305467072,3,4.778214005522121,1,2,0,1,2,0,1,1
2.2482511289023117,26.599926271202747,1,5.211504357364899,0,0,0,0,4,0,1,1
6.97790616815494,63.55926579198669,2,4.140814108686994,0,1,0,1,2,1,0,0
2.351429531915711,48.95405724857987,2,10.0,0,1,0,0,1,0,1,0
3.327693610920786,43.83243061532706,2,4.782272362798394,0,3,1,0,11,1,1,1
2.61352091681899,27.792916781166454,3,3.7924980015302934,0,2,0,0,2,0,1,1
5.257328673993927,26.7925404466507,2,3.491991558702706,1,2,0,0,8,0,1,1
2.2013633315698216,88.71828101444825,4,5.670700053894292,0,1,0,0,10,0,0,1
16.5890145560677,37.454850742768606,3,7.842044085482415,0,2,1,1,8,0,1,1
13.755857513029818,62.21056788418653,2,7.173919010464295,0,1,0,0,8,0,0,1
9.420291725503047,53.25268939800354,1,3.487349224867925,0,4,1,0,2,1,1,1
12.6474454404096,0.0,3,3.438113304105695,0,5,1,0,1,0,1,1
2.9813701002274096,85.84901646277184,3,7.492537017896401,1,1,0,0,2,1,0,1
3.843993682557319,63.681679575522324,2,9.202762747202085,0,3,1,0,11,0,1,1
6.775773221800697,34.64659691390382,4,4.7099949846844895,0,1,0,0,12,1,0,0
5.956038545328976,49.43266991140809,4,7.413246816729899,0,0,0,0,8,1,0,1
11.067315356831052,27.016332651926685,2,2.0678237887413045,1,3,0,0,5,0,1,1
6.299736547900267,86.52440956922268,3,3.312950998054377,0,1,1,0,12,0,1,1
20.0,31.84684583517071,2,2.9808035148168393,0,1,0,0,5,0,0,1
2.1424339236549277,39.53832006610681,2,5.824427590295741,0,0,0,1,11,0,1,1
8.948739735661631,35.40877843704818,2,4.642047955922749,0,2,0,0,7,0,1,1
5.980598980887557,51.607588004183405,2,5.476185289355995,1,3,0,1,1,1,1,1
5.878327082703758,77.40633000278628,3,7.438231977700594,0,1,1,0,1,1,1,1
1.9714063662613652,85.78748898190315,1,3.6936676323763975,0,0,0,0,8,0,0,0
7.699601050012223,42.020077115554066,2,5.187986213225736,1,1,0,1,10,1,1,0
11.531762019413739,57.565179646358445,3,2.3241355618508526,0,3,0,1,6,0,1,1
1.2330107097309648,51.638108252081466,2,7.327571431483719,0,1,0,0,3,0,0,1
4.910775152221248,30.36781471111884,2,7.192827427326401,1,4,0,0,3,0,1,1
2.4890109000036027,98.45111149191888,2,5.723776294865588,0,1,0,0,11,0,1,1
20.0,77.25519124592512,2,5.239872204357422,0,1,0,0,4,0,0,1
3.2584219889258588,53.78231699422069,3,3.98170413087363,0,0,1,1,12,0,1,1
1.2959277394021453,81.63752186997975,2,2.208901610599714,0,1,0,0,11,0,0,1
2.405182340789365,74.2421342543561,2,5.611083882522349,0,0,0,0,3,0,0,0
5.304247657590815,51.63722682163511,2,6.512401621322175,1,3,0,1,12,0,1,1
0.39569967129075767,56.51927210655987,1,9.03874322210649,0,2,1,0,6,0,1,1
4.626681603442425,80.24252284753308,2,4.212900968505239,1,2,1,0,4,0,1,1
13.384557352992692,31.07692837740639,1,5.5403632364209106,0,4,1,0,6,0,1,1
9.49770749385607,83.47381394642679,2,7.228808432802557,0,1,0,0,2,1,0,1
0.3503612153767297,45.49774878629768,2,7.289065757721636,0,0,0,0,3,0,0,0
20.0,80.49353485695134,1,3.755058086442238,1,0,0,1,8,0,1,1
5.99869097649096,49.895468050743595,1,4.441681213482566,0,0,1,0,4,0,0,1
0.8853617360468934,56.75212444945944,2,3.949698694480736,0,0,0,0,5,0,0,0
0.0624690641193576,49.31383286855082,3,3.196310862929426,0,0,0,0,9,0,0,0
0.93938059199421,39.36312754377545,3,7.943338826046492,1,2,0,0,8,0,1,1
9.106227319789973,44.59890203711376,2,5.125427617965832,0,3,0,0,4,0,1,1
0.10938444266709552,77.58222806337133,3,4.851509074536179,1,3,1,1,4,0,1,1
1.3273027385623415,3.7167203465506304,4,5.495416324985413,0,0,0,0,4,0,0,0
7.079761105235861,25.220681103903257,2,5.107523930350963,1,4,0,0,10,0,1,1
4.410781678646722,35.49056581283796,3,4.558045252180654,1,1,0,0,9,1,1,0
7.6332037095139595,28.433104151279576,2,3.476885327066374,1,1,0,0,3,0,1,1
6.855068611664132,80.19959220830978,4,8.130560916193865,0,3,1,0,9,0,1,1
0.25963266958485637,75.15353955706408,2,3.859455474210917,0,1,0,0,8,1,1,0
11.151853305941222,61.840636187892315,4,3.1389758669850116,0,0,0,0,4,1,0,1
1.2875870700705916,37.243918650449295,2,4.8388886981599395,1,0,1,1,8,0,1,0
4.030375061670664,76.70103733588273,2,9.315030434872604,1,3,1,0,3,0,1,1
5.168171521715051,18.23740148008912,3,3.3568533913098486,0,0,0,1,4,0,1,0
0.923390922615745,92.83965280295872,3,6.419230437457246,0,3,1,0,8,0,1,1
18.696919341057324,36.30740405644899,3,4.507336790166229,0,5,0,0,10,0,1,1
3.348676510380926,44.759295563171236,3,5.489614496253944,1,4,1,1,7,0,1,1
0.29685386143313813,41.41312299010572,3,6.844361769923158,0,5,0,0,4,1,1,0
13.84394334022793,28.53785171802646,3,1.5606223836140165,1,5,1,0,1,1,1,1
4.412682393817196,88.50226247873839,2,3.2073177824161663,0,0,0,1,10,0,1,0
6.00643537034148,65.77789261568974,2,6.816025589854104,0,2,0,0,12,1,1,1
3.7240531375877866,74.30941084159575,2,5.194902168162685,1,0,0,0,6,0,0,1
9.001114559979085,25.52661455878458,3,5.42374928090886,0,1,0,0,1,0,0,0
0.1684740489992664,53.618756540079985,2,6.422767234091021,0,1,0,0,8,0,1,0
1.5624589555545119,60.420573786628076,2,3.2207970181947676,0,5,0,1,4,1,1,1
3.1710750697751333,55.415130470996864,2,7.110145075654641,1,0,0,0,10,0,0,1
0.3984834260969863,26.792530978640002,4,6.639567449281099,0,2,1,0,7,0,1,1
6.119290553752893,71.51000042261273,1,5.476634414516742,0,0,0,0,12,1,0,0
2.501600123761487,52.431001655703085,2,5.936263465734973,0,1,0,0,11,0,0,1
1.5918611052963392,30.900719287139943,2,7.329947555314053,1,2,0,1,11,1,1,1
0.0169228400114166,12.894989208946733,2,3.8123218825316867,0,2,1,0,7,0,1,0
6.361799149550667,62.1333302697976,2,6.3227140369224415,0,1,0,0,10,0,0,1
8.973097040973826,99.00911468263001,2,8.488714471429535,1,0,1,1,4,0,1,1
2.512969121612075,29.69491453307437,2,6.2812524989773175,0,2,1,0,1,0,1,1
4.153065539863341,53.40894100825932,3,4.5552135446826405,0,3,0,0,5,0,1,1
1.291824431804747,72.20994558183153,3,9.63641138074473,0,3,1,1,9,0,1,1
4.8669204693283366,24.606954677973974,2,5.4616290048209875,0,1,0,0,10,0,0,0
0.06105859381419745,40.40086461829951,3,7.797183199359495,0,1,0,0,7,1,0,0
3.35344528460322,32.79682441477196,3,4.1569371726385365,0,1,0,0,5,1,0,0
5.167009554768345,69.69353389649092,3,7.135604995811407,0,4,0,0,6,1,1,1
12.516887343333966,76.51045138708119,2,3.907149904917845,1,2,0,1,12,0,1,1
2.4009633452861574,53.1807252946347,2,5.646768476509104,1,3,1,0,12,0,1,1
7.244897334728163,33.16531862011798,3,3.7865197817874314,0,3,0,0,1,0,1,1
4.552624803917357,41.14418124144304,2,8.802311952394088,0,0,0,0,9,1,1,1
13.087308910411435,37.39002971506494,2,4.557737335622561,0,0,0,0,10,0,0,1
2.5406269937806507,30.454622767539867,2,2.784135746088737,0,2,0,0,6,0,0,0
1.9216649122350262,47.959235983630705,3,5.190237043804475,1,0,0,0,2,1,1,1
10.908124380488628,61.49652968923724,2,6.074189583882599,0,0,0,0,6,1,0,1
0.2524912179278619,59.805148888570386,2,4.946798045255317,0,4,1,0,3,0,1,1
0.7331433316356806,49.83535270860978,3,3.3733595429462513,0,2,0,0,12,0,1,1
0.4299927299301303,51.14107673650727,3,7.074633614579957,0,1,0,0,5,0,0,0
9.26105039679984,48.36898409820442,2,7.518360058563596,1,1,0,0,3,1,1,1
0.053320415588732385,24.055769216674534,2,1.704085302307075,0,0,0,0,6,0,0,0
9.89010147170035,53.20269793965745,3,3.245946092278732,0,0,0,0,12,1,0,1
3.0007237202058334,38.327488290907006,1,4.681144706734936,1,0,0,1,1,0,1,0
0.020167010475493182,23.053135616811247,3,3.938148605681817,0,0,0,0,2,0,0,0
2.5678567592488233,57.41411134231167,3,6.051909166295879,1,2,0,0,10,1,1,1
1.0338961573489656,37.7653992716291,2,8.678954414242346,0,4,0,0,12,1,1,1
4.896159147490404,54.55507842517672,2,4.238172980987642,0,0,0,1,1,0,1,0
5.687162532929263,66.95275630138855,1,8.153444402207992,1,0,1,0,3,0,1,1
3.342541826644103,30.99522557709536,3,2.063334287385375,0,0,0,0,1,1,0,0
0.2068165666992186,51.84242564145943,2,5.9116296250364915,1,3,1,0,10,1,1,1
5.337440615128233,13.791542365392772,2,3.8105770264912096,0,0,0,0,1,1,0,0
9.22702870972287,80.65066181218552,2,5.954779861308528,1,2,1,0,4,0,1,1
6.370622401380427,22.81867006222436,2,1.486380309085947,0,3,1,0,12,1,1,1
8.858546685033984,39.70360675205251,2,2.4292190411938748,0,0,0,0,9,1,0,0
1.1189032933130587,76.76759807527915,2,5.950625029020252,1,2,0,0,8,0,1,1
10.986080171405275,45.30954147838028,3,3.73999818867372,0,3,0,1,10,0,1,1
1.9444667859713116,26.052046273993994,2,4.353764788107659,1,3,0,0,7,0,1,1
0.06747734916780183,64.26146464573071,2,8.672570349654714,1,1,0,1,1,0,1,1
9.270035764223977,63.8106492430237,3,5.27514293833771,0,3,0,0,2,0,1,1
14.2211771858289,37.33627321269533,3,6.803033028563267,0,0,0,0,5,0,0,1
5.32915067897934,39.50146958439202,3,3.481455700791016,0,0,1,0,4,0,1,1
1.3161613033483819,41.29182058763828,2,2.317592614195349,0,3,1,0,1,0,1,0
1.4500536702877898,45.859520786279376,2,4.838529357916247,0,0,0,0,6,1,0,0
3.14235153342671,12.14057846156387,2,2.0190611933306934,1,2,0,0,1,0,1,0
11.405638765755405,46.37152277763801,3,3.602820793516651,0,0,0,0,10,0,0,1
0.810228478908803,85.67828396366298,3,5.4755084369961295,1,2,0,1,3,0,1,1
8.742743334915655,32.08060065526591,3,4.777478205876498,1,2,0,1,10,1,1,1
1.7216346817652628,38.33012813060472,1,5.669038770990244,0,1,0,0,3,0,0,1
8.266587712689264,26.327646736072083,3,6.200636792004163,0,3,0,0,1,0,1,1
12.645621866473443,62.243238527907074,3,2.6085505683877885,0,0,0,0,12,1,0,1
2.7886591983548854,74.06394716284753,1,3.116131457139133,1,0,0,1,5,0,1,1
2.2710502675809554,73.6063567835525,2,0.6428316092756221,0,1,0,0,8,0,1,0
8.103033230218092,25.0397882221268,2,4.25895338471424,0,1,0,0,12,0,1,1
3.7696146942656714,59.9958346099392,2,6.473511915234461,1,2,0,0,8,0,1,1
5.767175577349076,78.67500068428471,2,7.982553727212974,0,0,0,0,12,0,0,1
4.875286208642326,60.193262154202465,3,5.380963738166341,1,4,0,1,1,0,1,1
0.8296167996770858,59.56819366687553,3,7.746457727085381,0,0,0,0,10,0,0,0
9.314892808127654,40.56714842729683,4,5.767654047551969,1,0,0,0,4,1,0,1
1.0893816837130552,54.402196475873275,2,5.214898841002037,0,2,0,0,2,0,1,1
13.462026915195807,74.7263635941281,2,3.7774182468296376,1,5,1,1,12,0,1,1
1.4422204230275402,56.56417936857528,3,0.22967991396826548,0,1,0,0,7,0,0,0
6.6190580069454095,25.03450487940547,2,7.446378974439192,0,1,0,0,6,0,0,0
1.6749544262757867,40.87916651428057,1,4.893550049916802,1,4,0,1,1,1,1,1
1.9120551023238408,74.18559077777988,3,7.776593049601032,1,3,1,0,2,0,1,1
1.8553318329309196,56.4948664070219,2,3.1007337622886504,1,3,0,0,6,0,1,1
6.889493597306675,52.381241564861526,1,9.857640420144694,1,0,0,0,8,1,0,1
4.06884127536313,38.919689335065996,1,4.50242549066744,0,0,0,0,5,0,1,1
10.72587533224278,73.7719836106887,4,3.615622012514325,0,0,0,0,1,0,0,1
1.8363162941313924,83.24825195644513,2,4.570955907242029,1,5,1,0,4,1,1,1
5.888156086333746,75.26378246036066,2,5.34091284496451,1,1,1,0,6,1,1,1
6.990794327368696,78.85183242890746,4,4.860195987847948,1,3,1,0,12,1,1,1
0.8213205691732839,42.82587518467667,2,3.969339181747392,1,2,1,1,4,0,1,1
2.559041843506658,39.996618052521924,1,1.3931148877347685,1,1,0,0,4,0,1,0
3.2967972888666046,46.873096530016284,2,3.39134484175232,0,4,0,0,5,0,1,0
2.1978562561850157,50.77146483952507,1,7.148871338951741,0,3,0,0,2,0,1,1
1.9438703779197835,78.62039560250511,1,3.2405545990542564,1,4,0,1,8,1,1,1
5.7985021500530385,73.31773478936833,3,1.5661027258050253,0,1,0,0,2,0,1,0
1.2158793100072405,60.76938774508989,2,2.8890005044633917,0,0,0,0,8,0,0,1
6.1788784065816955,21.37626468306226,3,4.822707424321728,1,1,0,1,9,0,1,1
13.670240924131797,16.23956310806249,2,3.4815576655365073,0,1,1,0,1,0,1,1
4.164317113441019,54.80925489603406,2,4.440325842581607,0,2,0,1,11,0,1,1
4.726464243489645,67.60526411201434,2,3.403093590708392,0,1,0,0,4,1,0,1
0.35711859368273396,48.40865902027725,1,7.0194877927909545,0,2,0,0,5,0,1,0
9.993066000914434,88.2980900995681,2,5.981699021597167,1,0,0,0,3,0,0,1
1.6804960414237327,28.351179124391287,2,9.435919133057102,0,0,0,0,5,1,0,1
4.773224255013984,25.83296101008802,2,4.236557406793698,0,1,0,1,4,0,0,0
19.342942870225478,36.71438051051358,3,4.43024164952147,0,1,0,1,3,1,1,1
4.5255498580442515,35.954055736175285,1,7.367004047083899,1,2,0,0,11,0,0,1
6.449641648513339,60.52571737363959,2,5.782016770392506,1,3,1,0,10,0,1,1
2.946816099073657,41.56576296312994,3,3.116986639595135,0,2,0,1,4,0,1,1
0.3113233735149577,19.04319077442677,2,6.112842637647242,0,0,0,0,5,0,0,0
7.987530637953665,67.83156913390233,3,5.793057794626039,0,3,0,0,1,0,1,1
0.17812988440581445,14.800961478557404,3,1.4124082237485194,1,0,1,0,9,0,0,1
6.030839874551796,28.575635539785814,4,3.697378600174246,1,1,1,0,4,0,1,1
0.11594178514330672,17.545868585122626,2,5.380640380119235,0,0,0,0,4,0,0,0
9.913579514249392,54.142425541417474,4,7.892559414488094,0,3,0,0,4,0,1,1
0.8577154832843483,53.72095424302424,3,6.39599688858724,0,3,0,0,2,1,1,1
3.6105272188640503,88.32908642032706,3,3.87191077173601,0,1,1,1,2,0,1,1
4.545963717542499,68.276533122911,4,3.5835961909818015,0,1,0,0,1,1,0,1
3.0582544864903483,78.83292366684401,2,6.595466487819458,0,0,0,1,9,0,1,1
2.08336457808687,55.77219302596986,3,0.14734720766818654,1,1,0,0,11,0,1,1
3.153813916106591,30.46136357818873,2,3.3848373529338485,1,1,0,0,3,1,1,1
1.865588032353215,52.56215203986993,2,7.81861600475026,0,0,0,0,8,0,0,0
2.8823557611027395,61.84842014774613,2,5.593634958466092,0,1,1,0,10,0,1,1
2.2229504590029228,64.0761476450315,2,3.482677695544141,1,3,0,0,3,0,1,1
4.175913999234993,40.551757117833155,2,2.5958331489993385,0,0,1,0,12,0,1,0
1.3585460181742695,59.775729475647985,4,6.679469335978295,0,2,0,0,11,0,1,0
20.0,31.33944058317471,3,5.1556226931860145,0,1,1,1,11,0,1,1
3.4744430136003537,29.13444811778566,3,4.562579080549634,0,4,0,0,4,0,1,1
1.079363226500714,27.6843057722903,3,5.747961114644384,0,0,0,0,2,0,0,0
3.2415072564904652,50.49251977113594,2,5.329196099293794,1,1,1,0,1,0,1,1
10.065091346192869,26.44327289847393,2,5.175811614757574,0,1,1,0,10,0,1,1
0.11024037707906068,41.505112202579845,2,2.3516259621542313,0,0,0,0,9,0,1,0
5.690209376243338,68.05833102827916,1,2.9471496933454953,0,0,0,0,4,1,0,1
3.9700092782832557,29.4174064384339,3,6.496560872188831,0,0,0,0,2,0,0,0
0.9289859151774872,39.91375932991366,3,6.1183028673564746,0,0,0,0,9,0,0,0
8.504380072965875,51.43262553552339,2,5.764239851557299,1,3,0,0,5,0,1,1
2.3013329215156597,54.937738030645335,1,3.8269746743108275,0,2,0,0,2,0,1,1
1.739298341772459,40.01418818388878,2,6.530379857529295,1,3,0,0,6,0,1,1
8.804944634101288,65.73720137470315,2,4.258510376825646,1,0,0,0,11,0,1,1
5.087812619272823,61.80904601569449,2,7.603066922164547,1,3,0,1,9,0,1,1
11.426628665450412,72.79713208723406,2,3.5063540211905457,0,0,0,0,9,0,0,1
4.969690041640632,48.3679615130588,2,3.9494247272930663,0,0,0,0,2,0,0,0
6.751117207813559,39.74362381087313,4,4.697102402375597,0,0,0,0,5,0,0,0
9.053057168281194,36.347359559757564,2,6.694600961148465,0,5,0,0,3,0,1,1
0.2814743594038182,56.140550358587255,3,4.929843858559985,0,0,1,0,5,0,0,1
7.481639086986859,42.45688434377454,3,5.075364697365796,1,1,1,0,9,0,1,0
4.755788943830867,38.616604446384216,2,4.216817565905819,1,3,0,0,9,0,1,1
0.3602079088992457,41.03425471509355,3,5.5361839732822045,0,0,0,1,12,0,0,1
3.5522594543112183,36.32619029751496,2,4.8585390118118905,1,0,1,0,1,0,1,1
0.43028504263308626,53.98042225525464,1,3.431395232170562,0,3,0,0,8,0,1,1
6.658031011796034,21.74833634911878,1,5.254582965096759,0,1,0,0,3,0,1,0
3.953818943508728,56.06032584949926,3,5.301617537250043,0,1,0,0,8,0,0,0
15.349428339636145,63.530975208059004,2,9.69960129758785,0,0,0,0,8,1,0,1
1.0114094566455676,38.382417236454046,2,3.777947841959376,0,0,1,0,9,0,1,1
4.657446390814416,88.44073879213094,2,3.321248514862255,0,0,0,0,10,0,0,1
1.1886352179908863,50.352426219537065,2,5.558068521187265,0,4,0,1,2,0,1,1
4.76043138953263,18.77314033800223,3,3.014327165657737,0,3,1,0,11,1,1,1
6.41236979663948,44.375141873266585,3,2.853899704252353,0,0,0,1,3,1,0,0
6.406147373712166,51.25312289871594,2,2.126202620248371,0,0,0,0,12,0,0,1
8.438997417703643,58.97935111140428,2,3.4508528696151295,0,0,0,0,2,0,0,0
9.605363811351605,44.85138951778307,4,3.5002245081162426,0,3,0,0,10,0,1,1
0.40210241238780703,29.768594485912185,3,2.433475652651992,0,1,0,0,7,0,0,0
2.1023898748195187,28.100387637754345,3,4.499432527308733,0,0,0,0,6,0,0,0
5.809718019616941,36.92801429636658,1,0.2680377045359883,0,0,0,0,10,1,0,0
3.451618724952657,38.84449274962474,2,5.983531562623389,0,2,0,0,10,0,1,0
1.0577794093641506,27.300516702014853,3,3.8864120429652385,0,1,1,0,4,0,0,1
4.022735820908919,35.34373677792602,2,4.1804326450155065,0,4,1,0,11,0,1,1
2.6164790447169106,63.1891704887871,3,6.173750020720603,0,1,0,0,12,0,1,1
2.4717953701830937,82.96825215388974,3,5.743487818767995,0,3,0,0,11,0,1,0
8.297179110859611,65.10923427741926,2,3.740187914592423,1,3,0,0,11,0,1,1
2.617851920100842,76.11722172373625,3,5.9035815113163155,1,3,1,1,11,0,1,1
0.13405361159639553,69.48236936467396,2,8.097789216544165,0,2,0,0,9,1,0,0
0.2990862270214405,66.66260656796689,3,2.975632837746883,0,4,0,0,1,0,1,0
9.698190755309477,43.244074738853435,4,6.5075494227128585,0,0,0,0,1,0,0,1
16.170050107915078,52.81821756773894,4,2.773788524611112,0,4,1,1,9,0,1,1
5.830324641930034,41.58761315087957,3,7.350852124693619,1,2,1,1,5,0,1,1
2.2656798107329754,45.61785675332746,2,3.576145885771612,0,1,0,0,5,0,1,0
13.951752935394353,51.363342007731724,3,3.4997555990911886,0,1,0,0,1,0,1,0
5.435441029246392,64.27132303158054,3,7.298420282387939,0,3,0,1,2,0,1,1
9.300198483509124,58.466467630302475,1,6.4431498915115295,0,2,0,0,3,1,1,0
7.2590159170265505,46.76341473971287,2,3.641814865173422,0,2,1,1,8,0,1,1
2.383242816177681,51.110774817833324,2,5.254737477546549,1,1,0,1,4,0,1,1
3.2571690453385935,58.669273483870526,1,3.5800961990268725,0,1,0,0,1,0,1,0
1.0297863898181971,63.3478887611567,4,1.8145244830518537,0,1,0,0,8,0,1,1
1.72665550681742,19.62009673485595,2,5.378570236254974,0,0,1,0,1,1,1,0
7.528220496015967,28.452220722021263,2,4.287155664386376,0,0,0,0,2,0,0,0
11.22056177742667,72.14621067878684,2,3.1083328874903273,0,0,0,1,8,1,0,0
6.4451200322330235,48.78260860137884,3,7.609430159224727,0,0,0,0,8,0,0,1
3.129066257248395,41.51846813266042,4,3.1759596423306173,0,0,1,0,10,0,1,1
0.4524102491907781,44.730010541479224,2,5.287957249761075,0,0,0,0,1,0,0,1
0.2931690015469388,44.725893888468924,3,7.159823140957977,1,2,0,0,2,0,0,1
2.344625572162731,61.15875563048748,2,4.487889302926144,0,0,0,0,8,0,0,1
3.1164427948787687,27.83967212038466,2,3.531649098438532,0,1,0,0,11,1,1,0
4.696781316504345,50.495554929935224,3,5.59549660893959,1,0,0,0,4,1,0,1
0.03255334938140646,54.92235458900809,2,5.91139944716475,0,0,0,0,10,0,0,0
20.0,57.925358331310065,2,6.753121393382619,1,4,0,1,9,1,1,1
2.262303124911041,54.457279924205864,2,8.74241890298702,0,0,0,0,3,0,0,1
9.422488701571197,60.31812460628056,1,4.085417970085118,0,4,0,1,11,0,1,1
3.8282313761921474,38.54607697883374,2,5.391708011035654,0,2,0,0,8,0,1,0
0.6988365755147012,31.16394535350089,2,2.4615193673734077,1,0,0,0,10,0,1,0
7.986695805314051,99.14008886501027,3,6.3327539990946615,0,0,0,0,7,0,0,0
6.1863912016706735,43.97470630851527,2,5.367433285391532,0,4,0,0,8,0,1,1
3.7479113560272403,46.31091058690864,2,4.642621202416004,0,3,0,0,9,0,1,1
3.613426755809552,63.55680195435769,2,3.763878974826113,0,2,0,1,4,0,1,1
0.45772421956624143,81.92178584388482,4,4.303145829304229,0,4,1,0,10,0,1,1
5.333373075016587,39.10943766130608,3,5.472666019625415,0,0,0,0,5,0,1,1
12.109386345330345,30.023694636209488,4,3.0676592244206775,0,0,0,0,7,0,0,0
0.4894144877492953,25.156932984167796,1,4.385760843649406,0,0,0,0,6,0,0,0
1.5293079529255675,81.86212443005851,3,5.033356086930535,0,1,1,1,3,0,1,1
11.629676673744724,29.237860270779315,1,1.9207597475753255,0,2,0,0,8,0,1,0
1.6727777419496417,49.44888126968866,3,2.8974053096534726,0,1,1,0,11,0,1,1
5.305768600032954,30.45430335914062,2,3.679990927961165,0,1,1,0,2,0,0,0
3.8266345334959855,21.03288164083392,3,8.136463465474627,0,1,0,1,11,1,1,1
4.535758167279822,44.15249293812628,2,3.3385497145497935,0,3,0,0,1,0,1,1
2.687464457832261,31.244266673176792,2,4.888416759911829,0,1,1,0,6,0,1,0
1.7833137954484908,36.16743149153375,3,2.918872506279027,0,0,0,0,10,1,0,1
0.24875374324582877,90.12210194834807,4,3.4471936157048875,0,1,0,0,1,0,0,0
6.818379281128387,58.49792208344806,2,2.11798325690461,0,0,0,0,1,1,0,1
6.853945205362997,68.62939039107978,4,6.340604709347355,1,1,0,0,9,0,0,1
5.554321293501305,66.49319125698506,2,2.348907485129915,0,3,1,0,11,0,1,1
5.1589819590338255,47.9827815384195,3,6.814022026289335,0,0,0,0,1,0,1,0
1.3966990449242704,41.205632812447526,4,5.935794392109955,1,4,0,0,9,0,1,1
0.11299182085347972,54.97869223722233,2,4.849196305866813,0,3,1,0,3,1,1,0
8.269964456618132,53.369015398649886,2,6.8800517907863465,1,0,1,1,2,0,1,1
3.377897358838201,38.62389165669384,2,10.0,0,1,1,0,3,1,1,1
1.8324586471877093,52.59695660933721,2,5.955051282252785,1,3,1,0,2,1,1,1
0.5375469295807206,35.87340586607416,3,2.7598787560050844,0,1,0,0,2,0,0,1
0.3238745635200182,46.57084138718321,3,7.978035319425173,1,1,0,0,1,0,0,1
2.1452046465117256,43.294330509653264,4,5.372222913051268,0,0,0,0,4,0,0,1
8.167041214318074,24.622548147884416,2,9.222246802281436,0,0,0,0,5,1,0,1
12.549507124154815,2.976835737756602,2,3.9878995561132133,1,2,0,1,4,0,1,1
11.353076319098802,31.218735001206017,2,7.563888045381111,0,1,0,0,1,0,0,1
12.6286953936669,86.08209329172601,4,4.999686458705462,1,1,0,0,2,0,1,1
11.914928743122609,43.806364359265444,1,10.0,0,0,0,0,3,0,0,1
3.7456758268064165,65.51936321792809,4,4.436798489009526,1,1,1,1,1,0,1,1
1.2385622922872432,7.51109713813284,2,10.0,0,0,0,0,10,0,0,0
7.998591081390703,29.834278640713446,3,5.879652105697538,1,4,0,1,3,0,1,1
1.2021669063434668,22.91020765275299,2,6.693929516230327,0,2,1,0,6,0,1,1
1.5544619787162866,45.953999798257705,3,8.400664887872129,0,0,0,0,9,0,0,1
1.3280005627541958,98.43910961070486,2,3.424491419722469,0,4,0,0,2,0,1,0
3.6178505383160964,59.20477886455836,3,6.938193692053508,0,1,0,0,12,0,0,1
1.941768053346007,83.91225066556173,3,4.414493318258397,0,0,0,0,12,1,0,0
0.8371019610594889,44.911265446286734,2,5.302237758641861,0,0,0,0,7,0,0,0
3.0181177519737434,77.29738747710144,1,5.1661225148211765,0,2,0,0,6,0,0,1
10.353687213876562,91.46513413365781,3,6.144821472863619,0,1,0,0,6,0,0,1
4.226283033568483,47.81261867179084,2,6.060368654503997,0,4,0,0,1,0,1,0
10.532444463851572,39.2147057754527,3,3.8496101599690644,0,1,1,0,10,0,0,1
1.0899852432799795,23.643781260196945,3,5.2497083419898045,0,0,0,0,2,0,0,0
0.9134513658427402,43.81879482846061,2,0.3313283612803799,0,0,0,0,4,0,0,0
4.285124878587103,51.63793350401582,2,6.980347329568897,0,0,1,0,3,0,1,1
3.11184925858762,90.61907234698297,3,8.387883407362235,0,0,0,0,3,0,0,1
5.396587799402085,24.100520518078273,3,5.3812560973641,0,0,0,0,11,0,0,0
7.914632117130614,51.193237873939566,3,1.787955573054489,0,0,0,0,11,1,0,0
6.957686318772779,13.713837572207659,2,6.485895272454271,1,4,0,0,10,1,1,1
14.259127157828315,41.46474342322864,4,3.4724609667995585,1,1,0,0,4,0,1,1
2.5396192661950554,56.22790714824038,2,5.364632689455892,1,1,1,1,6,0,1,1
1.155795086572746,60.25166305377116,3,6.371018254792759,0,1,0,0,7,0,0,1
4.002689221738651,61.780461592838435,2,6.092900759037311,0,3,0,0,11,0,0,1
0.5868456577079735,57.94808065773691,1,7.161710499720086,0,1,0,0,3,0,1,0
1.7043674028293498,61.60843880192482,2,5.2927612794590795,1,1,0,0,9,0,1,1
1.1652627639558408,50.91478258005327,2,5.346723219914067,1,0,0,1,10,0,1,1
2.525574114019678,29.042673880220566,4,6.47358074888732,0,3,0,1,1,0,1,1
0.5895084478648666,12.966860726398878,2,4.857214860882725,1,1,0,0,1,0,0,1
0.1617985901551015,39.06624356525566,1,3.6241951621103947,0,0,0,0,3,0,0,0
5.347122212470988,47.30769133873541,1,5.904036849645775,0,4,0,0,1,0,1,1
4.711235747987696,75.07863594350961,2,2.742274044576234,0,3,0,1,10,0,1,1
6.161157329247825,47.98796649687626,2,4.838219705623612,0,2,1,0,5,0,1,1
5.39973448406228,46.06861931566615,2,2.2444464152053447,0,1,0,0,3,0,0,1
0.6068549046297357,57.71054253683559,2,3.8903747343912745,1,1,0,1,4,1,1,1
1.720055079344783,44.59976025097596,1,3.973318246523726,0,1,0,0,5,1,1,1
0.6935904438268092,66.21083997893876,2,3.0315678476484,1,4,0,1,3,1,1,1
9.25666852975851,89.58667236767756,2,7.2010637748903825,0,0,0,0,7,0,0,1
6.869925269362316,93.81571028421402,3,7.03598319959794,0,1,0,0,3,0,0,1
1.125270644768301,51.94081254488978,3,7.628025485558542,0,0,0,0,9,1,0,0
2.0875055590389833,56.73784729390896,3,4.624311554315349,1,4,1,1,3,0,1,1
16.998241749789578,81.57712240746967,4,4.132784022957511,0,3,1,1,11,0,1,1
4.508973517621068,47.00075954207458,3,6.607169610509606,1,2,0,0,9,0,1,1
8.076163280417298,63.583842838483584,2,5.256825790219798,0,0,0,0,5,0,0,0
1.5366425961512213,27.296797406283495,2,5.24703492473166,0,0,0,0,4,1,1,0
1.1789466166678904,43.78321703450004,4,0.0,0,2,0,0,12,0,1,0
7.660461782799265,73.12229233290614,3,6.513029206302958,0,0,0,0,12,0,0,1
5.789780910088487,35.636087324247534,2,6.247949964925131,0,1,0,0,7,0,0,0
5.712474955833469,47.438976425406445,2,4.98916715378069,1,2,0,0,2,0,1,1
4.02189764008389,18.51580708795761,4,6.63169554892812,0,2,1,0,5,0,1,1
4.145731996265541,90.11536589019273,3,6.203403978941126,0,1,1,0,9,0,1,1
6.653305092724531,75.26056139633806,2,3.6066298303071007,0,1,0,0,12,0,0,1
1.5735707182081704,53.761991323054964,4,4.560427498124281,0,0,0,0,3,0,0,0
2.1752559523540227,60.15025744164656,4,2.984429609989937,0,1,0,1,8,1,1,0
10.26445651753072,57.91796213886737,2,7.924477973150316,0,3,1,0,3,1,1,1
1.847101980548568,77.68623506061572,3,6.954360957162189,0,0,0,0,3,1,0,1
3.9517009440413746,39.62399915257255,3,3.372165322302578,0,0,0,0,3,0,0,0
6.064049752441609,64.64535239856464,1,6.237751032989781,1,0,0,0,6,0,1,1
20.0,71.54832997704347,3,5.557184669674031,1,3,0,1,7,0,1,1
2.8572265589212353,74.30651940952913,2,3.6280941490014653,0,1,0,1,7,1,1,1
2.7938933625399196,4.812582323366044,3,5.248654017256941,0,0,0,1,1,1,1,0
9.244455587376935,38.01451043469711,4,6.716769394869035,0,0,0,1,8,0,0,1
8.186695561231232,29.61658757396192,2,6.879839054927113,0,1,0,0,6,0,0,0
6.566630137035948,52.99176571141371,2,9.663967392138353,0,0,0,0,7,1,0,1
3.11092453058773,9.679395609714554,4,5.188578306343532,0,2,0,1,12,1,1,0
1.9573607403019146,9.08754218108794,4,4.524422131777381,0,0,0,0,11,0,0,0
4.691793268024088,93.4018998375252,1,6.124280527755674,0,5,0,1,5,0,1,1
10.446380438699903,62.35378776526681,4,4.634074921864643,1,2,1,1,7,1,1,1
10.761242310289777,52.42018486397623,1,3.8301911194342426,0,1,0,0,1,0,1,0
0.574239926689575,57.27345295677964,2,3.1484335282670957,0,3,0,1,1,0,1,0
2.7961442973745436,52.9268184749836,3,0.0,0,0,0,0,10,0,0,0
3.124844795239305,69.94701313103052,3,6.469678860415012,1,4,0,0,8,1,1,1
18.99690302864401,37.35111615872043,3,1.724052535856614,0,2,1,1,6,1,1,1
5.6659878480691,53.73229652147138,1,3.240293113411297,1,3,0,0,2,0,1,1
2.614882548950703,54.54842535875431,2,5.58488718239005,1,3,0,0,6,0,1,1
0.13201704151206445,29.062840830833245,4,4.356986410845296,0,3,1,1,12,1,1,1
4.166475328147781,75.53966118126105,1,9.298594498356518,1,3,0,0,4,0,1,1
0.5050498298479085,41.08646520197181,1,1.9815200538389437,0,0,0,0,3,1,0,0
8.99240878674654,70.34843339617802,3,9.47744219180004,0,2,0,1,10,0,1,1
6.9821004802985955,52.298254527429606,3,7.761169218101157,0,4,0,1,9,0,1,1
3.08564736470927,82.67169664818115,2,6.818192770196607,0,2,0,0,11,1,1,1
2.8036763926461106,29.172418229569516,2,7.878624352955084,0,0,0,0,4,0,0,0
11.381613228087824,28.304823969791002,3,5.809223997432081,1,1,0,0,10,1,1,1
1.7016066272689956,31.886088179913827,4,1.5934940055702715,0,5,0,1,6,1,1,1
1.4318810413635061,52.66591101028748,1,6.029703362231852,1,1,0,0,10,0,1,0
14.000616338204502,80.8293679155641,2,2.038649216285984,1,1,0,1,12,0,1,1
8.283848916929657,81.86187236330501,2,3.9432754419684164,1,5,0,1,12,0,1,1
8.591399993858332,3.8006279912312024,3,4.843835804568523,0,2,0,0,3,0,0,0
1.085768968136699,54.994143224450774,2,3.1778749641913864,0,0,0,0,12,0,0,1
0.773314004708252,0.0,3,6.892088940728945,0,3,0,0,6,0,1,0
0.13187157210557815,65.9006358757007,2,4.572484846001656,0,0,0,0,10,1,0,0
1.3527582571503287,72.36338829790414,2,5.818616462008933,0,0,1,0,8,0,0,1
7.440317594138742,49.19511450615629,3,4.981173675279272,1,0,0,1,2,0,1,1
1.372436989924828,51.67963154989509,2,5.252358319346943,0,0,1,0,6,0,1,0
6.530088255117614,51.4727778588048,3,3.226265431146297,1,2,0,1,6,0,1,1
1.4511483432209458,34.311161625175075,2,2.651917109596525,0,1,0,1,5,0,1,0
2.5150520277327044,58.634115706429604,2,4.692462659282227,0,0,0,0,11,0,0,0
20.0,45.37183996693486,2,3.0677714461035723,1,0,0,0,9,0,0,1
1.4039409914060677,68.60583418579236,2,7.787111409915145,0,0,0,0,5,0,0,1
2.3609952053844956,47.72746130961541,2,2.247129832416238,1,0,0,0,12,0,0,1
1.7911463311115443,32.77953787023482,3,9.674004622088043,0,0,0,0,10,0,1,1
0.5805627066527015,19.28270658268979,2,5.6040502550545686,1,1,0,0,8,1,1,1
3.3656850517646135,12.718703498885759,3,5.138653809801093,0,1,1,0,3,0,0,1
2.3796309719731603,76.2501868790887,2,3.919467501560148,1,5,1,0,2,0,1,1
5.935366802088891,40.84421294281962,2,6.313842064705293,0,0,0,0,9,0,0,0
8.507616528449033,56.771483801632975,2,4.591449978557953,0,0,0,0,3,1,0,0
3.9290511948702838,85.66459783489037,3,5.600948388935899,0,1,0,0,8,0,0,1
0.16363063837575648,38.74391337404217,1,6.683646334079577,0,1,0,0,2,0,0,0
4.823760676037488,37.45045031237693,2,6.338618938387294,0,5,1,0,10,1,1,1
0.28491953956346994,47.35676495289352,1,7.479722401895404,0,0,1,0,6,0,0,1
4.790205416117097,50.58865400839986,2,6.075682147321563,0,0,0,0,10,0,0,1
5.776388608608277,87.75102700511692,2,3.097464623574772,1,1,0,0,2,1,1,1
1.1017848597859374,81.31641188188226,1,0.8404213276787313,0,0,0,1,4,0,0,0
8.555862513054345,62.41750831813494,2,5.4220674585819,1,0,0,0,4,0,1,1
12.100379507804854,78.98827537993736,2,5.45092630891141,0,0,0,0,8,1,0,1
8.385559095166274,46.43561974864288,3,8.851859630221131,0,3,1,1,10,0,1,1
1.8200027698947858,55.98329134376957,3,4.768318766138104,0,1,1,0,5,0,1,1
4.417218413672554,43.9697271092261,3,5.7489846062284915,1,0,1,1,9,0,1,1
12.314658341826274,24.19263234840721,2,6.554352811531345,0,1,0,0,11,0,0,0
1.9332024873871072,74.0774948358719,2,6.026816241975019,1,1,0,0,3,0,1,1
8.574765040900315,60.63397467979721,3,6.6878875836345895,1,2,1,0,4,0,1,1
0.04760152950733006,50.361469468473274,2,3.363581383748283,0,1,0,0,1,1,1,0
0.018266841073859244,49.95064301375649,2,3.047267332465103,1,1,0,0,10,1,0,1
7.12957830753815,19.87570258186983,4,4.43887833888666,0,2,1,0,10,0,1,1
7.16583105682248,30.45049333694569,4,0.6518672206138563,0,3,0,1,9,0,1,1
7.778945184529552,56.723063402280495,3,4.920840819464068,0,0,0,0,8,1,0,0
13.298217544255277,39.417746654509884,4,3.6808338151835764,1,2,1,0,7,1,1,1
0.6272850309528327,45.6457391756502,3,5.644426667255469,0,2,0,0,5,0,0,1
1.319729976115451,47.90687870441797,3,4.469862421993524,1,2,1,0,8,0,1,1
11.70272886105607,36.350624619657786,2,2.9691343747307286,0,1,0,0,11,0,0,0
0.9754305778725838,30.64163359951899,4,7.621713726018129,0,0,0,0,2,1,1,0
5.732125617228878,17.75284738149253,3,5.165038208415965,0,2,0,0,3,0,1,1
3.7800408814206365,47.06963441976919,2,6.725717682850555,0,1,0,0,5,1,0,1
0.4342951803423435,62.37217095220567,2,5.367028921508184,1,3,1,0,11,0,1,1
1.6792078112812563,17.12731715560099,1,5.927990262414102,0,0,0,0,9,0,0,0
3.67372463408235,49.51904349800348,4,2.2780085506971113,0,0,0,0,3,0,1,1
9.564557305328456,55.62286505383121,2,7.556207007912586,0,4,1,0,6,0,1,1
6.147111046974886,30.208391925417107,2,6.757363300752591,0,1,0,0,1,0,1,0
4.8627601722150775,78.44283623096176,2,4.962319398655056,0,0,0,0,11,0,0,1
3.4262213543021005,42.28569261923184,4,5.576004187746525,1,2,0,0,7,1,1,0
1.7739834292384202,47.97480623086978,3,7.005211720452511,1,1,0,0,5,1,1,1
0.6348784205494028,46.774609988040424,2,4.2559995917790765,1,4,1,0,2,0,1,1
2.63033961970417,14.584511548178881,2,1.833839170670963,0,5,0,0,3,1,1,0
0.14466523397979408,70.17504143368087,1,4.29347205123336,0,1,0,0,11,0,1,1
1.185298981089541,30.889624631615252,1,5.304778984309481,0,0,0,0,10,1,0,0
2.8324261821958525,45.26958969188527,2,4.935120415853266,1,3,1,1,10,0,1,1
2.711626050907391,61.95322002555991,2,7.635132314657538,1,1,0,0,2,0,0,1
0.2265322096466675,79.21806852289068,2,3.080195222161396,1,1,0,0,2,0,1,1
4.4465421706986605,28.401354362063213,2,3.3334187390664387,0,1,0,0,8,0,0,1
3.989031443010702,41.070328288111455,1,2.883906996644825,1,0,0,0,4,0,0,1
0.40661594915163557,77.64837260014306,4,5.857482190114968,0,2,0,0,1,1,1,1
14.3378433993859,59.27427758550894,2,1.9479324938523317,0,2,0,0,6,1,0,0
0.5233747477313698,63.42342718103217,1,6.487512796066623,0,2,1,0,8,0,1,1
9.649392028073414,28.977365284476644,2,3.1342309573810727,0,0,0,0,5,0,0,1
0.0015488994592121016,42.415809401468834,1,3.453795280490966,0,0,0,0,2,0,0,0
10.697278288892864,46.64329135239139,2,8.540450519982466,1,2,0,1,12,0,1,1
0.09958380328771413,32.84210485314052,2,7.465159457391358,1,3,1,1,10,0,1,1
7.090205633018928,16.50860748652186,3,5.238426635513804,1,2,0,1,5,1,1,1
2.244662456210612,39.79002882472808,2,2.377923698914614,0,4,0,0,12,1,1,0
6.701192996045612,77.0857639916886,2,9.028844913301716,1,2,1,0,6,1,1,1
2.568692689461302,51.18346931120992,4,4.607356895128264,1,4,0,0,1,0,1,1
0.3677371512972032,77.48581827146752,2,5.495161952936447,1,1,0,0,3,1,1,1
7.294469258843973,53.580418284590394,3,6.823867538222915,1,1,0,0,10,0,0,1
0.36959287141435104,34.70584540824075,2,1.0742095869201362,0,4,0,0,2,0,1,0
12.762958481761402,75.55238026463444,2,3.7199253363367832,1,0,0,0,1,0,1,1
0.26159560600666953,54.24652281335798,2,4.8638505199325675,0,1,0,0,6,1,0,0
3.2631488287034403,69.23677664854795,2,5.261439423422896,0,0,1,1,4,1,1,1
6.419310398104586,28.633436577588572,4,2.3927863158606697,1,1,1,0,6,1,1,0
2.4981630396343344,70.77512579229007,1,5.652675322628548,1,3,0,0,4,1,1,1
1.2246040350590381,71.37778551088397,2,5.067480807877099,0,0,0,0,4,1,0,1
7.116679249579237,55.79534288713071,3,8.334635298051856,0,3,1,0,4,0,0,1
7.669210884627792,33.86155828380435,1,7.000581578011413,1,2,0,0,7,0,1,1
12.799982174324615,49.07982342574776,3,4.461488425449323,0,0,1,0,8,0,0,0
2.359347728376415,62.225822944764886,2,4.607861026097327,1,1,0,0,5,1,1,1
3.528647378394771,54.69140039873067,3,7.028993540645777,0,1,0,0,1,1,0,1
2.2559364043123162,62.02165476215528,3,5.567248577300892,0,1,0,0,6,1,0,0
1.4858468197536412,70.24491815305811,2,2.2577331786275403,0,1,0,0,12,0,0,0
6.95217383466453,37.03106693256157,2,9.187581670580556,0,0,0,0,11,0,1,1
2.0749403774739825,26.898487580797216,2,3.020262614169398,0,1,0,0,1,0,1,0
2.7943879198082566,49.249223972555164,2,9.957939086798827,0,0,0,1,3,0,1,1
2.584836037239274,43.40513682260264,1,5.855909844159287,0,0,0,0,6,1,0,0
6.235466804508084,65.71692826312301,4,3.7291174206547915,1,2,0,0,4,0,1,1
12.492733840016296,28.510032206823837,2,0.26593463176244825,0,1,0,0,11,0,0,0
5.494402542789903,70.4076374835536,1,6.553528938496731,0,1,0,0,2,1,0,1
3.189343849429509,77.07224219093533,1,1.8993788287615976,1,0,0,0,8,1,1,0
7.55260564712888,50.006099285245796,2,5.7145891167364375,0,0,0,0,6,0,0,0
5.121765082933768,51.21472251162609,1,8.867265405044773,0,0,0,0,3,0,0,1
0.31262465348926466,34.64906997539694,2,2.7246422695397703,0,0,0,0,8,0,0,0
0.502769244496314,39.14678202051867,1,6.476110824146011,0,0,0,0,2,0,0,0
0.19327247660717972,41.833266387086326,1,3.376800770284224,0,0,0,0,8,0,0,0
3.051538793987147,78.85880135675862,3,7.266299073537805,1,1,0,1,9,1,1,1
8.73929001472169,48.56258428378452,4,5.13164535990961,0,0,0,0,6,0,0,0
1.877710278675705,23.556540867199832,2,4.96187320429289,0,0,1,1,11,0,1,1
2.4238419337601105,55.10708684224007,3,7.414576622950442,0,0,0,0,12,0,0,1
12.010762570253013,66.52580249244552,1,6.250584882300455,0,0,0,0,8,0,0,1
9.067064467653978,49.4917726135681,3,3.3906219229510084,1,2,0,1,10,0,1,1
5.468841882618461,79.38426879453979,1,8.574226843508601,0,0,0,0,8,0,0,1
1.5517096068314762,65.55017334531796,3,1.928347031960953,0,3,0,0,8,1,1,1
0.6223852937192378,29.017425402242928,3,5.551394191295248,0,1,1,0,1,0,1,1
0.08094581431592522,38.97134375207196,3,3.3542706182214044,0,3,0,0,10,1,1,1
0.5659032479089162,54.52452562849218,3,2.02555058488427,0,0,0,0,10,0,0,1
1.7307698741643465,16.676215239467858,2,2.731637980400557,0,1,0,0,11,0,0,0
4.0124677412407355,56.72713474941229,2,4.901520960318739,0,0,0,0,2,0,0,1
0.33069945457609334,14.768351454907034,3,5.699453528297136,1,0,1,1,2,0,1,1
0.732230886241041,70.4686691112902,2,7.117863662398836,0,0,0,0,8,1,0,0
0.9988486880037557,68.14547369583417,1,7.95207301878735,0,1,0,0,4,0,0,1
4.998118408128166,60.095627218301416,2,5.555374294208073,0,2,1,0,3,1,1,0
4.782827388365256,36.48243271295377,3,4.113613442258384,1,0,0,0,12,0,1,1
4.001053798839608,53.404056492270776,1,7.078034614009179,0,2,1,0,9,1,1,1
1.4417543115155933,39.732450249707014,3,3.77071703151549,0,0,1,0,5,1,0,0
2.3190716424743374,29.383694450998675,3,1.8087709419373015,0,1,0,0,2,0,0,0
0.5084458517154447,43.225139764571786,2,6.8780230248853425,0,0,0,1,11,0,0,1
1.2838933891326971,63.96531072984191,2,7.647823703626985,1,3,0,0,10,0,1,1
11.399483484966101,50.87628385663522,4,3.3563767038525327,0,1,0,0,2,0,0,1
19.483639480248055,79.01419848268847,3,8.921646326998,0,1,1,0,5,0,1,1
5.215787422307557,65.3156107896055,2,6.166104637671744,0,2,0,0,1,1,1,0
12.433939612767384,63.17381627811237,2,5.867923955929785,0,0,0,0,12,0,0,1
5.146483951773902,17.82146901108792,2,3.9666278023981265,0,5,0,0,8,0,1,1
0.16879997798712992,44.29682939689443,1,7.034577536487125,0,1,0,0,12,0,0,0
20.0,28.71255179131601,2,1.9512437457144283,0,3,0,0,5,0,1,1
0.5209854173520596,46.33994240752192,4,4.320419108846591,0,0,0,0,6,0,0,1
5.738620895689197,36.134477521536866,4,3.533673528075553,0,1,0,0,7,1,1,1
1.4573542244693984,42.44790093884123,3,2.382134499705225,1,4,0,0,7,0,1,0
2.487746666003462,71.223254647477,2,6.7259749106313125,1,3,1,1,7,0,1,1
5.19136232243837,59.50499858011668,2,5.682276953181798,1,2,1,0,11,1,1,1
2.867827477730787,70.14228857963269,2,6.609383010388315,1,1,0,0,9,0,0,1
1.4420520810227277,17.986337819680287,3,4.443399982152961,1,2,0,0,9,0,1,0
2.035678916132329,51.15949393231327,2,6.970159103946164,0,1,0,0,6,1,0,1
2.0893191548347487,69.33409962793202,3,5.154283512630393,0,0,0,0,5,0,0,0
16.0105734671806,80.12591829774311,3,4.055707332055104,0,3,0,0,8,0,1,1
8.012634640063864,19.038232206150138,3,3.722222468871255,0,3,1,1,5,0,1,1
3.0675114198235693,42.9703272767766,2,1.0341924667502598,0,1,0,0,12,0,0,1
1.1145986339574616,70.68453348009525,3,7.328742606833874,0,0,0,0,3,0,0,1
8.330467535202692,46.154433743771094,1,7.101810337869516,1,0,0,0,4,0,0,0
0.8550239973075434,31.791646516605525,3,10.0,1,1,0,0,9,0,1,0
1.181537948699813,19.000016430079846,2,4.330760590685771,0,1,0,0,3,0,0,0
2.278637237721319,31.025969306736663,2,3.666412795449745,0,2,0,0,5,0,1,1
10.615846930977968,16.22196662872542,1,1.5971295548181952,0,1,0,0,9,0,0,0
0.7065891052806507,51.169209136680514,2,6.919932687598144,0,1,0,0,4,0,0,1
0.6518772769272053,67.9262037155732,4,6.4596528690913235,0,0,0,0,4,0,1,1
3.405845903447789,24.78050482182792,2,8.103559838596873,1,3,0,1,1,1,1,1
1.617655465685682,55.15459482422105,4,3.1667159611561875,1,3,0,0,10,0,1,1
4.205080810716528,66.90542058891734,2,6.43273112893035,0,2,0,0,12,0,1,1
3.0040861377816253,49.945833463033004,2,3.9559188473093596,0,1,0,0,2,0,0,1
2.85428586157714,17.786114101655095,2,7.687432387895031,1,2,1,0,1,0,1,1
0.5937654890621984,57.72423109325006,2,6.072430242984566,1,3,0,0,3,0,1,0
0.7602210264742871,48.90706110471059,3,1.8886119379850546,1,1,0,0,12,1,1,0
8.604042748356878,46.86990702798289,2,4.737605920644112,1,0,0,0,2,0,0,1
10.852643707303542,39.063255084790704,3,1.1037715952471734,0,0,0,0,4,1,0,0
1.3373292409783801,51.73574852548082,2,2.673436575463465,0,2,1,0,3,0,1,1
0.6021479946641362,60.1963581689392,2,2.7944050290126627,1,1,0,0,3,1,1,1
0.2744813705191477,97.81296268671697,2,3.7181171014714485,0,1,0,0,8,0,0,1
4.686264731367501,52.2466413677441,3,4.474628431990712,0,1,0,0,3,0,0,1
6.282531047195096,80.22282320025346,3,5.329166190152155,0,3,0,0,11,0,1,1
2.3325286836802186,57.15510166853753,2,5.229091401588651,0,1,1,1,5,0,1,1
5.6921094087397,48.009433447044934,2,4.952280341199646,0,3,0,0,8,0,1,1
6.240647868625172,52.97095055422585,3,5.664770856096187,0,2,1,0,5,0,1,1
13.69323895139158,25.56527260614981,4,2.5004107173182426,0,1,1,0,7,0,1,0
0.33536806062261293,56.11720541504076,2,5.146357429009635,1,0,0,0,10,0,0,1
1.0677716462789832,10.158698703572554,3,7.868918053036692,0,5,0,0,5,0,1,0
0.3549349399225682,32.74667284222936,2,4.668394346272164,0,0,0,0,10,1,0,0
10.124536989384774,52.196861862676215,2,5.989345531132932,0,1,0,0,8,0,1,1
7.865220379554768,73.87964546357688,4,5.803249423386691,0,1,1,0,5,0,0,1
4.274121388629335,78.61248793996788,3,6.724536861205166,1,0,0,0,2,1,0,1
0.4368576276376467,45.26906840718131,3,5.5742777994747605,1,3,1,0,9,0,1,1
1.596292740228378,53.114346390608816,2,6.690730457398663,1,3,0,0,11,0,1,1
1.7671143886329441,69.68724939164056,2,6.014582758354887,0,0,0,0,6,0,0,0
4.113355310150787,23.410128556141622,3,6.314570017388165,0,1,0,0,4,0,1,1
1.4923259697413902,58.09495010631007,4,5.884255284556744,1,0,0,0,5,0,1,1
0.3787920880189004,33.44214265268382,3,2.986421304341282,1,2,0,1,11,1,1,1
6.560803266619369,46.56349910646563,2,2.6584713066147914,0,0,1,0,10,0,0,1
1.776809115549827,40.819534990113695,2,4.293545082991475,0,2,1,0,8,0,1,0
3.0108151501926117,58.70716254096295,2,8.1032810563527,0,1,0,0,3,0,0,1
0.6829181439935457,61.006073480181804,2,4.656693912145363,0,2,0,0,3,0,1,1
8.111306493519328,67.82157354794795,2,5.619118969517327,1,1,0,0,7,0,0,1
4.168163507901678,56.96397656928897,2,1.0653873549548103,0,2,0,0,12,0,1,0
11.59284205244419,53.43307539937793,3,5.387483801336212,0,1,1,0,12,0,0,1
3.4206553710340364,87.08047600877204,3,5.171816036833261,0,2,0,0,1,1,1,1
14.187293820080306,19.512818596056455,3,0.0,1,1,0,0,9,0,0,0
11.122022330262869,83.91219720258479,4,5.581777883941576,0,0,0,0,9,0,0,1
4.295534897197668,44.20356182263206,2,1.6980388866895346,1,2,1,1,2,0,1,1
13.582436327456398,61.41783172736611,3,3.549301670175847,0,2,1,0,4,0,1,1
1.9510755186208057,43.48680638812798,3,6.988944026549888,1,5,0,0,9,1,1,1
2.2757103581353317,35.94916740896748,4,5.314903053675464,0,2,0,1,4,1,1,1
0.23272268175685695,59.69154385588457,2,4.103099818060473,0,1,0,0,8,0,0,1
4.4482550412118655,70.84256617228887,2,3.9318496013055917,0,1,1,0,3,0,1,1
6.399303566093288,59.460159099348104,3,4.164015532733661,1,4,0,0,4,1,1,1
7.425475313895616,39.15768426634236,4,5.3217779089815975,0,0,0,0,1,1,0,1
0.811514093939844,100.0,3,2.598714285208277,0,1,0,0,4,0,1,1
2.9363656347390474,73.97147341732504,3,7.248834936293328,1,1,0,1,6,1,1,1
0.9731644283429073,68.66684608414505,2,2.7048726422449056,1,1,0,0,10,0,1,1
5.425431131267816,42.94071538515591,3,1.5458849343207626,0,0,0,0,11,0,0,0
0.8595578802874416,37.49668423421922,3,6.982306263894141,0,1,0,0,11,0,0,0
11.72556791980286,44.40321848314122,3,4.126157351881064,0,1,0,0,7,0,0,1
1.3109465956557809,71.62813088784966,3,5.140919181318205,1,2,0,0,6,0,1,1
1.722336424087929,30.18791325848344,1,6.309262034019003,0,0,0,0,4,0,0,0
9.515902300981423,28.63592337091366,3,3.561126104210895,0,3,0,0,12,1,1,1
3.0667619963562958,60.790950667220365,2,5.274291504706823,1,1,0,0,8,0,1,0
0.12144269342152078,56.383928892842405,4,6.296429963177074,0,2,1,1,7,1,1,1
3.411889403021618,34.59372924218208,3,8.286469771749951,0,3,1,0,1,0,1,1
0.4416612559642916,28.175928431695503,3,3.977882215002415,0,0,0,0,1,0,1,0
20.0,78.75793986736863,4,4.0741055992823325,1,4,1,0,11,0,1,1
4.435013841914094,57.14008850599124,1,6.126653238650656,1,2,1,0,9,0,1,1
1.4821519220099897,22.729282725439347,2,5.417185928117677,1,0,1,0,9,0,1,0
4.147328606064707,24.127489278354123,3,4.72592848101034,0,1,0,0,9,1,0,1
0.3999103575442345,42.76976055099061,2,8.185379965017173,1,1,1,0,8,0,1,1
8.044472907046117,64.65683613995266,2,1.6351254613768447,0,0,0,0,9,1,0,0
12.973254055592314,61.9001760421656,3,2.1565090990842766,1,1,1,1,1,0,1,1
10.375032483482636,72.63357074002435,2,1.6582361204892284,0,0,0,0,2,0,0,0
2.09091014964814,20.193003850784052,2,7.403359921999948,0,0,0,1,9,1,1,0
1.9709059554962827,54.47693379559313,2,6.029446642440903,0,1,0,1,4,0,1,0
0.1785898529494366,78.51820664642722,1,2.258509832266377,0,1,0,0,10,0,1,1
5.2691558743620535,76.65603460952198,2,4.7539332173015465,0,2,0,0,11,0,0,1
3.8275656458653637,57.178199628253715,2,4.944648813322062,0,0,0,0,5,0,0,0
3.0748822396390603,96.96037017307752,3,0.5815607615928391,1,2,0,0,1,1,1,1
11.9098167462849,62.18570232831719,2,5.3765542558914285,0,1,1,0,11,1,1,1
0.9188864858470749,70.85493265682686,1,2.6449078757333844,0,0,0,0,2,0,0,0
0.04856644153528288,50.888958375510136,2,6.4133370937820064,0,0,0,0,2,0,0,1
0.3807157199781468,34.380494143114255,3,2.7061175084404008,0,0,0,0,5,0,1,0
1.2639654193718126,32.49581598442508,2,5.4383196410420584,0,3,1,0,5,0,1,1
0.16926060550484245,53.6323042958884,2,7.589140465579703,1,2,1,0,9,0,1,1
3.494254184063265,45.76995986299586,4,6.949120162026453,0,0,0,0,12,1,0,1
1.8850475944574108,14.628286601730373,2,6.014329767434299,0,2,0,0,5,0,1,0
0.9952007325104211,29.48412830148518,2,4.837328847116507,0,1,0,0,10,0,0,0
6.933153587379984,43.631928518918144,3,1.9997915258263075,0,3,1,0,8,0,1,0
1.1436162334668274,64.54558751874319,2,4.121808319401049,0,2,0,1,8,0,1,1
5.81743594777572,49.67852227675851,1,4.547987661454186,0,2,0,0,3,0,1,0
2.1482632050675114,48.55871578998972,2,4.40435531303349,1,1,0,0,3,0,0,1
3.5854349296951034,30.261747459933677,4,1.9329555153607272,0,0,0,0,3,0,0,0
13.58044007864249,50.46332160124198,4,5.86886948964774,1,1,0,0,5,1,1,1
0.19033539526754178,76.38202054891975,2,2.6381686553494275,0,1,0,0,1,0,0,0
3.468381677463247,53.11150225517114,2,8.092217887211309,0,1,0,1,10,0,1,1
9.635249251062314,19.853728370362763,2,5.296042370637389,0,2,1,0,8,0,1,1
4.433347138152183,24.96954411390938,3,6.9585252560289055,1,4,0,1,5,1,1,1
1.6208349076190556,61.77577754446306,2,6.917186280690683,1,1,0,1,4,1,1,1
2.5348414903161736,45.51369049554761,1,9.155863283209662,0,4,0,1,11,1,1,1
5.701323588402277,48.50839539792972,3,5.363762010478106,0,3,1,0,10,0,0,1
11.073415719456845,37.745316499704856,2,4.219877500380116,0,0,0,1,3,1,1,1
0.2096670895426497,60.06824424399825,2,4.258429617110167,0,0,0,0,1,0,0,1
0.3711335523469795,43.98164573509301,3,7.992205282679604,0,0,1,1,9,0,1,1
1.965594611482251,46.267735565427905,3,2.359529168154732,0,1,0,0,9,0,0,1
1.324906378123287,32.97553216673747,3,3.243750843613636,0,1,1,0,2,0,1,0
1.5389537591979834,68.4338259628554,4,5.473983521462927,0,0,1,0,5,1,1,1
1.250454448143442,45.57734416767157,2,4.694405091955009,1,1,0,0,2,0,1,1
1.0896921627419882,62.157606662395196,2,6.935288915410014,0,4,0,0,8,1,1,1
0.6998976397243377,26.128168719319646,1,2.322613525041157,0,1,0,0,11,0,0,0
13.587029027690269,84.67766276757217,2,4.866107984733603,0,3,1,0,1,0,1,1
0.7785313183893063,75.54748077026446,1,4.625976514962682,0,2,0,0,9,1,0,1
1.1433173828276566,11.804046606821466,2,2.85551205866836,1,1,0,0,5,1,1,0
1.413576960805182,33.961250498725704,1,6.757320241265826,0,0,1,0,7,0,1,0
13.516423356275693,59.5526878201977,2,4.816431420743829,0,2,0,0,3,0,1,1
7.0470807792766035,23.60542687701992,2,4.731850778305442,0,2,0,0,6,0,0,1
7.796087436818825,47.36811835673348,2,3.3505930854631285,0,0,0,0,9,1,0,0
0.5533074805185297,58.53263571953594,3,4.260268834429224,1,2,0,0,9,0,1,1
9.048900601416602,46.30548176041033,2,2.956744822158868,0,0,0,0,10,1,1,0
2.6228742450789113,60.77677407074192,2,6.727532770728853,0,4,0,0,1,1,1,0
1.5246364418140892,36.133401907962366,4,7.065631993510612,0,0,0,0,2,0,0,1
4.287162858668044,5.11636915663756,3,8.360123049604503,0,0,0,0,10,0,0,1
8.634999088803628,69.64230624330122,2,5.868106753842903,0,2,0,0,5,0,1,1
7.540099189156856,69.51629307205062,2,4.321562813373762,0,3,0,1,5,0,1,1
11.036260139127606,100.0,3,4.0620735538086254,1,3,1,0,8,0,1,1
13.164633821040983,5.856269641313709,1,5.981296087480638,0,0,0,1,11,0,0,1
1.3598446742637886,65.01664218693631,1,5.401727109121827,1,2,0,0,5,0,1,1
2.7570046860142257,10.626357238332261,3,4.6515837073162425,0,1,0,0,11,0,0,0
0.07368295671348735,85.12986563350638,2,4.475842846248386,0,2,0,0,12,0,1,1
10.573133070409773,59.75733667392019,1,7.342380841544983,0,0,0,0,12,1,0,1
0.839562250754453,30.961423046474938,2,4.136305312365916,0,0,0,0,6,0,0,1
9.883515547738869,65.60444949202872,2,7.693351853672084,0,0,1,0,1,1,0,1
1.9978176982546434,38.93909984566128,4,5.36427238800041,0,1,0,0,6,0,0,0
2.2953864186544277,56.00832199102538,2,4.264238366834761,0,3,0,0,4,0,0,0
0.19959250606983645,54.119214324181684,2,3.429461509381817,0,1,0,0,10,1,1,0
1.9791493059682876,84.88336272294589,3,4.690950540134501,1,2,0,0,10,0,1,0
10.962544295228708,86.29851820173025,2,6.006731341103121,0,1,1,0,1,0,1,1
0.12939701348441823,38.05469253452988,2,4.24597408321201,1,0,0,0,4,0,0,1
2.6071370653373127,71.16211235992073,2,6.700671105960881,0,1,0,0,12,0,1,1
0.15951583412560244,57.09680311140595,2,4.146082327143264,0,0,0,0,10,0,0,1
2.317511445031905,21.746358659861762,3,4.750430835217736,0,1,0,0,11,1,0,0
0.9475807241120207,36.0754323925564,2,2.4266111950170064,1,1,1,0,1,0,1,1
1.4532215662460386,96.72292199199248,2,6.118953673608723,0,0,1,0,8,0,1,1
10.502238089136801,57.157088022093106,4,4.46564861286087,1,1,0,0,9,0,1,1
2.863941509492844,69.99559159035044,2,8.157741014671782,0,5,0,1,6,0,1,1
1.5996352705182524,45.759113752660184,2,6.409620034536568,0,4,1,0,5,0,1,1
4.4499285380136,39.20116170561316,2,5.168999547455292,0,1,1,1,12,0,1,1
0.7663792453732027,50.545290152689496,1,7.450352042053815,0,0,0,0,9,0,0,1
1.5014163921594135,44.677918895075656,2,5.810217698844214,0,0,0,1,5,0,0,1
3.9510220715050814,20.134941379368033,1,7.016520241709542,0,1,0,1,5,0,1,0
1.3559149488715372,29.933490850919362,2,3.275257000685447,0,3,0,1,1,1,1,1
5.683560854389298,64.15769028824462,2,5.922377716482235,0,4,0,0,7,1,1,1
3.381364794693844,42.38618621795178,1,6.005443721206019,0,1,0,0,1,0,0,1
7.391808568486172,50.51409764055814,3,1.9105178695575389,1,0,0,0,3,0,0,1
14.806126312534458,54.69846100994421,3,8.013250928179389,1,2,0,1,3,0,1,1
0.6153876364510232,56.2610009763744,2,2.67933548459057,0,1,0,1,2,0,1,1
2.037323103893742,72.93158122630742,4,2.4020752708017947,0,0,0,0,6,0,0,1
1.9249977888407823,28.02608369862936,3,0.0,0,0,0,0,10,1,0,0
0.8195578428905628,61.40505447087249,3,5.947711879653596,0,2,1,0,3,0,1,1
8.311639702863047,65.10055587039295,2,1.71386914617064,0,0,0,0,7,0,0,0
7.133055417366271,69.71703558003011,3,3.9661610272860477,1,0,0,1,4,0,1,1
3.3123670475718905,21.74164801170255,4,6.675736774946429,0,2,0,1,11,0,1,1
3.858471794916827,55.096384366939965,2,5.38410581938579,0,0,0,0,3,0,0,1
0.306952808505817,84.32151892797035,3,3.752605478775479,0,1,0,0,3,0,0,0
4.054108824166226,48.01758961686754,3,1.8186409783510697,0,0,0,0,4,0,1,0
7.835282249054089,59.66989403928583,2,4.784774229176996,0,0,0,0,4,0,0,1
4.26455628879658,65.6079118917037,2,6.7105505273061095,1,4,1,0,7,0,1,1
1.541508483814607,29.49060311203479,1,6.401672893505385,0,1,0,0,7,0,0,1
5.506303046893758,86.67649457999948,2,8.573561671815039,1,3,0,1,10,0,1,1
2.2430774151207356,59.990015939378075,1,3.6930828533393876,0,0,0,0,8,0,0,0
3.9358970136435643,60.390056283868525,2,2.3659326125715494,0,0,0,0,4,0,0,1
3.342910571042343,16.7594524397893,3,5.619901957688843,0,1,0,0,1,0,1,0
2.399663809416592,65.89089596426626,4,5.422842457080084,0,2,1,0,3,0,0,1
6.344832352138164,60.128206827582744,2,4.990280774432166,0,0,0,0,11,0,0,0
10.765488288302281,82.48382655444128,2,3.507203980471711,0,1,0,0,1,0,0,1
0.026130755226697604,43.774695713912934,1,0.0,0,5,1,0,11,1,1,1
13.56153518520694,30.246833408031165,3,2.9867734756966393,0,1,0,0,10,1,0,1
3.582233963982928,36.355220104513336,2,6.114136932590153,0,0,0,0,8,0,0,0
6.032076931063072,39.900435299854024,3,5.567927196802515,0,0,0,0,9,1,1,0
9.67669096434092,27.623069637372524,1,6.930528001172119,0,1,0,0,2,0,0,1
3.147142092111222,75.80320047531987,2,5.690363818064924,0,5,0,0,2,0,1,1
9.008263431517404,76.55395725863333,2,6.472034485166604,0,0,0,1,8,0,1,0
0.9777624205186932,46.08416597719889,1,6.529464042021505,0,1,0,0,6,1,1,1
0.8668142375500487,42.14480155831612,3,5.040950340656998,0,2,0,0,2,1,1,0
5.357000150965579,13.690361733613756,2,5.05499750746567,0,0,0,0,10,1,0,0
10.206607383616435,63.91922510607209,2,0.0,0,3,1,1,12,1,1,1
11.147889732520655,83.06880217651687,3,3.686831833275724,0,0,0,0,5,0,0,1
5.1604788212774135,37.25610565480887,2,3.773194547858014,0,3,0,0,12,0,1,0
3.7273548202723354,47.664309484472035,1,4.782392543718017,0,3,1,0,6,1,1,1
2.012794832879642,58.68582922631462,4,3.139322330713786,0,4,0,0,6,0,1,1
19.560218928053107,84.48836721219811,2,6.875128027516455,0,1,0,0,10,0,1,1
1.92607530655282,53.99552443670189,3,3.236980070650961,0,0,0,0,12,0,0,0
6.816525401275422,53.90859832053037,3,7.204865283234438,1,1,0,0,7,0,0,1
3.7962404736438633,53.58637002319606,2,3.0776899294747624,0,0,0,0,4,0,0,0
4.68900645147169,21.49934986192654,2,3.7924404080536975,1,2,0,1,3,0,1,1
2.5000924141647207,21.064186923402705,1,3.64037529384691,0,3,1,0,3,0,1,0
16.736831929616198,33.84009661770255,2,4.0075319813283805,0,2,1,0,11,0,1,1
4.239450649879238,70.25781148074745,3,7.357275892083187,0,3,0,0,4,0,1,1
13.886007158932209,43.29285858908014,2,4.345830744145981,0,2,1,0,1,1,1,1
0.03810188819567745,39.40791902395414,2,4.396688408784125,0,1,0,0,10,0,0,1
4.251000476227275,39.05650791712465,2,3.5164067436791067,1,0,0,0,1,0,1,0
6.314844936063634,47.24686243054646,2,4.480413051836148,0,0,0,0,7,0,0,1
6.834030899856499,84.0421586820328,3,5.432897018986881,0,0,1,0,2,0,1,1
11.768175336599056,46.976052286057566,3,4.569678253609949,0,4,1,1,6,0,1,1
0.02205662302348473,34.27405189250283,3,4.699416642958626,0,1,0,0,6,0,0,0
0.0016510688702203445,50.50491258163266,3,7.032060787209023,0,2,0,0,3,0,1,0
3.1957904929301533,85.10167211523074,2,5.5472989050820285,0,1,0,0,5,1,0,1
0.14865666639849912,39.943505621287684,2,2.6982303585229097,1,1,0,0,6,0,0,1
18.351771282973143,26.379899831381096,2,4.829469518734815,0,0,1,1,10,0,1,0
1.2555626510845508,39.98017460539166,4,3.9232996370999036,0,1,0,0,11,0,0,0
3.199593727792789,52.57527472696866,2,6.042051915082702,1,2,1,0,11,0,1,1
0.315431906747337,63.7648190165068,4,5.205879614767865,1,1,0,0,6,1,1,1
3.6912292034098737,70.13767157364492,3,7.260621620673975,0,2,0,0,4,0,0,1
2.389825187777554,29.085654520753433,3,3.5199174345500532,0,1,0,0,2,1,1,0
0.22844005573292875,30.983093310818607,2,4.61515967544038,0,1,0,0,12,0,0,0
2.0407756150025196,43.5347548122502,2,2.871771691712695,0,0,0,0,2,0,0,0
2.483266143258778,63.68986049393792,2,4.916394133493624,1,0,0,1,4,1,0,1
20.0,24.79984204695489,2,1.926837966626414,1,1,0,0,5,0,1,1
1.1652489821868972,37.853461791646055,4,5.642969131700119,0,2,0,0,2,1,1,0
3.9348680773627684,38.14512541176104,3,4.889080829338293,1,0,0,0,8,0,0,1
20.0,68.83497710728741,3,5.310369476095861,0,1,0,0,10,1,1,1
7.851547747054976,60.56521521328875,2,6.576269287388329,0,3,1,0,12,0,1,1
20.0,68.0743672209984,1,5.449604978591249,1,1,0,0,5,0,1,1
17.256927171088904,76.77355948466109,3,2.4464449272321693,0,3,0,0,7,0,1,1
3.3622105097827824,43.88699809821839,2,3.88825444891941,1,3,0,0,6,0,1,0
5.959823453716956,26.251876902926362,3,4.839636857139513,0,1,0,0,6,0,0,1
0.5851591784326979,26.3807276430596,3,4.34380105998475,0,0,0,0,3,1,0,1
2.9093603785224404,13.2378486988232,2,4.588083921290265,0,2,0,0,10,0,1,1
8.277894677892109,40.824663406676144,3,8.24290501630407,1,0,0,0,3,0,1,1
3.519375810394289,42.31554770336523,3,5.200710892173519,0,2,0,0,2,0,1,0
6.065051478809113,65.75106813610095,2,5.764519233096635,0,1,0,0,1,1,0,1
6.847212375385442,50.33828434353208,2,0.982397008858638,1,2,1,0,7,0,1,1
1.4615916246875658,40.193431113147874,2,6.492009304465735,0,0,0,0,10,1,0,1
10.425261178841724,47.68002547678828,2,10.0,0,3,0,0,11,1,1,1
3.07928680913713,29.220530325704715,3,7.691308272570245,0,1,0,1,10,0,0,1
1.1797833467863414,70.50813141502573,1,4.119619632175605,0,3,1,0,12,1,1,1
10.027829306089469,34.28168874380983,3,9.56211484727843,1,0,0,0,4,0,0,1
2.704867749946988,27.201374561282087,2,5.054992733191078,0,2,0,0,6,1,1,0
6.937724481159828,66.3576393341494,4,5.613092553042799,0,0,0,0,5,1,0,0
3.9707313522935177,61.483284167277034,4,4.465127568424368,0,4,0,1,10,0,1,1
2.4052966119886547,15.526292428819765,3,4.413362263589444,0,1,0,0,7,0,0,1
8.300404855526489,67.10003269420444,2,0.5038096144578601,0,1,0,0,3,0,0,1
4.391001503126722,35.16814721811887,2,6.574988063772914,0,0,1,0,10,0,1,0
2.4760911301324287,42.5179094487216,2,4.406003585054896,0,1,0,0,12,0,0,0
0.58041043608376,53.74040215387875,1,4.6238786242525745,0,1,1,1,3,0,1,1
11.290225156103231,61.732497652336434,2,5.546675288276938,0,5,0,0,11,0,1,1
0.18056956506982347,58.90958349375053,3,4.1708435313981775,0,2,0,0,11,0,1,1
9.9457139769015,49.00363338187995,2,5.527653554405996,1,2,1,0,1,0,1,0
2.231134935326633,41.507133421681786,2,7.406121018891166,0,3,1,0,4,0,0,0
5.0990808213801575,58.24441387130894,2,5.809626707390034,0,0,0,0,8,0,0,0
12.76805149067118,47.63224325311544,4,4.6930057263104885,1,1,0,1,11,0,1,1
0.8226436537085267,86.10708918251848,2,4.753009792234654,1,1,0,0,8,0,1,1
4.184515912759297,61.72818019939804,2,5.4011871581555075,0,1,1,0,7,0,0,1
7.22879660338958,31.531687500192906,4,3.335699404679536,0,0,0,0,11,0,0,1
7.085496651537726,40.44800097252697,1,5.4157194025518365,1,5,0,0,7,0,1,1
3.728858535846577,50.96384354519659,3,6.369141784947869,0,0,0,0,5,1,0,0
4.900673603361901,75.98862430140909,3,5.175032192221522,0,0,1,1,2,0,1,1
7.084324454062081,78.2221001822427,2,4.15173420413325,0,2,0,0,1,0,1,1
9.19512457122212,42.07730559268872,2,4.425792960340151,1,1,0,0,3,0,0,0
7.173498031293932,31.32731566821114,3,6.304337680619738,0,1,0,0,6,0,1,1
2.1848171360607975,28.77004717587625,2,2.799647590832686,1,3,0,0,9,0,1,1
20.0,55.048575144315606,2,3.3670857123074187,0,0,0,0,5,0,1,1
2.850248734333347,96.07568618434986,2,1.7861979724384849,0,0,0,0,10,1,0,0
0.12384467915411339,60.78188208510205,2,5.067997398679607,0,0,0,0,7,0,0,0
2.251922361232965,18.121749466319855,2,6.723775351482446,0,2,0,0,9,0,1,0
0.6835849036985902,35.479917935079975,4,7.662963652915046,0,2,1,0,8,0,1,1
0.6473702637327232,37.52171596310174,4,8.097331686389444,0,1,1,0,3,0,1,1
1.6531917153413649,33.55994959770184,2,3.6190517156175632,1,5,1,1,7,0,1,1
0.2742638679474851,42.2421235013156,2,5.5000619310233,1,0,0,1,2,0,1,1
5.831975348203709,57.387897220398834,2,4.195375317631928,0,1,0,0,6,0,0,0
0.3843452015319597,63.63962338645293,4,8.29528790445024,0,0,0,0,11,0,1,1
1.1363198644941992,71.83526981833288,2,7.60689260021161,0,3,1,1,11,0,1,1
0.48751133307763117,60.484051460943554,2,5.336142877954521,0,2,1,0,1,0,1,1
0.3262551060101756,10.916995193423183,3,3.761288507577485,0,0,1,0,12,0,1,0
1.5581778391364818,28.85390824937373,2,0.0,0,1,0,0,4,0,0,0
4.2419802719454225,46.83811926281618,2,2.1328003649667817,0,0,1,0,3,0,1,0
16.717316164582705,52.94559711534958,2,1.2954144829847798,1,0,0,0,9,1,1,1
10.41952360831624,67.22836719752515,3,2.107534860191599,0,0,1,0,7,0,1,1
10.434704979921568,50.86368352433546,3,8.757695235823858,0,2,0,0,11,1,1,1
0.9683305339837412,51.01414507727349,3,2.4099171731765505,1,1,1,1,2,1,1,1
1.5387926019522329,54.755947262781184,2,2.878114010323295,0,0,0,0,5,0,1,0
0.3973448274498973,44.89956522437596,2,3.158951735367891,0,4,0,1,7,1,1,0
7.5359488239550565,51.73770279755623,3,10.0,0,1,0,0,8,1,1,1
0.3618659352802195,72.51664358023501,3,4.875095544417711,0,3,0,0,4,0,1,1
4.067493857393996,48.32178202431994,1,6.988408532208522,0,0,0,1,5,1,1,1
1.4242675319225386,49.39574546431433,1,5.350790823045052,0,0,0,0,12,0,0,1
1.3949044160267945,49.32829190465621,3,1.031181964799985,0,2,1,0,6,0,1,1
20.0,75.95547627582337,2,8.065278935299077,0,2,1,1,12,0,1,1
7.068940509105426,27.838933463411152,2,5.802193502681288,1,1,1,1,10,1,1,1
9.068165561695062,85.5169378958239,2,4.756574041969532,0,1,0,0,8,0,1,1
4.242958147074525,26.472362909689735,4,8.520254928689853,0,0,0,0,2,1,0,1
10.240268178722777,36.91559477344482,3,4.306902124580457,0,0,0,0,12,0,1,0
5.185101227709791,64.89476539430639,2,4.711169670486431,0,0,0,0,12,0,0,0
14.609965863928265,70.60633390947342,3,4.309794558809492,1,4,0,1,8,1,1,1
1.6518247230847596,21.93001966003024,2,7.152582570626011,0,4,0,1,11,1,1,1
4.523287626172593,28.14596273505828,2,6.627645864047071,0,0,0,0,3,1,0,0
5.8580338715633316,55.55685618943696,2,5.557237723723801,1,2,0,0,8,0,1,0
2.4956160332322987,96.88838775527591,2,2.8964649049750406,0,1,0,0,10,0,1,1
10.589165061757218,74.92525561997361,4,4.259532811048279,0,2,1,1,10,0,1,1
19.511146380754692,45.03805900736379,2,2.8958314655305317,0,1,0,0,5,1,0,0
3.403815813897257,1.617417238484876,1,7.320735643434281,1,1,1,0,5,1,1,1
2.4767356374767155,51.63285468842319,4,1.8505452832547924,1,1,0,0,7,0,0,0
3.192707213166483,57.24593607293107,2,8.188742376328907,1,2,0,1,6,0,1,1
9.577667242470113,42.346097178343925,2,7.575305754798389,0,0,1,1,4,0,0,1
5.184789346632519,32.98552018906809,2,3.162942218729949,0,1,1,1,2,0,1,0
0.2290280675943402,53.18330520642777,4,4.16703147272028,1,1,0,0,10,0,0,0
3.906285736026423,31.154776122120783,2,3.575139191131494,1,1,1,0,3,0,1,1
0.08725759257767059,87.44897321617448,2,5.860467595396839,0,1,0,0,1,1,0,1
7.5374619537573615,80.33489595067634,2,7.824896453374649,1,1,0,0,2,0,1,1
1.989808696168285,63.15825263185522,4,7.371238632678315,0,2,0,1,10,1,1,1
3.1933658302652033,51.79421138238633,3,4.134139053169018,0,0,0,0,1,1,1,0
8.014250943758078,36.79671826772881,2,7.509614135488922,1,2,1,0,8,1,1,1
0.23781088302465186,49.58425632218198,3,7.343644068922542,0,1,1,0,1,0,1,1
0.8630931278064212,82.78594270414553,3,4.6223321824922134,0,1,0,0,1,0,0,1
2.537160079903673,67.37308116873257,3,4.981083044154165,0,1,0,0,10,0,0,1
1.306337893282492,54.07384556952919,3,8.083428169293544,0,3,0,0,5,0,1,1
2.061704152335661,68.47948668335191,2,7.116723760492712,0,0,0,0,2,1,0,1
20.0,60.912213267616565,3,7.449567969018471,0,5,0,0,12,0,1,1
8.726701642108862,57.925550797737436,3,10.0,0,3,0,1,11,0,1,0
10.766595115659117,69.61126517983071,2,6.094534032624744,0,0,0,0,6,1,0,1
13.827440641411673,60.340552896495154,2,5.651329441821578,0,1,0,0,12,0,0,1
2.0846722537590496,67.17102940206757,2,7.71587492265132,1,1,1,0,9,0,0,1
1.7625393185677896,53.22774099269018,3,8.975641822934012,0,2,0,0,2,0,1,1
1.33327347780942,44.91748353619793,3,3.777212138968277,0,0,0,0,10,0,0,0
8.863223960462616,39.036742421197026,2,4.5962829576267445,1,3,0,0,11,0,1,0
5.690174162588065,36.65380789058083,3,2.962858758905823,0,2,0,0,8,0,1,1
1.3470631155904902,17.896591151169346,3,5.685499948822335,1,0,0,0,3,1,1,0
2.365994276422981,31.761201063766713,4,6.778517207648145,0,0,0,0,3,1,0,0
3.533308092239186,31.182929408356376,1,3.10224543073086,0,0,0,0,8,0,0,0
3.7553653447113886,39.853096080319276,2,7.267591040443341,0,0,0,0,11,0,0,1
10.978875925890573,81.24488421276583,3,4.093346174858324,1,1,0,0,12,1,1,1
2.3947466787284135,46.84876088892445,2,3.930418492337881,0,1,0,0,12,0,1,1
11.958394848072222,54.8353377976862,2,7.259876506447537,1,2,0,0,3,0,1,1
2.9113177698695436,55.46639289023854,2,3.7497188835262523,1,2,0,0,3,0,1,1
6.859446564910458,81.75161825684734,3,2.1930030455537817,1,2,0,0,12,0,1,1
13.314498977341753,38.48829092309417,2,6.487314219818101,0,1,0,0,10,1,0,1
11.906826953888757,45.54955839483877,2,4.736595406213704,0,1,0,1,2,0,1,1
0.2931950796942318,47.87601256451633,2,7.396117666354048,0,2,1,0,2,0,1,0
1.1514973130250978,72.73069711549536,2,6.66598134152694,0,2,1,1,10,1,1,1
3.2399650027144555,76.88211387508909,4,1.503403278436732,1,1,0,0,6,0,1,1
2.8242473359544933,59.49167639387889,2,7.63106884677784,0,4,0,0,5,0,1,0
5.120655833806756,74.65818748123759,2,8.79949990569391,0,1,0,0,6,1,0,1
14.475730257889229,53.553219929379786,2,7.067207018528464,0,0,0,0,7,0,0,1
0.5961969791095474,46.54793504766355,2,7.147720847094073,0,0,0,0,4,0,0,0
3.0061105747414913,73.57448173171244,4,4.50465583818449,0,2,0,0,7,0,1,1
1.068510300771819,59.75235350467595,4,4.0466092927308015,0,1,1,0,7,1,1,1
11.22665889818907,35.28938668184836,2,5.424889390052379,0,4,0,0,11,0,1,1
16.702419461559067,69.94841876248702,2,6.839810716041052,0,0,0,0,12,0,0,1
3.2571640677597715,45.83014737959441,2,6.789467216239297,0,2,0,0,3,0,0,1
0.5491317953670435,43.38352954551591,2,4.124434704789659,1,1,0,0,2,0,1,1
7.69244366901782,67.86008736399424,3,3.9216818030087817,0,5,0,0,3,1,1,1
5.972445427972589,48.22335718310174,2,2.019693107232586,1,1,1,0,5,0,1,1
2.189973730140821,57.779170720805794,3,6.2938398507109845,0,0,0,0,5,0,0,1
10.919899708790442,63.23879168141599,3,4.220437451915986,0,1,0,0,11,0,0,1
18.61360637222106,34.34113841455231,2,4.397910405773017,1,1,0,0,11,1,1,1
4.08057396741646,57.69701129364404,3,8.455750359555012,1,1,1,1,11,0,1,1
4.170420044676594,76.98946210523248,3,6.1967778135687785,0,1,0,1,2,0,1,1
1.7656455116013812,30.870657125207796,2,5.645797372338282,0,2,1,0,7,0,1,1
4.391435959139033,58.99817777662456,4,6.660394580951368,1,3,0,1,2,0,1,1
2.8958999289750538,33.41064530839425,3,7.841228014884961,0,2,0,0,10,0,1,0
1.7990494561182548,70.42795367680796,2,1.7650384796698684,0,1,0,0,10,0,0,1
0.3477429678802595,70.23811167499542,4,3.868743126103112,0,0,0,0,8,0,0,1
1.4564954278813924,42.913553195018025,3,4.53573040284662,0,1,1,0,8,0,1,0
1.10232726360394,94.19257304381725,2,3.0433161353929203,0,0,0,0,9,0,0,1
3.904888842008041,72.13250618274569,2,4.469556854012031,0,3,0,0,1,1,1,1
4.602372630787911,64.13857970272338,3,1.8977301972527214,1,0,1,0,4,0,1,1
4.689764920909696,63.012217922122716,2,6.844358520598088,0,2,1,1,3,0,1,0
2.456593967780344,69.67853818412448,2,3.9649908185311373,0,4,0,0,2,0,1,1
2.73424828402358,30.087151855116797,2,5.401912795772346,0,2,0,0,2,0,1,1
8.986024231314218,53.892151969220485,2,5.102617239314386,0,3,1,0,5,0,1,1
3.2335399699856286,57.66380770754655,3,6.114838802248057,1,2,0,0,7,1,1,1
20.0,41.9972787339488,2,0.0782208496562431,0,0,0,0,7,0,0,0
2.8956760545177893,59.29590538887931,2,5.900527442115935,1,1,0,0,1,0,1,1
5.243127698000661,74.63388600868012,3,4.449816559641375,0,2,0,0,8,0,1,1
0.2583773580576889,41.56461824468187,3,5.813727854429388,0,2,0,0,6,0,1,1
5.297052942210714,48.91151399257389,3,2.641093584523313,1,2,0,0,10,0,0,1
9.533373915167328,33.58829408292111,2,5.8273481406796135,0,3,0,0,8,1,1,1
14.276186784854374,14.260219803784153,3,7.597023719448426,0,0,0,0,11,0,0,1
20.0,65.57864361041021,3,5.379532519598338,0,1,1,0,12,0,1,1
1.6576727549435257,49.48532410321505,2,3.5655183467361,0,3,0,0,4,1,1,1
4.2826861506953,50.951588343055754,3,3.652937214133374,0,1,1,0,6,0,1,1
2.995716409048029,30.26452763652946,1,6.152482601790481,0,2,0,1,1,1,1,1
4.148472503485291,46.289929419276184,2,6.139288624386162,1,1,0,0,11,1,1,1
0.8566289057553493,71.93187578364247,3,5.713083965453506,1,1,0,1,11,1,1,1
9.694906089051383,50.0164267355892,2,4.924949940011488,0,3,0,0,4,0,1,1
12.01583761754822,50.58367516110825,3,5.405919950702183,0,2,0,0,6,0,1,1
2.9861101595561195,54.15056555726845,2,4.870181833592575,1,1,1,0,10,1,1,1
1.6455063761434683,25.27235743187088,3,4.238237921467145,0,1,0,0,7,1,0,0
0.7589623076977975,62.49840928204714,2,6.514953820307162,0,5,0,1,10,0,1,1
5.75634558403459,24.896037701683387,2,5.620233682282213,0,0,0,0,5,1,0,0
1.8715173701547894,31.207688374419472,2,7.581083323844538,0,0,0,0,3,1,0,1
12.014158530039865,29.015704619856706,2,7.233730760368065,0,2,1,0,9,0,1,1
5.558677231986307,46.49550066738909,3,5.554961064688089,1,4,1,0,10,0,1,1
5.187849243797164,42.95094592924285,3,6.1907612663926255,0,0,0,0,8,0,1,0
4.098113234682289,49.97549923383491,2,3.085625470528238,1,2,0,0,10,0,0,1
0.23428594984265247,31.894876804471135,2,4.844821044077503,0,1,0,0,1,0,0,0
13.43553786086172,70.10990640612756,2,5.685325660168609,0,2,1,0,2,0,0,1
4.943467050296749,66.68055137452662,3,1.8345278894519037,0,1,0,0,2,0,0,0
20.0,46.52372974216559,2,5.858844120638275,0,1,0,0,9,0,0,1
3.8539914702533884,40.43266566824124,2,3.0815460508341284,1,2,0,0,6,1,1,0
6.191284075066178,38.412850133096015,2,3.300832218943003,0,0,0,0,9,0,1,0
0.2892556337248311,43.79710009978641,2,3.941028885669418,0,0,0,0,8,0,0,0
4.994778434325269,21.99509542497647,2,4.938986667518685,0,3,1,0,6,0,1,1
7.233399303936619,30.807853755763187,2,2.343942885937079,1,1,1,1,6,0,1,1
7.536986140799577,67.20240783969933,2,6.713286949227657,0,0,0,0,6,1,0,1
7.350807662023807,56.03624972151737,1,5.354836478724364,0,2,1,0,5,1,1,1
1.2827431180933715,82.68548971953061,2,8.849958061121024,0,0,0,1,1,1,0,1
18.524734759961255,44.01609699661357,2,5.600160911039833,0,0,1,0,6,1,0,1
20.0,42.76973545786265,2,6.14161035580599,0,2,0,0,1,0,1,1
0.3930296920636251,41.842021509127036,2,3.2922714644947373,0,1,0,0,8,1,0,0
13.779359967900348,43.616710335636625,3,2.6363794177734343,0,0,0,1,11,0,1,0
1.7085741352035377,36.80091973706804,3,6.238312244834335,0,3,0,1,7,1,1,1
5.844381151968214,55.419764293744,3,2.8134200689864928,1,1,0,0,4,0,1,1
2.063286455329691,50.58208134296822,2,6.28369897110463,0,2,1,1,7,0,1,1
17.17185651404115,39.80170996323455,3,8.413048944422998,0,4,0,0,7,0,1,1
0.5351643346430317,75.02297826037804,1,6.891537372487461,0,1,0,0,7,1,1,1
3.443254688694922,87.93165844972614,2,6.140893232470749,1,2,0,1,4,0,1,1
2.793499217196576,73.331544111468,1,5.538994219618841,1,1,1,0,9,0,1,1
1.972799821699396,61.1624802616679,1,4.2320800815765685,0,0,0,0,5,0,0,0
5.1857141080659055,65.23539452527548,2,4.770877721973701,0,0,0,0,2,0,0,0
0.7023815120222766,87.1283103565267,2,3.8691426525438213,1,5,0,0,11,0,1,1
6.305581117280298,65.20638631518848,2,2.369191564732385,1,1,0,0,7,0,1,1
19.71038152930159,38.29628294801431,4,5.0708546851632,1,3,0,0,5,0,1,1
8.162476372137728,57.84545053301097,3,7.215778123110601,0,1,0,0,6,0,1,1
9.831162635863537,62.52488532126635,4,2.4224029718578306,0,0,0,0,7,0,0,0
2.228598374315996,30.105654519281604,1,7.796992865606652,0,0,0,0,3,0,0,0
1.964373059101098,44.301383627136445,3,7.434368465723155,1,1,0,0,5,0,1,1
3.6391937178565885,72.00783648110932,3,5.793997648023792,0,2,1,0,6,0,1,1
0.2340254062564134,13.530145299008275,4,5.810090696548795,0,1,1,0,2,0,1,1
14.534774609262268,24.991429099188117,2,4.627507200979572,0,0,0,0,9,1,0,1
0.7761698411227005,46.471858927433445,3,5.084033206670572,0,3,0,0,4,0,1,0
11.665893669639244,57.07359191011409,1,4.072829052737472,0,1,0,0,1,0,0,1
0.4364146438297758,22.84735110102186,1,5.063276155158345,0,0,0,0,8,0,0,0
8.647443678850733,47.464214966681176,2,5.279652322275015,1,0,0,0,3,0,1,0
0.8241522649264268,73.07537078177134,4,8.762488000702811,1,3,1,1,2,0,1,1
0.1943882533053977,51.373029141485674,1,6.131232088757399,0,1,0,0,12,0,0,0
6.355719721216255,68.78177887262261,2,4.581193863011844,0,1,0,1,11,0,1,1
1.6443630366958952,38.157717573299934,4,4.802186626459295,1,0,0,1,7,0,1,0
6.267498873077831,33.80166286421637,2,3.573483463366171,0,3,1,0,10,0,1,1
4.04936294632391,66.97747660570096,3,3.903141751762667,0,1,0,1,10,1,0,1
0.575973511459789,57.3853106931238,3,6.82139138348583,1,0,0,0,1,0,0,1
13.450811241450465,26.28807984451082,1,4.012065798338712,0,1,0,0,9,0,0,0
3.0102673402612474,33.98318167674422,1,3.7649281065707805,0,0,0,0,2,1,0,0
6.629709404922642,81.29162482114829,2,3.8149748079397883,1,0,0,0,4,0,0,1
3.4759520528233594,31.508895610613678,4,3.5416418956466833,1,0,0,0,4,1,0,1
4.636271500780396,68.68657493451995,3,7.254370150687038,1,3,1,0,5,0,1,1
1.8032254467100217,40.43626605532601,2,5.28540615172397,0,3,0,0,11,1,1,1
1.1179701638502952,49.93648286465737,2,4.435370750996983,0,0,0,0,2,0,0,1
3.9106592805675366,55.891852418867444,2,5.058563279713411,0,1,0,0,6,0,0,1
2.901047974424687,7.980375790008026,3,5.434581019449351,0,0,0,0,4,1,0,0
2.472409674165718,20.74565329145402,2,3.5054129578468958,1,1,0,0,7,0,1,1
5.582362104098607,51.72666037574325,2,2.2208087852715708,1,1,0,0,5,0,0,0
5.8640930761645365,35.51384872432239,3,7.677005436277188,1,0,0,0,12,0,0,1
0.23503906199143082,69.93162590549244,2,6.976047486512914,0,2,1,0,6,1,1,1
2.0680748477936466,17.877582382637506,1,5.755605187727272,1,4,0,0,10,0,1,0
2.6531399322352343,61.30510112515974,3,6.838387873324206,1,2,0,0,6,0,1,1
0.5095665492148289,22.475575591913476,2,8.828728096861855,0,3,1,0,11,1,1,1
1.3452887130131883,42.95790011711143,2,3.9291925936876435,0,1,0,0,11,1,1,0
0.2651149853199578,28.71244471524072,3,2.7599318850618757,1,1,1,0,7,0,1,1
20.0,88.04859760942395,2,6.323033242555295,0,3,0,0,11,0,1,1
6.669595118187908,23.210156740599285,3,2.0663480601228605,1,0,1,0,5,0,0,1
0.45756286003295954,47.558806092619534,3,5.075945307746359,0,1,0,0,4,1,0,0
0.10228604436928354,15.46327703959696,3,4.403137167278486,0,0,0,0,10,0,0,0
6.352126671648075,81.9914024414118,3,6.347775568817527,1,2,0,0,9,0,1,1
2.891884867319739,58.025648323544104,3,4.035450404485544,1,3,0,0,12,0,1,1
7.72754575451169,52.739461791973355,2,7.399539555406965,0,3,0,0,11,1,0,1
12.850756780320188,79.48625878583451,2,3.5062329889375405,1,0,0,1,6,0,1,1
4.572716160912337,52.94844882845224,2,6.411601322744072,1,0,0,0,7,1,0,1
1.035787699248007,54.39142712282154,3,3.6671725786771634,1,1,0,0,8,0,0,1
7.620753430756735,52.63450576130303,2,6.096908990449745,1,1,0,1,1,0,1,1
15.596481039382674,61.272686508862385,2,2.970708426611259,0,0,0,0,3,0,0,1
4.340257014313212,40.15117232157475,3,4.951772313657163,0,1,1,0,8,0,1,0
5.728479344075515,45.71425385273335,1,7.644183180321656,0,2,1,0,12,0,1,0
2.058482628400777,66.20669256914891,3,5.230010400283483,0,0,0,0,11,0,0,1
2.4025143264543067,55.547459031157636,2,7.366154362235296,1,1,0,0,11,0,1,1
6.633612602473427,47.71512171795749,2,4.9474510401451655,0,0,0,0,8,0,0,0
13.139575070535646,21.989552179385754,2,3.9899014793797125,0,2,0,0,10,0,1,0
4.957609577912537,79.96100569073191,2,5.343964989124901,0,1,0,1,8,0,1,0
7.799618825479355,36.770917800984584,2,6.236793311766604,0,4,1,1,3,0,1,1
0.9415071074888788,69.74474476838515,2,1.1889202246636854,0,0,0,0,12,0,0,0
1.1910263727778263,53.51507303376171,2,6.044570088717358,1,1,0,0,11,0,1,1
3.7968055148833324,24.130989545402596,3,3.120329654344001,1,1,1,0,7,0,1,0
0.9712876937319801,75.04550955061231,2,2.623124434078599,0,0,0,0,10,1,0,0
5.039222096234046,55.09081292799079,3,6.07715333365687,0,2,0,0,6,1,1,1
1.7241072704444436,76.70690713474085,3,7.677005854958944,1,0,0,0,10,0,0,1
7.839863472137573,46.35182598528162,2,5.432812369625637,1,2,1,1,11,0,1,1
8.25417397060013,64.08102459934109,2,2.289185296293803,0,0,0,0,6,0,0,1
3.1161232937089745,14.74945777309972,1,3.6588789794219414,0,1,0,0,4,0,0,0
0.997200035024197,39.995682728124855,4,4.163465650281768,0,1,0,0,10,0,1,0
5.203249605755081,24.540133355374568,3,5.392193880457471,1,0,0,0,2,0,1,1
20.0,42.504322999232166,1,4.856240303327413,0,1,0,0,2,0,0,1
4.872127642695807,59.436234790122896,2,5.990459606887011,0,1,0,0,7,0,1,1
0.18215144177457424,37.90839824691709,4,6.999945661285867,0,0,0,0,3,0,0,0
0.08722631672832779,67.27684187277563,3,5.68948915638191,0,2,1,0,10,0,1,1
1.9309746604325915,32.867747128999774,2,6.796161385156207,0,1,0,0,3,0,1,0
1.0894357450483911,67.70473227299956,2,4.460579377950579,1,2,0,0,11,0,1,1
8.38460267309075,76.19514331748073,2,10.0,0,2,0,0,11,0,0,0
9.315385931534527,70.27052270181971,3,6.1063611876725075,1,3,0,0,6,0,1,1
1.4962015366074901,43.11621896340454,3,6.36809726290728,1,1,0,0,11,0,0,1
1.9699913486940361,7.490928041117144,2,8.515361620775673,0,0,0,0,12,0,0,0
1.3475539912288554,61.643339934746955,2,5.176357605717551,0,2,0,0,4,0,1,0
11.950667472846792,47.49530570569392,4,3.708983377199428,0,1,0,0,3,0,1,0
3.492299687692948,30.432141197452932,3,7.612868091837878,0,1,0,0,6,0,0,1
5.337560424720352,38.8744187025918,2,7.730285933202522,0,5,1,0,1,0,1,1
2.684839256595528,78.68850632889604,1,5.307012610115829,0,1,0,0,11,0,0,1
4.984985502316629,27.25319598779691,2,8.519255075688406,0,2,0,0,1,0,1,0
2.4376241788618445,59.366183512424236,2,4.833428381509754,1,1,1,1,8,0,1,1
2.0751417352542525,54.359163512748076,2,6.864565898246296,0,0,0,0,8,1,0,0
5.032172409586135,42.85224670673536,1,8.031064793507344,0,3,1,0,9,0,1,1
4.470959572649871,62.89065374626094,4,5.19665803084563,1,1,0,0,3,0,1,1
1.7373582237852772,82.64490517797731,3,5.913596219672427,1,5,1,0,5,1,1,1
0.808763470476,44.080569922276034,2,7.05203022210752,0,2,1,0,6,0,1,1
2.298893958290787,45.136381038457976,3,4.267630183575571,1,3,0,0,3,0,1,1
2.682406667598391,62.441298099804,3,3.371696568963015,0,0,0,0,11,0,0,1
4.953513624211135,68.36485642870002,2,7.665963620355091,1,3,0,1,8,1,1,1
12.297876882228373,47.4458558570273,3,5.6135316693241855,1,3,1,0,3,0,1,1
0.18427850716870003,43.89252527812703,2,3.9888209200049105,0,1,0,0,9,1,0,0
1.396328035967136,5.64706958560479,3,5.188233543361468,1,2,0,1,5,0,1,1
1.07659584815225,34.439821752668934,2,6.017064591933087,0,2,0,0,10,0,1,0
3.488732794452826,27.21376655864899,2,1.8614013235420965,0,0,0,0,7,0,0,0
2.8079707797051885,63.69249992623782,2,6.43198579516819,0,0,0,0,11,0,0,1
6.528876505127484,45.12194102798316,2,5.816892407683817,0,2,0,1,11,1,1,1
1.3881037060897459,44.339567889221435,2,8.310198162219155,0,1,0,0,11,0,0,1
4.513151876122888,49.818874727540376,4,4.562017365682771,1,2,1,0,12,1,1,1
10.76467679048113,32.596470597492,3,7.754234867016516,0,0,0,0,7,1,0,0
12.077522745658706,81.06494373377508,2,4.9107089173363745,0,1,0,0,11,1,1,1
15.944717103510008,75.96387823393222,1,5.278348177318778,0,4,0,0,5,0,1,1
7.41978186733776,82.36213566095375,3,5.561902497715991,0,3,0,1,8,0,1,1
11.821659240838294,63.66834462477783,2,9.186506650856243,0,2,0,0,1,0,1,1
1.3363319693750422,49.41043769956126,2,2.5210188047448185,0,1,1,0,6,0,1,1
1.100621471497226,82.2945860601377,3,5.9901503576617365,0,1,0,0,11,0,0,0
0.032546114402704183,36.38066328174041,4,5.084462874514456,1,2,0,0,3,0,1,1
6.135258038449739,32.57582041933975,3,4.9429296776500555,0,2,0,0,11,0,1,1
13.860319325106708,37.96976970460282,2,6.166021518540578,0,0,0,0,2,1,1,1
1.0347232310119028,60.45742533828597,2,7.21200214260451,1,2,1,1,2,0,1,1
5.065985086006966,34.75789613224654,3,6.063264173163778,0,0,1,0,4,0,0,1
6.861163639031914,46.89254023564003,4,7.47040940199207,1,1,0,1,9,1,1,1
13.12872808494706,17.962894122304476,4,4.498077614741585,0,4,1,0,11,1,1,1
5.204456672328962,59.62195330856488,2,4.902895562617943,1,1,0,0,1,0,1,0
17.581986184371196,19.657932656337817,3,2.9982576951824376,1,2,0,0,3,0,0,1
2.1131057323087274,31.35677890269276,1,8.965811380183075,1,2,0,0,1,0,1,1
2.1533648704615462,74.34334269793288,2,4.626575061846884,0,1,1,0,1,0,1,0
3.915496313367174,73.6063663397222,2,4.405570246929608,1,3,0,1,10,1,1,1
2.41850003832646,57.48626179092996,4,6.213325447253729,1,1,0,0,7,0,1,1
0.007133728025841085,55.51327163470461,1,7.214158921446089,0,3,0,0,8,0,1,1
6.579590037053552,39.38080705691482,2,3.6158375377640426,0,1,0,0,10,1,0,1
6.965931107195312,34.541926725155975,4,7.373374954455934,0,0,0,0,3,0,0,1
6.871327092799456,42.75516604485241,2,4.393396355601253,0,0,0,0,1,0,0,0
2.1157579796085533,19.726916510753647,2,7.8612391084548765,0,3,1,0,1,0,1,1
3.6937516131860164,55.04897109907327,3,3.9181819926328876,1,1,0,1,7,0,1,1
2.2312286281775258,50.9766224961682,3,6.4708946494567865,0,1,0,0,9,0,1,1
0.08083187257581824,31.331574665794662,2,5.085419639828926,0,0,0,0,5,1,0,0
4.132809371643579,81.37363837682716,4,2.7472443126101145,1,1,0,0,1,0,1,1
0.6605800656427351,62.13827420574096,2,2.168071094733692,0,0,0,0,12,0,0,0
0.41713263719284027,63.83683608017713,4,3.5140942787547855,1,4,0,0,11,0,1,1
7.042680805316847,40.25320147921669,3,6.985113783827663,1,5,1,0,2,0,1,1
0.04775837384675956,49.973398439473534,2,1.1136896084676153,0,1,0,0,4,0,1,0
15.971945875814882,62.54745340374845,3,5.667891946451829,0,3,1,1,9,0,1,1
3.6206652532525885,53.05564734200471,2,5.493781045027968,0,0,0,0,7,0,0,0
20.0,82.03801569539743,2,1.6354087369415162,0,0,0,0,3,0,0,1
0.2987371370810795,45.92424861166498,4,3.4062097119571346,1,1,1,0,9,0,1,1
4.37969882774228,39.90878935527779,1,3.4024302886272646,0,0,0,0,3,0,1,1
2.1487406120416663,62.68505752942852,1,5.105382942211482,0,1,0,0,2,0,0,0
9.272937041286033,24.70705455426976,2,7.932671565475417,0,0,0,0,10,0,0,1
2.240997269052324,68.48593864616224,2,7.1499238545956505,1,3,0,0,11,0,1,1
1.5088210028289044,23.985763988160343,3,4.279383103135914,1,2,0,0,6,0,1,0
9.743930852712587,62.771693321171,4,3.341165021372202,0,3,0,1,8,0,1,1
2.3472436493804456,37.03452891654675,2,1.8832523354412496,0,1,0,0,8,0,1,0
0.08488305251835164,59.53168293966786,2,4.242783032903533,0,1,0,0,9,0,1,0
2.47385184980018,68.14685892122034,2,3.2024255610811343,1,5,0,1,5,1,1,1
5.314135461486261,53.06842391007837,2,4.927704036588972,0,4,1,0,6,1,1,1
1.467558752303968,26.0075809671864,2,5.003487726154939,1,0,1,0,12,0,1,0
2.8280600808883163,32.06449510985696,2,4.048828135072191,1,2,0,0,5,0,1,1
0.29193480835590313,35.42681717932435,2,4.090711639019488,1,1,0,0,2,0,0,0
4.434785885600884,12.09986212804452,3,3.6124103579295435,0,0,0,0,8,0,0,0
7.058982445535343,72.54955717463858,4,3.9750410069128,0,3,0,0,10,0,1,1
2.666315367710994,52.202151715126575,3,7.871830701410827,0,1,0,0,9,0,0,0
2.7256417346859845,27.289639096220103,3,6.035616083672573,0,1,0,0,12,0,0,1
0.46212547056392933,79.11349714916715,2,6.062700550889431,0,5,1,0,11,0,1,1
1.127862898281822,35.973437997236736,3,7.023885815986657,0,0,0,0,8,0,1,1
0.8401723438964324,55.01144978149743,4,6.847045198403903,0,0,0,0,8,1,0,1
3.2858872755488107,33.49458909607596,4,7.849528783945807,0,1,0,0,10,1,0,0
3.7671994099419566,9.634796933419445,1,6.176836219033085,1,0,0,0,6,1,0,1
14.873782191741842,22.711188822974787,3,5.410288881427283,0,1,0,0,9,0,0,1
0.3802573976606946,41.030191382671376,3,3.8184574042393926,0,0,0,0,11,0,0,1
4.579803596109694,67.96593742412095,2,3.351696016436098,0,3,0,0,12,1,1,1
3.7380012808880614,56.930662936384905,4,6.7645145234595585,1,1,0,0,2,1,1,1
3.630760477904924,52.8041025234249,2,4.777890044790864,1,2,0,0,7,0,1,1
10.32411605545416,9.79944754510236,2,2.280240497868362,0,5,0,0,6,1,1,1
1.1504535772163624,75.4017229536019,2,0.813935804786392,0,0,0,0,4,0,0,1
0.20813906605269938,54.47359392991112,2,9.295255637562962,0,2,0,1,11,0,1,1
5.577848902819193,47.611646602156796,4,3.028127552658398,0,1,0,0,10,0,0,0
2.116802377547098,72.64846219977791,2,3.62752256536113,0,1,1,0,11,0,1,1
0.08873228600144818,74.94993447136548,2,7.456155845924645,1,4,1,1,10,1,1,1
1.447578811772639,73.09180495218382,3,2.5828507333396318,1,3,0,0,3,0,1,1
1.850442337628185,45.058270065934245,1,6.062820004790959,1,2,0,0,7,0,1,1
4.796491930424717,29.93046878431609,3,8.643953664097522,0,0,0,0,6,1,0,0
0.9472492785765495,69.77845834284146,3,9.227660575482346,0,1,0,0,6,0,0,1
2.6641152469582936,22.69891113859166,2,4.105103430966495,0,1,0,0,1,0,0,0
3.2934915228401196,88.94513477328564,4,4.975926214348158,0,3,0,1,9,0,1,1
3.073874487398437,50.55999090389126,2,4.2072322539568265,0,4,1,0,7,0,1,1
18.236915635057155,28.78231488600832,3,4.9640994106277425,0,3,0,0,11,0,1,1
0.2328603781372191,25.36262891686779,4,7.59654313381972,1,1,0,0,5,0,1,1
15.076429677367845,24.44790351887881,3,2.201375051460248,0,0,1,0,1,0,0,0
4.360618259906174,52.80725813441686,2,6.295913592050481,0,0,0,0,10,1,0,0
7.9415072227945105,49.87215359880426,1,4.609004733821535,0,1,0,0,11,0,0,0
2.814039795123313,25.28155652981614,3,7.737002160056383,0,0,1,0,2,0,1,1
3.024197132673602,42.87088426888196,4,7.630839802818063,0,1,0,0,2,0,0,0
10.57333359718967,22.641292278173154,2,4.185737001757889,0,2,0,1,5,0,1,1
11.313673673808715,61.78603611888345,2,4.7784378965292555,0,0,0,0,6,0,0,1
1.363565880313522,48.90813467774573,2,6.785525486866275,0,3,1,0,9,1,1,1
1.110981741417221,42.43194988165104,3,6.9666419878943655,1,0,0,0,8,0,1,0
3.428228673153364,24.237785398649457,1,0.0550213805472799,1,1,0,0,7,0,1,0
11.526796042869593,43.99688799554469,3,6.779100992305325,0,1,0,0,10,0,0,0
1.945659324134672,41.70544237307347,3,8.292963784415175,0,5,0,0,7,0,1,1
5.277973990952798,56.354534024191935,2,5.511218732227651,0,3,0,0,4,0,1,1
6.157605451266468,53.34035956233921,2,6.9003528453111365,0,0,0,1,2,0,0,1
7.540607776983678,65.84120204158684,3,7.557512253736429,0,2,0,0,1,1,1,1
4.149698944960009,40.308469129898754,2,5.443187418749565,0,1,0,0,8,0,1,0
2.574629912786506,12.791769956070112,2,6.628461619750754,0,0,0,0,4,0,1,0
17.05866171993941,69.8218575319608,1,5.025372994726484,0,3,1,0,10,0,1,1
4.7251328130225785,31.279349739036387,2,4.895663696793193,0,3,0,0,11,0,0,0
6.520166793181103,27.86165893969489,2,3.6769171449423714,0,2,0,0,2,0,0,0
2.115469269562732,49.13766909772496,3,5.346044893868419,0,2,0,0,6,1,1,1
5.542543197087813,56.04541025909034,3,8.773713670219006,0,0,0,0,3,0,0,0
1.4906669024371042,39.38327188570635,4,3.195010183884217,0,1,0,0,2,0,1,0
1.4058295278026691,39.226146370637466,2,6.2337458491693996,0,2,0,1,7,0,1,1
6.271459214807708,42.1794736446889,1,5.64191015489822,0,4,0,0,4,0,1,1
3.6843955268569206,78.33080701986287,2,7.949655537991136,0,4,0,1,5,0,1,1
5.748632370573485,49.94643824883735,1,8.325786620432366,0,2,0,0,6,0,1,1
1.5697092487963005,30.640743210764075,2,3.1514449928928725,0,1,0,0,7,0,0,0
4.565520835054638,30.844332861940657,2,3.8515690961873936,0,0,0,0,7,0,0,0
2.9343382839253644,44.98231640835262,2,3.960827475006733,1,2,1,0,4,0,1,1
4.543600890414766,54.757158680560146,1,4.031601224645347,0,2,0,1,12,0,1,0
1.7186506835729176,59.67960323932381,2,4.203103026564917,0,0,0,0,8,0,0,1
6.28424840255477,52.48317207694431,2,5.694129038340723,0,0,0,0,4,0,0,0
8.197665471113426,33.162532981658224,2,3.2972260503116653,0,0,0,0,4,0,0,1
1.5049611299418986,41.52117400878434,3,3.57841701139165,0,4,0,0,8,1,1,1
1.787809256021107,64.67815763729249,2,3.418819378973226,0,2,0,0,9,0,0,0
5.41105174048235,27.078160790938092,2,5.985248985399058,0,0,0,0,6,0,1,0
5.94681974763684,40.68493213845075,2,4.872463316657335,0,1,0,0,2,1,1,0
6.0886632649568915,61.94925715762705,2,4.517397089645672,1,1,1,1,11,1,1,1
5.739514340341233,67.50562853270353,3,3.3162406043271213,1,3,1,0,12,0,1,1
2.4945488103004956,46.141692578172346,2,1.7918918566525037,1,1,1,0,10,0,1,1
2.5114249485252045,41.77586378858368,3,8.263067454686166,0,2,0,0,8,0,1,0
1.470631450419924,23.557641171125198,2,4.422544624370435,1,1,0,1,10,1,1,1
0.8529553433199376,60.51279845454189,3,10.0,1,0,0,0,9,1,0,1
5.897659318587207,76.37559370293579,4,6.545582781801969,0,0,0,1,9,0,1,1
0.48910496915477686,100.0,3,8.658505666035147,0,4,0,1,8,0,1,1
13.886381401409045,57.72892367036093,1,6.986974559028222,1,3,1,1,2,0,1,1
8.763260264524183,48.982406967120376,3,5.317032315373937,0,0,0,0,5,1,0,1
9.742267802432531,31.603787736981854,2,3.8046848838800402,0,3,0,0,2,0,1,1
11.858004892399991,12.422861725137011,2,3.0463201692070396,1,2,0,0,1,0,1,1
2.6263553830481694,53.53918499479666,3,7.239302033971871,0,2,1,0,4,0,1,1
9.376816058219417,97.00678240308605,4,5.530068098081324,0,0,0,0,7,0,0,1
0.8602403529341243,75.41624459313826,1,6.233002081566944,0,1,0,0,1,1,0,0
0.10939706411771173,72.33128538227596,3,6.629247009897473,0,5,0,0,3,0,1,1
7.6830611864845935,54.91205634115831,2,5.711948775451596,0,1,0,0,5,0,1,1
0.38870862813837753,57.19046320560644,2,4.056284903397198,0,0,0,0,10,0,0,0
20.0,1.5250536344404537,3,7.0254049420312,0,2,0,0,12,0,1,1
5.616519611418724,65.25021161527994,2,4.603626305395364,0,1,0,0,9,1,0,1
7.00094645531332,38.413188608483686,1,5.181138529435279,1,1,1,0,9,1,1,1
1.4105140362078892,35.965453068082255,2,6.434781213275435,0,1,1,0,10,0,1,1
5.602225403745961,43.53486093902785,3,4.882073186302119,0,2,1,0,7,0,1,0
0.2209086671744628,42.859910210979706,2,1.364304283340282,0,5,1,0,7,0,1,1
9.095418595351543,35.64728816056675,2,7.0811750091070955,0,0,0,0,10,0,0,1
0.929383903788824,50.27744144351952,2,7.509857659830103,0,2,0,0,12,0,0,1
5.976024555009403,38.834448075838935,4,1.3377678167991132,1,1,0,0,3,0,1,1
1.2711107660176444,52.00645911512292,3,2.913417588676924,0,1,0,0,7,0,0,0
0.35454407918015085,20.256443708999342,3,9.047759234971021,0,1,0,0,11,0,1,0
3.2840152979121378,45.718844587359655,3,5.464069357007824,1,1,0,0,1,0,1,0
0.9273498007291567,28.074088206274975,1,5.00710254654073,0,0,0,1,1,1,1,0
6.536380674731962,37.17101363004268,2,4.147233185900859,0,0,0,0,1,0,0,1
1.3561956310372894,52.86797686067061,2,2.9385946982867313,0,0,0,0,9,0,0,0
2.0963438811800477,17.92004770490084,2,4.611164715387233,0,0,0,0,4,0,0,0
4.1901625148480335,33.55185245455725,2,6.948845478331422,0,1,0,0,6,0,0,1
1.6771418512378884,61.37928769672668,3,4.9686440812380015,0,1,0,0,4,0,0,1
2.3739804032685234,21.73644316268398,2,6.220568171786097,0,0,0,0,8,1,0,0
8.453830195200556,85.55734280557616,2,8.531414297013125,0,1,0,0,2,0,0,1
0.9874390229507434,74.08815912261294,2,3.839043639107614,0,0,1,0,5,0,0,0
0.42888754431005977,40.109458310954416,1,5.605749801316883,1,1,1,1,9,0,1,1
1.9901474929833705,34.25580624429873,2,7.0087871218713556,0,1,0,1,5,0,1,0
2.761509708541138,54.03879806670964,3,3.134192733066807,0,0,1,0,11,0,1,1
3.9116330628153655,21.05075485945681,1,5.35610565613161,0,0,1,0,2,0,1,0
2.329450078238703,9.957145503351342,2,8.744649049252722,0,0,1,1,4,0,1,1
7.80113680755032,40.81329751894867,3,4.319499239080368,0,0,0,0,2,0,1,0
0.2005668931789906,47.31902466995618,2,7.136693076007579,0,0,0,0,2,1,0,0
2.8261234012580587,51.888544487070604,3,4.717726245580456,1,1,0,0,2,0,1,1
2.4084050433693527,37.705187677642314,2,8.599174034633979,0,3,0,0,11,0,1,1
5.214636752399274,75.47893458949895,3,1.7090642223257895,1,2,1,0,4,1,1,1
16.947764991651702,20.09720683032233,2,5.129912382020568,0,1,0,0,7,0,0,1
3.5705815874344333,27.234757300838023,3,2.0422906097082203,1,2,0,0,3,0,1,0
20.0,59.73271912289623,1,3.598246367438212,0,2,0,0,5,0,1,1
1.7994676968447212,26.767052287257176,2,3.5863624294096104,0,0,0,0,10,1,0,0
0.1567729511137833,25.993590956053666,3,4.466087385732291,0,0,0,0,8,0,0,0
0.905590411158786,52.46709584414327,2,2.6234172986093602,1,2,1,0,5,1,1,1
2.5136663168702675,28.92954759367937,1,4.856520884880975,1,3,1,0,5,0,1,0
1.9014282594114764,47.33831144158626,2,5.920933008962356,0,2,0,0,11,0,1,1
0.5104633653999711,36.002868806844866,2,1.936193734756868,0,0,0,0,6,0,0,0
2.833983487607823,32.76672593254521,3,3.7301350199410566,0,4,1,0,9,0,1,1
2.0633230999984025,7.953892173101195,3,10.0,0,3,0,0,12,1,1,1
0.6540709832079737,52.79126305642674,2,5.658474277731697,1,1,0,0,2,0,1,0
1.7557165768833278,25.056200157741422,2,1.3645175916364658,0,2,0,0,1,0,1,0
10.876946058826773,46.635155929389605,4,2.1990682704804247,0,1,0,0,12,0,0,1
1.7980309326740684,39.7579020330287,2,5.451808490745722,1,4,0,0,6,0,1,1
6.258038087587989,45.869838826002336,3,5.201332077148476,0,1,0,0,9,0,1,1
4.734356430225937,47.006492519734785,2,3.82511439659824,0,2,0,0,11,0,1,0
2.785928885097846,53.872565018365265,3,9.386629913775952,1,1,0,1,5,0,1,1
1.365778049987993,35.44481397017115,1,10.0,0,1,1,0,9,0,1,1
2.302363560153598,74.85392958546737,2,4.471233280300553,0,1,0,0,2,0,0,1
4.483754586127475,13.051998782888468,2,6.745913731853477,1,0,0,0,5,0,0,1
2.1597118996651203,45.46817762945542,3,6.846332342642005,0,1,0,0,12,0,0,1
1.20969819074693,66.72461952821735,2,7.111746278955154,0,1,0,0,12,0,0,0
0.61910912500226,59.535451060052075,3,3.719829356452192,0,1,0,0,9,0,0,0
10.591616178570881,30.50328846942806,1,8.878898434441075,1,2,1,1,12,0,1,1
2.9018876837939485,33.83509014023952,2,4.862805607531182,1,0,0,0,4,1,0,1
4.906924660102636,29.864148813467924,3,5.843984162050222,0,1,0,0,3,0,0,1
3.370747534159943,61.98455261328778,2,5.004087020456621,0,0,0,0,7,0,0,1
10.300803815672555,35.20152542968983,1,4.720627655402483,1,0,0,0,11,0,1,0
3.95859675129588,55.102461762469005,2,5.556808919875719,1,2,1,1,5,1,1,1
3.277151622291302,55.2860282815191,4,2.628228852412966,0,0,0,0,4,0,0,1
12.924805698104898,97.36786936470745,1,1.0576939616527015,0,2,0,0,2,0,0,1
6.359288521438931,56.26502519603407,1,4.573239047972547,0,0,0,0,12,0,0,1
0.5913840165239088,33.77711970499073,2,3.2391447261534614,1,5,0,0,2,0,1,1
0.9782770614335606,20.796994758672017,2,6.09500735597328,1,4,0,1,12,1,1,1
7.735200505050301,44.482945707245094,2,5.867580317423298,0,1,0,1,9,0,1,1
9.034913418403598,47.61828315145363,3,5.026960039393404,0,0,0,0,7,1,0,1
3.939386762999752,5.786009452188885,2,7.96314958110877,0,3,0,0,1,0,1,1
4.042287692525358,35.722916794139735,3,4.98754464227406,1,1,0,0,5,0,1,1
4.997450956194471,55.94705085655106,2,2.083698314108207,0,0,0,0,6,0,0,0
2.891203830136118,39.352886594676505,4,4.5527115166911685,1,1,0,1,12,0,1,1
5.7002836888011155,69.37247571411675,4,7.34193553371002,0,0,0,0,5,0,0,1
0.5741440920931311,18.8328711055896,2,1.2314906540789141,1,4,1,0,11,0,1,1
16.256897249035973,63.53765640306433,2,4.811927345900047,0,1,0,0,12,1,0,1
6.93456924071023,68.27779483051906,3,6.15092406911791,0,2,0,1,8,1,1,1
4.9871542200007255,69.12992951683073,2,10.0,1,1,0,0,7,0,0,1
1.9013415791117214,18.682872306912426,2,7.416515273855212,0,0,0,0,4,0,0,0
0.8774575981972881,56.29105591714769,4,5.265232766728971,0,2,1,1,5,0,1,1
2.6325987053447437,36.6249176295697,2,6.041518452693894,0,2,0,0,3,0,1,0
5.4172896004195685,21.877151160341977,1,1.2046092794301484,0,3,0,0,7,1,1,0
5.021646045614179,41.72264550052583,3,2.900555628188075,1,0,0,0,9,0,0,0
2.411524139051307,31.900440161983813,2,6.301911342221261,0,1,0,0,2,0,0,0
4.750354478292487,68.41500936327739,2,5.322334793312636,1,1,1,0,9,0,1,1
8.403281352245802,60.261266860271384,1,5.577482373194786,0,0,0,0,4,0,0,0
0.1331819607624139,26.951110637822644,2,5.068229307354722,0,2,1,0,8,1,1,1
2.994834084062654,35.51557372338142,4,4.989818204836971,0,1,0,0,10,0,0,0
7.105572606731892,42.38605148766753,4,5.205861296957595,0,2,0,0,3,0,0,1
3.9498817423110473,48.55189705364206,2,2.8879296314703895,0,4,1,1,7,0,1,1
5.270242184358108,70.12756549607562,3,4.542146055310135,0,3,0,0,8,0,1,1
3.6353442753491585,63.815646529612664,2,2.511790737142317,0,2,0,0,4,0,1,0
20.0,51.0278393794968,3,3.760807086523518,0,1,1,1,9,0,1,1
0.2808497058775699,44.787023002101556,2,7.391810018409066,1,3,1,0,10,0,1,1
3.376976624004456,14.532919307850555,2,4.638495379004873,0,2,0,0,10,0,1,0
0.4793426984208158,75.83995252252113,2,6.191678950561616,0,0,0,0,11,0,1,0
0.8704906826292922,41.058068042686855,1,5.2305891082251,0,2,1,1,9,0,1,1
2.4147420663899917,81.09680480852515,2,4.230216666213451,0,1,1,0,10,0,1,0
0.8452900875740901,53.92218584263671,2,2.9828625867831535,0,2,0,0,2,0,1,0
16.577920226419742,90.50568417242889,4,4.199888695181284,0,4,0,0,3,0,1,1
14.667523671379492,62.126430667326325,4,5.366356891961049,0,1,0,0,12,0,0,1
2.0481913649572245,21.359607375582424,3,6.1603068882485195,0,1,0,0,12,0,0,1
5.10475346541114,37.71169039477576,2,5.244673729114572,0,4,1,0,3,0,1,1
3.8152021498322015,46.617300786560705,2,6.298960635891421,1,0,0,0,12,0,1,1
8.452886828868841,32.524342257833524,2,1.9596597948805878,0,2,0,0,2,0,0,1
4.936861189536338,42.45878365635912,2,6.733325115167004,0,0,0,0,7,0,0,0
0.0012624318128063613,22.661216828357812,1,2.7434873185960935,1,1,0,0,7,0,1,0
7.202156064721628,50.11442562198245,2,6.967009234316043,0,0,1,1,6,1,1,0
6.86882829643349,54.748238980218794,1,6.004811686825686,0,3,1,0,5,0,1,1
3.5639207046763426,29.917811855877623,3,1.2596208757100675,0,3,0,1,8,0,1,0
11.661046608381536,88.80508586963823,3,6.4739256483698595,1,2,0,0,8,1,1,1
11.954142817518212,51.27026522560918,2,6.990194679665823,0,4,1,0,4,0,1,1
3.710759444107747,33.665182677541765,3,7.5157569206918104,0,0,0,0,3,0,0,1
4.682317085922637,17.409214000695655,2,3.462803431787954,1,3,0,0,1,0,1,1
20.0,51.19885778794337,2,5.358821684141052,1,2,0,1,7,0,1,1
1.7749549187752967,44.79022934373294,2,6.388898766097418,1,5,1,1,12,1,1,1
1.9623785019668731,65.66081814572885,3,6.472653734824158,0,4,1,0,12,0,1,1
1.0091974074094392,47.13259470056064,2,5.819041523725938,1,2,0,0,6,0,1,1
11.310428832205163,26.12562435462546,2,4.146727513086756,0,1,0,0,3,0,1,1
6.8224371492954425,83.41436592355163,2,6.975887508218294,0,2,0,0,3,0,0,1
0.558250428393293,58.71249759014371,2,6.987639933629033,0,3,0,0,2,0,1,1
20.0,44.91782576803283,2,4.691443387806795,0,1,0,0,11,0,0,1
6.564507803337492,53.29277062899477,3,3.4328903919178773,0,1,0,0,8,0,0,1
9.503033937112638,59.48083913123316,2,3.5441933216037125,1,1,0,0,8,0,1,0
0.24674324362381972,21.422867722131297,3,7.729635430664424,0,1,1,0,6,0,1,1
3.5155928394898917,53.1538843992562,2,6.901356769836853,0,2,0,0,8,0,1,0
5.996556542115742,40.99753053412217,1,4.959920434559941,0,0,0,0,8,0,0,0
3.9147750607161367,60.145999712595035,3,4.601653584958005,0,0,0,0,9,0,0,0
5.492773437124628,35.196361507874435,2,1.4636264782886443,0,2,0,0,9,0,0,0
8.515284364519973,37.90596289805835,2,4.831197791243817,0,2,1,0,12,0,1,1
2.3447174606301906,83.25742197128116,2,2.617769690891652,1,1,0,0,12,0,0,1
9.441418223552564,74.61824181764273,3,5.317998952983516,1,4,1,1,3,0,1,1
0.8891549013017557,0.0,3,7.370494493522882,0,0,1,0,11,0,1,0
1.579626280343556,73.13523964928623,2,3.0390968940551177,0,3,0,0,12,1,1,1
0.22156551054331233,48.526959474844865,2,5.477173520776068,0,3,1,0,6,0,1,1
2.266140139634024,35.83635874201976,3,6.995559524019852,0,1,0,0,7,1,0,0
2.38944958069869,29.856505285846996,2,5.440590790544502,0,2,1,0,7,0,1,1
8.18072181060522,31.01764743440023,2,3.952034076299486,1,3,0,0,12,0,1,0
5.294035706980193,36.401281104831696,3,5.020772810544227,1,0,1,1,2,0,1,1
2.8699149015813674,27.457348326363128,3,6.914497424455753,0,2,0,0,12,0,0,1
5.279401888182519,22.908006778547154,1,5.525155719794884,0,0,0,0,5,0,0,1
0.2711371871315857,29.192396983121785,3,4.993258834879314,0,0,1,0,12,0,1,1
0.9939106752455567,56.467877101313746,2,7.312286252423252,0,3,0,1,4,1,1,1
4.930185354148565,51.00180297141594,3,6.029835739900847,1,3,0,1,3,0,1,1
5.127275967196818,61.11712903103712,2,2.5941951421001064,0,1,0,0,12,1,0,0
7.439081461393381,48.672603215798915,2,6.26282532396399,0,1,0,0,11,0,1,1
2.579188809971551,23.866413387104167,2,6.899117509564532,1,2,0,0,9,0,1,1
6.410646537801905,59.88881846987212,2,2.525367225825024,1,1,0,1,7,1,1,1
5.759754142991984,29.9062144225017,2,0.4625210082667559,0,1,1,0,1,0,1,0
16.53763068041038,62.93228603977868,3,2.916134662443297,0,1,1,0,2,0,0,1
1.2111873424810309,26.681599940860785,2,4.79500062463277,1,4,0,0,6,0,1,0
4.011235213812948,36.2504674719295,3,7.01957669009587,0,1,0,1,3,1,1,1
4.603557973902011,42.7721671886417,2,3.2180959316337425,0,4,0,0,9,0,1,1
20.0,63.48809602113897,3,6.110240533308935,1,1,1,1,8,0,1,1
1.123124127838683,53.5199450425479,2,0.0,0,0,0,0,5,0,0,0
3.70347978750377,50.40002644301849,1,5.360613440720161,1,0,0,1,6,0,1,1
2.124656564013208,87.71337570110612,2,4.18651909222914,0,0,0,0,11,0,0,1
3.7316108904572354,13.260336775497088,1,9.197197563278799,0,1,0,0,7,0,0,0
1.3206650525548849,29.232447145988978,2,1.215827425534691,1,1,0,0,9,0,1,1
0.24391580771406485,28.376230439220173,2,4.970997034391542,1,3,0,0,5,1,1,1
4.249770554301178,14.586953801554515,4,1.2035572967511774,0,2,1,0,12,0,1,0
2.046268748735771,35.60960974227945,3,3.900584533675099,0,0,0,0,7,0,0,0
1.0041065447038309,63.75538327593412,3,1.5976900687920792,0,0,0,0,11,0,1,0
1.957334455144423,38.16705202968497,2,9.601577480181655,1,1,1,0,2,0,1,1
0.25267949298792214,43.33994056027381,3,4.288904263878024,0,1,0,0,5,1,1,0
15.02308150865032,15.548903442394362,2,4.577941013379966,0,0,0,0,11,0,0,0
4.351187202075733,34.069488496793056,2,4.914532549789393,0,1,0,0,6,1,1,0
8.430749319347893,40.76602568824832,2,2.735446414424832,0,4,1,0,11,0,1,1
2.750589409473094,62.84800845094228,2,7.110477467321552,1,3,0,0,4,1,1,1
11.681467845835476,16.50167204163558,1,6.2803882909726845,1,2,0,0,5,0,1,1
3.301640547780724,40.899825085577234,2,6.835876725343561,0,0,0,0,2,0,0,1
4.265937946537564,71.73636060137781,1,2.5640762359274203,1,0,0,0,6,0,1,0
3.3843418127974805,41.09833428753472,3,7.270630430488103,0,0,0,0,7,0,0,1
6.607747353908007,7.688771717626423,4,7.039682558652616,0,0,0,0,2,0,0,1
4.1811179409812365,75.58351554696382,2,4.535213930018365,0,1,0,1,3,1,1,1
1.5845172667169594,64.69793885076666,2,6.790042151087128,0,0,0,0,9,0,0,0
0.786425200079115,67.38794350157582,3,5.545343246588574,0,5,0,0,5,0,1,1
4.658600636776133,15.124327065092118,2,1.812000935718049,1,1,0,0,10,0,1,0
3.358689630227571,80.24911451694429,4,4.6343881961759195,0,0,0,0,8,1,0,1
0.5044951738280902,34.53447829777605,3,4.036979924440705,1,2,0,0,10,0,1,0
2.5177397336989853,39.81122111559538,2,5.170838576095789,0,0,0,0,5,1,0,0
3.6157275434989087,35.94445668015993,1,7.042252575466616,1,1,0,0,9,0,1,1
8.769233646617588,68.93874363910415,4,1.717317328938909,0,0,0,0,4,0,0,1
0.3957629055328469,46.40403294989409,4,4.112844183919126,1,2,1,0,4,0,1,1
2.1423537118759772,59.63482065175251,2,3.35632513407732,0,2,0,1,5,0,1,1
8.648323108380502,51.51802045768736,1,3.4422173893785866,1,1,0,0,7,0,1,1
5.226645904110379,48.09915992614159,3,3.353781902332865,0,1,0,0,2,0,0,1
1.7121580449242255,31.064318725076074,2,5.136340710960874,0,0,0,1,1,0,0,0
9.332472901462157,86.24281174615531,4,6.046350905674679,1,5,0,1,2,0,1,1
3.399117487359824,20.732127429895417,3,5.696649917779051,0,0,0,0,3,0,0,0
3.4492819189847586,58.24507948069369,3,5.3713364151183125,1,0,0,0,5,0,1,0
18.77239171562965,57.53313184214558,2,6.243488975651286,1,1,0,0,10,0,1,1
14.698319796163606,73.0871257230485,3,9.760652267020777,0,2,0,0,3,0,0,1
2.2199852228976553,77.76180064758556,2,5.271782828627774,0,0,0,0,7,0,0,1
0.7574826099802296,47.252228011664485,1,7.042276805626548,0,0,0,0,8,1,0,0
1.9701541389035884,60.60788611849506,2,6.9283668691423745,0,0,0,0,1,0,0,1
0.1547876906869553,85.2974742090502,2,8.555588326061233,0,3,0,0,6,1,1,1
0.10493286163592211,48.696464661554955,3,6.121037729900144,0,0,0,1,1,0,0,1
2.516951143534165,28.67133049869647,3,3.3113676380521313,0,0,0,1,12,0,1,1
14.152769347244334,42.31063774601157,2,5.609763842043757,0,1,1,0,3,1,1,1
10.2535840274155,23.907080027710656,2,5.502277486835095,1,2,1,1,12,0,1,1
3.58149395317977,57.43633621989445,2,6.6303652175755525,0,1,0,0,3,0,1,1
4.164648999208902,71.2891241628127,2,3.2532066610011574,0,2,1,0,3,1,1,1
0.02975584940772848,47.579170158649234,3,7.532642147919237,0,1,0,1,12,0,1,1
1.2135509007413416,17.580799010927194,2,5.01047429828024,1,2,0,0,7,0,1,1
0.12543085065862744,70.43301670115355,4,6.6787585078634635,0,2,0,0,2,0,1,1
7.0230968701164365,14.474020768684426,3,5.619346316147266,1,4,0,1,10,0,1,1
0.7870470621551444,19.080904441539175,2,5.245181556640004,0,4,1,0,10,0,1,0
10.164587906651173,46.433232250105625,2,5.467712820967541,0,1,1,0,4,0,1,1
5.15464175877289,55.03570491350998,2,6.343984022762446,0,1,0,0,6,0,0,0
1.303050417067724,58.444949975167084,2,8.917309588142839,0,1,0,0,7,0,0,1
0.8582157745506074,48.67720895907053,2,0.9652452303420915,0,0,0,0,5,0,0,0
4.939265323941818,85.20087530269714,2,6.08000589784811,0,2,1,0,2,0,1,1
11.554950596485089,51.303366821664035,4,5.087935592001494,0,0,0,0,1,0,0,1
6.33563198307959,70.69336203505871,2,4.645786865590791,1,2,1,0,8,0,1,1
2.1427474571647376,65.73909128189396,3,0.273443553744932,0,0,0,0,4,0,1,0
4.426184598641551,24.142525355909406,1,6.160415362510035,0,1,1,0,5,0,1,1
1.860840987405283,46.605390254289574,2,4.750058726237373,0,3,0,0,4,1,0,0
20.0,92.46641026562038,2,3.3311430646472537,1,3,1,0,10,0,1,1
6.908309307907178,39.91298292119485,2,5.084959945434971,0,1,1,0,6,0,1,1
4.7645355132029135,36.50758951286619,2,4.4144195378702396,1,5,1,0,4,0,1,1
2.751811171351786,53.41151162954044,3,1.515213665963684,0,1,0,0,3,0,0,1
4.813667077323774,40.62960141479896,2,5.176369438316251,0,0,0,0,4,0,0,0
2.0898351306546297,34.12590840995523,3,6.160147059400028,0,5,0,0,11,0,1,1
0.1464481155763399,40.334332114048266,3,3.901533170638547,1,2,0,0,7,1,1,1
2.51336574800829,78.64019342737251,3,5.5234256653702465,0,0,0,0,10,0,1,1
13.330762936090053,47.26762617044855,3,5.216223949120328,0,0,0,0,1,0,0,1
4.921524360238743,23.43849934490576,1,7.090984445141551,0,1,1,0,3,0,1,0
0.43845278192183923,19.765069238236713,4,4.7926152126626524,0,1,0,0,3,1,0,1
10.81383808232755,94.13609864108939,4,6.60218367832046,1,4,0,0,9,1,1,1
1.565853145775231,45.53331261131795,3,4.3732944883622835,0,2,0,0,6,1,0,0
1.3970452297322613,58.691570019308365,2,8.934643922990377,1,2,1,1,10,0,1,1
1.7626389818498662,34.57245547320781,2,4.1263168027202255,0,3,1,1,1,0,1,0
4.304306569252301,56.419719385428316,3,3.6300017513353966,0,4,0,0,11,0,1,0
3.933862929743994,79.18659303203064,3,4.799015761112124,0,3,0,0,2,0,1,0
3.3806023522363744,36.954736325124905,3,3.5439621889788544,1,5,1,0,7,0,1,1
6.321036136102133,59.17173559897165,3,2.5026871322123307,0,0,0,0,2,0,0,0
1.9029191373272485,21.885074482192238,2,6.455204708515749,0,3,1,0,9,0,1,0
7.617781152583522,90.45732236733585,2,0.0,0,0,0,0,2,0,0,0
0.963809409347744,55.37071860489149,3,3.5649332880012103,0,2,0,0,4,0,0,1
7.63055967398342,41.74412311295416,1,2.316472170896494,1,3,1,0,2,0,1,1
5.450395578588881,44.042517534276726,3,5.284338800387724,0,1,0,0,8,0,0,1
5.747554245092012,39.799236509713296,3,0.6217686605375974,0,1,0,0,11,1,0,1
3.2845912023387607,40.82189671753014,2,6.095701689889841,0,0,0,0,1,0,1,1
5.498086958287623,1.0500971530068028,1,6.312179853655045,0,0,0,0,4,1,0,0
0.41580515851095684,48.04068535806489,3,1.7347639095298506,0,2,1,1,8,0,1,1
9.537573012761134,47.20242638788575,2,5.381205405665836,0,4,1,0,2,0,1,1
0.2857480113872728,59.773230745209545,2,6.032118567640391,0,1,0,0,4,0,0,1
0.8051972392445638,39.53712507116947,3,6.880600748832376,0,2,0,0,1,0,1,1
4.299430402189885,34.57927371717955,3,2.062141326767077,1,3,0,0,3,1,1,1
6.724062866324161,49.8445011109405,3,1.7808107149935104,1,5,0,0,12,0,1,1
0.39657750097388095,17.752637638190322,2,8.005298443340184,0,0,0,0,9,1,0,0
12.676674063432053,52.86846375069169,2,3.3562205893607615,0,2,0,0,5,1,0,1
18.173405190540596,12.763614809565581,3,3.945191649982892,1,4,0,0,11,0,1,1
4.656389566163617,72.41637297661592,2,6.266189047505755,0,1,0,0,6,0,0,1
3.281602956878869,63.685399113215496,2,2.6615979534610377,0,0,0,0,5,1,0,0
6.762266853798538,31.476282471519735,2,4.468301173827749,1,2,0,1,12,1,1,1
1.9901442709876052,63.22276026676074,2,6.783488585506117,0,4,0,0,1,0,1,1
3.3988298886811057,52.230284485077625,2,2.1577955653149576,0,0,0,0,4,1,0,0
12.393690183182272,29.819795378302803,2,3.9999913412089816,0,0,0,1,4,0,0,1
15.578824527952335,9.542476855418215,2,2.7465527600218094,0,0,0,0,5,1,0,0
13.091215407745825,56.32871366852905,4,3.4521291622165293,1,0,1,0,12,0,1,1
1.5220938778561068,34.1143630572993,2,7.371297160261344,0,2,1,1,11,0,1,1
1.3228823092728617,71.89939139392159,2,7.810127267932135,1,0,0,0,3,0,1,0
1.7667203866909296,50.28067467763702,2,5.515668258850926,1,5,1,0,4,0,1,1
2.910812562191156,36.00834607005366,2,6.064419369254945,1,3,1,0,4,0,1,1
1.8856086150506581,85.95677466180943,4,6.009709802468184,0,0,0,0,11,0,0,1
2.343724474833589,61.5289298520601,3,3.6553280478216426,0,1,0,0,3,1,1,0
4.846308112155386,0.0,3,5.476301008367019,0,0,0,0,8,1,0,0
7.18847887716044,40.27216462418267,3,2.4093832197188134,0,4,0,1,7,0,1,1
6.650670415764386,22.318220159751533,4,3.082861020170763,0,0,0,1,12,0,1,0
8.421442222447775,34.004041245593825,2,4.826396907178456,0,2,0,0,6,1,1,0
0.16356854521150205,47.10535202162928,2,2.878058012705278,1,3,1,0,6,0,1,1
0.24455325295161592,57.08097017175093,2,2.4545458336616033,0,5,1,0,7,0,1,1
7.78856887072052,55.227314842271475,2,3.5762043450861025,0,1,0,0,2,0,0,1
3.8079740998999325,71.55746153129604,3,7.292667450383789,0,2,0,0,11,0,0,1
4.315416853334203,62.73196755017334,2,8.114278307787433,1,4,1,1,10,0,1,1
0.2701000963863048,61.4949385825101,3,4.934879946091471,1,3,0,1,10,0,1,1
1.4739617948106842,54.02984646266549,2,6.164397849089637,0,1,0,0,11,0,0,1
5.085451446076977,75.73597705451803,2,3.8730117557105217,1,3,1,0,3,1,1,1
9.801431110780879,43.67446913618165,2,0.8687064135608997,0,3,0,0,8,0,1,1
12.443573286153292,44.19393462529619,3,3.2129550387298886,1,2,1,0,3,1,1,1
3.469932621903007,11.888532940549396,3,4.383311934651598,0,1,1,0,3,1,0,1
3.9425033666314886,71.12328087620071,4,5.2819385639989305,0,2,0,0,5,0,1,1
8.950293513827852,48.46148488441691,3,4.798047790163629,1,1,1,0,8,1,1,1
3.856890826737776,100.0,2,4.436708770965066,0,2,0,0,9,1,0,1
3.6372288021422157,41.88934616475084,2,3.8507339359890205,0,2,0,0,5,0,1,0
11.773816934440992,51.7715625883347,3,5.68772508942453,1,4,1,0,6,0,1,1
7.801637118248479,60.930099072168275,3,2.272216443252722,1,0,1,0,3,0,1,1
11.98846541607151,27.96200054022574,2,6.604125422662976,1,0,0,0,10,0,0,1
1.2310825759117014,57.170954277584556,2,3.827298222467192,0,1,1,0,11,0,1,0
3.715632867789995,50.693228641143705,2,9.13419650538789,0,0,0,0,3,0,0,1
9.240764375301211,43.926236206463244,2,4.369368920480567,0,0,0,0,2,1,0,0
0.5891217120499661,73.45207917486013,4,4.03964855325324,0,2,0,1,2,0,1,1
7.915493142585486,31.925025641786885,3,3.87462762178219,0,1,0,0,6,1,0,1
1.0104180310661386,55.49804226164443,2,4.059594781555738,1,2,0,0,12,0,1,0
8.254393069312776,79.09328582770092,2,6.2144561168494645,0,2,0,0,1,0,1,1
4.7337617787273185,35.86756488087403,3,4.915447597219057,1,1,1,0,8,0,1,1
1.0736204203339277,44.06228034615402,3,6.974163331922985,0,2,1,0,9,0,1,0
3.2061351171211543,96.90609126943656,2,5.928842933867559,0,3,0,0,2,0,1,1
5.727028609917461,59.48782130312114,3,5.062984918967902,0,0,1,0,10,0,1,1
5.023600580853836,39.87605046714765,3,5.7459086711973155,0,1,1,1,6,1,1,1
2.786505311931591,66.05249520156956,2,7.392693776327441,0,0,0,0,6,0,0,1
11.481351810749931,38.63812896817949,4,6.313391926101991,0,3,0,0,7,0,1,1
3.6621789907669857,18.70168151679858,2,5.561113986881093,0,1,0,0,7,0,0,1
3.5247558570384854,77.4472789053034,1,5.845485110017185,1,5,0,0,3,1,1,1
0.32136259561730973,27.938814717379714,2,2.6946303286963595,0,2,0,0,1,0,1,0
12.762955517982151,99.03425249994582,2,10.0,0,1,1,0,8,0,1,1
0.9747036353556682,40.21335249075589,2,6.0562514412622885,0,0,1,0,7,0,1,0
3.7575342144372708,92.6652936312371,3,6.255829385110007,0,1,0,0,3,0,1,1
8.13718467173173,22.626578629598843,1,4.94261522391076,0,4,0,0,12,0,0,0
1.213245754229745,70.50987172532506,3,0.40486379263109473,0,0,0,0,7,1,0,0
3.7472469931271886,59.994525459693,3,4.469312829471882,0,0,0,1,10,0,0,1
1.3766922418491212,66.75492451110304,2,5.151894272122631,0,2,1,0,12,0,1,1
7.129231599883029,69.36045413352521,2,3.3543243562276404,0,0,0,0,7,0,0,1
4.154479185320583,40.04509715437656,2,3.3368935837317206,0,0,0,0,5,0,1,0
9.68887178655334,23.82312315994003,2,4.321496074881433,0,0,1,0,9,0,1,1
11.247971337815354,48.98164539321564,1,6.543057687096097,0,0,0,0,1,0,0,1
5.231050171866714,54.46060515170268,1,7.511508550081638,0,1,0,0,2,0,0,1
6.462039538191645,40.563107576889905,2,5.341925909879384,0,1,0,0,9,0,1,1
3.9838804247988095,55.551079403197235,2,3.8652425481981245,0,1,1,0,2,0,1,1
2.4260227650250132,56.5925106234948,1,4.275230919708444,1,1,0,1,12,0,1,1
5.222295840469337,31.79947106912268,3,5.199068004520089,0,1,0,0,9,0,0,1
11.945544225587065,57.899425633809315,2,5.436060248685082,1,5,0,0,8,0,1,1
2.6951000516003587,44.65575952610708,2,5.869918372348199,0,0,0,0,2,0,0,1
1.8873776801899622,36.00038199593258,2,4.121280232167065,0,4,0,0,12,0,1,0
2.4586860166905984,65.74750276447986,1,6.058582265009598,1,3,1,0,11,0,1,1
2.858167829421365,34.46017576612911,3,5.900474469516688,0,1,0,0,2,0,1,0
0.38203552941263497,40.86664820190548,2,4.2098144869217675,0,3,1,1,5,0,1,1
3.450178535439632,51.441017003733116,1,1.5610179555140187,0,2,0,0,1,1,1,0
3.409199230996543,77.48623241308478,2,3.23012663693612,0,0,0,0,4,0,0,0
4.43904880919889,53.85568155448596,1,8.135190652254805,0,0,0,0,8,0,0,1
2.253515682902659,60.565766649493355,2,1.6128568139030208,0,0,0,0,3,1,0,0
4.748043251668552,44.04714928007007,2,7.635044483946444,0,2,0,0,1,0,0,1
10.52754421485179,48.43020751247318,2,1.5428381999341707,0,0,0,0,10,1,0,1
15.558072016093561,49.022455329608114,1,3.4536995458210367,0,0,0,1,5,0,1,1
4.380691400931025,55.866124720340494,4,4.250562027509565,1,0,0,0,3,1,0,1
0.2176227676549314,44.0806485390348,2,8.564606165906213,0,2,0,0,8,0,1,1
17.407050074766367,76.79999770952419,2,5.052261915400361,1,4,0,0,3,0,1,1
6.118532205246456,42.53667522995716,3,4.571989678476607,1,5,0,0,1,0,1,1
2.047091924250404,15.855177295892652,3,3.129307933545987,1,4,0,0,7,1,1,1
0.795903133086771,100.0,3,6.0439218935118335,1,2,0,0,12,0,1,1
0.7740297103683385,43.45262618112496,3,3.9745631108580572,1,0,0,0,4,0,0,1
0.9180784058966649,76.26339574182694,2,4.541992215112861,0,4,0,0,12,0,1,1
0.23321808672445388,78.09581683919518,2,4.283290990029576,0,3,0,0,12,0,1,1
11.621811964666314,68.90428624500764,3,6.439724349171758,0,3,0,0,1,0,1,1
3.8910012849329254,46.03945560805195,3,6.523575104961171,0,2,1,0,12,0,1,1
6.019187612615279,55.73369639748686,2,3.219223027671328,0,2,0,1,11,0,1,1
8.804459345442648,24.509795813901455,2,3.7454840171855626,1,1,1,0,6,0,1,1
7.84006465073438,89.80295547636553,3,3.548242749311778,0,3,1,0,5,0,1,1
10.711081375127272,32.96388003634661,1,5.366704075508167,0,4,0,0,3,0,1,1
17.094967363314694,44.92198074518249,4,6.813389704916444,0,0,0,0,8,0,0,1
2.8908012718119673,51.97972974080502,2,5.393330652180207,0,0,0,0,10,0,0,1
15.012321078410697,47.8512049032608,3,0.6187046110146346,1,2,0,0,4,0,1,1
6.423925329673873,36.862534354132116,2,6.519506372533907,0,1,1,0,12,0,1,1
0.3664471763527165,77.88678104109377,2,2.3020182642257807,1,1,0,1,7,1,1,1
5.725110599490206,69.0055856697656,2,3.569519219092079,0,0,0,0,6,0,0,1
5.803236285231642,56.440944086513866,2,5.396862730100842,1,3,1,0,9,0,1,1
11.814891159501586,42.008938880065,2,4.832228285528214,0,5,0,1,7,0,1,1
2.333502512662147,71.28551743688942,3,6.745470401388255,0,1,0,0,9,0,0,1
4.396317645647125,40.71062734444869,2,3.7784947354021448,0,2,0,0,7,0,1,1
0.06131214106660085,81.40783680675631,2,3.0667724342199154,1,2,0,0,2,0,1,1
2.017898748928194,52.22441830966855,1,4.3767145498285,0,2,0,0,3,0,1,0
0.32132599864651784,74.5956305394543,3,6.954038671285628,0,0,0,0,8,1,0,1
3.6893941722074124,47.72359347632833,2,6.259345742164308,0,0,0,0,8,0,0,0
8.503591502774754,51.43066364081889,4,5.174296015844834,0,0,0,0,2,0,0,1
1.1561475999202286,74.50842122917334,3,7.651926376005715,0,1,0,0,9,0,1,1
3.7479638426267137,93.87850303608889,3,7.289712485610314,0,0,0,0,7,0,1,1
1.1408347154225642,81.20733635009762,1,6.576964472285533,0,0,0,0,3,1,0,1
0.6430801376524717,67.542692387557,3,2.644032353302831,0,1,0,0,6,0,0,0
3.5769311453365873,61.78566865915193,2,6.566478074615743,1,2,0,0,7,0,1,1
0.4122831242879674,39.86102619480748,2,4.595283507083642,0,3,0,0,11,0,0,0
4.425833629632728,55.904594822108656,2,4.210111538581831,0,3,0,0,4,0,1,0
0.15919492189561546,31.739016320065364,2,3.6348970574455866,1,1,0,0,4,1,1,1
0.5642478429716429,57.51564267369548,2,4.6565668722313145,1,0,0,0,1,1,0,1
3.9925105421375595,58.80101321387147,2,3.748492489698569,1,2,0,0,8,1,1,1
4.475183694766912,10.783097170636168,1,5.339508599902143,0,0,0,0,4,0,0,0
0.14707675263902165,50.77477218383414,1,4.654113677975992,0,2,1,1,12,0,1,1
4.25927031400991,58.2974979817821,3,5.441076985290125,0,1,1,1,7,0,1,1
9.116328865602734,48.32580285721956,4,6.106543075976136,0,0,0,0,7,0,0,1
6.406360704678801,57.16097677713142,3,4.411269656956368,0,1,0,0,1,1,0,1
0.7031259218512929,23.16555513287372,2,3.525413543901266,0,2,0,1,5,0,1,0
4.488260668343247,34.48271388879483,1,0.9871947378723558,0,5,0,0,2,0,1,0
5.577558921794595,70.69876326327865,1,6.541307433135005,0,1,0,0,7,0,0,1
0.18970990451174394,50.011433312915536,2,5.157530526160972,0,2,1,0,3,0,1,1
9.667110653714563,56.79757962629817,4,4.647647239176769,0,1,0,0,1,0,0,1
11.836546012217921,39.069576785828424,2,7.343832765054618,0,0,0,0,11,0,0,1
9.500698476870848,50.389880465537125,3,2.422957613229351,1,1,1,0,2,0,1,1
8.704328110734519,3.959756397296026,3,5.112479523822908,1,3,0,0,11,0,1,0
6.831776332559251,66.92023876841533,3,3.071882719058803,0,1,0,1,4,0,1,1
5.017856606608673,86.15865677904941,4,6.312011708352432,0,0,0,0,1,0,0,0
5.675764260982849,28.699649015707184,2,0.5477174417817725,0,3,0,1,7,1,1,0
8.209683965744652,31.193356249808637,2,6.60803132547173,1,5,0,0,10,0,1,1
5.430926004308141,58.817597964749645,3,6.525320374332547,1,0,0,0,7,1,1,1
1.985453532605757,79.47758581013491,2,3.1539751337291806,0,0,0,0,8,0,1,0
2.357712881378265,49.95805365234111,2,5.132679418138875,0,1,0,0,10,0,1,0
11.367921959119977,25.41363958374992,2,3.1969533199605493,0,3,1,1,2,0,1,1
0.08635181848382316,45.827655267242534,3,5.855192921224138,0,2,0,0,9,0,0,0
6.000245581076826,29.40135839376415,1,6.640458215425337,0,1,0,0,8,0,0,1
15.480808438309918,36.62307414262447,4,2.9900406683247946,0,0,0,0,2,0,0,1
6.124759506241543,43.91917801693367,1,2.4065026862463603,0,3,1,0,4,0,1,0
20.0,31.413508235167455,3,7.192874301400474,0,4,1,0,12,0,1,1
5.816472589109209,34.4418855165087,3,8.882341183022922,1,0,0,0,5,0,0,1
0.17483661022672764,51.49068000444487,2,5.988894113204184,0,1,1,0,10,0,1,0
8.772604027310546,54.3007162427446,2,6.136882976984242,0,1,0,0,11,0,0,0
1.6747763226023402,21.520393323580656,3,4.335918841682303,0,0,0,0,10,0,0,0
2.9534694649668576,57.927634450186744,3,5.360056011760386,1,3,0,0,3,0,1,1
1.8705002433802456,42.36132273737204,3,5.701442570479139,0,0,1,0,12,1,0,1
1.5636601368393943,64.40523047105218,2,4.6348541284103675,0,0,0,0,4,0,0,0
2.8229405544574977,65.60995041375719,1,7.699721044029011,0,1,0,0,6,0,1,0
2.380120165340294,39.10917638089903,1,5.353489512068992,0,4,1,0,7,0,1,0
5.0165821154119286,62.28295388075466,2,5.611200020296581,1,1,0,0,4,0,1,1
8.387277753100967,33.260879206023404,3,4.676073899320307,1,1,0,1,9,0,1,1
1.7626225103780035,76.4752412567058,2,4.879321449131779,0,1,0,1,11,1,1,1
1.2022189103299605,34.01727598287071,3,7.4374205422846025,1,0,1,0,8,0,1,1
5.496491682780911,57.05499217251026,2,5.291812062056443,0,0,0,0,10,1,0,0
5.548164958162211,46.2478171071144,2,5.338590105023879,0,2,1,0,7,1,1,1
11.569809788266195,29.66210971524798,3,5.364404155785489,1,0,0,0,11,0,1,1
0.08037093379687645,68.01831523570618,4,4.270974726171654,0,0,0,0,3,0,0,1
9.58799671752663,37.71736382266418,4,2.1841199686922246,0,1,0,1,12,0,1,1
3.6802960900407196,15.998556700433873,3,8.145148294223231,0,3,0,0,1,0,0,1
4.855082303919095,0.0,3,7.136588023800055,0,3,0,0,11,1,1,1
0.4790944689745216,32.49910611144058,4,7.498087304569778,0,2,1,1,9,0,1,1
2.833585375110875,77.51816838597946,3,2.8549622618949084,0,4,0,0,7,0,1,1
1.2893375970362992,75.1547693500732,4,7.889840509285204,0,1,0,0,9,0,0,1
1.4666568659386292,35.62803195304936,1,8.933741574050558,0,2,1,0,6,0,1,0
3.5068556705295273,42.510901705972415,4,7.089644828545582,0,1,0,1,9,1,0,0
8.368707649901399,40.70173848887954,2,8.295644825040625,1,5,0,0,2,0,1,1
6.8086122940951475,23.331357091008627,2,6.595697216519542,0,3,0,0,11,0,1,0
4.470200114524988,31.02336256753314,2,3.3067847932401033,0,2,1,0,4,0,1,1
3.8763239516030836,69.6229903880157,3,6.015263740864417,0,0,0,0,11,1,0,0
2.7870190590987654,60.07775742758801,2,2.9593146004495336,0,1,0,0,8,1,0,1
18.006169877300497,55.46177717059778,4,3.8052517230005716,1,1,1,0,7,0,1,1
4.107091355572281,23.297067766782828,2,5.632560857178538,0,2,0,1,1,1,1,1
1.4649231865792203,52.014064280679555,2,5.364036941760196,1,2,0,1,11,0,1,1
1.307413414134272,3.9231006102395654,2,5.926150812672126,0,5,1,0,4,0,1,0
4.725419407742191,66.85605382521067,2,1.4158220125510472,1,3,1,0,6,0,1,1
3.699386377414225,55.17149801474283,3,4.691524106484929,0,2,0,0,4,0,0,1
0.038637919852913906,23.095350958003394,3,6.097996995331076,0,0,0,0,6,0,0,0
8.861707291076751,82.3285111498008,1,6.496747345118484,1,1,0,1,1,1,1,1
6.089046345038872,14.076706816628374,1,6.627545961166535,0,0,0,0,12,0,1,0
5.421022254375502,60.606123644992046,1,5.502516522113248,0,0,0,0,9,1,0,0
0.35630215423948364,61.10343537957324,3,4.241551700045089,0,0,0,0,3,0,0,1
2.2475226946223232,25.206591212950386,2,6.002941770352076,0,0,0,0,5,1,1,0
13.696331521150295,49.24298618379766,2,4.400573769419568,1,3,1,0,3,0,1,1
9.923903002612546,17.263443156942742,2,6.80211277379783,0,3,0,0,8,0,1,1
1.6811618920342064,0.0,3,5.854615906588931,1,2,1,0,5,1,1,0
0.8542908703568103,28.64247546136683,1,4.876555706424653,1,5,0,0,7,1,1,0
2.9809005722832143,37.66750115476006,2,3.462009764484965,1,1,0,1,11,0,1,1
2.1989660019803763,62.885123616215836,3,7.238950881076179,0,0,0,0,12,0,0,1
5.732080130701197,51.3481617012164,4,6.1180988926837205,1,5,1,0,3,0,1,1
16.97132881730568,51.87090918772292,3,9.205939353187446,0,2,1,1,3,0,1,1
2.2549394984016087,29.7115675343283,2,6.052438527985888,0,1,0,0,11,1,1,1
0.32122174286477334,39.39977391917227,2,6.219833781566843,1,0,0,0,2,1,0,0
11.395026879766695,31.40146780261678,4,2.0694623692060006,0,0,0,0,10,0,0,0
0.19344287106895097,25.500519859403834,2,5.620968759056121,0,2,0,0,5,0,1,0
15.263195646715976,38.12601146025486,2,4.366943493351081,1,4,1,1,6,1,1,1
5.461850478911963,51.49024770192668,2,6.652864576818222,0,2,0,0,2,0,0,0
14.209840494218135,38.54722961151593,4,5.669368886318164,0,2,1,0,2,0,1,1
1.1135912503941292,43.52994661150054,3,6.970546362051845,1,1,0,0,6,0,1,1
0.2077560686267302,63.898296218227806,3,9.265190227923892,1,4,0,1,4,0,1,1
3.3492042594178772,39.98491162618593,2,3.403275389095536,0,2,1,0,4,0,1,1
2.9948556233383967,23.32066738024217,2,6.893413119050774,1,1,0,0,5,1,1,1
2.013536620873371,61.26907043202478,2,6.367186333620719,1,1,0,0,8,0,0,1
15.809698738492877,55.316992970165686,2,8.958589575764394,0,1,0,0,12,1,0,1
8.646282559267192,56.57318996344629,3,6.410769140063207,1,4,0,0,4,1,1,1
5.417367621693066,62.516773150714194,2,6.202820789487481,0,0,1,0,11,0,0,1
0.8888095886547518,59.13283054615891,2,6.702906462057966,1,2,0,0,6,0,1,1
6.6273776514002405,50.57457384942608,4,6.842532217934,0,2,0,0,9,0,1,1
6.491645532242925,97.82905325704186,2,7.908740304521672,0,1,1,0,11,0,1,1
2.7675190401217997,24.300625073960912,3,3.3612429412270255,0,0,0,0,1,0,0,0
12.937083473768885,38.271654430228836,3,4.215322444549349,1,2,0,0,6,0,1,1
0.9134754261091259,69.34668729356333,4,8.470572238961008,0,2,1,0,3,0,1,1
1.5553510243788269,52.85172584191149,3,1.0825701092078357,1,1,0,0,11,0,0,1
0.3265572415141838,65.15846068022478,3,4.830541511603749,0,2,0,0,6,0,0,1
7.934737594686831,53.39512859073743,2,5.2991199727683345,0,0,0,0,6,0,0,1
4.861123705750183,77.48113102319962,2,4.646176240524338,1,2,1,1,3,0,1,1
1.8912464976296963,29.849782887335085,4,8.16189606628064,0,3,0,1,4,1,1,1
0.8945190014819836,76.84919778813419,1,5.951875564003159,1,0,0,0,6,0,1,1
0.2048796674076014,73.41992986408533,3,4.225371790709525,0,1,0,1,5,0,1,1
0.9120812181386764,25.7942177153924,2,3.73118137800557,1,0,0,0,4,0,0,0
3.0191349461014747,62.613308197753454,2,5.563651156986175,0,3,1,0,11,0,1,1
1.419625487049133,49.13920135526821,2,7.331908074405533,0,1,0,0,3,0,1,1
1.4986530096333406,37.86835961761872,1,5.276816222735157,0,1,0,0,12,0,0,0
10.420315690826738,12.22761620564561,4,4.731159331484335,0,3,0,0,2,0,1,1
3.6194514557385964,29.783726577653663,3,3.6094326223106092,0,0,0,1,8,0,1,0
6.532833403835829,64.16224280369178,2,5.7480776761786005,0,1,0,0,9,0,0,1
0.18182091954875346,66.27682538521114,3,5.6371410447418455,0,0,0,0,11,1,0,0
2.271937831104747,45.78579038847657,2,3.551562867807627,1,0,0,0,4,0,0,0
3.2616516652609215,66.33970286286569,3,7.052832351986243,1,0,0,0,4,0,1,0
1.0315357564453032,68.90520155788275,3,8.412086618507558,0,1,1,0,5,1,1,1
0.6402552796749346,53.092799172526945,2,5.097995935730754,0,1,0,0,4,0,0,0
10.212801603483058,35.553327522995914,2,5.604275286225306,0,1,0,0,10,0,1,0
14.019912107401534,58.82108225631289,3,2.790130758571591,0,2,1,1,8,1,1,1
0.4104269103113296,59.73969415317727,4,6.474379050747515,0,1,1,0,11,0,0,1
2.1463719074576066,63.478887807006195,3,5.928348433854925,1,1,0,1,11,0,1,1
15.884547803707804,67.3080654000448,3,4.347791041042018,0,2,0,0,2,0,0,1
0.43412097145137574,22.756708561575568,3,3.513014962096,1,1,0,0,5,0,1,1
5.159088378211198,39.80141509268516,2,8.695140487243322,0,2,0,1,10,0,1,0
17.917441468689322,12.027573086243606,3,5.765540472146002,1,2,0,0,12,1,1,0
19.134658068721244,64.93992076710694,2,3.16465740823854,0,1,0,0,10,0,0,1
3.185945559432489,45.753771040391676,2,6.71108858483061,0,1,0,0,8,0,1,1
0.8881575082790737,58.6162814139483,3,5.459314625615591,1,1,0,0,4,0,1,1
1.128761724904893,20.486425036196835,2,5.117784660654117,0,1,0,0,1,0,0,0
11.018288911076588,78.019616993861,2,6.957114591075402,0,0,0,0,5,0,0,1
12.134113567232529,26.1132167076145,3,0.0,0,0,0,0,5,0,0,0
4.680932276906086,65.49126608764918,2,1.3859207777646319,0,0,1,0,9,0,1,0
7.2659414589806435,52.35900341785083,4,7.758437449073254,0,3,1,0,3,0,1,1
6.734046327486137,46.21114444947642,4,4.742155767105997,0,0,1,0,3,0,0,0
5.420908530725147,44.59679786775652,2,4.146455438242668,0,0,0,0,4,0,0,1
8.78032931249946,37.2387398136774,2,2.324486023334651,0,1,1,0,5,0,1,0
5.782371704187081,75.90392353801536,3,5.387698698298609,0,1,0,1,9,0,1,0
3.817872964123697,50.25225668704485,2,5.634511611353119,0,1,0,0,4,0,0,1
1.352200287216855,24.615569392935598,2,7.881629283990325,0,4,1,0,12,0,1,1
6.810704964475603,42.3207959593032,3,5.7448903503786255,0,1,0,0,9,0,0,0
3.206929722834344,52.566780544058766,3,4.394384200563172,0,2,1,1,7,0,1,1
1.7463101806964034,67.95610562890651,2,5.811353503739235,1,5,1,1,5,0,1,1
8.096084752273445,37.90760558965586,3,7.218977124489218,0,1,0,0,2,0,0,0
5.965388532746381,39.24446888390904,3,6.782439361038104,0,4,0,0,10,1,1,0
13.850125106631584,50.4686425429481,2,6.24286958264349,1,2,0,1,10,0,1,1
0.9042630212793556,67.46849639894651,3,5.549163698625105,0,3,0,1,6,1,1,1
5.237542367223039,22.624909288079408,2,3.837345575699097,1,3,0,1,7,0,1,1
1.4001535485550256,60.107092619834916,2,2.934402375009691,0,1,0,0,12,0,0,1
11.695362959598977,40.718749397426876,3,2.617987855244626,0,0,0,0,12,1,0,0
0.5240223195086224,43.511348365030265,4,5.787932575750116,0,0,0,0,11,0,0,1
5.337920499192919,90.03151490259498,2,5.996560139870152,0,2,1,0,4,0,1,1
7.8291563100200525,46.07061550896949,4,7.188608965207796,0,0,0,0,7,0,1,0
2.191887955094462,65.0938750061716,2,6.1234637044997235,1,1,0,0,3,0,1,1
15.410600612213027,64.37827674406697,2,7.101742898291917,0,0,0,0,6,0,0,1
9.510015592870284,26.399521718029867,1,4.738906738716161,0,1,0,0,8,1,0,0
1.7450810189876529,13.092113495541916,2,6.541684926872639,0,0,0,0,1,0,0,0
0.037848352591151595,66.41964184833822,2,2.997058976139295,0,1,0,0,6,0,1,0
1.759554238000849,28.329076151029625,4,4.87962829624815,0,2,0,0,9,1,1,1
1.6516291161940049,16.716340908579454,2,1.3370287915229029,0,4,1,1,7,0,1,1
11.034766074742064,70.52324429688396,2,5.063169312211339,0,2,0,1,5,0,1,1
17.074632722173256,29.611465324488144,3,7.449572968082064,1,4,0,0,7,1,1,1
0.36521953988645,34.54965048631212,2,5.140421300165546,0,0,0,0,12,0,0,1
3.1866216715598084,89.4874631017859,3,6.4436499843464485,1,2,1,0,6,0,1,1
3.9740393952811366,16.80529277236858,2,5.546370428182643,1,2,0,1,11,0,1,0
0.4875771853017322,24.87427917186149,2,3.8591483747212783,0,1,1,0,9,0,1,0
2.370039852748403,40.80603715052159,3,4.626704379297523,0,0,0,0,6,0,0,0
1.906905481873653,45.194863203311556,1,7.359368987301704,1,3,0,0,6,0,1,1
3.839960937115332,32.12509435764694,2,6.433348111615745,1,0,0,0,8,0,0,1
5.411592281348133,26.826898053541672,2,3.7648083990932384,0,0,0,0,3,0,0,0
6.0782892212784665,80.19988648863861,2,2.225056908202969,1,0,0,1,3,0,1,1
0.7352838107394692,55.25972248209431,3,5.4136931671289465,0,0,0,0,8,1,0,1
8.38183516241112,61.70337488418376,2,3.8362403524604938,0,2,0,0,8,0,1,1
5.6744423707413185,47.25549646882928,2,4.645129980473435,0,2,1,0,6,1,1,1
10.994501155903864,55.78909897718273,2,2.0911548338110433,1,0,0,0,2,1,0,1
2.983152820650932,68.65803322219182,2,7.081505715022589,0,2,0,0,7,0,0,1
11.216383754748897,30.074019709093307,4,4.806044385465643,0,4,0,1,8,0,1,1
10.041156220461753,55.296719930359636,4,5.109319942269511,1,1,0,1,7,0,1,1
2.8849102192872444,63.920846268157824,2,3.334139569209664,0,2,1,0,3,0,1,1
2.399407801166453,80.8959469276852,1,4.445230588280763,0,2,0,0,10,0,1,0
13.501304208194359,88.95781959603522,2,5.244919552654536,0,0,0,0,7,0,1,1
6.279221408767168,51.39719593963523,2,3.7734855470459756,0,1,1,1,12,0,1,1
13.17251284219841,72.77277899374269,2,4.568276499866661,0,2,0,0,2,1,1,1
7.972125328825939,0.0,2,7.77258284910665,0,1,0,0,1,0,0,0
4.6990436139350455,81.04565818753429,3,1.4999160607293769,0,2,0,0,6,0,1,1
0.615658441800515,35.48232676558393,1,5.369123402122669,1,2,0,0,10,0,1,1
1.7228897043573164,45.17805102024218,4,3.4290678660970184,0,1,1,0,4,1,1,0
17.343486552954758,58.82208968734042,2,7.672979979668765,0,1,0,0,1,1,0,1
1.9240649345103853,46.93115265368972,3,4.638545398325446,0,2,0,0,2,0,1,0
0.4894693571336616,53.92906759136269,4,2.9056908512169235,1,1,0,1,2,0,1,0
6.147365211744788,81.75385936452287,2,4.568779924628672,0,5,0,0,3,0,1,0
6.621374824267402,42.31559909308057,4,5.699268515470627,0,1,0,0,8,0,0,1
1.6805655475854135,28.261523669988932,2,10.0,0,1,0,0,3,0,1,1
1.7667735910128983,86.26927714597102,4,0.7803799373407898,0,0,0,0,3,1,0,0
3.1639587208183,60.53528434009355,4,2.6017677300311344,1,0,0,0,11,0,0,0
0.1101491721960429,88.44477950626927,2,7.6104377609360965,0,1,1,0,11,0,0,1
7.787145866268742,67.27259821157809,3,1.9820807147345514,0,0,0,0,4,0,0,1
1.906952119352646,23.528112159731265,2,5.019263845698242,0,4,1,0,11,0,1,1
9.612636916107874,62.90769343513763,2,4.033270241923499,0,2,0,1,7,0,1,1
8.113386376540756,30.32103868234891,1,3.719151906450323,0,0,0,0,2,0,0,0
5.414709068933039,50.14863604879334,2,4.655614768783025,1,3,0,0,8,0,1,1
1.9642861160780645,48.48571192784485,3,4.334634557681555,1,1,1,1,3,0,1,1
3.63162319635219,17.646723907338874,2,7.1141232284398335,0,0,0,0,1,0,0,0
2.942397842903816,33.74379020876427,3,7.656589414886064,0,1,0,0,9,1,1,1
2.0691138280294106,94.103746003182,2,5.852607927321505,1,2,0,0,11,0,1,1
9.423859002552904,54.76754809682329,4,4.527854924323266,0,3,0,0,2,0,1,1
3.3034684383282547,46.488077306740955,1,5.516939741616834,0,3,1,0,5,0,1,1
8.940523713337678,86.25780439881851,1,6.61005113348887,0,1,0,0,3,0,0,1
0.5558784784609898,42.07529379861663,3,7.00339661280836,0,2,0,0,9,1,1,1
0.7600760746169477,48.1715927606176,3,5.740093693970025,1,2,0,0,2,0,1,1
18.931426265830982,69.816057122457,3,8.055323104085371,0,2,0,0,5,0,1,1
4.4308505176032975,41.985284027673,2,3.7669758921503096,0,0,0,0,11,0,0,1
3.564399721173523,35.069585212949974,2,7.279912591569509,1,0,0,0,5,0,0,1
3.7028300901521094,4.924871692785651,1,6.408719725521275,1,1,0,0,4,0,1,1
1.2120700356532503,31.27003373234477,2,3.7799992465292567,0,0,1,0,4,1,0,0
6.341738018812702,31.079445080207737,2,5.465371765355948,0,2,0,0,10,1,1,0
0.44295743478381033,53.171333909372194,2,5.602859156594666,0,0,0,0,7,0,0,1
4.258648317879919,37.79083468544448,2,4.715935119286636,0,2,0,0,12,0,1,0
4.2287978476530315,93.16038021714391,3,4.694129000124256,0,0,0,1,3,0,0,1
12.278006823649175,28.84742139530388,3,1.9503447366288094,1,1,0,1,6,0,1,1
3.734668535028135,78.0129337371481,2,3.6214655739977255,1,2,0,0,7,0,1,0
0.7370661970351773,54.39505910255098,2,4.523255735620948,0,3,0,1,11,0,1,1
4.2519679272445785,66.13548071424778,2,3.854863220673199,0,1,0,0,12,0,0,1
0.47885347313433013,64.9203918947174,2,3.2886718631545335,0,4,0,0,2,0,1,1
1.139485628965981,5.63528939375167,3,7.122182706238029,0,0,0,0,11,0,0,0
0.1580136567764273,49.76894642046886,3,4.792149826710641,1,0,0,0,8,0,1,1
3.6004708820287052,44.75543725532336,3,9.333483441072865,0,1,1,0,6,0,1,0
0.44160270582096517,27.340438106174652,2,5.445494998132525,0,0,0,0,8,0,1,0
3.168681213918943,59.19252074431736,4,7.080310385369393,0,0,1,0,4,0,0,1
13.511213138064804,84.33080631754943,2,4.583755910063465,0,2,1,0,8,0,1,1
6.360569711406835,0.0,3,3.676650468156055,0,1,0,0,10,0,0,0
0.4028608077678825,39.310606483165586,2,5.5256984102715885,0,0,0,0,6,0,0,1
1.2693658595751862,25.084676717727543,2,7.591032141522295,0,1,0,0,8,0,0,0
5.599114557995009,51.43555652475386,2,4.821855129091215,1,2,0,0,3,0,1,0
11.254797667711955,43.487574337000076,2,5.893556367562386,0,0,0,0,5,0,0,0
0.16736297757655585,37.886455744856434,2,5.515120862904785,0,0,0,0,1,0,0,0
8.368579183532429,63.790136566581175,4,4.803998155480376,1,4,1,0,6,0,1,1
4.125557640643663,82.72362602114197,2,4.9063510691775285,1,1,0,0,5,0,0,1
3.9492962910804623,100.0,3,3.003050742559517,1,2,0,0,6,0,1,1
15.828237471318229,35.207419030628245,3,4.977822932993507,1,0,1,0,3,1,1,1
6.884584587454063,13.582488963638617,3,6.306587926788662,0,2,0,0,11,1,1,1
9.489563763753573,61.1839286815668,2,5.5914242362873985,0,2,1,1,11,1,1,1
2.1847445846653177,82.20969470646406,4,5.368361055272908,1,2,0,0,5,0,1,1
4.041264476522762,66.27379934081456,2,6.450022892441725,1,1,1,0,12,0,1,1
4.777831039195479,82.12694079060623,2,5.389869820703766,0,0,0,0,8,0,0,0
1.9399726098493892,45.49026658795761,3,5.02783187770364,1,4,0,0,6,1,1,1
4.222736358022769,37.80851120453743,1,6.470320813922063,1,4,0,0,4,0,1,1
1.350228422517426,52.308718148026244,3,5.273199236697936,1,2,0,0,2,0,1,1
0.7737790623134908,43.38893625266223,2,4.526809411715116,1,1,1,0,1,0,1,1
2.3417869993446043,63.26188042680688,2,5.936540510293869,0,0,0,1,3,0,0,1
6.721725882517353,69.39535556006982,2,4.929563188865557,0,5,1,0,1,0,1,1
12.395844594898897,70.96167329143772,4,4.436973085625595,1,0,0,0,7,0,0,1
3.0598091820123186,60.2118534160878,3,5.310844450401488,0,2,1,0,3,0,1,1
5.147628743696963,54.91644653350599,2,5.334181691841463,0,1,1,0,8,0,0,1
0.5437040620059633,65.88853378501696,2,2.792750552130031,1,4,1,0,12,0,1,1
11.741248059427624,10.740161846945576,2,5.666460934600246,1,0,0,0,2,0,1,1
4.2036465613722145,54.21141504667884,2,8.69302569817034,0,0,0,0,7,0,0,0
7.57833202492219,51.04956114340902,3,3.0407776163829916,0,1,0,0,1,0,1,1
7.910115795345752,54.26160791943109,4,3.9948485527230244,0,0,0,0,4,0,0,1
1.4818016079323437,48.24752907491538,3,10.0,0,0,0,0,10,0,0,1
3.7663382124888116,58.63710986923232,2,3.35573462335694,0,4,0,0,11,0,1,1
16.154710598548576,38.5079415693197,2,7.572780154326001,1,2,1,0,8,0,1,1
0.46954580496291953,72.5904685890726,1,4.542587688618533,0,3,1,0,8,0,1,1
5.745054622639834,59.47299554826948,2,5.120279984619445,0,1,0,1,3,0,0,1
16.385714004630504,53.01371715767721,2,4.737664385893011,1,0,1,0,2,0,0,1
1.7874986202676695,36.0496685872776,3,5.851401242961332,0,2,1,0,8,0,1,1
9.882545026454526,66.3063377041581,2,1.8404936470020488,0,2,0,1,11,0,1,1
13.564626229854643,54.133193969889824,1,5.372520914796382,0,3,0,0,3,0,1,0
6.873532984593789,34.890332129261665,2,4.193276301270872,0,0,0,0,8,0,0,1
1.315456673590322,48.866769151735234,4,1.2738522101120076,1,1,1,0,8,0,1,1
2.032333438807702,62.58165238482479,3,7.241778055378444,0,1,1,1,5,1,1,1
0.1823308828467277,61.0314707763965,1,0.7849944666764044,0,0,0,0,11,1,0,0
8.902710130633327,59.740179356163104,3,9.296892460785422,1,1,1,1,9,0,1,1
9.472656243153727,51.850627834821545,2,6.233906370308416,0,1,1,0,7,0,1,1
5.008021980781131,70.51639066603794,2,2.2780084224445662,0,1,0,0,10,0,0,1
2.173397499342292,74.7559300762322,2,7.67618729603441,0,0,0,0,7,0,0,1
0.3996066415844458,64.74645231351082,2,3.499241064616474,0,1,1,0,10,0,1,1
6.993001040401973,38.25097450288585,2,3.590352234239667,1,3,1,1,5,1,1,1
6.482747167946185,28.83876565418965,3,1.3980593744614866,0,2,0,0,4,0,1,1
12.18644424792368,39.121204660568125,2,3.2720742002138548,1,4,0,0,4,0,1,0
6.556528560193669,89.07313495953446,2,3.5076624562030783,0,0,0,0,6,0,0,0
8.82154674183496,55.63391827654707,2,6.6362921712504175,0,1,1,0,3,0,1,1
6.851211791269158,92.5288365505277,3,7.334387732258515,0,0,0,0,2,1,0,1
4.980556329546363,47.59603312825127,3,2.5184224427115125,0,1,0,0,1,0,0,1
2.7840545755293284,44.82372659014157,2,5.541079938715757,1,0,0,0,9,0,1,1
11.619927721413003,48.518869267118525,2,1.31949069348499,0,2,1,0,7,0,1,0
5.262966544965364,48.156518398933926,1,5.548689549777384,1,5,0,0,3,0,1,1
2.540441218774106,34.52698176264551,2,9.32416036148184,0,0,0,0,4,0,0,0
0.4357985500355424,27.02303463666646,1,1.4403751423916047,0,0,0,0,3,1,0,0
1.7174177842455263,60.02673254361726,2,2.9706669156663335,0,0,0,0,4,0,1,0
3.9233169161621397,71.09801435194727,3,6.454550429147242,0,0,0,0,5,0,0,1
1.6123019040121167,98.89962601332803,2,6.690388949940322,1,4,1,0,5,0,1,1
1.250231970923969,41.325741866179555,3,3.1177665098519896,1,0,0,0,5,1,0,0
3.7474609521491105,42.9468902627185,3,7.947163470716191,1,2,0,0,2,0,1,1
0.9305657544277095,34.57541411097965,2,3.3688431350546537,0,5,1,1,6,0,1,1
8.057451669181074,72.51454858747135,3,8.346935215205997,0,0,0,0,12,0,0,1
3.3118111986842886,66.29974909592529,2,5.937303376081848,1,1,0,1,4,0,1,1
4.264969288681208,32.46130836250947,3,7.54243010407406,1,2,1,0,10,0,1,1
0.797225748469388,31.95603826054114,2,5.741656252530922,1,3,1,0,10,0,1,1
1.9620756704030426,69.05029517191795,2,6.313928208708659,1,1,1,1,3,0,1,1
2.638923795818804,57.663923024168156,2,6.420265053158473,1,4,0,0,4,0,1,1
8.25684507029884,65.16777426022287,1,7.289573085266788,0,1,0,0,3,1,0,1
7.351848946656614,32.34463043322174,2,4.934344399685137,0,2,0,0,11,0,1,1
1.2614296952872341,12.445502721795869,2,3.200192329829103,1,2,0,0,5,0,1,0
4.787895967624351,32.5006996663966,2,4.842121745994007,0,1,0,0,10,0,0,0
1.3949752887871505,63.755334600224536,3,3.6650243375181337,0,2,0,1,4,0,1,1
20.0,92.22115957269781,2,3.7958557843248704,0,1,0,1,7,0,1,1
15.195691992290705,41.41072020944783,2,8.309554479600816,0,1,0,0,3,1,0,1
4.1421401760986,95.51711763753731,2,6.2454557815126925,0,0,0,0,11,0,0,0
6.001606925959909,66.59639534983376,2,6.153474964465829,0,2,0,0,3,0,0,1
8.083077604953168,22.139353965823474,3,7.145287084842251,0,0,1,0,11,0,0,1
6.382689171276571,54.280676756220636,2,6.235020985530788,0,4,1,0,6,0,1,1
6.01700968788053,67.27948556823722,3,8.73415498966755,1,2,0,0,10,0,0,1
15.916820478356646,1.4903420289462659,2,0.8107113433744315,1,2,0,0,8,0,1,1
4.537350074012966,62.88902315826764,1,3.0048147764064446,0,0,0,0,12,0,0,1
5.057166366164961,73.45442359646225,3,3.598656303653658,0,3,1,0,10,0,1,1
9.461284160634648,57.977362482622866,2,2.2485670450582056,0,0,1,0,5,1,0,1
5.54165987866287,48.765575786371535,2,5.225845542642586,0,0,0,0,2,0,0,1
6.601271502114994,46.541468339971864,1,5.31986539085993,0,0,0,0,5,0,0,0
1.3339667522987928,45.373553446163555,2,8.950672477237758,1,3,1,0,1,1,1,1
2.3202423750604146,26.480403924657814,2,6.807578283705412,1,4,0,1,9,0,1,1
0.7967453570640333,36.24952336190066,2,3.9849471370238483,0,0,0,0,2,1,0,0
3.523725306974206,41.66811908695681,2,5.988718960994829,0,0,0,0,3,0,0,1
3.04152527972498,52.26988692451484,3,1.3460397591427125,1,3,0,0,10,0,1,1
20.0,38.86370484685867,3,5.284510452992137,0,0,0,0,9,0,0,1
4.723562309137559,32.617415150041396,3,5.177574629223945,1,0,0,0,12,0,0,1
7.719300201663883,65.1954171825169,3,3.195805205270064,1,0,0,0,6,0,1,1
2.0324381842450876,57.412279438957114,3,4.597605262542091,0,3,0,0,7,1,0,1
8.905442970625382,39.21540926420866,4,3.614925021446966,1,3,1,0,1,0,1,1
4.7736633061312785,60.12556942975175,2,3.134909363555476,0,0,0,1,4,1,1,1
5.969985827685188,40.9368421262813,2,6.348998281055751,1,1,1,0,7,0,1,1
1.7437519739189646,51.2613005897624,2,7.067822387630008,0,3,0,0,5,0,1,1
3.977432342469383,69.50088109445734,2,6.019991081962958,0,1,0,1,3,0,0,1
5.026114854697109,37.92517813667473,1,4.123790661160833,0,2,1,0,1,1,1,1
4.446962229032549,26.55176784332514,2,3.6748928068026294,0,0,0,0,9,0,0,1
12.336927906023298,47.09730833957317,2,4.186000034627137,1,1,0,0,6,0,0,1
11.427296131633804,22.73069967629076,4,4.5599842116226155,0,2,0,0,5,0,0,1
17.699549358285925,44.451029812980494,4,3.2558194836164196,1,1,0,0,3,0,1,1
5.50449459518381,44.38725041373086,3,7.107647974352043,0,0,1,0,10,0,0,1
17.862443402812385,0.7263175218887454,2,4.595452537219165,0,2,1,0,3,0,1,1
8.933202966243417,60.612703274890194,3,6.529761699956811,0,2,0,0,2,1,1,0
1.5792565665730849,46.34620466637359,3,2.200158315188822,0,2,1,0,7,0,1,0
2.7881509113526004,73.63792905543872,4,3.6233190173440217,1,1,1,1,4,0,1,1
1.3616193597892843,54.31063959588165,3,6.718786794305137,0,0,0,0,4,0,0,0
0.021029968169393,64.71217140631097,2,6.747091952834723,0,1,1,0,8,0,1,1
1.041574907221487,73.80077506414086,1,2.594940110382313,0,1,0,0,10,0,0,0
0.02034426426515572,47.36565834458507,4,5.606137751994892,0,1,0,0,3,0,1,0
6.3619445921058135,49.98353622272196,1,5.658628557103624,0,1,1,0,9,1,1,1
2.7715744179969155,18.529135532195365,2,3.5835732425937694,0,0,0,0,7,0,0,0
1.8740107464022717,74.79075490468483,2,5.713995986059102,0,0,0,0,8,0,0,1
7.171562829632134,47.08605200556891,1,1.8390966006175988,0,3,0,0,5,0,1,1
8.933464866696692,29.885388993040365,4,3.146216294058732,1,3,0,1,1,1,1,1
18.50466678690064,64.79444972974855,2,6.1979158913123165,0,2,1,1,12,1,1,1
5.1363011966081595,6.4043761607149605,1,5.0590005174005785,1,2,1,1,10,0,1,1
3.095107800681684,41.414515542536435,4,5.162840655170636,0,0,1,0,6,0,0,1
1.8211189791429887,68.16622082423682,2,4.6498346304287494,0,1,0,1,12,0,0,1
1.257189238718185,41.245562960681895,3,6.073805163064833,1,4,0,0,8,0,1,1
1.1971647205878024,35.64156098102837,2,6.170193786826028,0,1,0,0,10,0,0,1
2.63129871961494,41.67690405774099,3,6.582996225511958,1,2,0,0,5,0,1,1
20.0,9.80141471062852,2,5.251338400523686,0,3,0,0,8,0,1,0
0.004270310222924141,64.30956863566067,2,4.22317631913894,0,1,0,0,2,0,1,1
1.0982850395764323,47.54227916046174,2,3.8859671809606873,0,0,0,0,11,0,0,0
1.0436951222415496,44.55350780010476,4,2.8863066838874176,0,2,0,0,8,0,1,1
6.313653404281236,44.62662767181917,1,4.194420357262958,0,5,1,0,7,0,1,1
2.1730644948273325,50.281595969291686,2,3.7872313539143385,1,1,0,1,7,0,1,1
3.05563188773191,63.06874741344133,3,8.203157508515666,0,2,1,0,10,0,1,1
0.8045078404836813,48.95872917601502,2,2.9061248176379926,0,1,0,0,9,0,0,0
2.595944483857461,22.767269036403754,3,7.074724234966793,1,1,0,0,10,0,1,0
0.5446109874247691,61.510322430881345,3,4.4645241133503575,0,4,0,1,9,0,1,1
3.8075935958056117,59.97139382008453,1,4.587054091818982,0,0,0,0,2,0,0,1
0.5153621509641935,54.110539964329206,1,5.802376181222784,1,1,0,0,3,1,0,0
7.8153577300999055,71.50482613922638,4,2.1629248957537843,0,2,0,0,3,0,0,1
4.180490764165113,50.607573528259174,2,3.4000498634397105,1,4,0,0,9,0,1,1
6.436190103337763,72.22752177978512,2,2.51772244009743,0,4,0,0,10,0,1,1
2.7108624369535117,78.14422042956792,3,4.239483394312914,1,1,0,1,11,1,1,1
2.4022200501660014,61.64625771048965,2,3.1816097164403008,0,3,0,0,4,0,1,0
0.5168618502533976,35.04132756244125,3,7.634286354611586,0,1,0,0,11,0,0,1
3.710170621011435,47.38428562995119,2,3.833313051998476,1,1,0,0,5,0,1,1
3.6129022514331757,74.77712068116747,3,0.24300831954308855,0,0,1,1,11,0,1,1
3.1565181045706647,20.047442678609862,2,4.3311344188039165,0,2,1,0,12,1,1,0
6.745346741848397,42.160926636427824,2,6.614910843853565,0,0,0,1,11,0,1,0
8.933990984559628,43.14070327106512,3,8.260536902912369,0,0,0,0,2,0,0,1
6.947290300681274,32.695787992925325,2,4.541013559427921,0,4,0,0,7,0,1,0
0.7766403631176348,67.45757899837574,2,3.966199863926901,1,0,0,0,1,1,1,1
4.865092638597553,57.53630142081554,3,4.971096076798946,0,0,1,0,3,0,1,1
0.41866436230654275,35.77883286799016,3,5.830112279070207,1,2,1,0,5,0,1,1
5.9310293336363715,62.11025840471679,2,2.74223198558774,0,4,0,0,9,0,1,0
2.4050324693052905,46.83167530663564,2,4.511099277031031,0,0,0,0,5,0,0,1
0.7106928200529596,32.196108535553144,3,4.900930872629581,0,4,1,0,6,0,1,1
9.90435095280442,35.74163179514265,2,5.0916065117854545,0,1,0,0,8,1,0,1
4.759697567392435,58.7210214955188,4,4.7109140306025346,0,1,0,0,5,1,0,1
2.1903932339439267,68.78019757043677,2,3.1284359890082927,0,1,0,0,7,0,0,0
0.1560457918518576,40.26463534090428,3,5.677485316874008,1,0,0,0,9,0,0,0
3.8534927767825238,60.88882667338024,2,4.910854467903588,0,2,0,0,6,0,1,1
12.834438275341292,81.63508315154965,2,4.905990899808942,1,2,0,0,12,0,1,1
4.536405116118644,24.82258887259494,2,2.834943708221348,0,1,0,0,4,0,1,0
17.81574788001024,57.113397456772475,2,6.280375644980625,0,0,0,0,9,0,0,1
0.733523870810112,66.61311382590816,2,3.1041294209644956,0,0,0,0,3,0,0,0
4.200181004468785,48.09700366802339,2,8.232875801394789,0,0,0,0,3,0,0,0
8.000534114039954,74.76566421711294,3,2.6414908603214173,1,1,0,1,11,0,1,1
3.7278975235648626,93.97674076522568,2,6.524431887040357,0,0,0,0,12,0,0,1
0.4774159317765752,56.86710696772606,4,1.183633450910516,0,1,1,0,10,0,1,1
4.371978584797843,45.328205354440016,1,0.4833865558759509,0,4,0,0,2,0,1,0
4.730373335002851,69.53965615323914,3,3.890465811317153,1,1,1,0,11,0,1,1
6.52282074688102,66.84137720755803,3,0.4805988543852395,1,1,0,1,6,0,1,1
7.16088559793652,0.0,4,6.459446301161524,1,4,0,0,11,0,1,0
7.3652056992796044,49.94528887817773,2,4.956393081777284,0,2,1,0,11,1,1,1
5.4449594716697405,42.10801066521772,3,7.802061256102305,1,0,0,1,2,0,1,1
1.2155272698891326,57.934113830278335,2,4.665613203949467,0,0,0,0,11,0,0,0
2.5895512683086053,46.126834394124195,2,5.486300495333221,0,2,0,0,2,0,0,1
7.483448152071057,48.296478154579965,3,4.4636109065018434,0,1,0,0,3,0,0,1
15.333669742482739,32.73574481077837,2,3.252138912047365,1,3,0,0,3,0,1,1
0.4111883002984313,64.69058436848975,2,4.186451298252556,0,0,0,1,2,0,0,1
3.834363428671845,83.10084442937463,2,2.5920949495164365,0,0,0,0,2,0,0,1
1.8736292230983274,33.0465610156993,1,5.774837180612414,0,0,1,1,6,1,1,1
1.2770031478168329,22.058899537060533,2,4.3843051667946495,1,0,1,1,8,0,1,0
3.524183017336375,50.400064396549276,3,4.7995048202027295,0,1,0,0,10,0,1,1
4.6581557403902245,49.42688677929472,1,10.0,1,4,0,0,10,1,1,1
0.04910146521063395,73.41865572240721,3,4.193900422291094,0,0,0,0,4,1,0,0
7.575335691419997,25.416100952429357,3,5.627517583879584,0,1,0,0,12,0,0,0
8.5707190803037,39.24089649951805,2,4.891729246898207,0,1,0,0,4,0,1,1
16.83554879884334,7.04593521466294,3,7.315188513272709,1,0,0,0,11,1,0,1
0.9961814377371592,77.49967272423646,3,5.476916666555795,1,2,0,0,6,0,0,1
4.513820187033508,55.01089256646727,2,4.457154577614022,0,0,0,0,5,0,0,1
2.7810798871499576,40.731341720384066,2,9.585033147593393,1,1,1,1,4,0,1,1
2.0385470099286045,23.554570428176472,4,3.2806307095095013,0,0,0,0,11,0,0,0
4.169332596995674,25.39047883645498,4,4.612321653511142,1,2,1,1,5,0,1,1
7.625095352178118,58.285337995827824,3,6.8329648668530005,0,1,0,0,9,0,1,0
0.11661327221520473,27.851499087985797,2,3.3637320275063165,1,2,1,0,5,0,1,0
17.43379474332061,52.08010846297139,2,6.531224183870803,1,1,1,1,7,0,1,1
8.300540839114621,90.85889722270062,2,4.041057035661471,0,1,0,0,1,1,0,1
6.954599284163225,43.04824754110359,3,7.006472522290096,1,1,0,1,3,0,1,0
7.143658760547531,30.771111120512423,3,6.9540230456905086,1,5,0,0,6,0,1,1
2.463788429125859,57.640144109055264,2,4.81983294401696,1,2,1,1,6,0,1,1
6.963988326074933,25.48416518436545,3,2.9990535015942106,0,0,0,0,11,0,0,0
2.445077748365143,84.39969060658807,1,4.217048696471418,0,2,1,0,1,0,1,1
11.448681446486757,78.0723933705667,3,4.97036741507901,1,0,0,0,12,1,0,1
0.9753466269873295,46.716567620927115,2,6.776542423390067,1,4,0,1,2,0,1,1
1.7290100894766423,32.054136371515604,3,5.6411601552228605,0,3,0,0,4,0,1,0
4.0074221971701665,41.48460254449279,2,6.07581508399573,0,1,0,0,3,1,1,1
1.922514560147768,44.08668775829143,2,5.698657818956991,0,1,1,0,8,0,1,0
2.7602979366351112,57.6713426341413,1,6.692438030075683,0,3,0,1,5,0,1,1
3.3905312175388236,70.79264658602233,4,4.599178034957656,0,1,1,0,5,0,1,1
9.701994030699039,29.2697473848282,3,5.329779921147973,0,0,0,0,12,0,0,0
3.7032095836845413,70.21819130685489,2,5.056750124132633,0,2,0,0,6,0,0,1
2.2506901068373955,62.35371225622596,3,4.124088728905497,0,1,0,0,6,0,1,0
1.4233408543313653,39.84421018386787,3,7.023414615760068,0,5,1,0,11,0,1,0
2.626955762901807,28.265762086459794,3,6.9812839480390085,0,1,0,0,11,0,0,0
3.6256264102044664,52.32465434585136,2,7.411577607965999,1,3,0,0,4,0,1,1
6.854366539737693,28.808230325958316,1,3.472601088127133,1,2,0,1,10,0,1,1
0.645129366812994,70.47361698325211,2,5.701618302155061,0,3,0,0,11,0,0,1
1.2526327609357035,27.522344557355908,2,7.184734088834187,0,0,0,0,2,0,0,0
2.3873895883366116,60.95412386326288,3,8.00579284650847,1,3,0,1,10,1,1,1
2.234549022331069,48.38767270369836,2,1.9827368362528501,0,1,1,0,4,1,1,1
2.4858307661504218,38.787502312495974,2,4.994227639720875,0,1,0,0,6,1,1,0
7.887789241749764,47.94336987361418,2,4.621567552331407,0,0,0,0,12,0,0,1
1.9589531788837196,71.59966339268404,2,8.181681138820398,0,2,0,0,7,0,1,0
3.4847538291660545,26.154851820124204,4,0.5813003638546874,0,2,0,0,4,0,1,0
4.88959456558364,41.75686889616367,4,2.905366745273425,1,0,1,0,9,0,1,1
1.3209903004102173,34.96512870625624,1,7.866065240192737,1,1,0,0,8,0,1,1
6.341585826414211,49.22765732902571,3,4.060560189581116,0,0,0,0,7,0,0,0
3.9605446131723276,36.306382149746916,2,2.397080240613929,0,0,0,0,12,1,0,0
2.9600081442591772,14.638375152267713,3,8.02407428306431,0,0,0,0,7,0,0,1
8.297975755001048,28.897249061352753,2,2.1363706055491254,1,3,0,1,1,1,1,1
1.3952323949949161,82.75510037076224,2,7.044072111312497,0,1,1,0,9,0,1,1
10.735432493529927,54.93456422572545,3,1.8794877409824045,0,2,1,0,7,0,1,1
4.116834432861369,54.24724107616155,3,2.1149373798592457,0,2,1,1,9,0,1,1
4.6974754044437015,44.347752199827234,2,5.4002826459591535,0,0,1,0,9,0,0,1
10.399566831615605,48.96749151781661,3,3.3033818995391444,0,0,0,0,8,0,1,0
8.507291463695797,41.4037615433724,3,5.544670133523583,0,1,1,0,7,1,1,1
4.601017745116957,60.538570620821304,2,8.604089816569973,1,0,1,0,2,1,1,1
6.995635829294137,52.01617708518746,2,4.68997221847273,0,1,1,0,12,0,0,1
2.839798044517761,26.574635796827696,2,8.255574640787962,0,1,0,0,6,0,1,1
3.963486971583251,55.074490062083854,3,5.648583508641523,0,1,1,0,10,0,1,1
0.3204005269093819,0.8251615345689913,4,6.9117448488480715,1,2,0,1,7,0,1,1
0.470772787965067,58.27718399355571,2,0.2935343454263899,0,1,0,0,11,0,0,1
8.842912829177275,21.812862863269572,3,6.272609392697696,1,1,1,1,1,0,1,1
0.30763081122280944,48.07889827659848,3,5.9655271709317885,0,0,0,0,1,0,0,0
0.9280294754616568,26.10744793607622,2,4.27986149602849,0,0,0,0,2,0,0,0
7.944076610684708,50.05646399066194,2,8.791061812430511,1,4,1,0,4,0,1,1
0.005733038658654413,61.565570385524445,2,4.013583231360398,0,0,0,0,9,0,0,0
1.6592450032482398,80.0565417049916,2,1.7822515562893404,1,3,0,0,7,0,1,1
4.385814752533696,19.17284689977043,3,6.563914087493482,0,0,0,0,8,0,0,0
4.524898856642336,69.50945911342271,2,2.1526473751300275,1,1,0,0,3,0,1,1
7.506347149203194,52.62305410754943,2,5.15317361462768,1,2,0,0,7,0,1,1
3.525352452656053,40.98665694350752,3,7.679728525834166,0,2,1,0,8,0,1,1
3.5606497893408444,65.19713010118919,1,5.9969566292000085,1,4,0,0,4,0,1,1
6.460570925660041,45.28150297829586,2,4.505223635919634,0,1,1,0,2,0,0,1
3.4519994218449987,64.35061032801359,2,4.2977475100302085,0,5,1,0,12,1,1,1
4.688734982061417,30.154605737440104,2,7.530685257327958,1,0,1,0,9,0,0,1
11.40284949062205,37.34005935407416,3,2.560170046217947,0,4,1,0,4,0,1,1
2.566234493541994,68.87200105589199,2,6.5501101454959905,0,0,0,0,8,0,0,0
2.431681996029456,79.70801047140844,3,9.387217545195405,0,1,0,0,1,0,1,1
0.017776522382149704,49.299362016943014,2,6.086873509841435,0,0,0,1,12,0,1,1
4.752163219772558,0.0,2,4.523963241629638,0,1,0,0,12,0,1,1
0.15112044062237504,46.019014347830904,2,4.679869192909637,0,2,0,0,10,0,0,1
3.5073938576546864,50.648522356448595,3,4.039239242770998,1,4,1,0,2,0,1,1
8.154170664449925,45.344532466136556,1,3.6979098681739293,1,5,0,0,5,0,1,1
3.9916615637657875,56.72677123331062,2,5.235551394918782,0,1,0,0,8,0,1,1
1.5710623259442722,40.46180144805356,3,6.358969067986655,0,1,0,0,6,0,0,0
7.712832949693077,66.77741721356054,2,8.221546984530772,0,1,1,0,6,1,1,1
1.5716157716112622,26.66573454537916,1,1.086920050823545,0,5,0,1,4,1,1,1
6.603128287132059,74.73697414708282,2,0.12190682049677992,1,2,0,0,10,0,1,0
4.711357325804265,81.00157647922185,3,8.260158864187032,0,0,0,0,10,0,0,1
0.9316255822602544,31.73880523879385,4,5.114273521166855,0,1,0,0,3,0,0,1
11.776442950682132,31.728003487938746,1,5.21901752570971,0,1,1,0,11,0,1,0
1.1197423943899674,58.21390627555056,2,6.002591577276904,1,1,1,0,9,0,1,0
20.0,26.255591805142213,2,4.626280636365869,0,2,1,1,1,0,1,1
0.03668670613725858,40.1479425779536,3,8.950313177959032,0,2,0,1,4,0,1,1
1.5291173663170823,72.0505391291203,1,5.98365743524656,1,4,0,0,10,0,1,1
1.1148446907636187,64.75213528953925,1,4.10479956519845,0,0,0,0,11,0,0,1
0.07046120502369355,89.60392683379179,3,4.283634789923847,0,2,1,0,5,0,1,1
6.590710016577991,53.415682952004154,1,4.712937931026253,0,1,0,0,9,0,0,0
5.911477358308426,37.78323995443629,2,3.445788376504985,0,3,0,1,5,0,1,1
7.859529765262962,51.02487023306041,4,8.378974740942756,0,1,0,0,5,0,0,1
1.48326795868137,46.98823321182731,4,5.24791681230916,1,1,0,1,6,1,1,1
2.9379499249711305,47.26885781593729,2,2.658998799542715,0,1,0,1,5,0,1,1
5.381028825529307,49.52392583808534,2,5.810404128461496,0,0,1,1,1,1,1,1
2.8970259737966475,31.36466582307527,2,7.878085969158455,1,1,1,1,7,0,1,1
5.9754910071237255,55.644355099412856,2,7.121632747444657,0,2,1,1,1,0,1,1
5.025246468428363,21.82673464482818,4,3.4803790289837804,0,1,0,0,1,1,0,1
0.6088487522677429,35.663467841837715,3,2.781857407722764,0,0,0,0,1,0,0,0
7.594402342238984,47.62242473720365,3,7.854644570356072,1,1,0,0,8,0,1,1
6.376920830960354,4.808933746888172,2,1.751379284383511,0,4,1,0,4,0,1,1
5.333161530574376,65.37983072689835,2,5.741835118505465,1,1,0,0,11,1,1,1
0.8426471720661173,8.936909803049893,2,3.8629494064140735,1,0,0,1,11,1,1,1
1.559849568300697,63.39175381796356,2,7.627286091739941,1,1,0,1,5,1,1,1
2.4975909026136693,24.143814201436754,1,2.890531544404478,0,1,0,0,5,0,0,0
1.6420316202482348,41.90162618593001,2,3.4070621204576845,0,1,1,0,2,1,0,0
1.2926251083985776,60.382612938988586,2,6.23405699373901,0,3,0,0,2,0,0,1
8.182958052958714,93.96279038958966,2,6.591031728553609,1,1,0,0,11,0,1,1
5.083764187889508,52.32903955414699,2,7.719193601009264,0,0,0,0,3,0,0,1
4.1674759860433035,10.347473436009842,2,5.945854273539232,0,0,0,0,4,0,0,0
1.2806115508497087,69.07390265271547,2,5.698969215225345,1,1,0,0,6,1,1,1
12.509850770386496,45.36163190281964,2,7.098232278587767,1,1,0,1,7,0,1,1
1.0609132052119232,51.39813308917647,2,2.258781443888421,0,1,0,0,12,0,0,0
7.9225298820456045,61.157260597752284,4,3.240697203278097,0,2,0,0,3,0,1,0
17.0068869951155,5.492440861885719,2,2.4264069012311693,0,0,1,0,3,0,1,0
6.4931160449264445,50.13073695470391,3,0.0,0,3,0,1,11,0,1,1
20.0,41.80612220094609,4,6.684315475102498,0,1,0,0,7,0,1,1
5.264149172462834,74.43669812011038,2,7.859370230794994,1,0,0,1,1,0,1,1
1.2260533937575866,64.54227526677485,2,6.111989928753752,1,0,0,0,1,1,0,1
1.1396467607881657,17.45996154436905,2,5.760148280999305,1,1,0,0,4,0,0,1
1.9619864577576054,75.25251704698097,2,5.169924876818711,0,0,0,0,1,0,0,1
0.035777801441940184,58.99050176320422,1,5.110287691941624,0,4,0,1,8,0,1,1
5.723780690899154,19.055168050935634,3,8.390446863554484,1,0,0,0,11,0,0,1
1.5644372773890438,51.11506206985546,2,8.098369931759173,1,3,1,1,10,0,1,1
8.441951947720446,70.69652227711711,4,3.8299388472941294,1,2,1,0,6,0,1,1
2.2249760199392727,25.71912254853212,3,7.21760468530053,0,1,1,0,6,0,1,0
3.2692140224489856,77.55154671690835,2,7.458854939064588,1,0,0,0,5,0,1,1
16.861434223277534,19.747424517449485,2,6.3007866594912745,1,4,0,0,9,0,1,1
1.3864949719275792,34.17545646706031,2,5.7751614255657735,0,4,0,1,9,1,1,1
6.387273278076791,31.14258329220616,2,5.706545906976475,1,0,1,1,3,0,1,1
7.034889783604102,77.53867463177323,2,2.035971276861819,1,3,0,0,11,1,1,1
1.248709339663581,40.17967726901606,3,1.8586333087187263,0,1,0,0,3,0,0,0
3.475714218980974,26.743659946780042,2,6.566582775620719,0,3,0,0,7,0,1,1
2.1554680934157457,58.904217578281234,2,2.7992414331434095,0,0,0,0,3,0,0,0
7.389992606975761,63.22361981185438,3,2.2214292672826392,1,4,1,1,6,1,1,1
4.870702616333844,63.35072189588263,1,0.8490589926213312,0,4,0,0,8,0,1,0
3.2311562856578364,44.57321669547981,2,4.048585876535871,1,0,0,0,5,0,0,0
7.556188315618392,55.09068602073896,2,5.74867235342506,1,2,0,0,9,1,1,1
1.3404141266203626,36.995338275414284,2,5.909841626627789,1,1,1,0,5,0,1,1
7.004439261693535,83.4960335587146,3,6.701190215118205,0,1,0,0,1,1,0,1
10.026285168580173,72.88410317315864,4,4.217002653613414,0,1,0,0,7,0,1,1
10.544211570515733,71.65913658081351,2,5.214558225836919,0,1,0,0,12,0,0,1
7.654834342492421,65.88231869147091,2,6.691636110446636,0,0,0,1,10,0,1,1
2.6213628756239746,60.39466611990003,2,5.927956059652512,0,2,1,0,11,0,1,1
20.0,25.11275031700424,3,3.8302617879834533,0,0,1,0,10,0,1,1
2.3869030122140478,62.66602472511297,3,5.599289953313429,0,4,1,0,9,0,1,1
5.089200915229464,52.285304601266404,2,1.0315371833454625,0,0,0,0,5,1,0,0
0.8781649445102648,75.26728169901838,1,5.000246109741869,0,0,1,0,8,0,0,1
19.673618292015863,66.14838364764856,4,3.7631959785300246,0,1,0,1,1,0,1,1
6.086741322605241,61.00760940306043,2,8.037153425968114,0,1,0,0,9,0,1,1
6.99948317501133,16.31550404939688,3,3.045551769785332,1,0,0,0,11,1,0,0
0.34019896875186534,48.219989267830584,3,5.233357170823685,0,1,0,0,1,0,1,0
7.207298114183011,38.842154801926874,2,4.142334496724222,0,0,0,0,11,0,1,0
7.452132140828931,55.04731848366147,3,3.8835498410244753,0,1,0,0,11,0,1,1
5.5702450155764325,41.689034571147126,2,5.754663751042979,0,1,0,0,5,0,1,0
1.7259176464942858,44.48108447813388,4,4.1635933473902345,0,0,0,0,4,0,0,0
3.3636848870325182,59.18067809813408,1,8.703981009303863,0,0,0,0,10,0,0,0
0.5851099652254788,41.35723772862448,2,1.0508141812280405,1,1,0,1,3,0,1,1
3.189386149170174,52.43183079148025,2,6.262341584324225,0,2,0,1,11,0,1,1
1.3974046536844482,19.61176218251387,3,4.830410480687804,1,0,1,0,8,0,1,0
2.146973143309943,33.351970464798825,2,4.899368308808528,1,0,0,1,7,1,1,0
0.8872695655082684,63.12087134405921,2,5.60424501585949,0,5,0,0,8,0,1,1
1.3071768704536721,25.39615766607051,2,6.9955055009751925,0,0,0,0,11,1,0,1
0.3982940500506711,74.91450155205995,2,5.530146101464564,0,2,0,1,7,0,1,1
12.622482420954634,69.48798710602642,3,7.002659939416039,1,3,0,0,2,0,1,1
3.7794838523522505,44.63540129320427,1,5.092804060903358,0,1,1,0,10,0,1,0
2.5270513271397825,100.0,3,2.9317805994137607,0,2,0,1,9,0,1,1
3.8289034926345655,74.86207155696587,3,4.821712176517741,1,2,0,0,5,1,1,1
4.948249920733,31.0144098658853,4,7.305851908978584,0,0,0,0,2,1,0,0
12.747468636160391,64.92348107400096,3,4.1786375435434735,0,3,1,0,4,0,1,1
0.9842912355215567,51.31726132639515,2,2.834392786180438,0,0,0,0,2,0,0,0
1.7517073470983993,34.46575818281178,2,6.238908980733456,1,2,0,0,7,1,1,1
18.60481047969219,28.601817136675823,4,5.673223041605109,1,2,1,0,4,0,1,0
2.3196544219027815,69.89786669776758,3,3.45825262248386,0,4,0,0,6,1,1,0
0.11410029470034821,38.04109070751733,2,4.533884714321731,0,3,0,0,4,0,1,1
0.7987520190040899,47.96247289925896,4,4.636658144569607,0,0,1,0,5,0,1,1
0.13345889442285963,31.579481435469432,3,5.0127638711711,1,0,0,0,2,0,1,0
20.0,35.03684125402818,4,6.293131419638428,0,0,0,0,11,0,0,1
1.6346851506294755,47.46141599857056,3,4.18959346959066,0,0,0,0,6,0,0,1
12.85511804299722,57.76364585448303,3,6.396488588731085,0,0,0,0,3,1,1,1
20.0,0.0,3,3.9330214791381675,1,3,0,0,2,0,1,1
4.579469317473076,50.338395983335005,1,8.332614826094009,1,1,0,0,5,0,1,1
0.16879909342325247,35.077579748299286,4,8.375707570862165,0,4,0,0,4,0,1,1
0.4255657010185392,78.0472530690045,2,3.28718735071806,1,3,0,0,9,0,1,1
3.284935106674594,100.0,2,2.5489958770283168,1,1,0,0,4,0,0,1
2.6058279279155667,42.81441930092569,3,6.956415627664647,0,4,0,1,1,0,1,1
4.659272428228661,15.555428785736112,3,5.515766939569639,0,5,0,0,7,0,1,1
2.8888156315665583,52.33753939837133,3,6.103336414203362,1,2,0,1,10,0,1,0
13.596327991387193,45.891413410135904,2,3.6904896056064342,0,1,0,0,1,0,1,1
3.8257913909924084,89.42701298002581,2,4.735092027687467,0,1,0,0,5,0,0,1
5.91637676762402,83.33178686751086,1,4.310331654379226,1,3,0,0,12,0,1,1
11.34020691545117,67.30749941193129,2,5.60840197110295,1,4,1,0,5,0,1,1
0.7942276929425401,38.266118375746835,3,2.508559970012607,0,1,0,0,6,0,0,0
1.305101092281076,63.55533132361607,2,4.801331107951716,0,5,0,0,3,0,1,1
0.5676280221259851,55.30012718136608,2,2.4884431303164356,0,0,0,0,6,0,0,0
0.7520125604695838,54.826464065987814,2,3.9688724457985156,0,1,1,1,12,0,1,1
3.5931862162215893,18.835403028642595,3,4.805304375459517,1,3,0,0,12,0,1,1
1.9369909532453704,71.23590676907293,1,6.014867459555042,0,0,0,0,8,0,0,1
2.751063029604524,52.156166566224705,3,6.180640503350704,0,2,0,0,3,1,1,0
20.0,47.9831730491085,2,6.521829634321725,0,1,1,1,3,0,1,1
0.8521883405394033,37.996870099823454,1,2.034419874312321,0,2,1,0,10,1,1,0
3.8914786045172685,34.12767000693245,3,7.528172792246798,0,1,0,1,10,0,1,1
0.5205351471871178,56.34517162557964,2,3.7104010950187285,0,0,0,0,2,0,0,0
1.9172680906133004,15.016743962838362,2,3.856416803655008,0,0,0,0,9,0,0,0
3.748861992366299,65.78997519300086,3,5.5374950971344195,0,0,0,0,4,0,0,1
14.652696017651852,28.91789126008629,3,4.325997091279585,0,0,0,0,12,0,0,0
2.481559145497963,8.826386275894158,3,5.723651639429993,0,1,0,0,11,0,1,0
0.33554482263708585,86.43790631852042,3,6.094785132013709,0,2,0,0,6,0,1,1
2.456434175644481,32.83825901308843,2,3.473648673661034,0,1,0,0,1,0,1,0
0.7876052918186813,35.55681676956608,2,4.632547895703196,0,3,0,1,5,0,1,1
1.3067563749674858,72.6907666201615,2,4.691766088443057,0,1,1,0,5,0,1,0
4.812859659680326,87.08861801033282,4,6.916545164629655,0,0,0,0,12,0,0,1
0.34902242987567217,19.339968427931396,4,4.069674265589159,0,4,0,0,4,0,1,1
3.1248616094383497,30.87663879498661,2,3.982609066405005,0,3,0,0,6,0,1,0
4.701144716246391,32.34642355678807,2,2.956764090987691,0,2,1,0,7,0,1,1
2.7396822220618526,68.69603325391309,2,3.1809720148950733,0,1,0,0,2,0,0,0
0.0965581274675045,82.78264255859067,3,2.2987885132910932,0,2,0,0,12,1,0,0
20.0,28.39494876843842,2,3.5938723949740217,0,1,0,0,9,1,0,0
2.2873388017884224,78.29490675936441,3,8.187130022717428,0,2,0,1,12,0,1,1
7.538406119836917,35.81931776942596,4,6.381814685008713,0,0,0,0,3,0,0,1
1.9700040663218035,56.72245805891144,4,7.554692684490439,1,3,0,0,5,1,1,1
3.2219446749130434,24.570926011443646,1,3.0996985258584644,0,0,0,0,8,0,0,0
2.4589043477437853,47.56139172836004,4,1.1045384634180535,1,2,0,0,10,0,1,0
2.096850906818097,47.777745718545674,3,5.632763997958516,0,1,0,0,3,0,1,1
0.11046827223886736,43.69683387369453,1,8.707195788367123,0,1,0,1,11,1,1,1
2.2315990928062077,57.69941962639394,2,4.029328549329141,0,0,0,0,12,0,0,0
11.013245887536154,29.859382702949482,3,5.203632710564665,0,2,0,0,11,1,1,1
5.862263106638811,32.325534036263164,4,1.8609296875535164,0,0,0,0,1,1,0,0
0.7857425221395918,58.75744289898711,2,5.056412847480304,0,3,0,0,10,0,1,0
4.472095895898754,76.84070661951458,2,4.750024429372285,1,2,0,1,9,0,1,1
11.138819659440637,49.54372611904154,2,0.8139112871798382,1,0,1,0,8,0,1,0
6.020431403234908,60.07341546924345,4,2.925327279402772,0,4,1,0,9,0,1,1
0.8048617618348174,65.1616002059468,4,2.7665397346670595,1,2,0,0,11,0,1,1
10.118425983588363,66.61010377266983,2,1.840546965733873,0,1,0,1,4,0,1,1
1.7944155671062587,30.92950548326723,2,3.55029063287983,0,1,0,0,7,0,0,0
3.0263788570498895,34.45979539590192,4,6.017540733329538,1,1,0,0,9,0,1,1
3.7342459171494493,36.1985081211293,3,3.7336350835334464,0,0,0,0,3,0,0,0
9.502515317849907,88.57267601787929,4,7.296978540096687,0,1,0,0,1,0,1,1
13.412460192699696,60.16385878343808,3,4.274480673895175,0,3,0,0,9,0,0,1
13.27156701509151,59.266314407700335,2,5.6524363365918155,1,1,0,0,5,0,1,1
0.03992992268315002,57.32471506367477,3,5.994959364085808,0,1,0,0,1,1,1,1
12.748089006595965,23.58413192761002,1,8.067759922451941,1,1,0,1,12,1,1,1
0.2796092429300739,88.76380941554078,3,3.567780109839318,1,1,1,0,7,0,1,1
1.5446896422258791,59.58375061573921,3,5.884719014976645,0,0,0,0,8,0,0,0
3.617906732799559,64.46320225309906,4,3.1067464948861203,0,2,0,0,2,1,1,1
3.268917859279694,14.689574221683955,4,8.444191376188815,0,2,0,0,3,1,1,1
4.640675424104796,65.59287704723036,1,2.920622111718038,0,0,0,0,12,0,0,1
3.264310446607584,42.87575099744746,2,5.767352458313295,0,2,0,0,10,1,1,1
13.619044572747185,23.544340505475255,2,8.118920733463105,0,0,0,0,12,0,0,1
1.37579637647297,30.924726682564053,3,2.606956607660605,0,5,0,0,10,0,1,1
1.6011963928146988,24.702115830932673,3,6.19019441348107,0,2,0,0,5,0,0,0
12.674978234041323,24.364316097707793,4,3.014440065275209,1,4,1,0,11,0,1,1
0.39921933667140636,51.2109564072842,3,9.65672890347776,0,2,0,1,12,0,1,1
4.7024153787543215,42.26474422536698,2,1.217257752676245,1,2,0,0,4,0,1,1
5.724369506633521,56.681387243227746,1,1.9653813128581756,0,1,0,0,10,0,0,0
3.521462532317229,83.51951742136009,2,2.7569569001013234,1,0,0,0,11,0,1,1
5.924641191086844,47.40992572745325,3,2.82136070251592,0,2,0,0,1,0,1,1
0.9482697420444984,5.102214120831462,4,6.041739932159928,0,0,0,0,10,0,0,0
9.574119993295724,45.16083576904367,2,8.599360545685846,0,0,0,0,10,0,0,1
0.7542638082867812,73.86788872795744,3,7.310258171019891,0,0,0,0,12,0,0,1
2.5609030760599776,48.281210550063406,2,5.467804573508299,0,1,0,0,10,0,0,1
0.39120034077715626,80.58661307383403,2,5.019165791352782,1,2,1,0,11,0,1,1
3.9396093857963814,59.05883186275638,2,3.787275422659519,0,0,0,0,2,1,1,0
5.539463202535176,13.234605312052217,2,5.782145981070876,0,0,0,0,8,1,0,1
14.16990717791471,52.19164500876717,4,4.5823923535009605,0,1,0,0,2,1,0,1
6.72261904431724,55.940025885294574,2,5.3788218120095035,1,3,0,0,7,0,1,1
3.8946465645837853,71.60711602547288,2,3.5181901371604876,0,1,0,1,10,0,1,1
13.486813866071996,86.39273143223136,3,2.5963427954576046,0,0,0,0,2,0,0,1
3.2546244797106487,68.15451039417398,4,5.050938687593712,0,3,0,1,4,0,1,1
4.118622168758596,58.80959594774434,3,5.006739651032639,0,1,0,1,10,1,1,0
4.532921555680824,63.52376543156693,2,3.8081342752958625,1,3,0,0,12,0,1,0
2.637991898843195,46.63986387100865,2,3.4669798143662156,0,2,0,0,8,1,1,1
9.11571481451859,20.742443263851413,1,6.116812578148273,0,0,0,0,7,0,0,0
1.023915324646675,50.82992172445721,1,5.90989639150875,0,0,0,0,5,0,1,0
4.046632156516345,57.305806549178115,4,8.753100313279644,1,0,0,0,10,0,0,0
6.404867842624567,25.92684748176154,1,7.761859652909719,1,0,0,0,8,1,1,1
11.715794543471123,76.53243278999884,2,2.6123150468374208,0,2,0,0,3,0,1,1
10.767309280931538,70.10822030964863,3,4.6183483482202625,0,0,0,0,10,0,0,0
3.5539117446535378,22.564771694242616,3,2.27046256772438,0,0,1,0,7,1,1,1
5.152359218253734,77.3166457757975,2,1.3215282618609465,1,3,1,0,12,0,1,1
2.50633836863919,43.83371261580305,2,9.390978175286776,1,3,1,0,8,0,1,1
3.157229931151044,34.43016869763303,2,7.960593007556975,0,1,0,0,2,1,1,1
11.836460412170664,71.58555385493052,2,3.7403921691410384,0,1,0,0,10,0,1,1
13.34683998135751,48.978911744798836,2,7.486752277905222,0,0,0,0,4,0,0,1
11.28873067364925,87.98370641673739,2,7.783440625290217,0,2,0,0,8,0,0,1
0.7446516750912422,32.94223912226498,1,1.1590716597355861,0,1,0,0,9,0,0,0
9.488401420141875,15.366849520546907,2,6.701207314034502,0,3,0,0,2,0,1,1
14.817654831117535,44.39123437667717,2,4.0166927976828335,0,3,0,0,3,0,1,1
2.241208296508415,65.78444998120946,4,5.76619005675529,0,3,1,1,2,1,1,1
3.6557645704852195,31.457140289289136,2,10.0,0,3,0,0,5,0,1,0
7.550118460796166,23.397992344002418,3,8.170724810842863,0,1,0,0,9,0,1,1
4.128573903944012,54.578548054055084,2,4.743575741980666,1,5,0,0,11,1,1,1
20.0,20.72625579664967,3,7.843347007991147,0,0,0,0,5,0,0,1
3.041396343026101,56.13385399226827,2,1.1557777227233559,1,5,0,0,11,1,1,1
6.2578158887901605,43.18753897543646,2,6.007145662153305,1,2,0,0,7,0,1,1
7.865316328319695,59.889329767047464,3,6.0549534460573256,0,1,0,0,9,0,0,1
3.407085397519971,22.323423921507963,3,6.411386062581017,0,4,0,0,1,0,1,1
9.723987041802829,75.96326302887807,4,3.9830265082855894,0,2,0,0,11,1,0,1
3.9499932409709286,46.3393103001262,3,5.763947540243232,1,1,0,0,3,0,0,1
2.6521731218590068,65.27045335809646,2,6.711945393588861,1,0,0,0,4,0,0,1
0.5704574544169786,69.19750922569779,2,0.3540762433684552,1,2,0,0,5,0,1,1
2.4995403251858663,26.851100952680884,2,4.367646455739248,1,0,0,0,7,1,0,1
6.620100533752243,67.64515019216152,2,3.193375465300956,0,5,0,1,11,1,1,1
12.709697393718296,21.498664497113488,3,6.3242791009873045,0,0,0,0,9,1,0,1
1.4496189418374548,22.597245144802145,2,7.755676639009608,1,2,0,0,8,0,1,1
2.1943508600771127,89.27998471976869,4,3.77629460836791,0,3,0,1,9,0,1,1
0.835949070896156,72.2370673759325,2,2.8226129297524083,0,3,0,0,8,0,1,0
5.867588107614962,91.47328350867511,2,5.234327890868622,0,1,1,0,7,0,1,1
16.117988528347716,42.59571938784179,1,2.693577976413379,0,0,0,0,6,0,0,0
5.121499035024718,52.048573281560174,2,4.5471340459724745,0,1,0,0,7,0,0,0
4.79960063508125,60.54709493504727,3,4.336235552550866,0,1,0,0,11,0,0,1
4.031466634245904,49.75608866812211,4,6.160205493203371,0,0,0,0,1,0,1,1
0.4630756473562739,35.077279586081914,2,5.6303911695104025,0,0,0,0,4,0,0,0
6.537486632802362,32.07830604239902,3,5.322793827156893,0,2,0,0,5,0,1,1
4.607138813629564,54.27724465657899,3,8.273701022580926,0,0,0,0,5,0,0,1
5.415812796567404,28.6628031667539,4,5.539459054174923,0,0,0,0,8,0,0,1
11.453830715161967,28.10273015266295,2,4.16432444777563,0,1,0,0,5,1,1,0
7.6614767319521935,57.87144022309185,2,4.40961917712712,0,1,0,1,5,0,0,1
7.591483237791827,48.096812970287694,2,3.471390499148446,0,1,0,0,5,0,1,0
13.099081968381212,68.7441254116337,2,2.962727422671866,1,0,1,1,12,0,1,1
20.0,41.50177179834316,2,2.221315159029695,0,4,0,0,8,0,1,1
4.352796823875647,38.37488100048929,2,7.2684648934134835,0,2,0,1,8,0,1,1
0.5763899696503284,58.471067920709416,3,3.563385885426432,0,1,0,0,7,1,0,1
3.072880771242086,33.75950250892346,1,5.63183095034654,0,1,0,0,7,0,1,0
7.746446936413067,36.837445488866294,3,4.400267532091824,1,5,1,1,9,0,1,1
0.14058463374254485,37.6309121924117,3,4.941552009488204,0,2,0,0,7,0,1,0
0.2928481899809461,45.80595787408894,3,7.307602236127844,0,0,0,0,8,0,0,1
0.34759602693252895,85.44873086591805,2,5.353312856724099,0,1,0,0,6,0,0,1
6.565884194024338,22.464223500856857,1,3.1546505002423375,0,0,0,0,1,0,0,0
3.477415819861373,75.91015164234918,2,3.8717749224260185,0,1,0,0,3,0,0,1
2.3014384591689074,64.75573512579834,2,6.719892055906776,1,3,0,1,1,0,1,1
0.5581061726211825,81.33957694739985,3,5.966357074869942,0,4,1,0,5,0,1,1
6.5883257826018955,100.0,1,6.8448266416114825,0,2,1,0,9,0,1,1
1.935816639590712,78.62906041575711,2,4.522997133112086,1,1,1,0,10,0,1,1
1.5416289432601624,68.51333895815722,1,2.207912369171196,0,0,0,0,11,0,0,0
5.282352329892921,23.75007296749965,1,6.013295977382496,1,2,1,0,12,0,1,1
4.093675518032082,26.275554769779145,4,5.505637809883963,1,0,0,0,10,1,0,1
2.25030421033893,57.20380368730443,4,5.55801777432093,0,2,1,0,12,0,1,1
5.128958353073872,16.038477041608708,2,2.236512717382415,0,5,0,1,6,0,1,1
1.5819273099531894,62.308785025824385,2,3.7195670675314823,1,3,0,1,12,0,1,1
7.919588251330675,7.301562184779769,4,3.1232634981175007,0,0,0,0,3,0,0,0
1.3024033746826364,73.0446677112923,4,5.798733286180391,1,0,0,0,9,0,0,1
0.8648532379804736,43.56599376132803,3,5.8675881484402925,0,1,0,0,8,0,0,0
7.626389451160518,52.53193890940378,2,4.913024217535592,0,1,0,1,6,0,1,1
6.153158935868323,35.032554071590354,1,6.935169437294324,0,1,0,0,7,0,0,1
1.0083719576049073,12.029471795548552,1,7.981423313139892,0,5,1,0,1,0,1,1
0.617881278871733,74.69390558388524,3,5.7061127453562746,0,2,0,1,8,0,1,1
9.11312746179201,76.71402789909428,3,6.342142059848583,0,1,0,0,9,1,0,1
7.4939229913198755,42.97024469592604,2,3.91689992035076,0,1,1,1,9,0,1,1
1.9819622498490346,63.238591294680155,2,3.549143036760651,0,0,1,0,2,0,0,0
5.367609627857725,42.18217159579192,3,7.019487771479261,1,1,0,0,5,0,1,1
0.6628603306143511,55.76979688532493,3,3.2505154859967256,0,3,0,0,12,0,1,1
3.5367139055437087,65.1827839784022,3,6.394126707996389,0,0,0,0,6,0,0,0
0.09453962781398678,61.10169849147747,3,8.438942333077888,0,0,0,0,5,0,1,1
2.484629050944094,76.8193922681869,2,6.306963756207061,0,0,0,0,11,1,0,0
0.38895816585664106,60.377613514106706,2,4.838135083042685,0,3,0,1,7,0,1,1
3.223186994249842,50.561692340771906,3,2.319351475221639,0,1,0,0,7,0,0,0
2.7381538897202855,34.77162064245156,3,5.326605582292562,0,5,0,1,7,0,1,1
2.9383985928479133,40.429892393521584,2,7.018192268784793,1,4,0,0,8,0,1,1
0.23195455914475588,66.20102793450033,2,4.6420801142485,0,0,1,0,3,0,1,0
2.244079152100656,19.96346962171763,3,7.042987855703554,0,4,0,1,7,1,1,1
7.06286005263673,72.11614606825593,2,5.730048058460286,0,3,0,0,3,0,0,1
2.3015686286615047,44.377125479709335,2,5.582681097173156,1,1,0,0,11,1,1,1
6.2793481164378315,33.6278819118422,3,4.366423476431963,1,2,0,0,1,0,1,0
2.3060418945925,28.025516464370654,3,2.0879123387669867,0,1,1,0,4,0,1,0
2.7516403759338024,63.48735571296774,3,4.1497783246781115,1,2,1,0,9,1,1,1
4.149328093019612,49.70717292393363,2,4.133891351722333,0,0,0,0,5,1,0,1
15.047324358368417,81.7753044645964,2,6.150881652172078,0,0,1,0,6,0,0,1
0.5762711911948183,24.73848698948158,2,4.969550747855851,1,1,0,1,1,0,1,1
0.16733806710515176,38.43672753876274,3,7.166336042449799,0,0,0,0,4,0,0,1
4.681921100909566,48.15557683745173,3,5.562706046998997,0,3,1,1,8,0,1,1
14.889175825425763,34.96286512060132,2,3.99130035372173,1,0,1,0,4,0,1,0
20.0,50.12237328283606,2,3.3702484470332204,0,0,0,0,6,0,0,1
3.309834365354166,56.390015328310376,1,3.7932506196612716,1,2,0,1,10,1,1,1
3.156326122516547,59.6896847825948,2,5.321537871985736,0,0,0,0,5,0,0,0
5.177677202375084,80.12334261768922,1,4.254413583359118,0,0,0,0,1,0,0,1
4.055542179038394,23.930551424368392,3,2.847121426544624,1,2,1,1,3,1,1,1
5.026812845511909,56.755206398706214,3,7.013431712044379,0,0,0,0,2,0,0,1
10.357344064089952,37.06114360823667,3,5.304622715599993,1,1,1,0,7,0,0,1
6.858135653579921,58.600267600471696,3,5.549438989920214,1,1,0,0,11,0,1,1
3.4346069224190208,58.62664372706094,2,3.354752470861226,0,0,0,0,5,1,0,1
3.0982240780335433,30.261612335353373,4,2.9168045220884258,1,0,0,1,7,0,1,1
5.102728024249727,31.97695314731825,1,4.675528020356079,0,1,0,0,10,1,0,0
3.041331297423099,60.2328612693915,2,0.9435691610825963,0,0,0,0,9,0,0,0
3.0604112969985495,50.46809021488261,2,6.559626619928684,0,3,1,0,6,0,1,1
0.08220153030537754,45.607563185367916,2,3.5919532522436364,0,2,1,0,5,0,1,1
0.9561907833440165,63.15973659549947,1,4.464590512008579,0,0,0,0,12,0,0,1
3.352171803021906,64.63436951724263,2,5.853838596505204,1,2,1,0,9,0,1,1
8.648248010213782,39.407397745965945,2,4.550729844787859,0,4,1,0,1,1,1,1
1.6336879095677783,32.958937247150004,3,2.6632510884563296,0,2,0,0,5,0,1,0
3.6974577385312473,24.761620463247162,2,8.011400719621577,1,4,1,1,10,0,1,1
2.115310795792197,50.6690824040297,2,1.9348359829279427,0,4,0,0,10,0,1,0
0.5535628929229955,21.536794457028705,4,0.5269097852308713,1,1,0,0,11,0,1,1
15.886088868259897,51.98856916458068,3,6.749200672242777,0,5,1,0,4,0,1,1
9.643874457360438,74.33673582848878,2,2.08113761890497,0,0,0,0,6,0,0,0
0.4087214051727168,42.93080459427431,2,7.505565749068314,1,2,0,1,6,1,1,1
6.361030936991295,39.27591438919673,3,5.753776408756642,1,1,0,1,12,0,1,1
2.135333030347094,89.9568954725429,2,5.566007451683324,1,1,1,0,11,0,1,1
20.0,80.19403638375292,1,3.8619433980713733,0,3,0,0,11,0,1,1
1.8005364229241352,34.708042588891715,2,3.3491990970770624,1,3,0,0,11,0,1,1
1.3638914078380338,52.7802636211795,3,4.24749165514262,0,3,1,0,1,0,1,1
4.195381812120996,56.57356484696165,2,3.2455642369902513,0,2,1,1,11,0,1,1
9.012873619399057,54.07320845452357,2,7.415336009853723,0,0,0,0,9,1,0,0
1.0691779741654819,86.29346895425576,2,3.5145024769693576,0,0,0,0,1,0,0,0
6.179085294641515,51.74459784838841,3,6.012694521142364,0,0,0,0,5,0,0,0
0.3168644471705104,54.744697512620334,3,7.010415456262762,0,0,0,0,4,0,0,0
12.562504040263768,63.773245902928316,3,3.2376309199598046,0,0,0,0,6,1,0,0
0.4227533957601991,73.79839432095335,2,5.753182836833002,0,3,0,0,10,0,1,1
12.28051015513313,68.73798388608212,4,3.2122403697856363,0,0,0,0,9,0,0,1
3.374643246729192,60.76169572623279,2,4.652948552333763,0,2,1,0,12,0,1,0
2.97186152870872,18.826003892121832,2,4.082730127098737,0,0,0,0,12,0,0,1
18.116784492805998,40.23724551883148,4,3.6091189910531014,0,1,0,0,12,0,0,1
20.0,66.38842414410541,4,5.315572743831493,0,3,0,0,8,0,1,1
5.25165592682677,55.00797394558611,3,2.571766329419021,0,1,0,0,3,0,1,1
0.6797818918189842,66.52257267645903,4,6.858451824551654,0,4,1,0,9,1,1,1
3.527820620129182,87.74332123342495,2,2.8369245965432666,0,0,0,0,11,0,0,1
3.766217657334069,26.46073589881351,2,2.465822888835713,1,1,0,0,6,0,0,0
3.6123282682079694,72.75820349609168,2,4.495406928770146,0,0,0,0,3,0,0,1
4.213944985761909,43.39273075012738,2,4.254995291966027,0,0,1,0,7,0,1,1
0.09451120418015489,68.70699638549465,3,5.711114412512107,1,0,0,0,3,0,0,1
6.210576706755601,49.17558513263765,2,5.169664851313842,1,4,0,1,12,0,1,1
6.230824204644122,92.54009077785992,3,1.7452790327426704,0,1,0,1,10,1,0,0
0.6134929715937474,52.60173872523476,2,6.973133649161249,0,1,0,0,3,0,1,1
4.222635341431621,37.18971551288039,2,4.445321086919058,1,2,0,0,4,0,1,0
4.2008305544652025,58.397492455835355,1,5.482918597200205,1,1,0,0,11,1,1,1
5.735606579799889,56.4788556143654,4,9.40431043933766,0,1,0,0,7,1,0,1
0.446329722007579,72.76194188220896,3,7.5728845597140975,0,1,0,0,11,1,0,1
4.924230646219539,58.96105597209851,3,5.421058526422002,0,2,0,0,6,0,1,0
1.6477449437463967,99.50129278338606,3,2.2538603325804107,1,1,1,0,11,1,1,1
3.5362608543650036,47.77191729195455,3,2.2873300597917923,0,1,0,0,8,0,0,1
7.42115810288033,48.00760100439052,4,7.324088675015639,0,1,0,0,3,0,1,0
6.114859690718597,37.922278998938914,2,4.196368505359616,0,1,1,1,2,0,0,1
0.6329378850686642,51.71336676708354,2,4.66317028427586,1,2,0,1,2,0,1,1
4.472460136362535,54.621182421659086,1,2.709063063729387,0,3,0,1,5,0,1,0
17.38767110066619,55.62421059911755,4,5.891702455737814,0,0,0,0,11,1,0,1
0.8525742790354232,51.34375350987998,4,7.28282564085256,0,0,0,0,12,0,0,0
9.583454177885775,37.80357566545403,3,8.047100251642657,1,0,0,0,1,0,1,1
6.062513411822134,32.3666974383529,2,4.103700361538868,1,2,0,1,4,1,1,1
7.4361746935501785,42.49652550328887,2,6.289756931758271,0,0,0,0,9,0,0,0
1.6561383571343902,72.83075320470226,2,4.809826362427141,0,4,0,0,1,0,1,0
1.697606908372873,77.13599370982959,2,6.760557135692165,0,0,0,0,1,0,0,1
11.823337472401557,48.4607092711913,2,4.9920655988124745,0,3,0,0,12,1,1,1
2.230123436034905,31.168340670651506,1,3.3517478076342817,1,0,0,1,5,0,1,1
0.32544211188939487,48.37652779366418,4,7.640315185988513,0,0,0,0,1,0,0,0
4.588918023014798,91.83330870540159,2,5.197078308556457,0,2,0,0,7,0,0,1
0.6666151804717899,69.97935670633241,4,4.297080494512841,0,4,0,0,12,0,1,1
7.962811583589492,61.01485383065095,3,5.355560267783852,0,1,0,0,3,0,0,1
5.132571410548911,69.25369834105139,2,3.5267193902381133,0,2,0,0,6,0,1,1
10.386279867722301,80.81133222682625,2,5.83050425310614,0,2,0,1,11,0,1,1
7.681802797312228,26.942675969057607,4,4.607400514406858,0,1,0,0,12,1,0,0
0.5945576327162095,42.15920262605754,3,3.4104101868025776,0,2,0,0,11,0,0,0
2.39882095612091,39.42556734326369,2,9.75379866591292,0,0,0,0,11,0,0,1
7.4485116969801135,61.74228794141967,1,2.9854153445162996,0,0,0,0,7,1,1,0
2.7007699083453196,53.20221781279194,3,5.706567342831046,1,2,0,0,9,1,1,0
17.943448680485716,65.12622581378815,2,5.113593077742595,1,1,0,0,4,0,1,1
6.654117572313492,39.86225300265555,2,2.948805447309321,1,2,0,0,1,0,1,1
0.07810648140825566,77.43904101358312,3,4.325338619810006,0,1,0,0,10,0,0,1
10.60072153157613,48.61332583701397,3,2.3148968830404955,1,1,0,1,8,0,1,1
0.5312756055374421,63.89091103916366,2,9.132978439879345,0,1,0,0,10,1,0,1
0.7571602842197425,73.90812997845879,4,4.464084750326431,1,3,1,1,1,1,1,1
6.630559078879386,72.30248630989936,3,4.634373428458905,0,3,1,0,9,0,1,0
10.011238172757718,57.216568168035934,3,8.89040599572352,1,1,1,0,4,0,1,1
3.843122595951216,66.38693812765091,2,3.3520462911834032,0,3,0,1,12,1,1,1
1.7057639975486123,84.83321327944574,2,7.588818045121425,1,3,1,0,9,0,1,1
2.1640444137589037,60.27202467949392,2,6.185052957845812,0,1,1,0,5,0,0,1
2.0995141328994986,35.4070719587684,2,1.042029553843561,0,4,0,0,9,0,1,1
1.977658816274844,61.6610146192777,4,4.25781855258846,0,0,0,0,5,0,0,1
1.3913635439082206,49.25437563960819,4,5.873211982528035,0,3,0,0,12,0,1,1
4.693539326596943,3.0399773119131197,3,5.071143656351624,0,1,0,0,5,0,0,0
11.53323257532519,59.23996047406185,2,5.076520127551696,1,0,0,0,5,0,1,0
1.834221045311113,52.33301300031214,3,3.7856705157879773,0,0,0,0,3,0,0,0
1.0332411111434594,73.12835542994877,2,3.574255013480447,0,2,0,1,12,0,1,1
9.118655791582855,34.998126850233874,1,4.383186552313976,0,1,0,0,4,0,0,1
6.769781218722295,19.88580675241385,2,8.922618775089905,0,1,0,0,1,0,0,0
13.356448488725157,53.37361718821019,2,3.184648858415531,0,2,0,1,7,1,1,1
0.9047309288816621,57.60354775210892,2,4.035588639997112,1,0,1,0,8,0,1,0
0.7788926860222298,51.87665890771138,2,5.057692938639058,0,0,1,0,4,0,1,0
3.898205031747855,50.41417367370807,2,2.0736926800754,0,0,0,0,11,0,0,0
4.76520999595725,28.62546091587347,3,5.863896446278118,0,1,0,0,12,0,1,1
3.271300325409268,47.22165726050154,2,2.423990750013733,0,3,0,0,11,0,1,1
4.568553269746259,43.0318834099117,3,2.825515576692161,0,3,1,0,12,0,1,1
0.9945708938871157,71.45417481534881,2,2.729491630086018,0,0,1,0,11,1,1,1
3.265919813389262,57.58650728061228,2,1.7188379213332272,0,0,0,0,4,1,0,0
5.366076122865984,44.4400575650961,3,7.536655905161078,1,2,1,0,9,1,1,1
2.8343919151779433,84.47769752845531,2,6.043177527603719,0,0,1,0,1,0,0,1
5.6885434864765205,44.62184647569981,2,6.84477446382213,0,0,1,0,11,0,0,1
3.000026572465164,61.155734477723264,3,6.662526068758395,1,2,0,0,4,0,1,1
2.0293227957076128,46.66157332821435,2,4.663779611656672,0,1,0,0,8,0,0,1
1.8091915925555466,82.62305030056008,3,4.940958278719001,0,5,1,0,4,1,1,1
2.645814128016716,51.73719551627222,2,7.0274251479670635,0,0,0,0,9,0,0,1
0.11680181838720116,52.328284557813475,2,8.276858218885353,0,5,1,0,9,0,1,1
5.521016523241378,47.20259282454573,3,2.4838187183564346,0,1,0,0,6,0,0,1
9.325059745691274,53.9302385200243,2,10.0,0,1,0,0,3,1,1,1
2.1896349054970705,73.99075677295818,2,2.3686976030290605,0,2,0,0,2,0,1,0
0.23563171019129467,66.91687689369375,1,4.076089902247724,1,5,0,0,8,0,1,1
20.0,50.56152362232342,2,5.148136583549398,1,2,1,1,5,0,1,1
1.5305763263249412,84.02650212913308,3,5.331809428727684,0,1,0,0,11,0,0,1
0.6769291075957522,67.45971282685139,3,8.927664173479755,0,1,0,0,11,0,1,1
2.3082134612624707,41.23637761605302,3,7.023814132984757,0,0,0,0,4,0,0,0
6.70769573944237,22.39303292532124,2,5.825669781715188,0,4,1,0,11,1,1,1
1.740109568751692,41.699723964068596,3,7.0709866173945395,0,0,0,0,5,0,0,0
4.274840050336893,58.266975571005055,2,5.691504539891152,1,4,0,0,10,0,1,1
2.6855057282999164,61.94400741262854,3,3.6491697909884353,1,2,0,0,4,0,1,1
0.6264783815816587,77.18275366604038,3,5.971276935019657,1,3,1,0,6,0,1,1
2.0045301761529872,28.10908049762,1,5.135106518037927,0,0,0,0,10,1,0,0
6.452567019180951,41.21689332106379,4,3.3142884043898406,0,2,0,0,8,1,1,1
4.73379992038993,26.44714660250974,3,7.525580479703251,0,1,0,0,4,1,0,1
0.6379078108755438,23.22401576841109,3,4.891088913759524,0,2,0,0,9,1,0,0
0.8915823974564562,37.44362508093363,3,2.7589986583786215,1,1,0,0,5,0,1,0
5.118452172242187,57.33224488588042,3,3.0746897408224396,0,3,0,0,4,0,0,1
8.394353001010687,65.42788869780632,4,6.069992070743329,0,1,0,0,2,0,1,1
2.1498738748490576,31.032917867566507,3,7.098864580015366,0,0,0,0,7,0,1,0
4.523178974472147,33.81448161225521,2,5.963304568313028,0,0,0,0,4,0,0,0
0.9355264355547259,14.40353649353132,3,5.972462836703474,0,0,0,0,7,1,0,0
1.8653018230192289,54.28704416553991,2,3.3793531303278352,1,0,0,0,9,1,0,1
0.10239232704915502,35.357221960585235,4,5.185769099989958,1,1,1,0,12,1,1,1
7.31104022709831,83.26062756423696,4,4.339779380738117,1,0,0,0,8,0,1,1
2.562550373060137,58.1961759929919,2,4.610067640794503,0,2,0,0,9,0,1,0
8.467511099346831,46.571085130864496,3,4.776415486555616,0,0,0,0,4,0,0,1
6.161398384516246,37.17775144911095,4,3.680128513557076,0,1,0,0,11,0,1,0
8.822986588015953,20.106595596115415,2,6.503333125235839,0,1,0,0,10,0,0,0
1.6819718853419126,22.642564461091382,2,2.9817681264939977,0,2,0,0,3,0,1,1
1.0235029310464874,37.5571809085573,2,2.4027440963095206,0,2,0,0,11,1,1,0
17.860939763452077,36.02194235951391,3,3.4295945788403417,0,4,1,1,12,0,1,1
6.317336553665803,30.016563143080113,2,6.7667902120483525,1,4,1,1,2,0,1,1
8.980110745562966,57.54189454884689,3,5.678317125329465,1,3,0,1,2,1,1,1
0.06610189542396303,60.285311848297184,2,1.4335161920066706,0,1,0,0,8,0,0,0
2.1883530656833856,40.82735205396544,2,6.194547374602395,0,0,1,0,9,0,0,1
6.789830910521612,88.70304536530634,2,4.9029838409557245,1,1,0,1,6,0,1,1
0.4059571814107982,15.06541266967816,2,4.165234659744006,0,2,1,1,4,0,1,1
4.189014580196285,51.16327797944526,1,4.516039954035895,0,4,0,1,11,0,1,1
2.802467580361715,45.628395918241495,2,2.3327421180825194,0,1,0,0,5,0,0,0
0.08886762301038587,38.985982360654866,3,5.346481599874587,0,0,0,0,12,1,1,1
1.3457776160270858,36.04674307973881,2,2.464896988138151,0,1,0,0,5,0,0,0
1.6759092710810186,49.86080234175284,3,4.29998793879169,0,1,1,0,5,1,1,0
0.5931291517384492,45.48944345356543,2,4.302579241622121,0,3,0,1,1,1,1,1
4.992073672466076,42.16246945774881,2,6.539818849908133,0,2,0,0,10,1,0,1
1.3879846692819773,24.025607300212506,2,5.07948849837366,1,2,0,0,4,0,1,1
1.6260163503614253,17.637763643790024,3,6.41198208168541,0,4,0,0,2,0,1,0
11.425622019681704,44.229670496088694,1,2.6085148058405605,1,4,0,0,6,0,1,1
3.1473241231343208,41.95807791006939,2,4.784399702819176,0,2,1,0,11,0,1,0
2.4889559363612075,46.05926279446345,4,6.060632889848175,0,2,0,0,9,0,1,0
6.434436349552637,47.82756404220982,3,7.484598279599863,0,0,0,0,1,0,0,0
12.018318218089393,39.54995316234364,2,2.721629023109537,0,0,0,0,2,1,0,1
0.12677538307298242,45.75185152363589,3,3.318097328672593,0,2,0,1,3,0,1,1
2.9732000968941192,32.92943383793011,3,6.010573959406402,1,0,0,0,10,0,0,1
4.718070133131557,80.47891618326567,3,8.223186593377257,1,3,0,0,9,1,1,1
1.9177580962872276,34.00519703700063,2,5.571759632452753,0,0,0,0,11,0,1,1
7.400997528953949,42.58038581069319,2,2.7800785643875687,1,1,0,1,5,0,1,0
17.785234816328604,35.52422421772239,3,2.8191116590601473,0,0,0,0,5,0,1,1
14.3611495667664,35.18836919590194,1,5.2696904407685325,1,2,0,1,6,1,1,1
1.5461123116992648,50.49283133275893,4,5.715153256964821,0,0,1,0,12,0,0,1
1.2831027658619656,47.95531580233976,2,4.557452805419499,0,3,1,1,5,0,1,1
15.79014214183604,40.810792192495796,2,2.8418586143031965,0,0,0,0,1,0,1,1
3.0682476063588613,44.330480168913766,4,7.202830468330944,1,1,0,0,9,0,1,0
1.1678493541321566,35.60372898013459,2,4.302560372927822,0,2,0,0,11,0,0,0
6.1378615349132515,58.034512754523206,1,6.053930335536292,0,0,0,0,4,0,0,1
1.6733116447899101,91.10385485181428,3,1.4536641243784043,1,5,0,0,10,0,1,1
1.5547328560638034,32.50317445533563,2,7.4023088118565905,0,3,1,0,5,1,1,1
10.570125308295989,57.87926447469209,3,3.6303796902071994,0,2,0,0,7,0,1,1
0.8865456205121951,50.898979140414205,1,7.689368750894357,0,2,1,0,4,0,1,0
0.3327985262602273,63.37259516265179,2,6.225475047755346,0,2,0,0,3,0,1,0
1.5679844993857173,63.93585920992143,2,2.1425200749464217,0,2,0,0,11,0,1,0
4.669033890639364,54.10825394437321,3,5.491053491279328,0,0,0,0,12,0,1,0
0.6567423327300335,49.203588477698005,2,8.3130654911194,1,1,1,0,9,0,1,1
3.189458118191906,41.31099600703107,2,3.8041653005821843,0,2,1,1,6,0,1,1
4.935405246480049,34.70079293782729,3,8.31665108520058,0,1,0,0,6,0,0,1
9.443675931924735,48.063086780964305,4,5.771467087386938,0,0,0,0,3,0,0,1
1.3059770819977514,24.308223371646392,3,7.6807155078973315,0,5,0,0,8,0,1,1
8.500816983201705,38.12288019765063,2,5.318971528396178,0,1,1,1,6,0,1,1
1.3387845909668346,72.13707248945137,2,4.752048152740409,1,0,0,0,11,0,1,1
5.64690217150586,51.970244421593826,3,8.674325666584178,0,5,0,0,6,0,1,1
2.816506606359295,67.853288378711,3,6.442803818450258,0,0,0,0,5,1,0,1
0.6090376035978605,79.39287773316849,3,4.5293559341415,0,0,0,0,1,0,1,1
6.26342545702169,46.459410881703654,4,5.847773836593224,0,0,0,0,9,0,0,1
1.2279851382909714,54.14651668387283,3,3.870309099172279,0,0,0,0,4,0,0,1
0.9717081020441314,43.96308211694489,2,5.215767814313351,0,2,0,0,11,1,1,0
2.21835052937225,33.74788479048787,3,7.39124363842058,0,2,1,0,12,0,1,1
5.296336446378273,30.940634813351906,3,4.676292720198543,1,2,1,0,2,0,1,1
1.332842561865177,66.86300745192983,3,3.2509577729367436,1,3,0,0,12,0,1,1
1.0146311455564914,54.17254560971296,4,3.066234663334628,1,2,0,0,9,1,1,1
0.050017471184068484,86.93206144162106,2,5.1472361804691555,1,2,1,0,12,0,1,1
3.18991635584992,69.44104025847781,3,3.3848937768943195,0,0,0,0,8,0,0,1
2.79872771327386,35.37574020927264,1,2.1345178914829583,0,3,0,1,12,0,1,0
1.332002328542263,66.80684360453543,2,2.602823544633436,0,1,0,0,9,0,1,0
0.27572543095233576,43.898489217954896,2,7.350199407780088,0,1,0,0,11,0,0,0
2.8040714319528828,74.33719418258002,4,4.7152551948651515,0,0,0,0,5,0,0,0
7.760684888500534,40.27332245513959,4,5.115527653306126,0,2,1,0,11,0,1,1
6.281282617517785,28.95148079514655,3,3.0667815926499173,0,0,0,0,6,0,0,1
9.859034104905014,34.08489845877181,1,3.837011906627186,0,2,0,0,1,0,1,1
0.04814448554408392,35.10670195170172,2,3.7724907130014773,0,1,0,1,1,0,1,0
16.969021411164647,33.19496470762672,3,4.446461725871289,0,0,0,0,1,0,1,1
2.0882875663155516,38.547834487897866,1,1.6832023320831078,1,0,1,0,5,0,1,0
20.0,67.13383740650475,2,7.179349932889123,1,1,0,0,11,0,0,1
1.4559040000145786,85.92088416532368,3,4.967149711391301,0,0,0,0,6,0,0,1
3.1889066335527607,23.396209688929925,2,5.404172169924082,0,0,0,0,3,1,0,0
2.184219128501652,75.27026085666299,1,6.828676768129185,0,2,0,0,3,0,1,1
2.1984253066073203,40.44592568051142,2,6.675485094456571,0,3,0,0,9,0,1,1
9.234736384297351,56.95765062404468,4,3.8498381489350733,1,2,0,0,10,0,1,1
6.860358713574372,16.917079388534056,3,6.208934849522134,0,3,1,0,6,0,1,0
20.0,60.480700346897116,4,6.188357675812755,0,0,0,0,12,1,0,1
4.753307002980415,9.893752063678747,3,5.631961863234532,0,0,0,0,8,0,0,0
3.1111757335674173,56.27870144620331,2,7.122241355085211,1,1,0,0,12,0,1,1
0.47195925419527196,55.14512094058673,4,6.59906432213479,0,0,0,1,1,1,1,1
20.0,53.82015268590935,2,6.454739226506176,1,3,0,0,1,1,1,1
4.009574726321946,35.30179698734141,2,7.730562245972486,1,2,1,0,9,1,1,1
6.0278281892289325,60.990533488592874,2,5.0573189147693265,1,3,0,1,10,0,1,1
2.6106327568492826,57.821630188334346,3,5.115537798715495,0,0,1,1,9,0,1,1
3.967221663298809,45.800944327177604,4,6.638407036441267,0,3,0,1,1,0,1,1
14.286615523856533,63.43700614350388,2,4.6430923498799395,0,2,0,0,10,0,1,1
0.91012463155525,48.0879170686899,2,5.963215344294336,0,1,1,1,2,0,1,1
1.7291878643004064,60.57554317817524,3,3.8797853859715175,0,2,1,1,4,0,1,1
0.8247253968565669,47.482413452118195,1,0.44100658942920834,0,0,1,0,10,1,0,0
7.856278687181733,54.33403982219081,3,6.195747960430991,0,1,0,0,9,0,1,1
0.3202679159446937,61.49445882150524,2,1.9026393254870797,0,0,0,0,5,0,0,1
0.42578357978402603,42.0417485276393,2,3.6017677451950822,0,2,0,0,7,0,1,0
1.7726299357731055,25.323268274916092,2,6.640023476017547,1,0,0,0,3,0,1,1
3.609669668027331,55.52158011096309,2,6.6635251958295125,1,5,0,1,2,0,1,1
2.606693469345822,73.78782757225859,3,7.350543775376014,1,2,0,0,11,1,1,1
0.22925806074991517,55.98301945914892,4,0.9605560851672994,0,0,0,0,7,0,0,0
15.790262922235973,56.362846293927454,2,5.592026836951272,0,3,1,0,9,0,1,1
15.274176805501353,49.15647787006719,3,4.4846295321065135,0,1,0,0,6,1,0,1
1.6380523542452918,64.78237305546402,3,6.976431930989288,0,2,0,0,4,0,0,1
6.5749988547848055,46.281291677241256,2,7.952719843121218,1,2,0,0,9,0,1,1
4.3205721474404815,40.92202437746276,2,2.382170074195473,1,1,0,1,10,0,1,1
1.3556110352029362,72.10596505749731,3,5.0317652823742645,0,0,0,0,6,0,0,1
1.5202196816896938,39.38923363414636,1,6.665264298973103,1,1,0,0,4,0,1,0
3.3780411978416613,67.78941892903498,2,4.324003309673085,0,2,0,0,4,0,0,1
2.7170621100043855,72.11870923915419,4,8.49138943922723,0,5,0,0,5,0,1,1
1.7211162892438754,61.33633864124121,3,4.197060907757727,0,2,0,0,9,0,1,1
8.238596838075305,25.01528960854735,2,4.399596526686199,1,2,1,0,8,0,1,1
3.2837186766530344,50.54309818444995,2,2.8533850886941856,0,1,0,0,1,0,1,0
5.318852800129024,45.96000005882765,2,5.307841305333879,0,1,0,0,3,0,0,0
1.0491225996455598,40.080014893293736,2,0.0,0,4,0,0,3,1,1,1
3.812568421870455,52.85503174692855,2,4.504471304962872,0,1,0,0,10,0,0,1
1.9134525182092164,65.38412694995097,2,7.5379389718508065,1,4,0,0,3,0,1,1
3.7371046699507557,40.828946797376034,2,2.206467301452893,0,5,1,0,3,1,1,1
7.5894429200277465,46.572346514526515,3,1.7633946261025133,1,1,1,0,12,1,1,0
7.324809625662457,45.178821323360246,2,7.232446695175524,1,1,1,0,3,0,1,1
2.186487202123278,73.27742091088624,1,7.503405711758365,1,4,0,0,12,1,1,1
5.92538099357423,44.85798764378827,1,2.2886249566431953,1,2,1,0,2,0,1,1
14.175721819891987,25.31188684476509,2,8.465492050129512,0,1,0,0,3,1,0,1
4.913078638036942,18.53130322018972,2,5.864903529692121,0,3,0,0,5,1,1,1
0.8032511675947608,57.254591331319396,2,7.097487726981525,0,3,0,0,10,0,1,1
5.692620819848532,34.786365202281964,2,3.4162603367370097,0,0,0,0,7,0,0,0
0.5541236775933555,63.37449010544957,2,7.9781179624842204,1,0,0,1,4,0,0,0
10.282939779922422,23.375600229857373,3,4.46396748684043,0,2,0,1,10,0,1,1
3.6351798250539877,39.221756667787844,2,4.3759301548957845,0,3,0,1,1,0,1,0
2.431809384472018,23.388623009597037,1,5.964755838612525,0,1,0,0,7,0,0,1
0.29347994819489065,58.692214310978464,2,4.215949746194369,0,3,0,0,1,1,1,1
2.396503443140166,62.976950812493,4,1.9585875166286306,0,3,0,0,10,0,1,1
11.675885852498773,56.77250315273201,4,5.26353498451771,1,1,0,0,7,1,1,1
0.10603134075642526,28.281273591923146,2,4.36351393042938,0,0,0,0,2,0,0,0
3.218435326021145,35.084725117786675,2,3.4641774389528526,0,2,0,0,11,0,1,1
13.37971289329916,54.686279772231075,2,7.481054309897627,0,0,0,0,3,0,0,0
2.511320225870621,16.24517183751272,2,9.784653361651472,0,1,0,1,7,0,1,1
2.794617403470781,45.17730111224194,2,3.1617496216470746,0,0,0,0,2,1,0,0
4.3203899570232,80.33810706671763,2,5.394882169533883,0,1,0,0,5,1,1,1
3.108202470163369,46.400889016392505,2,4.203120809888237,0,2,0,0,12,0,1,0
0.9232314318504307,20.22910721936097,2,9.57679875200196,0,1,0,0,2,1,0,0
0.09364926387922247,37.85181504647729,2,5.983469570770923,0,3,0,1,1,0,1,1
4.705628640855142,37.386153486448485,4,6.85391142487998,1,0,0,1,11,0,1,1
12.679310764555359,92.80617559673122,2,7.363665114305864,1,2,1,0,11,0,1,1
0.5622844720877993,83.31358161027791,3,5.260307709673381,0,1,0,1,7,0,1,1
1.1846451751511737,64.61870868203155,2,4.627233318600409,0,1,0,0,8,0,1,1
2.311998945853812,43.138481385172035,2,8.037864629304012,0,1,0,0,1,0,0,1
8.270665872658318,74.01259321959446,3,6.555776752389811,0,0,0,0,6,0,1,1
1.5684899636901415,27.330807218990827,2,3.3082009834601034,0,1,0,0,10,0,1,0
10.687659070220427,71.53150630488518,2,3.5515772722321586,1,5,1,0,7,0,1,1
0.2826288769602321,68.55947074840088,2,4.220693652939126,0,2,0,0,5,0,0,0
14.147414361641545,46.97308530701439,1,7.318437114432883,0,2,0,0,2,1,0,1
4.113399497007602,72.78372626701544,2,7.9468949531331905,1,0,1,1,5,0,1,1
5.3761052244698435,41.055577410723004,2,9.303456598180837,1,0,0,0,8,0,1,1
2.2918737182764453,24.69828803803533,1,3.5825934146755056,0,1,0,0,1,0,0,0
7.616170016422962,69.55930025999842,2,5.280413048412414,0,2,0,0,6,0,1,1
0.9110053207738577,48.295141417210814,1,4.199596433580872,0,0,0,0,6,0,0,1
0.2507425141812197,62.03561206597335,2,4.635308647222078,0,0,0,0,10,1,0,0
2.5169081881021627,86.41773183118812,3,6.859757708759453,0,0,0,0,7,0,0,1
9.610333376441949,35.554918552074064,1,4.908241978956396,0,2,0,0,3,0,1,1
7.030992435243383,47.1324099032005,3,7.631715343145631,0,3,0,0,2,0,0,1
3.640307988732674,81.39269009155427,4,3.967403105511676,0,2,0,0,6,0,0,1
4.244769871865339,63.37463461710567,2,6.482832701489041,0,2,0,0,11,0,1,1
0.6956944337909808,36.00434511590807,2,4.114486764955329,0,0,0,0,4,1,1,0
9.184249949085523,30.89964592921043,2,1.325551399153548,0,2,0,0,10,0,1,0
7.7313692466301625,39.43838719793309,2,2.9570630659864507,0,1,1,0,11,0,1,1
5.3424099073808815,35.231705903942434,3,5.248259460693044,1,1,0,1,5,0,1,1
3.138586249813132,54.74696238979062,2,8.842995642602988,1,2,0,0,4,1,1,1
16.68537933910665,51.56869014395199,2,4.08082490812748,1,4,0,0,2,1,1,1
10.561144993422264,55.58475508550703,1,4.661623142201038,1,2,0,1,3,0,1,0
5.170172656550768,33.18374396880435,3,5.979339517589675,0,5,1,1,5,1,1,1
2.3244914004742343,48.583321849494894,2,3.8011573606530145,1,1,0,0,3,0,0,0
4.811964966160491,8.886004520875666,3,4.032481856935622,0,0,0,0,2,0,0,0
4.283520613981938,52.90012634722733,3,5.144228955753692,1,3,0,0,9,0,1,1
2.506373462609134,73.5088128991173,1,4.126867327510073,1,5,1,0,7,0,1,1
1.8312746554947967,21.505081813076394,2,1.4340141957399393,0,2,1,0,8,0,1,0
2.6128953976921228,59.668564612949226,2,3.69965992029186,0,0,0,0,8,0,0,1
4.26553993638583,37.779712964788736,2,6.229839373115954,0,1,0,0,9,0,0,0
2.79426028947942,66.05002307386738,3,6.292006188258517,0,0,0,0,10,0,0,1
1.52973593140836,53.172949024245575,1,7.672467400718603,0,2,1,0,5,0,1,1
7.155691283277308,58.09408225320882,2,7.511072023968508,0,0,0,0,12,0,0,1
3.7907490037531897,51.29647797510881,2,3.199624751337796,0,2,1,0,3,1,1,1
0.3503699385498854,76.56663612768705,2,3.5091671017782105,0,0,0,0,8,0,0,1
2.296834051594204,56.948209553902046,2,3.5974378136754845,0,1,1,0,11,0,1,1
10.810354438284842,35.89152571995098,2,4.695876758963359,0,0,0,0,1,0,0,1
7.037314841188293,51.974301046420074,2,3.7534597680199937,0,2,0,0,4,0,1,1
1.9522429914607877,42.622379140679016,2,4.650945933640904,0,1,0,0,2,0,0,0
13.917896655168672,53.247998130391785,2,3.2556060175549533,0,0,0,0,2,0,0,1
0.39847959266618116,41.604605752663744,2,6.568810861570399,0,2,1,0,1,0,1,1
16.251149314026705,36.463785289073705,2,3.1038727432813245,1,4,1,0,10,1,1,1
1.4098593170880749,53.98544425496892,2,3.004856166753963,0,2,0,0,4,0,0,1
0.045678923956732606,51.115792572331074,2,6.040458238382235,0,3,0,0,4,0,1,0
2.844110500926154,71.27911690091695,2,6.444599941248101,0,2,0,1,2,1,1,1
2.2233984579598283,41.70088241734374,1,4.549755236291013,1,5,1,0,2,0,1,1
3.8727516224438356,10.382923050093858,2,6.73797631050606,1,4,0,0,12,0,1,0
7.967155060042047,42.72258403073374,1,6.593575212796717,0,3,0,0,9,0,1,1
9.23945282888647,17.471384821668458,2,8.798277580247037,1,2,0,0,6,0,1,1
2.564388636218059,58.313439481931525,2,6.465852269238544,0,3,1,0,10,0,1,0
2.8092416484466165,16.52204143302425,2,8.414406169562927,0,2,1,0,10,0,1,1
0.8018868879334251,30.23257875171797,2,5.123858342845939,0,0,0,0,11,0,0,0
0.24357578153906828,42.75331083450274,2,7.799252352217215,0,1,0,0,7,1,0,1
5.125159642373356,80.87901209522289,3,7.841532763011783,0,1,0,0,7,1,0,0
0.3330373025345521,28.542197685701648,2,4.714772520379727,1,4,1,0,6,0,1,1
6.618102626291354,50.24809966293172,1,3.6229192374434827,0,0,0,0,10,0,0,0
3.8727639872699724,61.59953153914518,1,3.9746483436293096,0,2,0,0,4,0,1,0
1.1068692047917326,79.68121106441394,2,5.830248328191981,0,2,0,0,6,1,1,1
3.877461237869561,65.55589503442819,2,2.7005859837431734,0,0,0,0,10,0,0,0
1.010566946346838,71.8781390326493,1,4.092538268687521,0,0,0,0,10,0,0,0
2.887830236654632,67.28614117703083,2,7.39446067456258,0,2,0,0,9,0,0,0
8.03620953315987,25.817540572077217,3,6.333667930890847,0,1,0,0,11,0,0,1
3.0987335891158945,57.193842086340936,1,0.2947219796128673,1,1,0,0,9,1,1,0
0.8049494265714072,66.97321904344446,4,2.3347058710272637,0,2,0,0,8,0,1,1
6.4336694389896785,30.869994206519603,3,9.317772759414737,0,1,0,0,4,0,0,0
1.0336967958011292,38.40480246551955,3,7.359134815863447,0,1,0,1,1,0,1,1
6.707558689180026,33.936154097458875,3,3.834145570551213,0,2,0,0,8,0,1,1
3.2634082242899325,65.45245971936066,1,2.0231356603431263,0,1,0,0,6,0,0,1
3.0233172317995667,48.61437759341736,2,2.5009858749576495,0,0,1,0,8,1,0,0
9.53366480444963,43.58308211329806,2,6.018322085683415,1,3,0,0,12,0,1,1
6.165352399028662,24.366601666940248,2,8.953856713913819,0,0,0,0,3,0,0,0
0.16732270290301374,48.65211493612415,2,8.826515020454183,0,0,1,0,2,0,0,1
1.7561227972584934,38.64823290030502,3,1.8486290130216174,0,0,0,0,1,0,0,0
10.236640157519547,54.86679130528324,2,4.408457446157679,0,2,0,0,2,0,1,1
0.09248086497735668,27.140656027090984,2,3.285904568457518,0,2,1,0,3,0,1,0
3.9400751998934576,53.55812519012401,3,5.273900613938447,0,5,1,0,2,0,1,1
6.506562479172041,41.22098459002359,1,2.33787837551881,0,3,0,1,6,0,1,1
4.862402147945549,25.01406148529707,2,3.9083632456436734,1,4,0,0,3,0,1,1
7.146681633610038,23.454319242437066,2,3.2654777641939394,0,1,0,0,3,0,1,1
6.4675158276473645,26.45959223954612,3,6.0472091718403576,0,2,1,0,1,0,1,1
5.888775802814697,45.872018851189154,2,3.970282257274112,0,0,0,0,11,1,0,0
8.616950066039012,52.41990868727001,3,4.257644610483809,0,0,1,0,11,0,1,1
5.187924647329215,55.396472647543625,2,6.021836937143279,0,0,0,0,10,0,0,1
2.5743229659712954,56.15105835456895,4,8.285041676248827,0,1,0,0,8,0,0,1
3.1924343488851905,34.829534780416,2,9.231551009422947,0,1,1,0,5,1,1,0
6.306681772756052,71.1680581619035,3,5.912025350761716,0,0,0,0,4,0,0,1
10.449723725232724,41.15548947983694,4,4.822852016381445,0,2,0,1,2,1,1,0
1.5887741328196152,59.00299520119464,2,7.632494613581359,0,1,0,0,2,0,1,1
2.093335328351687,46.716891330123666,2,7.33432909402312,0,0,0,0,3,0,0,0
13.349395122580683,57.51242463406083,2,6.763621865017754,0,0,0,0,7,0,1,1
4.319817395891029,45.71343867710173,2,1.8413191375717566,0,1,0,0,10,0,0,1
0.9859283142921077,57.872697531491326,3,7.416350806340018,0,0,1,0,8,1,1,1
5.448686028618087,49.852222602393525,2,5.716402717222087,0,0,0,0,9,0,0,0
20.0,66.27681141301377,4,3.212595379589171,1,2,1,1,1,0,1,1
8.670856731959217,33.62629913577604,3,3.6562478850500337,0,1,0,0,1,1,0,1
6.847011917531727,14.602173282188431,2,6.164064577745593,1,2,0,1,12,1,1,1
1.1662639790232299,30.532851611318065,2,0.0,0,0,0,0,11,1,0,0
10.443008225458737,71.37836830476067,2,4.74905367126068,0,1,0,0,6,0,0,1
3.730512893548582,46.90882360224521,2,3.6898748816358173,0,4,0,1,8,0,1,1
11.004206542390492,51.84124591093125,2,3.486118176880953,0,0,0,0,5,0,0,1
2.0011031430043835,28.92726771907226,2,4.085613748943584,0,1,0,0,4,0,1,0
0.3202987928689385,51.31107450300557,4,2.041199257166462,0,0,0,0,12,0,0,0
3.231088671881657,29.543747118546072,2,7.104960087631747,0,2,1,0,9,0,1,1
1.572441552132382,32.4843744989449,2,0.7442103107494855,0,0,0,0,2,0,0,0
6.280354740243532,41.95032634352239,2,5.33857508360175,0,0,0,0,3,0,0,0
15.745181059710372,58.90194515684291,3,3.30488424256678,0,1,1,0,2,0,1,1
5.871651761759717,61.0369516128502,2,8.967157360000913,0,2,1,0,7,0,1,1
10.898914691485738,61.580897958756736,2,5.045372876968337,0,2,0,1,7,1,1,1
3.0167518903723236,18.238317699112518,4,0.7533343792858922,0,1,0,0,10,0,0,0
7.384175880534167,49.86670999219477,3,6.093642153037242,1,1,0,0,12,0,1,0
9.258930893059343,46.06436333234528,3,2.814846577911108,0,1,0,0,4,0,1,0
6.204491645316931,19.356351678370892,4,6.969778122173004,1,0,0,0,9,0,0,0
3.5441199716196814,50.31967533444397,2,6.2354453310667175,1,1,0,0,7,0,1,1
4.915707749759676,44.99145565126477,3,7.945190994772039,0,1,0,0,11,1,0,1
6.028321097793993,60.23051344235775,2,5.374063500774521,1,1,0,0,3,0,1,1
1.459015449100204,51.62494152479605,1,6.638297585693207,0,5,1,0,4,0,1,1
8.292596193953992,39.013589394334936,4,5.085508312884828,0,1,0,0,12,0,0,1
15.011221048032075,68.51524900913955,2,3.8206924194592213,1,2,0,0,1,0,1,1
3.1296797512802614,5.575329984497515,2,7.131509863611344,1,2,0,0,10,0,1,0
6.037682117569034,48.7146974314078,2,2.5390320581492007,0,0,0,0,8,1,0,0
6.678498763799662,14.734981360161285,2,4.927385558655063,1,2,0,1,1,0,1,0
5.427210204719274,31.756134575877603,2,3.8628688556419353,0,0,0,0,11,0,0,0
3.960586440296368,60.49627406018699,3,6.684188133915843,0,0,0,0,3,0,0,1
10.67045830161202,24.516050391183942,4,3.1066387100113575,0,2,0,0,10,0,1,1
2.979437323218799,21.525643625921305,1,4.182334814750021,1,0,0,0,10,0,1,0
0.315247253029855,97.63889966831249,3,5.087827004084991,0,0,0,0,8,0,0,1
9.307360789354139,22.81421897159671,2,7.975446104030277,1,1,1,1,7,0,1,1
5.604002261918461,83.01041806175947,1,3.934967385673702,0,3,0,0,7,0,1,1
9.460948344452216,46.55595670841479,3,4.198215850141331,0,0,0,1,8,0,0,1
0.745676470561536,39.503417571220496,3,2.3035966145938924,1,4,0,0,8,0,1,1
0.15617868117368616,61.335727811764094,2,3.0340104724848675,0,0,0,0,3,1,0,1
13.618957771998286,76.73188151088999,2,5.825962504830675,1,2,1,0,12,1,1,1
0.7992495657031895,27.07864115783343,2,5.064137018397402,0,0,1,0,12,1,1,1
8.294515238575814,39.79500420542939,4,5.096206296400258,1,0,0,0,1,0,1,1
8.663961822065788,66.93739469368505,2,8.482429863085967,0,0,0,0,12,0,0,0
6.1670973403674,55.75988624854,2,1.655444173658732,0,1,0,0,6,0,0,1
0.7035696906808033,72.03835661282766,3,9.635643286979352,0,1,0,0,5,0,0,1
5.504052884081846,60.30223908863559,2,7.356549361109533,1,0,0,1,6,0,1,1
10.995027060116193,86.16448018298297,4,4.348413998251582,1,3,1,1,3,0,1,0
2.7715513277220727,53.571771976673006,4,5.782465573702357,0,2,0,0,12,0,1,0
2.6680567425997053,54.43622296661924,2,3.634309831506571,1,3,0,0,2,0,1,1
2.9246784501940564,56.43442744031597,2,5.638466418885094,0,1,1,1,3,0,1,0
0.4292705471898721,47.15022296546884,2,9.29968679714487,0,2,0,0,1,0,0,1
11.129304150826101,66.96174317601849,4,3.707423583495938,1,2,0,0,10,1,1,1
10.169774196083477,54.74082447726052,2,4.535988783563298,0,0,0,0,4,1,0,0
20.0,65.76360018290288,3,3.4864675588042413,0,0,1,0,4,0,1,1
4.399590804852602,68.8899970724832,2,3.8077727767568046,0,1,0,0,5,0,0,1
6.955361515665049,58.56909363120655,2,4.194611937328768,0,3,0,0,1,1,1,0
1.132445120284831,60.03432648468394,2,2.8102288226520837,1,0,0,0,8,0,1,1
5.506010469966464,29.793404248069322,2,4.472775866372391,0,4,0,1,3,1,1,1
5.2452956319559085,38.99292824360357,2,5.108464791698758,1,2,0,0,6,1,1,1
11.573730487935316,66.86766905981463,2,4.19370018938959,0,4,0,0,12,1,1,1
8.88315411754777,78.47262363637027,2,0.4018093015690205,0,2,1,1,10,0,1,1
13.940864647579856,11.191395489832793,2,4.691364585258876,0,1,1,0,4,0,1,1
10.156437811607459,38.642737054971704,2,4.905456755911018,0,2,0,0,4,0,0,0
10.151120007056312,50.472412048293,2,8.79508338988698,0,0,0,0,1,0,0,1
0.32922127519234257,32.41451075838644,1,5.053637440360876,0,1,0,0,5,0,0,0
9.352778233335178,33.549607116366346,2,6.871172145065321,0,1,0,1,8,0,1,1
4.675818487113564,59.4983974758761,3,4.148600583287852,0,0,1,0,8,0,0,1
2.3937645784768296,81.62751938342868,2,7.596348677308001,0,4,1,0,3,1,1,1
0.2908720721999531,9.363528873557179,4,3.1109137053320843,0,2,0,0,3,0,1,1
5.6609556223046456,46.59047702036607,1,6.009978402237502,0,2,1,1,10,1,1,1
1.988986037747754,59.26560683580776,3,6.680730762163279,0,5,0,0,12,1,1,1
3.153456617556187,65.60427944400483,2,6.387212251002318,1,4,0,1,1,0,1,1
5.724251445517248,56.38254686138077,2,9.328299620361012,1,3,0,0,10,1,1,1
12.13929887554299,85.2280509987223,2,3.8312706832803034,0,1,0,0,9,0,1,1
8.727345437564564,50.57813186651588,2,7.827566620562653,0,1,0,0,7,0,0,1
2.9946163991121058,76.23985580784195,2,7.311290245451099,0,1,0,0,8,0,0,1
2.4533437066375026,37.07264659308062,3,5.098932816028076,0,1,0,0,1,0,0,0
1.3707353519011032,51.159658931776995,1,8.678522080249781,0,1,0,0,4,1,0,1
2.3294744179753883,25.745698484022984,2,4.706883692064263,1,4,0,0,6,1,1,1
0.5885511200530064,68.01728881097989,3,5.044633113118477,0,0,0,0,4,0,0,0
17.7205215144348,47.59114274717647,2,4.989032723901485,0,0,1,1,3,0,0,1
4.265610789830951,57.15642125039796,2,2.4536286177887967,0,4,0,0,3,0,1,1
0.683716112563429,43.732627374298524,2,6.5230280685234225,1,5,0,1,4,0,1,1
2.1755459915122364,61.72857003318032,1,6.2107962836512165,0,0,0,0,7,0,0,0
3.9597478349563184,57.94867947711504,1,4.790641360384288,1,0,0,0,1,0,1,1
3.805905809368899,30.106971400575873,2,8.52506909493471,0,0,0,0,1,0,0,0
0.1807446967614209,31.26465134833979,1,4.125559885209635,0,2,0,0,11,0,1,0
15.063480162632924,49.44462539317296,2,1.5404051707778499,1,2,0,0,6,0,1,1
1.6105096988728191,63.19147914813315,2,8.80441194280308,1,1,1,0,5,1,1,1
0.08158535610583978,87.25791106227695,4,7.022218614405967,1,1,1,0,4,0,1,1
0.39761925999282405,56.05981713331458,4,6.252083324903169,0,1,0,0,12,1,0,1
4.339823653820284,70.1506280497708,2,4.321109266170288,0,0,0,0,4,0,0,0
0.7412561167291519,17.74298130471663,2,5.684183202140669,1,3,1,0,3,0,1,1
0.21310134835319888,90.25911698867965,2,2.4792434127095113,0,1,0,1,7,0,1,1
2.387167544147148,62.113724222583855,2,4.549714031354643,0,1,0,0,4,1,0,0
4.874384250027028,49.007909776824405,2,3.1926049136244394,0,1,0,0,2,1,0,1
0.593015761534713,46.706079050841495,2,5.523762527428708,0,1,1,1,6,0,1,1
1.8794914723429414,27.856004042820036,2,6.8469369170114405,1,0,0,0,11,0,1,0
2.704368493186669,33.57426408559658,3,2.904749627650057,0,0,0,0,3,0,0,0
0.868554264420478,88.20871264266827,3,6.449825361536838,0,0,0,0,4,0,0,1
3.5268468251104714,30.21991123427975,4,5.399496520775313,1,4,0,1,11,0,1,1
0.44532607919506534,29.8346448426731,2,6.367704763251121,1,2,0,0,1,0,1,1
0.23817626249526164,35.955590278488415,3,4.5155504692775565,0,0,0,0,7,0,0,0
3.668131243963362,26.036384940774546,2,6.408030805333548,0,0,0,0,10,0,0,1
1.4244098004794399,50.306131496910204,2,3.6083868707041145,0,1,0,1,5,0,1,1
0.5011673400546056,71.77821025330478,3,1.6354958069544177,0,1,0,0,10,0,1,0
2.7574793598316467,37.79015347455933,4,2.092135989329307,0,2,0,0,10,0,0,1
12.333805769019818,22.533514404783574,3,3.994467357658481,0,2,1,0,4,0,1,1
6.440259634785907,55.83722626029308,2,1.7749530244542409,0,2,1,0,11,0,1,1
8.453671402039122,48.88451324640374,2,8.100745130107914,1,2,0,0,2,0,1,1
10.27526638952649,70.0544910016325,3,4.834337674501172,0,1,0,0,6,1,1,1
17.991126190974946,40.909834013954594,3,6.838545161466185,0,0,0,0,5,0,0,1
7.203680370038429,44.7968644074665,3,6.574136711018487,0,2,1,0,8,0,1,1
4.687672991011057,47.00939270913462,2,5.012834283513958,1,0,0,0,10,0,0,1
2.2740059136781916,51.78008221106964,2,10.0,1,1,0,0,11,1,1,1
1.002284481669,42.14876645284821,1,10.0,0,3,0,0,2,0,1,0
5.802330069222291,38.907117839079824,4,7.783784957473641,0,1,0,0,7,0,1,1
20.0,12.99244630236317,1,3.1896227884164405,1,1,0,0,1,0,0,1
3.1495351780426493,38.692255817597655,2,7.865933725202458,1,0,0,0,2,0,0,1
6.430966888595055,64.30446536163504,3,1.5029351170897751,0,0,0,1,1,0,1,0
3.4168996787969212,67.00491038737772,2,7.793492836030269,0,1,0,0,10,0,0,1
2.8275832737078774,40.57773952817399,3,0.0,1,0,0,0,5,1,0,1
2.640754326848327,75.98971996363524,3,4.3620869277257714,0,0,0,0,10,0,0,1
3.5121979370730476,49.4259185659929,1,7.418248469724647,1,2,1,1,1,1,1,1
2.2856001962239194,23.243072563681043,2,5.770399956368397,0,1,0,0,1,0,0,0
6.906998235442815,16.952318870914887,3,2.042849994997795,1,3,0,1,12,0,1,1
10.368173235532325,74.36515845239452,2,5.34059736587019,0,4,1,0,7,0,1,1
10.723007696330669,42.53992549477852,2,5.771247826614927,0,0,0,0,8,0,0,0
1.2919026875440955,25.718709538548417,2,5.409570893569743,0,2,0,0,3,0,1,0
11.312455476107212,4.814476571289305,2,4.185439888077376,1,4,0,0,1,0,1,1
2.08934280834214,42.08567778249714,2,6.710162898836074,1,0,0,1,8,0,1,1
1.8503040054439706,58.095017179927225,1,7.289823174651928,0,1,0,0,7,0,0,1
6.486951600713942,36.04617711907591,2,4.6916198639749815,0,0,0,0,12,1,0,0
1.817033040501328,28.935096797322572,2,8.039309667949542,0,1,0,1,9,0,1,0
0.2721035594215232,39.01248462786545,2,4.687478544466837,1,2,0,0,5,0,0,0
2.338972534254667,74.86384038289711,2,4.020371289453248,0,0,0,1,5,0,1,1
6.391068548390939,22.140367646496188,3,7.713820054845741,0,2,1,0,8,0,1,1
1.9797408429320447,37.165979391549655,2,7.640846045954456,0,0,0,0,8,1,0,0
4.965306211746491,74.21515479235181,4,3.7597823986036074,1,2,1,1,2,0,1,1
5.395805148754177,59.88352578847507,2,3.4694982087214656,0,3,0,0,4,0,1,1
6.6163351261080425,53.58255627557912,2,8.528769800285259,0,2,0,1,4,0,1,1
11.371468784306973,37.031077291675025,3,4.794676077150372,0,0,0,0,2,0,0,0
2.8331409559218352,50.610096290008556,2,5.006571468832169,1,0,0,0,8,0,1,1
0.9102004420242348,39.24341863093399,2,4.4955051253041285,1,0,0,0,10,0,0,0
1.9204194859188832,32.81227737858498,2,7.6432216744880375,0,0,0,0,2,0,0,0
2.8296418347915413,28.398850493965195,2,9.288342995044909,0,3,0,0,3,1,1,0
6.256920311360361,65.68191192744997,2,5.139973258592175,0,0,0,0,9,0,0,1
0.0660449065467492,48.791877355677286,1,9.835444113502302,1,2,0,0,10,0,1,1
1.8974182183668225,56.29027487605392,2,3.890984901562975,0,1,1,0,4,0,1,1
7.567062238428843,53.03346371602807,3,4.434395927142101,0,1,0,0,4,0,0,0
5.55632554525376,58.81837655616719,3,6.3461751870403535,0,0,0,1,11,0,0,1
6.578992605212747,44.90562420028216,1,3.366018540433324,1,0,1,1,11,1,1,1
8.351536384216411,40.366850978908516,3,6.32042463889859,1,1,0,0,3,0,1,1
7.64472388981194,33.694393412177554,2,3.963010640060477,1,1,0,0,7,0,1,1
5.7314002817073355,21.720617331857728,2,1.911748839996224,1,2,0,1,9,0,1,1
2.896071356759432,27.55933658754167,3,1.5149939564190045,1,2,0,0,3,0,1,1
20.0,42.691645577995565,2,4.352419351237323,1,1,0,0,10,0,1,1
4.209085153279235,17.939210311290438,2,5.83522339166239,0,0,0,0,8,1,0,0
1.1330553395913225,22.354281917279394,2,2.2776205092830977,0,0,1,0,8,0,1,1
1.73229972645544,70.84279785270354,2,5.3571828449913514,1,4,1,0,11,0,1,1
5.913706579443849,54.48358969707585,1,5.3628434401225675,0,0,0,0,8,0,0,1
12.934003582605325,40.963265435929586,3,4.6647158684877414,0,0,0,0,1,0,0,1
0.9844566874637368,95.4314891780912,2,3.1475060363819933,0,2,1,0,11,0,1,1
0.4296770297931033,17.035005625739423,2,5.480473848300628,1,2,1,1,5,0,1,0
10.66552180765276,69.51222552923645,1,4.7153283232978405,0,0,0,0,12,0,0,1
12.341898609463673,47.77067834441168,3,6.963486682462995,1,0,0,0,10,0,1,1
1.6174399076441295,65.70094045825624,2,2.41438695986999,1,5,0,0,10,1,1,1
2.368337459975651,52.17907434541614,2,5.227929866626727,0,1,0,0,3,0,0,1
5.396813740567188,12.555098755094846,3,2.4563138333770294,0,4,1,0,9,0,1,1
2.0018656277375633,51.90920935117657,1,4.5258520194024845,0,3,0,0,7,0,1,0
10.484310339582766,56.71111709279196,2,2.8098400232626735,0,2,1,0,4,0,1,1
0.5690847576454141,6.160294029511718,2,3.165441533711749,1,1,0,0,1,0,1,1
0.19361173578424917,88.88096587603798,2,4.992307701122783,0,3,0,0,11,0,1,1
1.1690398654119447,56.22415188345544,2,3.8687474007064413,0,2,0,0,6,0,0,1
1.684976314312755,63.43975480272991,2,7.933389667068221,0,3,0,0,1,0,1,0
0.5991376971530042,26.689412208473765,2,7.358329592864713,0,1,1,0,4,0,1,0
0.3397372478366414,63.81235044291236,4,6.609504555307631,0,0,0,0,4,0,1,1
7.044903065778713,71.79008919126112,2,6.5699109217899085,0,2,0,0,8,1,0,1
0.8972877054392006,55.07136456275692,2,5.260527808928644,0,0,0,0,9,0,1,1
12.262518648344825,49.81256882958471,3,7.609592053872904,0,2,0,0,7,0,1,1
2.294326745760154,32.128237502031666,2,4.411914431653362,0,0,0,0,3,1,0,0
5.552500493390616,45.67586164433348,2,9.238743872955872,0,0,0,0,12,1,1,1
1.2770562102412697,39.759409714814396,2,3.1156170270475894,0,1,0,1,1,0,1,1
1.3743081564721096,61.43991274785368,2,2.7423488142845978,0,3,1,0,9,0,1,1
4.274910577442338,33.00248149765195,2,2.2100516641118055,0,2,0,0,10,0,1,0
4.112214070838715,61.293014430071146,1,2.558266721520264,1,5,0,0,12,0,1,1
7.32083040905494,33.22028874540687,3,1.7412883356074387,0,1,0,0,2,1,0,1
7.090231930888095,44.75294891679963,2,5.428193050758448,1,1,0,0,12,1,1,1
5.5537446734919715,62.320887940256334,2,6.707643771737777,0,3,1,1,11,0,1,1
2.981287298016284,35.92406560027912,2,5.06827482222223,0,2,1,1,7,1,1,0
11.06556809382798,63.01072977955204,3,2.2294181824437382,0,2,0,0,7,1,1,1
4.871963265138364,61.059883153427364,2,4.060641034562474,0,1,1,0,8,0,1,1
20.0,44.580986532461125,3,6.682971900568221,0,1,0,0,2,0,0,1
8.556517654451056,73.23566402711579,3,4.316142443272685,0,0,0,0,2,0,1,1
0.2266074439292545,51.55568683954229,2,3.4032372732309035,0,1,0,1,3,0,0,1
1.9326812760342178,72.045530531707,2,1.9724313394650035,1,3,0,1,5,0,1,1
4.2417087173792,85.86929849754357,2,4.154512519172131,0,1,1,0,10,0,1,0
6.39113923159874,45.173979565973774,2,3.5948747580913496,0,1,1,0,11,0,1,1
3.996278743718118,62.899099680547934,2,4.827253690311171,1,2,0,1,6,0,1,1
7.711944502543741,37.24864149354249,3,5.95275880535968,0,3,0,0,3,0,1,1
1.660996462618165,29.343711809836037,3,4.435057375307988,0,1,1,0,3,1,1,1
1.016165747369924,46.090806852271434,2,5.369614392771334,0,0,0,0,6,0,0,1
0.27712320852270855,22.74799440501074,3,5.944010299015872,0,0,0,0,12,0,1,1
4.258531503149869,31.2478444070538,3,2.540382097067483,0,3,0,0,11,0,1,0
5.833377401634126,61.828651986421356,1,8.772082594229886,0,1,1,0,11,1,1,1
1.9737366248470942,39.72701969102323,2,3.5171447849655157,0,0,0,1,1,0,1,0
4.754206240096723,64.21028174243723,2,6.033112499411695,0,1,1,1,2,1,1,1
0.2678332290657381,55.988238760349745,2,2.7280314662395453,0,0,0,0,3,0,1,0
0.5228782648090955,87.02308124038231,2,5.2202852273499785,0,0,1,0,7,1,1,1
6.049196094994219,60.48674571152092,4,5.293463909145553,0,1,0,0,1,0,0,1
2.294880919916766,72.28436140558628,2,8.31819863074223,0,0,1,0,7,1,0,1
5.563566680406611,58.03769326255093,3,4.534761990082948,0,2,0,0,3,0,1,1
8.910663387597133,56.22787002156145,2,7.598939098388721,0,3,1,0,6,0,1,1
9.573787662485433,73.2946608422663,2,5.580916538794556,0,0,0,0,2,0,0,1
0.944723077322319,63.37594931730529,3,8.70421403642549,0,4,0,0,11,0,1,1
3.3304387807774765,54.20127225914856,2,1.4398013994393732,0,1,1,1,2,0,1,1
6.619917665354434,54.11309331859435,3,5.964338364687942,0,1,1,0,8,0,1,1
7.435672130846559,60.764586236608324,1,0.0,0,3,1,0,2,0,1,1
7.678056594810036,36.5725296108023,4,4.883861060151888,0,0,0,0,1,0,1,0
1.2949375341549092,35.72401067722603,2,7.041984940762937,1,0,0,0,11,0,1,1
1.069276713695537,78.50811864745864,2,7.891233757401107,1,3,0,1,4,1,1,1
4.458142650849192,87.28827327719995,3,6.477249107206506,0,0,1,0,4,1,1,1
6.756292687808168,31.422350831796685,3,4.418875580896477,0,1,0,0,6,0,0,1
1.9219893122345135,36.620111351205914,1,6.090257675182871,0,2,1,0,6,0,1,1
0.5530109064268386,72.8504563900829,4,10.0,0,2,1,0,12,0,1,1
6.307063045999804,60.67039986284793,3,5.1507573811854686,0,3,0,1,10,0,1,1
1.7812168381202627,63.52856210641844,2,6.922072871248188,0,0,0,0,10,1,0,1
0.9097844623306988,67.93202589706114,2,4.1412954209699295,0,1,0,0,8,0,0,0
0.7992215380209061,45.185356765118485,2,7.140855607411794,0,1,0,0,1,1,0,1
1.8910220101557476,56.599398499803726,2,6.812111916690379,1,0,1,1,5,0,1,1
4.490757066842951,55.04384301396184,2,3.7789726666493113,0,0,0,0,8,1,0,1
2.218968558359591,32.83016799509079,3,6.55461224320718,0,1,0,0,8,0,0,1
0.10439147121895856,56.30181886431408,3,6.6495677845766785,0,0,1,0,6,0,1,0
0.5096566473158799,74.75421392299336,2,6.479885432536684,1,1,1,0,6,0,1,1
1.7159967956737638,43.31733522313277,2,4.917708116453975,0,2,0,0,4,0,1,1
5.389704343629833,53.05138497481868,4,7.4581845156094575,1,0,1,0,1,0,0,1
0.518559784547695,54.13417832021712,2,3.1301493875666924,1,4,1,0,6,0,1,1
4.112372581720566,44.306708991294585,2,5.0194960937628075,0,3,1,0,9,1,1,1
0.6385184383687369,63.53802475388716,3,5.222805017233457,0,1,0,0,8,1,0,0
1.188845724874871,36.39868737490025,3,7.342745884852404,0,0,0,0,1,0,0,0
0.9448492040349161,76.65291037391867,4,3.0670495462959932,0,0,0,0,7,0,0,1
0.3479758118392485,62.524111232644906,4,5.482190285816871,0,1,0,0,9,0,0,1
5.563502577490534,31.26462798654211,4,4.015333911882886,0,1,1,0,7,0,1,1
3.1125447593488937,83.96019369772506,2,5.2189053361311,0,0,0,0,1,0,0,1
8.890864161970333,53.36202922523191,2,5.784586702222035,0,2,0,1,11,1,1,1
0.5206443720986588,35.54104965529896,2,2.4431473186436254,0,0,0,0,10,0,0,0
0.7817075007513408,72.09109049982382,1,7.528120919745577,1,3,0,0,3,0,1,0
1.8297154566880205,59.8934303889605,2,5.8556626859980385,1,1,0,0,2,0,0,1
7.259308110839356,14.560805915319236,1,3.2828079613380226,0,3,0,0,8,0,0,1
1.8246793088934297,39.48679365512292,2,4.317641594333144,0,0,0,0,8,0,0,0
2.6247808525807566,55.58194674443087,2,7.988392946322353,0,3,0,0,10,0,1,1
1.7948419042587374,6.808666447146827,2,5.831701872546309,1,0,1,1,7,1,1,1
0.4181271704894573,51.70140170774788,2,3.0702405129659507,0,1,0,0,11,0,0,0
14.020076865771113,53.1595874541052,3,3.4329898123378215,1,4,0,0,2,0,1,1
3.9763313551546804,26.33016235248355,3,6.2495839649292275,0,0,0,0,3,0,0,0
7.751912327656223,55.41289772519927,4,6.489590882262556,0,2,0,0,9,0,1,1
5.369946082994648,50.14927678250067,2,5.725730872609567,0,1,0,0,1,0,0,1
3.610349999745663,26.174117882299708,2,4.417073539707429,0,5,0,1,3,1,1,1
0.4697858892486567,68.3912109372565,2,6.619367041923384,0,1,0,0,5,0,0,1
5.146367019037714,66.7570758953561,3,4.376218103072611,1,0,0,0,9,0,0,1
0.8442851937603252,44.205258262952775,3,3.290617216110186,0,1,0,1,2,1,1,0
2.6754478794734644,46.02837353216353,2,8.173229119461233,0,2,0,1,9,0,1,1
4.95929115918568,64.52527875190691,3,5.977592288461446,1,3,0,0,11,0,1,1
7.621556145975338,45.98673713776387,2,3.430418176513573,0,3,0,1,2,0,1,1
5.776630326947048,11.381835989596908,2,5.268510473356347,0,4,0,0,4,0,1,1
5.566602567020276,59.73873114799855,3,5.054588886000557,0,0,1,1,6,0,0,1
0.806963755698451,33.73481358522983,2,4.300165013305961,1,3,0,0,4,1,1,1
2.124222456471498,42.203138911648125,1,5.467099754857961,1,1,1,1,8,1,1,1
0.21930111309467093,79.15741135902951,2,3.1429446780849863,1,0,0,0,12,0,1,1
6.355495900723504,47.320430519824036,3,6.7472802651365225,0,0,0,0,2,0,1,1
15.244186706051392,50.03469871747746,2,4.987677654192692,0,3,1,1,2,0,1,1
1.5333757907936856,60.19334550927195,2,1.7810913537437716,0,0,0,0,3,0,0,0
0.45891394224564236,60.10667887748065,4,4.54369558816116,0,1,0,0,1,0,0,1
3.2272173342364106,31.616044652444334,2,3.7682670443090887,0,3,0,0,9,0,1,0
9.714012722784194,48.79402968931251,2,0.0,0,1,0,0,9,0,1,0
4.014522241930908,50.72305055851654,2,4.68837157123403,0,0,0,0,8,0,0,0
0.23953281180067038,55.44053793257654,3,7.0735556894890035,1,3,1,0,10,0,1,1
18.300923674538907,55.78443881833239,2,4.784370026062434,1,4,1,0,8,0,1,1
8.820232526013296,100.0,3,6.4162881102479625,0,0,0,0,7,0,1,1
0.7054801023549305,26.482804588255107,4,5.016990034753344,1,2,1,0,2,0,1,1
12.742284713144791,69.60183240395912,3,4.087258418415924,0,2,0,0,5,0,0,1
2.9954460914022345,73.66751611666118,2,3.536797041646429,0,0,0,0,9,1,0,1
2.3252634515745845,59.85567947847054,3,2.434410491226512,1,1,0,0,7,1,1,0
3.0906932821626922,36.9936921025385,3,6.851530852392282,0,1,1,0,6,1,1,1
8.996094817150077,83.29336060535253,2,6.461497418518298,1,0,0,0,4,0,0,1
5.38640236598167,6.160342705196044,2,4.443416619065011,0,1,0,0,9,1,0,0
0.3053810221961569,36.334666055643474,3,0.951469173586319,0,0,0,0,5,0,0,0
15.803550072105647,73.43364394445622,2,5.944167906083076,0,1,0,0,7,0,0,0
0.7995770989105393,42.59776793154964,2,3.1904458402502343,0,4,0,1,7,0,1,0
6.843607397837056,81.92929049600372,3,5.287764746990629,1,0,0,0,2,0,0,1
5.054882826503045,19.76390510643199,3,1.9175061558084163,0,1,0,0,8,1,0,1
1.0383694296185288,27.75796212103984,1,5.18399796992752,0,1,0,0,4,0,1,0
0.9360599340640258,39.367236597460504,2,4.737365837881647,1,0,0,0,6,1,0,1
10.213719802616039,58.34798555073058,3,0.1805656206958286,0,1,1,0,9,0,1,1
2.7210065988089838,45.55959699239954,3,8.235917388872796,0,2,0,0,5,1,1,1
5.314920597797905,40.19201494875158,4,4.3486110375098015,0,1,0,0,8,0,1,0
3.5066125772070524,78.40792862197048,3,4.481455835558925,1,2,1,0,5,0,1,1
6.497896286466693,80.26889950778302,3,6.069353942326616,0,3,0,1,7,1,1,1
3.2623527834050225,41.71240468584889,4,4.898664803618131,0,5,0,0,1,0,1,1
1.6940342052420778,15.804643853406752,1,5.727959973272271,0,3,1,0,8,1,1,0
2.2579382144319595,6.850323416252408,1,2.7112348259653074,1,2,0,0,9,0,1,0
9.797732824721297,54.78580229560713,2,4.715636882324038,0,2,0,0,4,0,1,1
3.155885020138349,63.11911244437595,2,1.1813656278112643,0,3,0,0,11,0,1,0
1.2004906837323952,51.25995571157092,1,4.524705661621425,0,0,0,0,1,1,0,0
13.636577052076406,48.58183785838483,2,7.890135772919997,1,0,0,1,9,0,1,1
7.962915198541662,33.90914770611835,3,1.988026958012414,0,4,1,1,11,0,1,1
0.28637758260205354,63.099595878276766,3,4.298503428880748,0,0,0,0,12,0,0,0
20.0,83.56370757797819,1,0.7521371872081613,0,0,0,0,5,1,0,1
5.936015958554989,5.662446453288879,2,5.015893560877573,0,0,0,0,10,1,0,0
0.8733540866531566,48.449976224245695,2,5.9323491932585934,0,1,1,1,11,1,1,1
1.3535851882040162,30.593033011727993,3,5.766951484659214,0,1,0,1,3,0,1,1
5.895514553376616,20.19068011892297,2,3.79626385050439,0,0,0,0,12,1,0,0
7.565211048277297,27.40048258431168,4,0.7116604524954679,0,2,0,0,1,1,1,0
1.3658457685369263,57.59345711368809,1,2.5168822418896974,0,5,0,0,11,1,1,0
1.4850865788055045,58.09924395182332,2,7.512951058677837,1,1,0,0,2,0,1,1
1.8344972891744753,79.205755223496,2,6.757958176208405,0,0,0,0,8,0,0,1
4.556744375399362,50.17563094290922,2,4.81732110437933,0,3,1,0,6,1,1,1
0.9426007117712139,14.835567402608433,3,5.3245864292491305,0,0,0,0,9,1,0,1
0.550431650885155,45.23660915248057,4,2.944762469375213,0,0,0,0,4,0,0,0
5.679454234862359,22.272418555684325,2,7.581265807821376,1,1,0,0,4,0,1,1
7.550179210883027,25.8640822715599,3,3.56170095547808,0,2,0,0,3,1,0,1
3.475038595609589,61.6111811681299,2,5.874551525823181,0,0,0,0,10,0,0,1
2.261468580301158,53.8836181118884,1,2.344197332127294,0,3,0,0,7,0,0,1
2.828545314795974,61.75131190870661,3,4.643586583314092,0,0,0,0,11,0,1,1
2.4584480691270225,42.85014305456544,2,7.496874543962119,0,1,0,0,1,0,0,0
16.092493009837938,65.81059126850712,1,3.106133804960232,0,0,0,0,1,0,1,1
7.307027524591839,41.73194203419777,2,6.498714841407343,0,1,0,0,10,0,0,1
1.166520064957887,72.33365665484494,2,2.8384676556296693,1,0,0,0,4,1,1,1
2.424077138127147,56.89277878943085,1,3.1961779374646495,1,2,0,0,12,0,1,1
3.9264471228734923,45.86006259030765,3,4.982049451553992,1,0,0,0,3,0,0,1
4.746470272422327,54.24186088352194,2,6.943280224627868,0,1,0,0,1,1,0,1
3.157287593124385,49.64278598050164,2,4.403628715337627,1,0,1,0,8,0,1,1
8.306989645472507,81.92213030625845,2,6.23715056828282,1,2,1,0,4,0,1,1
7.296605778115469,54.90875245157578,2,7.288270565473173,0,2,0,0,3,0,1,0
3.5175829742260283,49.96774655210983,3,3.4577028321824708,0,0,0,0,1,0,0,1
9.63546997941267,45.230182858984016,4,1.9496688086798537,0,0,0,0,3,0,0,1
6.953310035921055,66.86368438490021,4,4.2889690172298005,0,0,0,0,3,0,0,1
7.538511389849222,64.1582667810701,2,7.546177001462281,0,1,1,1,2,0,1,1
15.663580028500837,44.523167393747435,4,3.3746857744503442,0,1,0,1,1,0,1,1
1.549413062443076,26.887169707543826,2,7.029899477281491,0,0,0,0,5,1,0,1
1.5574711399646743,31.960637232432926,1,4.474998938540816,0,0,0,0,1,0,0,0
10.98897520617787,46.31674920915608,3,8.512424166447842,1,2,0,0,3,0,1,1
7.3970150448601455,76.97855012238166,2,9.490844106977242,0,0,0,0,12,0,0,1
13.055448380854404,44.99646741506172,1,7.062925027603998,0,1,1,1,5,0,1,1
0.3260545907926971,38.11752780068871,4,1.7067943772468959,0,1,0,0,1,1,1,1
4.941043098592771,14.785613735027077,3,0.1935428162441415,1,2,1,1,8,0,1,1
0.7810960612170301,80.27082871204593,2,5.1223544593181645,0,4,1,1,1,1,1,1
3.504860561130092,61.3805629196292,3,6.813300016246552,0,2,0,0,9,0,1,1
0.8465149277740043,65.92019940011716,3,6.00202001131037,1,1,0,0,8,0,1,1
0.6852794618296664,69.2337610385875,4,3.5528141151854564,0,2,0,1,5,0,1,0
0.061214929075458765,46.705395424820736,2,2.028028615860337,0,0,0,0,2,0,0,0
4.97448960300961,51.691812674950704,3,6.859581922863292,0,1,0,0,10,0,1,1
2.2238055306590736,79.77203883903988,3,8.717196905935896,0,0,1,1,9,0,1,1
0.5557097850273974,53.59161778638274,3,3.6598882829457278,1,4,1,0,6,0,1,1
1.949222077350781,61.750505801279886,3,6.650425294173225,1,0,0,0,3,0,1,1
0.9252910387575485,67.41101434401023,2,10.0,0,0,0,0,3,0,0,1
14.210322680336738,62.85862664845287,2,4.620559194925107,0,5,1,0,1,0,1,1
1.9283483289047774,47.43661659467013,4,4.6610286538037755,0,0,0,0,3,0,0,0
2.031979130129157,49.32232314372161,2,6.119464078356817,0,0,0,0,9,0,0,1
9.158471892860726,65.55280875951884,1,4.431297000519217,1,0,1,0,6,0,1,1
5.217152420053211,65.52005719869453,3,7.678465972478238,0,2,0,0,3,0,1,1
6.1923314041003685,73.36465198038923,2,4.191985148371504,1,2,1,1,1,0,1,1
5.053031836856526,61.02193966619677,2,4.93790192979822,0,0,0,1,1,0,1,1
14.612063713058632,61.93211227184109,1,2.1151111582015187,0,0,0,0,6,0,0,1
1.1596655298542333,41.07533266431106,3,4.528832966755539,0,3,1,0,12,0,1,1
20.0,38.37700977856197,4,2.984840681130485,1,1,0,1,11,0,1,1
8.887986466366542,65.61261348702989,3,5.692127995800128,0,2,0,0,10,0,1,1
4.445476864891515,38.5162986396725,2,1.6715356236235173,0,1,0,1,8,1,1,1
5.429047344167204,49.58597993766276,4,6.9597751891371145,1,5,0,0,12,0,1,1
5.232365500883132,77.58046481942581,2,3.2576539311584307,0,3,1,0,10,0,1,1
0.30085356455760665,74.41140584690177,2,8.568257400390223,0,4,0,0,6,1,1,1
1.2296081826315914,56.035776615943675,2,7.741514786770983,0,2,0,0,1,0,1,1
16.281705386939954,44.0772084033258,4,6.071290937645665,1,0,0,0,2,0,0,1
3.8217599349261446,47.532421793129906,1,1.924020337454467,1,0,0,0,2,0,0,0
2.376919209435737,67.35320282111229,3,3.7442222834649344,0,0,0,1,7,0,1,1
7.17823114624787,49.27001445107669,2,3.207421413064882,0,2,0,0,12,0,1,0
3.7171411756578254,38.83435213979472,1,3.457747139355292,0,2,0,0,11,0,0,0
0.06625084239943595,74.31549512815948,4,8.153571071726297,1,2,0,0,11,0,1,1
6.663532843125207,53.63200278258562,2,4.694712417938245,0,2,1,1,6,0,1,1
6.58790209697122,38.454883580165074,3,3.6842723633027665,0,4,0,1,4,0,1,1
0.9025083416398603,59.57880377865262,2,3.5041810394815136,0,1,0,0,2,0,0,0
15.693406615604456,69.42436826385017,3,3.9363244919476355,1,3,1,0,10,0,1,1
1.2674218930842147,29.84653870424479,3,6.065238985504781,0,1,0,0,2,1,0,1
3.060134813112219,45.99092173294131,2,1.745819225811493,0,2,0,0,2,0,0,0
0.6093466480682711,45.06633264823176,2,5.196357219878583,0,0,0,0,6,1,0,0
4.622651916933406,59.045743315669526,4,5.847093665930184,0,2,0,0,6,0,0,1
2.3536284097730125,62.64016645719717,3,1.5292706789651862,0,1,0,0,7,1,1,1
2.1783856138024267,38.97052177441029,2,2.1649461496509956,0,3,0,0,2,1,1,1
8.771650178666823,20.1449764818795,3,4.904585313362051,0,0,0,0,11,0,0,1
0.04803859765056894,70.63597509198802,3,7.881965294755799,0,0,0,1,9,0,0,1
7.996120529300783,27.601094588455744,1,7.405456248292079,1,0,0,0,3,0,1,1
4.236722574438457,55.423684100877544,2,3.7830604371987056,0,0,0,0,11,1,0,0
20.0,47.36038202538636,4,7.818576868669584,0,0,1,1,11,0,1,1
4.451205210018104,53.248878104081506,4,4.3607465990975385,0,4,1,0,9,0,1,1
0.28485816073639375,83.02467943413717,3,4.343586259932779,0,1,1,1,11,0,1,1
0.2598640810180497,100.0,2,5.188031005427175,1,2,0,1,6,1,1,1
10.734448878176098,17.331251772027827,4,6.678929826278053,0,3,1,1,7,0,1,1
9.200994058311316,69.67812310665848,3,3.7820036096957717,0,5,0,1,9,1,1,0
2.122399307495063,46.87504454644708,2,4.203901402334849,0,3,1,0,2,0,1,1
4.812098555574094,70.95709027425104,3,2.503664779678172,0,3,0,0,10,0,1,1
3.362718067132176,69.14526152358327,3,5.702053028687526,0,4,0,1,8,1,1,1
17.081157418158877,78.19489614396326,2,6.866678379925842,0,1,0,0,3,1,0,1
14.974752983404041,55.69929830325394,4,6.989249546698097,1,3,0,1,2,0,1,1
20.0,32.20847030089952,4,2.266839022079666,1,3,1,0,12,0,1,1
10.066351045308704,68.55298977419241,1,4.234207011438916,0,1,0,1,8,0,1,1
12.01487827318842,52.35995152288129,4,7.490935848678399,0,1,1,0,11,0,1,1
1.2248934284114397,45.32313569731735,4,5.46433834565665,0,0,0,0,1,0,0,1
8.889483682015445,40.47552238590076,1,5.068209502039646,1,1,0,1,12,0,1,1
6.169705562024474,70.12671138210258,2,5.021066384718834,0,1,0,0,2,0,0,1
16.455419587691647,82.06738984014754,2,6.082917093686008,0,1,1,0,4,0,1,1
4.234544345434545,26.092948826007316,2,5.571831863608032,0,2,1,1,8,1,1,1
0.4450696312803429,62.43904484957861,3,3.8492281533981743,1,0,1,1,5,0,1,1
4.549045058249838,42.552256291547096,2,6.762119032171806,0,2,1,0,1,1,1,0
5.801070479212658,20.654552036157728,4,2.594229900526454,1,0,0,0,12,1,1,1
1.2443650964559634,52.95411641526017,4,7.6442488482240005,0,1,0,1,10,0,1,1
2.5053120596232277,33.33724439620879,2,3.208091576318748,1,1,1,0,12,0,1,1
4.562781244367579,18.444935443996048,2,6.095779884081951,1,2,0,0,9,0,1,0
2.342869158000666,34.365190555509315,2,4.6704740980739805,0,0,0,0,6,0,0,0
2.3495999016313314,29.44452164172293,2,4.047244399720677,0,3,1,0,2,0,1,1
0.7140811851833233,37.06626293873217,2,7.715141845199643,0,2,0,0,7,0,1,0
14.12967096895099,23.48231846092622,2,6.485812222188695,1,4,1,1,1,1,1,1
6.94136928505081,42.097197827475725,1,4.882097339535976,1,2,0,0,1,1,1,1
0.006221062888253598,35.73501743832055,2,8.490342759315514,0,2,0,0,9,0,1,1
7.2539144766736685,57.51227754291315,4,6.959498386098454,0,1,0,0,3,0,0,1
6.731427344419493,61.87077972796631,2,3.3890454701311143,0,0,0,0,8,1,0,0
0.04889307677098255,55.202971535568835,1,0.4793034098405533,0,1,1,1,5,0,1,0
2.3070377887121167,45.29111084252982,3,5.213720996436039,0,3,0,1,2,1,1,1
4.666519318814596,44.75144808615371,1,7.76699610964468,0,3,1,0,2,0,1,0
3.01425366866032,33.25850025177269,1,6.221301329989476,0,1,0,0,5,0,0,0
7.5250768538933315,33.74010681180126,3,8.14792744286691,0,2,0,0,12,0,1,1
2.7709132813594737,64.07207736157473,2,3.8033743038921384,1,2,1,0,2,1,1,1
0.835369789257675,14.80594802699072,1,4.765551672221693,0,1,0,0,3,0,1,0
18.735854158503397,48.38550123374115,2,4.814116786293631,0,1,0,0,10,0,0,0
1.3856232782496944,43.529418768775976,2,5.482442456621291,1,1,1,0,9,0,1,1
6.3237885274348535,61.982642027497846,2,6.53488556471201,1,2,0,1,6,0,1,1
0.7724988551362609,21.499760331552984,3,8.264739335189152,0,0,0,0,12,0,0,1
1.9950247033644533,50.24961410971879,2,8.685388443339251,0,2,1,1,9,0,1,1
2.9172289764937718,56.85968682718214,2,8.333141537759591,0,1,1,0,7,0,0,1
1.0674019800383259,11.905375627520101,3,6.338162224523797,1,2,0,0,1,1,1,1
2.9888175297240553,28.513440542765256,4,4.3155550189051635,0,0,0,0,12,1,0,0
0.8549074335975413,48.164203063744175,3,5.451796863549788,0,4,0,0,2,0,0,1
4.093626156388127,60.282938152686086,2,6.310465520667327,0,2,0,1,9,0,1,1
5.448955339260458,53.649986222254,2,5.27013613002462,0,1,0,0,12,0,0,1
0.3223421327873257,61.209085058996145,2,3.1724113605179367,0,0,1,1,3,0,1,1
10.244837969506953,28.412549747186908,3,4.075256702439562,0,1,0,0,8,0,0,0
1.0237002288320847,18.224993005439465,3,6.736084000300081,1,3,1,0,7,0,1,1
1.2768000229184764,51.69011611513579,2,4.506998754340428,0,1,0,0,11,0,0,1
5.413938405512083,25.412935235717704,2,5.048346364016797,0,3,0,0,6,0,1,1
3.162622774286705,32.69355347904394,2,4.843157243099752,0,1,0,0,10,0,0,0
3.459695544572832,68.64556709652747,2,3.215601297410984,0,3,1,0,8,0,1,1
0.6857180273028503,53.78199113533702,4,4.657458545405754,0,1,0,0,8,1,0,0
8.19268151672356,38.637101894891714,2,4.084365484857009,0,1,0,0,10,0,0,0
4.799309672847391,36.03936990718073,2,3.6163856118543594,0,0,1,1,8,1,1,1
0.7273376909019615,62.4184311377833,3,2.8833820415718234,0,0,0,0,1,0,0,0
2.3420194837066464,54.239418712999665,1,4.798793543149435,0,0,0,0,7,1,0,0
8.314455391882463,25.70886715354618,2,6.23634020294191,1,3,0,0,11,0,1,1
4.2007594718229,11.043525337981052,2,7.241160190385926,1,3,0,0,8,0,1,1
0.5750837095103075,87.636036652803,2,2.2117046153798277,1,1,1,0,2,0,1,1
2.332266063515685,25.550415493648842,2,8.212807587207921,0,4,0,0,4,0,1,1
1.3899420307943768,60.55393006600246,2,5.585890977961341,1,4,0,0,12,0,1,1
3.643514846800499,80.21385864676348,2,2.745942551962415,1,5,0,0,12,0,1,1
9.269061535092423,52.95195137666311,2,4.192604333088884,0,4,0,1,6,0,1,1
2.865873914793655,37.99126647065591,2,1.2452284642301605,1,2,1,1,4,0,1,1
2.83999692716261,21.479019166085756,3,1.756483192929744,1,4,0,0,11,0,1,1
11.787894673371378,21.199789273599393,2,8.442850044047894,0,1,0,0,2,0,0,1
4.292296065200788,57.53389697352772,2,3.601398112721042,0,0,0,1,2,0,0,1
4.175755676909035,79.01952645899969,2,6.073784768617585,1,2,0,0,2,0,1,1
1.518446820525805,42.09081806590942,2,4.777617785452071,0,1,1,0,2,0,0,1
4.678932066338604,38.88559075701272,2,5.0356194539261985,1,0,0,0,7,0,0,1
4.289053421451301,63.94962181622373,3,5.736054278337995,0,1,0,0,9,0,0,0
2.527958973725944,36.28105492190507,2,0.8319587296413342,0,3,0,0,10,0,1,1
20.0,55.489658152568424,3,7.63708427398333,1,1,1,0,12,0,1,1
10.680735276509479,50.83602900171025,1,4.802580014771048,0,1,0,0,9,1,0,1
6.9232044458281985,41.81063882843889,3,3.9914390536398745,0,0,0,0,6,0,0,1
3.8538745742933047,49.68923682526959,4,5.936012941327502,0,0,1,0,10,0,0,1
3.100039404683031,85.26304229299959,2,3.5577624062190107,0,1,0,0,3,0,0,0
1.0222063911689097,62.09065888201913,2,5.416423940566357,0,3,1,0,11,1,1,1
1.8245255524357893,71.85001608511956,2,4.669201745936166,0,1,0,1,11,0,1,1
7.435234213206199,31.62611278159878,3,6.422020220443783,1,1,0,0,12,0,1,0
3.023383087928533,71.91872295215148,1,4.572107400296748,0,3,0,0,7,0,1,1
10.696786528180702,62.7804095093797,3,2.939959508534527,0,0,0,0,11,1,0,1
0.8003222876388072,20.008078068812644,3,5.724683731769363,0,2,0,1,8,0,1,1
3.5499114558012446,60.79581466742199,2,4.458770951149539,0,4,1,1,12,0,1,1
5.205950071847177,39.73451726410646,2,1.3580055074981598,0,0,0,0,9,1,0,0
3.637124597421675,19.083926473487676,2,5.395312585034126,0,3,1,0,4,0,1,0
11.001356189809599,52.59551464655239,3,3.925112468163811,0,1,0,0,5,0,0,0
20.0,60.7808518212522,1,5.6915132729067395,0,0,0,0,1,0,0,1
0.6155559787928004,53.03216137289126,2,3.289894686761153,0,0,0,0,5,0,1,0
0.6960511714125989,47.817228303084896,2,2.587232875957719,1,3,0,0,10,0,1,1
0.6981734053368084,43.38829323083336,2,7.360248595978138,0,0,1,0,7,0,1,1
5.71559745225707,99.33176018683113,2,6.686295965556502,1,3,0,0,11,0,1,1
2.3314613881624653,26.348612229427083,3,4.986840827015888,0,2,1,0,12,0,1,1
6.608429110903852,67.45843964714408,3,5.875534175337365,1,1,0,1,2,1,1,1
2.599932894756034,50.30845941777967,3,6.620829333069225,0,0,0,0,11,0,0,0
4.939023912159283,32.91066987465936,3,4.979620599579717,1,0,0,0,5,0,1,0
7.345293969689023,49.03201898742842,3,2.582987423195575,0,0,0,0,9,1,0,0
3.972754458573432,22.14134724822765,2,5.598938636231616,0,0,0,0,12,0,1,0
3.8772511008421646,38.09019186386293,4,7.004443362416683,1,2,0,1,3,0,1,1
0.46186128770815194,49.06131348328788,2,6.186362764283612,1,0,0,0,2,0,0,1
2.6447930431859623,18.977658828017404,2,5.118607673773774,0,2,0,0,5,0,1,1
3.945836747208697,60.12765076976116,2,6.130582089773011,1,3,0,0,11,0,1,0
3.099305397150915,30.724779181769357,2,4.55351013975794,0,1,0,0,9,0,0,0
11.552179157189325,20.96558083972895,2,7.088350430645112,0,1,0,0,10,1,0,0
11.850607563083235,28.39164528343259,1,7.694361160979636,1,0,0,0,4,0,0,1
8.627538411902382,93.51908323670973,3,2.4076348945659287,1,2,0,1,1,0,1,1
2.352403318027637,10.438717162623206,2,7.231868843068252,0,3,1,0,6,0,1,1
6.316830067677679,58.72246177539581,2,9.47456876960311,0,1,0,0,9,0,0,1
2.515018649053147,34.96727457961427,4,6.051176670879025,0,0,0,0,4,0,0,0
1.3236938001027123,42.99743656964877,2,6.967514587620313,0,2,0,0,9,0,1,0
2.0996154407180025,62.078618573606654,1,3.7058069371401743,0,1,0,0,11,0,0,0
0.3680423561629017,61.09637429677841,3,3.9925863256065437,0,3,0,1,7,1,1,1
2.0156704527439158,36.386071616764184,2,4.580980769882188,0,0,0,0,1,1,1,1
3.087807806462672,22.84351986733412,2,4.195101367510745,0,2,0,0,6,0,1,0
15.559184255890804,62.442819474012786,2,2.376352188430244,1,2,0,1,2,0,1,1
1.8800940819951493,61.047543860186885,2,4.654677238283488,0,1,0,0,8,1,1,1
11.63713246754689,44.30060982423623,2,6.672766100849822,0,0,1,1,7,0,1,1
1.2994155183240907,58.838887676167566,2,2.4029524323194784,1,1,0,1,7,1,1,1
1.059589586856184,41.08341038048929,1,5.358263776753695,1,2,0,0,4,0,0,0
3.659392814170073,33.45924869930424,2,5.296901215202892,0,1,0,0,1,0,0,1
5.581509699606755,50.0792436224215,4,4.397368475797352,0,1,0,0,7,0,0,1
0.22672484508950072,60.38065482183035,2,5.9930508826229065,1,0,0,0,5,1,0,0
1.2491439372632582,56.185005391048676,3,5.805318502395513,0,1,0,0,5,1,1,1
3.0411235286357035,60.18325360153345,2,4.255134306034392,1,0,0,0,9,0,1,1
2.0098885008258427,34.78842253421748,3,7.121781238793805,0,2,0,0,3,1,0,1
6.234768265054049,81.63762249516506,2,6.121220853754538,1,3,0,1,5,0,1,1
3.5786063035521556,43.15238289322751,2,8.146950235210596,0,1,1,0,10,0,1,1
0.8739049261155842,47.62168697046817,2,4.867142820891033,1,2,0,0,11,0,1,1
11.243581108736622,23.626881815642644,3,4.356470956675,0,0,0,0,2,0,0,0
1.7329560341333385,46.12289687405432,1,4.5830678944025545,1,4,0,0,11,0,1,1
6.567657060575561,60.64475473703034,2,7.356633754866218,0,1,0,0,5,0,0,1
7.568724918196898,65.25021225385329,1,4.702605933562318,1,1,0,1,5,0,1,1
16.50554322178082,81.23881474373565,2,4.824712423765246,0,0,0,0,2,0,0,1
3.4508328003701676,60.40469791650922,3,8.921946246197145,0,2,0,0,9,0,0,1
4.783422364816473,55.538263915994065,3,2.31104278888273,0,0,0,0,3,0,0,0
2.03891115391976,41.07409776971362,2,5.71364025395601,1,2,0,0,12,1,1,1
5.668803501768625,36.76519183533986,2,4.877088504974598,0,3,1,0,1,1,1,1
3.112357829817303,69.4049702933631,2,4.49878208553121,0,0,0,0,11,0,0,0
2.8781752610841487,69.02140703477818,4,3.093274741581725,0,2,0,0,4,0,1,1
9.671255423371699,28.459745983024547,2,3.6721612000386754,0,2,1,1,4,1,1,1
0.25735520091009,64.46191774306962,2,4.183818605742576,0,0,0,1,5,0,1,1
10.683761484965512,63.00767382791685,2,5.991481025097674,0,2,0,0,3,0,0,1
9.555074969035465,27.723822299716115,1,6.7048822251878635,0,0,0,0,8,1,1,0
3.5298072037064614,60.809136095783536,3,1.4423810321696755,0,1,0,0,7,0,0,0
3.368711928664892,29.009070810363852,2,2.5968700882564826,0,1,0,0,1,0,1,1
2.2455755511523843,1.4141406465302282,3,6.0957777223564165,0,5,0,0,1,0,1,0
20.0,46.797951726159006,2,6.26451838679359,0,0,0,0,8,0,0,1
0.589242685748154,55.156294105099775,3,2.0726804082186123,1,2,0,0,5,0,1,0
4.460616110369737,47.69858390233774,1,6.748577414135506,1,1,1,1,2,0,1,1
5.723515541013546,100.0,3,4.972057212668904,0,0,0,0,12,0,0,1
13.615566019520228,57.57702458469949,2,6.494143806563126,1,0,0,0,8,0,0,1
7.575265732028003,52.942836385974005,3,3.2965257884483656,1,0,0,0,8,0,1,0
5.161977173134671,58.59182606628182,3,2.219952556853939,1,2,0,0,7,1,0,1
0.6210877461122383,41.173619911998045,2,4.382692686553768,0,0,0,0,7,0,0,0
2.3398965325032215,68.58958124187077,2,4.471448794300281,0,0,0,0,10,0,0,1
0.7473843437880918,57.220038923542035,4,4.359644156516536,1,0,0,1,2,0,1,0
10.652105267164742,56.303434077849815,2,4.219605391243862,0,0,0,0,10,0,1,1
6.923900652003395,37.51759554266122,4,8.385778429721089,0,1,0,0,4,0,0,1
7.084526391224144,18.713393471018133,2,1.6003869530509798,0,0,0,1,9,0,0,0
5.281450955265679,39.972278218454186,2,3.3102518987042977,0,1,0,0,11,0,1,0
3.5366720952773667,55.65267712519785,2,4.162832602590515,0,1,0,0,11,1,1,1
0.8124244119369053,41.106010405101074,1,5.047970130821813,0,2,0,0,9,0,1,0
2.0001113863975157,55.83454334134742,2,6.422027798535268,1,0,0,0,2,1,1,0
0.736215086567198,45.352762462873905,1,6.73072376855194,0,3,1,1,10,0,1,1
6.453341935052696,58.61158969253047,4,7.153047222893103,0,2,1,0,2,1,1,1
0.8731288832328941,30.463517482493717,3,5.962908567623851,0,0,0,0,2,0,0,0
6.05521452967912,53.857800237701625,1,1.5399583430543111,0,2,0,0,5,1,1,1
5.892425134869739,37.18091707297206,2,1.6712642607108537,1,1,0,0,8,0,0,1
3.0744948315934186,19.234341157387277,3,7.294579944339424,0,2,1,0,3,0,1,1
0.7264507350755447,46.6969175394325,2,7.165253035361133,1,4,0,0,9,0,1,1
1.8902285910798244,80.72635147636093,3,6.272042145889931,0,1,1,0,1,0,1,1
1.9289970764909428,20.82847184308035,2,3.359460291159218,0,0,1,0,5,1,1,1
6.026287031090314,52.38784500788399,3,4.354957093117802,0,0,0,0,8,0,0,0
0.6037416231188615,65.95154126528449,2,4.202271097038232,1,0,0,0,2,1,0,0
8.832466214691046,96.00061370288903,3,2.9505373459970774,1,3,1,1,6,0,1,1
7.156611151928907,40.14134035106625,2,5.518097267863851,1,3,0,0,3,1,1,1
1.0308601671736115,37.35998790791374,2,9.31093929592327,0,3,1,0,9,1,1,1
6.349928846789589,26.666156081214673,1,4.008745689782604,0,1,0,0,7,0,0,1
5.520836166236556,72.81032669692439,2,7.593548599524889,0,0,0,0,11,0,0,1
6.894028359613222,32.651713415218495,2,3.229320568057708,0,0,0,0,9,0,1,0
1.0469956717777746,42.588071364493,3,1.9266737894297985,0,0,0,0,6,0,0,1
0.8574441490505778,13.021242452574896,2,6.974991484922581,0,0,0,0,9,1,0,1
1.3491058999125738,67.67943685357052,2,4.5623717808643915,1,4,0,1,2,0,1,1
2.2775199202668417,73.16516561556053,2,7.542497512222732,0,2,0,0,10,0,1,0
7.891270627720495,66.9155012716873,3,7.941786906392753,0,3,0,0,2,0,0,0
6.695602511940271,17.893494372925637,3,4.4431840713276785,0,0,1,0,4,0,0,1
12.98153298265559,62.14302081558613,3,7.686032473646568,1,3,1,0,5,0,1,1
0.30209274796526475,16.54659230551998,4,3.2478902248509613,0,2,1,0,10,0,1,1
0.05811786883986653,51.16080604128481,4,3.2164017363788697,0,5,1,0,9,1,1,1
6.005531744367908,54.10155159967594,3,7.144548858499963,0,2,0,0,2,0,1,0
1.637574835589213,56.2036643621653,2,1.904385367087066,0,0,0,0,8,0,0,0
2.032920386106927,60.69273065274937,2,4.99688225954431,0,3,0,0,5,0,1,1
3.9571311004106304,49.839327928814555,2,7.499306887816908,0,1,0,0,9,0,0,1
0.5402268227994254,10.751409745428951,4,7.633581029227317,0,0,0,0,5,0,0,0
5.145819436425983,60.70242017599064,2,4.134664401301342,0,2,0,0,12,0,1,1
1.9663052541590669,51.95216282255496,2,7.018461169056614,1,2,0,0,2,0,1,1
5.008087519870335,31.947604172575335,4,2.7541378130806864,0,3,1,0,8,1,1,1
8.979045682565841,18.612051577267824,2,3.665260601962811,0,0,0,0,1,0,0,0
0.9383471561102128,80.80044371848717,3,5.460819070890024,0,1,0,0,3,0,1,0
13.359056152900868,74.62601076581365,3,5.755502226456758,0,0,0,0,4,0,0,1
3.7824389354184724,64.11914814614909,3,2.9045461982306966,0,2,0,0,10,0,0,1
12.81506091129592,36.474001775305936,3,8.724553310757237,0,2,0,0,7,0,1,1
1.1642656996393062,0.0,3,1.245074327430678,0,0,0,0,12,0,0,0
4.638814741668318,65.2935835087047,3,5.10840775991049,0,0,0,0,3,0,0,1
2.5866261469352008,57.3337354771015,2,5.391814990009443,0,0,0,0,1,0,1,0
7.441019550117975,42.50675381855647,3,1.5060806695110744,0,1,1,0,4,0,1,1
4.655866438949932,72.49612613395752,3,7.648258803581346,0,0,0,0,8,0,0,1
3.4111890927627666,66.95995067925699,2,3.5190472029891957,0,0,0,0,2,0,0,0
12.208397161111922,53.521909764616986,2,5.19691037774637,1,3,0,0,7,0,1,1
2.366983409091151,50.701168357422276,2,5.656076595346811,0,3,0,0,2,0,1,1
1.2421799064242969,51.01935435199363,2,2.0914840837030058,1,4,0,0,1,0,1,1
4.68375801118805,63.59879745669492,1,2.855723428735892,0,0,0,0,9,0,0,0
4.891208846155771,32.850473069140236,3,8.126055654510232,1,2,0,1,10,0,1,1
2.8910152679432755,58.51966243570073,2,4.868336715108006,1,1,1,1,3,1,1,1
3.333597869122314,31.588181110608186,2,0.0,0,0,0,0,12,0,0,0
16.038865234743557,76.73110343504469,2,4.396156699873556,1,3,0,0,6,0,1,1
6.596650635710043,60.64257143150469,2,4.93419621791955,0,0,0,1,2,0,0,1
0.5860508509651998,36.235434767221406,2,5.438741296075824,0,2,1,0,9,0,1,1
1.1921113365276204,51.611916480595,2,1.0022445277361798,0,0,0,0,2,0,0,1
18.561074998971012,32.92427239943919,4,4.9413827574975775,0,2,0,0,5,0,1,1
6.481638595701576,80.08225675401592,3,3.3346958503348727,0,1,0,0,5,0,0,1
12.328175296431764,82.45751968942419,3,5.442069086024932,0,0,0,0,10,0,0,1
1.8110329623076369,63.92447365125696,2,6.012672009270974,0,2,1,0,6,0,1,1
6.77139890495279,81.13313135309156,3,5.799988259119594,0,2,0,0,12,0,1,1
6.258864692845284,53.03591897745001,3,7.807946512622775,0,0,0,1,5,0,1,0
1.7455891793020397,65.27025134349594,4,9.38114026852557,0,2,0,0,8,0,1,1
4.00161700084051,74.49449043819511,1,2.732792961405786,1,1,0,0,11,0,0,1
4.936451889590314,49.88512808968166,1,4.236039299715806,0,1,0,0,11,1,0,1
3.2805269941905673,51.4220771463469,2,6.486123487038536,0,2,1,0,9,0,1,0
8.7774860242254,68.67313202857795,4,4.746407771641056,0,0,0,0,9,0,0,1
8.944887965120879,62.92995931191986,3,0.0,0,1,0,0,7,1,0,1
9.505658381569807,34.89078559597894,2,4.61490657879699,0,2,0,0,2,1,0,1
8.13351980983083,6.263412574570623,2,7.468293974923924,0,1,0,1,3,1,1,1
3.347968543179982,46.48943874805904,3,2.2105171153473773,0,2,0,0,5,0,1,0
2.401791658274289,8.06171641549642,4,5.441009026553484,0,5,1,0,2,0,1,1
8.900427886593011,30.179653277889035,3,1.1852770674694049,0,2,0,0,8,0,1,0
3.3686982404021926,32.51426085599232,3,6.740059283798612,1,4,1,0,4,1,1,1
1.4142780172591671,38.62715378119747,2,5.483128562374163,0,0,0,0,7,1,1,1
3.5397158397881583,66.40876288327082,2,3.863832442894613,0,3,0,0,5,0,1,1
0.7648808104122973,70.7535908146052,3,4.164100937530686,0,1,0,0,9,0,0,1
5.882266331875007,60.17481439614414,3,2.0018638575652323,1,3,0,0,10,0,1,1
2.0467729238059187,62.650139521236106,3,7.015264132401306,1,1,0,0,3,0,1,1
1.5099787874011286,63.12240912737292,1,3.401298416485653,1,1,1,0,4,0,1,1
15.675977119855242,0.06340017558152056,1,6.000597538055553,1,2,0,0,6,1,1,0
7.500249992776009,50.20395364014233,2,3.076179252246695,1,3,1,0,11,0,1,1
7.7339473519481325,14.070825576599894,2,9.396805532982006,0,2,0,0,7,1,1,0
4.887134827196979,60.18278951343081,2,8.119329476661933,0,3,1,1,8,1,1,1
9.137124238324354,8.137837053606063,4,9.147489230959293,1,3,0,0,8,0,1,1
7.118163842811404,46.39122929298601,3,9.381058459116625,0,2,0,0,1,0,1,1
4.5661484100267975,60.95539552039173,2,3.7309582805144084,0,3,0,0,6,0,1,1
16.23694261075054,27.64484103367376,2,3.2317374622701047,0,1,0,0,12,0,0,1
1.0634602308717076,69.2343192102644,3,9.052269041191359,1,2,0,1,1,0,1,1
14.356940181536809,60.13244339903494,2,4.717858055932706,0,1,0,1,1,0,1,1
2.5661271884104937,57.616493916758195,3,6.666435875559838,1,2,0,0,12,1,1,1
3.758109773420118,63.96003175021064,2,3.7586374354546335,1,1,1,1,4,0,1,1
0.6547554483240446,42.815998244666886,2,3.7915338166413974,0,2,0,0,11,0,1,1
3.883811898262553,53.03837727513618,1,6.659916663603351,0,2,1,0,9,0,1,1
4.723537862185284,50.201031444683984,2,1.0602524324708331,0,1,0,0,10,1,0,0
20.0,49.7490211076771,2,6.566349949078152,0,4,0,0,12,0,1,1
18.483028337204278,36.55937846705846,3,6.048947599564715,0,3,0,0,2,0,1,1
16.965743081406778,25.149357705545885,3,3.9396911693001573,0,1,1,0,4,1,0,1
2.1415303922676223,43.2628330142105,4,5.0483664921128915,0,0,0,0,6,0,0,1
20.0,42.16104185611466,3,5.361709064578979,0,2,0,0,11,0,1,1
3.0392360589265977,35.2653802496622,2,5.4740553043938505,1,0,1,1,8,0,1,0
9.547186285330064,67.04107563620049,2,6.380286115948843,0,1,0,0,2,0,1,1
1.2187723284279086,26.55586764288774,3,3.370035018786311,1,3,0,0,12,0,1,1
3.524410628984171,46.56981682217517,2,10.0,0,4,0,0,1,0,1,1
16.908752930627852,73.32679423122505,4,4.588811904001974,0,4,1,0,3,0,1,1
14.690279678733912,68.18258705199105,2,4.73861157546999,0,2,0,0,1,0,0,1
5.755872114590811,74.32587770194566,4,8.889378537772595,0,4,1,0,10,0,1,1
7.992844042501648,38.184388452515456,4,1.341905739486558,0,1,0,0,11,1,1,1
0.9705135943919645,65.68576251455414,2,8.86851249551125,0,0,0,0,1,0,1,0
6.394533398473326,28.740592060437365,2,5.186920216121688,0,0,0,0,5,0,0,0
4.812338426675997,44.482520883669196,2,3.9396470874924696,1,1,1,0,10,1,1,1
0.48008669554454153,46.36488378439614,2,2.7606953202814766,1,0,0,0,9,0,0,0
0.6004478804507616,38.48319575603979,3,2.461796556536034,0,0,0,0,7,0,1,0
0.5739329971446437,42.763720238309496,1,4.316352869078622,0,1,0,1,5,0,1,1
6.443242461806785,40.13248145005295,2,5.555966554071221,1,5,0,0,4,0,1,1
0.7640965472487548,30.352123777966092,4,6.244993078946425,0,2,0,0,5,0,1,0
3.1530433322168365,67.12827012011583,4,5.532032365153437,1,0,0,0,5,1,1,1
2.207911297324147,46.35099994251461,2,3.979584392228581,0,2,0,0,5,0,1,0
3.998143185299921,54.02873087834572,3,7.679024953824931,0,4,0,0,2,1,1,1
6.128987656170897,53.275537423857095,2,10.0,0,0,0,0,7,1,0,1
5.771510968226583,51.094528502200426,3,7.989249972076791,0,0,0,0,8,0,1,1
3.623394773073101,51.85609092112857,2,4.2814178179405395,1,1,0,0,11,1,1,1
3.121230386781468,43.891655599379575,4,6.00415746683602,0,1,0,1,5,0,1,1
2.5359578009245523,78.36793737029726,3,6.132349671496822,0,1,0,0,2,0,0,0
9.89924629061575,65.21489523270718,2,8.207352818179315,0,0,0,0,8,0,0,1
2.008748630025295,50.367640655420395,2,4.323638465387327,1,2,1,0,7,0,1,1
1.501242306875468,41.058911280678736,2,3.0701651312602323,0,1,0,0,4,0,1,0
6.799537749893458,47.623583145418394,3,7.26770258300179,1,1,0,0,8,0,1,1
2.2295878990576052,58.35243032743492,3,5.8127541899711925,0,1,0,0,7,1,0,1
9.386541028591509,79.99880185072624,3,2.7824773735265205,0,2,0,0,10,0,0,0
1.9866567745127381,22.53904910669911,3,6.411147318029858,0,2,1,0,7,0,1,1
6.052383285905306,63.19549517283555,3,8.676510922523509,0,0,0,1,11,1,1,1
0.23079043861669782,72.53447273557269,4,3.612480922937063,0,1,1,0,5,0,1,1
2.435243412432839,20.265630601895364,3,3.217996830611821,0,3,1,0,7,0,1,0
2.102108321490664,46.3769824653745,2,5.060127503394484,0,0,0,0,6,0,0,0
8.482575710939606,28.709640538339222,3,6.36059898907916,1,1,0,1,8,0,1,1
17.0646400706501,58.610592233540686,2,4.850173336471478,0,4,1,0,1,0,1,1
3.089097332261695,42.83298135288896,4,7.268850551595818,0,0,1,0,9,0,0,0
8.710170916499555,47.39721866239749,2,5.521414581549026,0,2,0,0,10,0,0,1
6.014778291594592,41.77888385443052,2,7.023307340457921,0,5,1,0,7,1,1,1
17.11506628345622,64.40326865536537,2,3.558350574207432,0,0,0,0,12,0,0,1
8.33291289385868,54.58065921196277,3,2.5445567978563934,0,1,1,1,4,1,1,1
0.403220633085167,54.61853528079311,2,4.319932615612861,0,0,0,0,2,0,0,0
6.246275782030618,53.21243650162907,4,2.3071066589433555,0,1,0,0,7,0,0,0
3.8339655403738435,61.44981760904274,2,5.818648948870234,1,1,0,0,8,0,1,1
0.0828631422716128,44.76056290287353,2,0.966592189562828,0,0,0,0,6,1,0,0
1.4471710909846782,84.01549575081853,1,4.094545570694731,1,1,0,0,5,0,0,1
12.739567404530494,25.30410497562961,2,4.428085119109162,1,3,0,1,3,0,1,1
13.022599459360197,15.481631036607027,2,2.906727038768269,1,1,0,0,1,1,1,1
8.018533342185014,13.826388627828536,2,4.387292622305798,0,1,0,0,3,0,0,1
20.0,8.40823761415129,2,5.008543161401296,0,0,0,1,4,0,1,1
8.213557564084892,63.46339629640504,1,7.53846558755847,0,4,1,0,8,0,1,1
0.05128303454494453,61.027353985652816,2,2.918528109923418,0,1,0,0,11,0,0,0
1.697223632586677,74.1555298355119,3,5.714674582348183,0,1,0,0,8,0,0,1
0.1555145072714093,28.86723570588956,2,6.111517557714347,1,2,1,0,9,1,1,1
0.49417575416284487,64.90922909491002,2,4.957662897659418,0,2,0,0,2,0,1,1
1.2348816519278691,51.13648124298612,2,4.003916607611223,0,4,0,0,1,0,1,0
3.501448602636904,53.331729983117185,2,2.7220162708720133,1,4,1,0,11,0,1,1
9.404002818627163,62.512457906992154,2,8.797130917368003,0,2,1,0,4,1,1,1
9.901303627118972,34.874364978751125,3,5.145281005296922,0,0,0,0,7,1,0,0
4.788192689676826,100.0,4,4.368888020224778,0,5,0,1,3,0,1,1
13.167678742834102,76.63760608550707,1,9.243100183085986,0,3,0,0,9,0,1,1
3.4663592075510747,39.36588092009279,2,5.444573171991822,0,5,1,1,5,0,1,0
10.992749261620585,28.185238845533043,2,10.0,0,0,0,1,2,1,0,1
3.02627913735783,48.24191676390617,2,2.167362308870576,0,3,0,1,3,0,1,0
1.6232865942263464,53.64516887164085,1,4.525722266537708,0,1,1,1,12,0,1,0
12.409331467818685,71.31230519416621,2,2.259961506193877,1,1,0,1,6,0,1,1
2.4545845830221764,26.62558176863348,4,4.755753439724659,1,4,1,1,11,0,1,1
3.4998933994704777,55.709738863983326,1,4.746184152324669,0,1,0,0,11,0,1,0
1.993892312154102,19.419699511704216,2,4.083936159163394,1,2,0,0,7,0,1,1
5.435952832291767,58.72715186822238,3,5.107777213645139,1,3,0,0,10,1,1,1
20.0,47.84991559083899,2,4.181405754166271,0,0,0,0,9,0,1,1
0.12922331766341416,88.73359524571526,1,4.7792533270431345,1,2,0,0,11,1,1,1
11.505331535023116,19.07994911560646,3,3.4884155503504894,1,3,1,0,5,0,1,1
0.019668920912859933,77.4121676298021,1,7.885642949502942,1,2,0,1,5,0,1,1
2.2645754176856507,15.923373296675635,3,2.7825011831282116,0,1,1,0,6,0,1,1
0.9232621936865014,23.455794511869918,1,5.424727492057698,1,3,0,0,5,1,1,1
7.080506652616347,16.458108830556696,2,2.6147096742616465,0,3,0,1,9,1,1,0
0.25968245732579104,55.00705216902108,3,3.3301099018764146,1,1,0,0,9,0,0,1
4.031410903270174,26.52602378492533,2,3.5434706920872032,0,5,1,0,5,0,1,1
1.747263534854264,23.03336989438924,2,4.736439258152332,1,1,0,0,12,0,1,0
0.7174483395653763,54.05535203246761,2,5.350843642826143,0,3,1,0,1,1,1,1
7.388063261877117,59.035507717493815,3,2.786545817832623,0,0,0,0,7,0,0,1
1.2257754005673143,50.796986083006516,3,4.172987080547905,1,0,0,0,11,0,0,1
1.2659215259826226,46.755617019568945,2,3.017709174168081,1,1,1,1,9,0,1,1
1.6084477013572263,86.57819264874357,3,2.929380459990678,0,5,0,0,4,0,1,1
4.418715544654333,52.916725324839405,3,7.267119264321771,1,1,0,0,1,0,1,1
5.389137949556337,66.11382947844498,4,2.2160293278150895,1,4,0,0,1,0,1,1
0.08879645253397103,52.858442513799176,2,5.149369402639549,1,0,1,0,8,1,1,1
1.384499620542875,28.042474234906315,3,8.396146732551845,0,1,0,0,3,1,0,1
2.819118013842492,60.99775363804034,2,7.412316853469994,1,0,0,0,2,0,1,0
2.017163016440263,36.884053770604154,3,5.850717070392174,0,0,0,0,6,0,0,1
10.778186826018555,48.18027723921527,1,4.967492053888939,1,3,0,0,2,0,1,1
7.748980181745075,56.10805363786852,2,6.473284124730592,0,0,0,0,4,0,0,1
4.916029916512008,11.171638662267142,3,5.738787803137396,0,1,0,0,10,0,0,0
2.062768988004703,17.80995752216542,3,7.845251480685148,1,0,1,1,12,0,1,1
6.031082344736055,68.18918344995126,2,4.732562152956802,0,2,1,0,1,0,1,1
9.277907646491236,36.72507106802112,2,7.002203389190878,1,4,0,0,8,0,1,1
4.517247391104686,37.67356021782278,2,4.348548292500579,1,1,0,0,8,0,1,1
7.673077887516055,53.3287679474164,1,8.786992641434104,1,1,0,0,9,0,1,1
6.913603001081939,42.28654805756261,1,4.676307169955756,0,2,1,0,11,0,1,0
4.240092563510679,58.35176763285579,1,1.7621301756239616,0,1,0,0,4,0,1,1
1.8711639001675506,48.977564225339115,2,5.155410267391782,0,1,0,0,1,0,0,1
6.84781866933606,53.97205900360897,2,6.529203612713271,1,1,0,0,6,0,1,1
1.1583765067778493,35.962832195154945,2,8.257362470999885,0,0,0,0,10,0,0,1
7.559023675112693,53.871896465618555,4,3.0076970483442924,0,3,0,0,4,1,1,1
8.162168812854375,72.10178173670889,2,1.511155441560919,0,0,0,0,1,0,0,0
8.633929951408483,38.64503567771603,3,5.993426359901206,1,3,0,0,5,0,1,1
3.201976476462596,68.30636600544302,3,5.931540120538016,0,0,0,0,10,0,1,1
1.0689420358318598,48.968793633547016,2,2.1778561469194746,0,0,0,0,4,0,0,0
0.5252672588453329,64.68963311955875,2,4.340804644099978,0,2,1,0,1,1,1,1
6.8004291342648475,52.57542636706222,2,4.430493241450911,0,1,0,0,7,0,0,0
10.869261549691851,49.331781598041474,2,6.646240051892946,0,0,0,0,10,0,1,1
5.261101544039307,56.994593641527324,2,4.172588728256654,0,3,0,0,2,0,1,1
0.7783595337977458,74.27195124604498,2,4.128978200248372,0,4,1,1,6,0,1,1
13.658880884970536,54.72194588430151,4,5.229252835397246,0,0,0,0,2,0,0,1
20.0,59.570616618167946,1,2.243777485245203,1,4,0,0,5,0,1,1
2.8403197034163075,42.63030172846597,3,8.801563880221199,0,0,0,0,2,1,0,1
4.5171846019296895,81.41772947990052,2,6.868136399832241,1,1,0,0,9,0,0,1
7.508043931556983,62.80674221859343,2,3.596403967805492,1,1,0,0,1,0,1,1
6.666418721825246,51.55416920050012,1,2.764722807169974,1,0,0,0,2,0,1,1
17.176955697388824,47.54692655490651,2,2.9196812117031428,0,1,0,0,8,0,0,1
0.6101777111138117,69.55816538546222,3,6.173482958053591,1,1,0,0,9,1,1,1
4.346139652528949,37.87591845909481,1,2.979238989573858,1,1,0,0,1,1,1,1
5.887164286976633,14.34249967457334,2,4.5013454866210525,0,0,0,0,10,0,1,0
11.04085039536815,51.44799198848911,2,1.6183550143094565,0,1,1,1,12,0,1,1
10.361719060044038,73.80009146228687,2,6.082532537418819,0,5,1,0,12,1,1,1
19.083517210450587,81.82617622369348,3,6.157498959478678,0,2,0,0,3,0,1,1
3.5880032615950346,47.8541211313224,3,4.6308622507442445,0,1,0,0,4,0,0,1
8.882212874710865,50.87175327883567,3,5.387115807978713,1,2,0,0,5,0,1,1
2.786806601905342,60.3906086503191,2,6.591482017599186,1,3,0,0,1,0,1,1
2.7436229954174287,44.7130116227247,2,5.3333533901120465,0,0,0,0,11,0,0,1
1.4607827699711426,60.328118967822974,2,6.561706015573304,0,0,0,0,11,0,0,1
8.525266086950671,48.291964978634645,3,2.664046738612543,0,1,0,0,5,0,0,0
20.0,70.2273651438036,2,5.757388474673839,0,2,0,0,11,0,1,1
1.480868309799749,64.45961026195647,4,5.386902765465275,0,0,0,0,7,1,0,0
0.28884258321507233,66.20455664604866,4,7.40396988534999,0,2,0,1,1,0,1,1
8.451679275348894,45.89364710395824,4,5.060745711746641,0,1,0,0,3,0,1,1
4.840948054991932,88.51854641004522,2,4.805278344367728,1,0,0,1,8,0,1,1
16.056870237350186,59.67823884758944,2,3.8857346172003684,0,2,0,1,4,0,1,1
1.4533608187924956,54.94588106973663,3,7.982457290966755,0,0,0,0,2,1,0,1
0.36838156205249095,34.78114038866057,3,0.2876333714611823,1,2,0,0,3,0,1,0
3.3907240142304005,48.05856359702892,3,6.022341048708485,0,2,0,0,11,0,0,0
0.4467032908370986,52.28759521405272,2,4.959235112839545,0,1,0,0,7,0,0,0
1.5176347175368854,34.246454071513995,3,4.632775555234413,1,5,0,0,7,0,1,1
0.6732478638845292,44.153657084618246,2,4.341355121786123,0,2,0,1,8,0,1,1
1.268865539605048,46.683999637939806,2,4.888289991714324,0,2,1,0,7,0,1,0
0.5610566047554221,51.11841321846436,3,5.957092541431541,1,0,1,0,3,1,1,1
15.385362384344552,14.745860199167915,2,3.409921727502394,0,0,1,0,2,1,1,0
1.6325491273715431,47.29458918591471,3,5.270054455666492,0,1,0,0,12,0,0,1
2.934014019193993,42.45307633840137,2,5.701521746652261,0,2,0,0,8,0,1,0
11.443993203511473,49.582317007502006,2,3.0924983413700176,1,1,0,0,4,1,1,1
5.6554954004516205,70.70553132360513,1,6.007743240705991,0,0,0,0,8,0,0,1
4.812163959215876,91.04790984242412,2,5.717845479858239,1,1,1,0,2,0,1,1
6.1134543360081794,63.56754399289254,2,3.402069990155784,0,3,0,0,12,0,0,1
8.825264150913684,25.311556558673274,2,2.6238383803389085,0,3,1,0,8,0,1,1
10.505134914575764,43.09186096334931,3,3.3757742450850645,1,3,1,0,8,0,1,1
5.145053401805459,61.919266176621825,2,5.270753794063739,0,2,0,0,10,0,1,1
11.036705244794927,59.66580992858046,3,4.848136915293058,0,0,0,1,6,0,1,1
3.832865683587044,69.74651470906149,2,7.787846827832576,0,1,1,0,7,1,1,1
1.623742142958654,48.05298011418808,3,4.2657419090315125,0,0,0,0,7,1,0,1
10.60451490650121,42.729995112689885,1,3.221802433938909,1,3,1,1,3,1,1,1
3.898678624740352,85.04848007832078,2,6.314041258309881,0,0,0,0,1,1,0,0
11.829626332437758,51.17341206739275,3,3.039949759050664,0,0,0,1,8,0,1,1
0.2049840799958076,29.666512479577705,1,3.4183307563014202,1,1,0,0,6,0,1,0
2.533468787979916,79.50267314065842,4,3.4445097926673585,0,0,0,0,6,1,1,1
14.763844629635285,20.078090172111104,2,0.0,0,1,0,0,7,1,0,0
1.4360781913009688,0.0,4,6.1337333296939445,0,4,0,1,11,0,1,0
14.196741535856823,65.38773516075148,2,6.879961989907116,1,0,1,0,10,0,1,1
15.384978585781415,68.21401942049263,2,6.833373194653568,0,0,0,0,9,0,0,1
10.691387175724635,58.280258838893815,1,8.77085673370629,0,4,0,0,11,0,1,1
4.146759804295424,23.950878320159003,2,8.01406118529814,0,0,0,0,7,0,0,1
5.205578522046828,48.82260289515359,2,4.332066666483041,1,1,0,0,11,0,1,1
10.186394970986735,44.436628528922576,2,7.2184807358507195,0,1,0,0,11,1,0,1
7.478249395119402,39.25421978215221,2,4.804719373433136,0,1,0,0,3,0,0,1
4.9725297634727035,78.24138861618559,3,4.148060467561566,0,2,0,0,8,0,0,1
20.0,29.06667882736622,3,3.4888445070013985,0,1,1,1,7,1,1,1
5.786665011910045,56.32208906212799,2,4.464752122728534,1,2,0,1,5,0,1,1
18.541737146405204,73.8809396732515,2,5.657944499620758,0,1,0,0,12,0,0,1
0.2955051866549369,57.62883050638076,2,8.162275982764664,1,0,0,1,11,0,1,0
0.748073743005438,74.82236744990747,3,6.457290156770611,1,1,0,0,7,1,1,1
3.0024648600016017,61.27429444857859,2,3.4573833298352357,0,1,0,0,9,0,0,0
2.4296851590936934,58.586993409840574,3,2.911742918925811,1,0,1,1,7,0,1,1
7.633183710796554,57.33669737664294,1,6.137088114260696,1,1,0,0,10,0,1,1
0.8754231916784044,62.268865333003006,2,6.804748725536028,1,1,1,0,12,0,1,1
18.66837564784593,42.28921805175479,2,7.454952147108582,1,0,0,1,11,1,1,1
1.8921630680424188,23.96252296254427,2,4.462497739214138,0,1,0,0,5,0,1,1
2.8011623329395077,69.08086822926619,2,5.939005715596146,1,0,0,0,10,0,0,1
1.6061600327954682,73.23484601011532,3,6.711653311553829,0,0,0,0,6,0,1,1
4.329932588078394,55.03957621812087,2,2.297881500775067,0,1,0,0,11,0,0,0
0.30208818719087366,39.032487607312596,2,5.555543036326005,0,0,0,0,7,0,0,0
0.810697981212478,18.84565766940724,3,6.808694549732859,0,0,0,0,3,0,0,0
6.848124428614216,51.71614199846776,2,6.020782890818569,0,1,0,1,5,0,1,1
1.0320503473866618,23.02099310564057,1,4.838706663284429,0,1,0,0,9,0,0,0
1.342760785352579,20.220249947241488,3,10.0,0,4,1,0,1,0,1,1
7.874753358222469,49.58536943968615,3,8.861037335092837,0,2,0,0,6,0,1,1
0.48972471970963444,34.72460997623971,1,5.018791489352617,0,0,0,0,8,1,0,1
2.876588043450527,56.90619112329541,3,4.620546411964566,0,3,0,0,4,0,1,1
0.1166675413168605,46.81408794876251,2,6.400557296405264,0,0,0,0,1,1,0,1
2.1294162287418503,37.867308675547804,2,4.8849423384487665,1,2,0,0,1,0,1,0
6.002916153977833,15.901698385420687,2,7.5430848172251785,0,1,0,0,3,1,0,0
0.4721209005347559,32.942237483392844,2,2.4654931747637345,1,4,0,0,10,0,1,1
10.961243094928193,33.67727019897819,4,4.518600704245628,0,1,0,0,5,0,0,1
12.011974265457336,25.49384652970076,3,6.370492074742109,0,0,1,0,4,0,1,1
0.5546040335748883,43.4191140951523,2,7.007496496292495,1,5,1,1,9,0,1,1
20.0,27.054960176506967,2,2.038164588549471,0,1,0,0,4,0,1,1
1.7657597377476626,46.7251450541757,3,3.0918741557309053,1,1,0,0,3,1,1,0
0.4392495757676607,54.80822427337312,3,1.6474811580085995,0,0,0,1,12,1,1,1
0.02539997927279381,33.47660091221644,2,3.253643105380148,1,1,1,0,10,0,1,1
2.6256615214110246,58.50817258837169,1,2.4455711067334196,0,3,0,0,8,0,1,0
4.968694265105061,22.772842575045928,3,6.078262195925993,1,2,0,0,9,0,1,1
2.018677398166175,27.756452032074186,3,5.458009104581296,0,2,0,1,12,0,1,0
9.061363127974657,47.73565404750462,2,4.692341774771483,0,0,1,0,9,0,0,1
6.304590479067688,63.74082183777277,3,5.052189602926706,0,2,0,0,11,0,0,1
2.1551572884820516,67.34799082978533,2,7.388479137814289,0,0,0,0,7,1,0,1
6.62711904272002,82.24781244315119,2,2.9154618273547532,0,1,0,0,4,0,0,1
14.107864431546869,42.4682225036498,2,1.1395968287733194,1,0,1,0,12,0,1,1
0.48859338151089254,47.44997362643391,2,6.421023761026058,1,1,0,0,9,1,1,1
1.8271656409712758,29.34648941964026,3,4.21807259107946,1,1,1,0,2,0,1,0
3.111821658616129,24.92467336017954,2,2.9631296132732787,0,1,1,0,6,1,0,0
3.4456774682831175,54.571441726550496,2,6.108022624312796,0,0,0,0,10,1,0,1
3.9065667918617013,34.48257001107514,3,1.0647075898366665,1,5,0,0,11,0,1,1
1.7878546299014328,74.6475840003458,1,3.284823135696232,1,1,0,0,1,0,1,1
5.5019640540216415,20.752285362652184,3,0.22268743411418956,1,2,0,0,3,1,1,0
5.179377779772429,59.72706411649393,3,5.5181904062970535,0,0,0,1,7,1,1,1
4.311635417263815,29.885215223659415,2,8.147380343243615,0,2,0,0,8,0,1,0
0.6038471370662717,33.59103066455833,2,3.8536426474755436,1,3,1,1,7,0,1,1
3.2405621155186366,60.782241305040614,3,3.4169115737606317,0,1,0,0,10,1,0,0
2.2020446235978026,36.482391277841835,2,8.569107453088373,0,3,0,0,12,0,1,1
3.376914222688097,39.684318649602,1,6.254870500637173,0,1,0,0,5,0,0,0
12.74667775763165,33.756832728968625,3,9.76087832094032,0,3,0,0,10,1,0,1
3.2747440179020963,85.70059583226883,2,5.321605486054756,0,0,0,0,11,1,0,0
0.07039721838130875,37.65027377839981,2,5.4532743864682836,1,1,0,0,2,1,0,0
2.8887169816975606,51.031044348655264,3,7.889659021712369,0,0,1,0,5,0,0,1
8.592029637874427,45.96172799437851,3,4.702743673057747,0,0,0,0,7,0,0,1
7.572023473495877,54.428341234485224,2,5.494392035829499,0,0,0,0,6,0,0,0
3.6014622459320482,37.705261060681295,2,0.1574025259204106,0,0,1,1,1,1,1,0
1.436870685072592,45.983655309167,2,8.47540764637925,0,1,0,0,9,0,0,0
3.12827135446982,57.87904017987871,3,5.781748296275372,0,0,0,0,6,0,0,1
4.147151428870208,32.739857239940164,3,4.785247800657608,0,2,0,0,3,0,0,1
20.0,71.78642713256309,2,6.8146900157576225,0,0,0,0,3,0,0,1
5.166624632916472,73.70961038083266,3,2.6370778265699,1,2,0,1,6,0,1,1
5.925181682779916,62.12985252317479,1,3.897242883870745,1,1,0,0,7,0,1,1
3.3809994387615134,51.397527671929666,3,6.106671146589952,1,2,0,0,4,0,1,1
2.1885694051898548,0.0,2,5.088052322823048,0,1,0,0,7,0,1,0
8.381976346914314,58.48582265308926,3,5.893263063681597,0,1,0,0,3,0,0,0
3.415314237380219,42.17339189542271,4,5.498607568348527,0,0,0,0,3,0,1,1
20.0,45.074511771649206,3,6.261086432526031,1,1,0,0,4,1,1,1
3.0543401788221165,12.052453389543672,3,2.3583952764209113,0,5,0,1,12,1,1,0
0.35211384319743183,59.87176971748385,3,7.556289604344311,0,2,0,0,2,0,1,1
5.737617960041778,21.02837906346091,4,4.032227491761544,0,0,0,0,7,0,0,1
0.23882107054162524,52.368490919827885,3,5.11546492503095,0,0,0,0,5,0,0,0
1.4417554602087939,68.09314963819682,3,3.7984484489476724,0,1,0,0,9,0,1,1
2.1827533790405833,40.61343637364896,3,4.425189558494077,1,3,1,1,9,0,1,1
6.725447043616314,74.32103450456881,2,5.4581878721241575,0,5,0,0,1,0,1,1
3.408424880745789,35.06019243585639,2,6.470337428113143,0,1,0,0,12,0,1,1
0.14532116905119782,62.00866153462003,2,6.802462172388755,0,1,1,0,10,0,1,1
4.7966416670215075,23.90428497082945,2,5.865022571655434,0,1,0,1,2,0,0,1
2.650350052663695,70.62260869361047,3,3.8084097786244904,0,3,0,0,4,0,1,1
12.744635163806542,67.5198076515858,2,5.738892895243179,0,0,0,0,5,0,1,1
3.4613609288002105,59.36715845927459,1,5.480578693195453,0,0,1,0,7,0,1,1
6.171733031573163,42.13431726772377,2,5.1181302304970195,0,0,0,0,5,1,0,0
1.2350587980821546,21.95998753143776,2,6.0684466119135125,0,1,0,0,1,1,0,0
7.155905622565709,42.18719369561085,2,2.4484848598343074,0,2,0,0,4,0,0,1
6.381916662549685,72.20614351496245,4,0.946160139258664,0,2,1,0,5,0,1,1
11.721292902851337,52.599237431382306,3,7.379998442977226,0,0,0,0,12,0,0,1
0.17203412955639602,18.939261409751005,2,4.7372524197675565,0,2,0,0,2,0,1,0
2.9665155412352324,27.505447211601176,2,5.831857017567947,1,2,0,0,1,0,1,1
5.683991968802905,75.0630280170456,3,3.264868666149101,1,4,0,0,2,0,1,1
0.5000072837236194,59.758255042557714,3,7.524448424004265,0,3,1,0,4,0,1,1
2.6432855459626587,25.319997585201442,2,5.700158434431316,0,0,1,0,10,0,0,1
14.249215536904556,14.683370076508126,2,4.640964805094416,1,0,0,0,3,0,0,0
2.862924416634085,37.49915730799867,1,5.571583432714574,0,5,1,0,12,0,1,1
20.0,12.972825840201608,2,1.5165987887111734,0,0,0,0,8,0,0,0
0.2925917198756004,46.88331019985999,2,5.746257994731395,0,1,0,0,4,0,0,0
6.326223797248485,99.03250743672608,3,7.973654396631485,0,1,0,0,4,0,0,1
4.349615549033349,18.060878486016563,3,5.6305585637944695,1,0,0,0,5,1,1,0
3.471135588732505,46.2794867358757,2,5.3722860190347355,0,1,1,0,1,0,1,1
17.676056136386503,76.23853150662502,3,4.365937528624826,0,1,0,0,1,0,1,1
0.6943015476651883,64.9817571660019,4,7.165523229990651,1,0,0,0,10,0,0,1
11.316771499501748,47.02518570401723,3,7.462018621161284,1,0,0,1,5,0,1,1
5.87596167237397,47.073026596636055,3,4.136111930196556,0,1,0,0,6,1,1,0
1.4987467725465586,26.881804351508414,4,5.717293716079565,0,1,0,0,3,0,1,1
11.597087107240663,44.64688459988893,2,5.464428872841436,0,2,0,0,4,0,1,1
2.8044134819094952,54.868814284802596,1,5.803542344913901,0,0,0,0,8,0,0,0
8.416157733491522,72.1022708654818,4,3.4545493887745944,0,0,0,0,5,0,0,1
2.46195394696397,37.59648752970488,2,7.285552850266688,0,2,0,0,9,0,0,1
9.516724176753751,46.20329743873075,3,6.130436895644145,0,0,0,0,2,0,0,1
5.061656270187144,31.01573038486635,3,7.404810713949406,1,2,0,0,6,1,1,1
0.7602032334736935,54.506503590810105,2,2.7693122583825924,0,1,1,0,9,0,1,1
5.244300986060237,65.67558900617927,2,2.886826851146934,1,0,0,0,5,0,1,1
1.0619130592142063,62.5929602685979,2,9.118789978918866,0,3,1,0,5,0,1,1
2.65448377263038,26.596258491152895,2,7.294258580543055,0,0,1,0,11,1,1,1
0.9334288361206793,52.9372641891283,2,3.369824693484439,0,0,0,0,5,0,0,0
0.11131043635162177,36.45374943499623,2,6.736305222427382,0,0,0,1,11,0,1,1
1.1905660700978684,70.22100031305666,2,4.068371555049238,0,0,0,0,6,1,0,1
3.8433641180854634,46.77374554452924,2,1.6025809482061715,0,5,0,0,8,0,1,1
3.2846642156955856,19.60973323517831,2,0.7994988727527703,1,0,0,0,8,0,1,1
3.480729315950618,45.603945887845335,3,4.956022328169292,0,2,1,1,1,0,1,0
1.4230132832604019,59.16945138397762,3,8.121602313660183,0,0,1,1,4,1,1,1
5.7784725956286795,54.880121262855994,2,8.042776192571639,0,5,0,0,9,0,1,1
6.091428514917707,39.76407972696039,2,7.5202899099371265,0,2,0,0,12,1,1,1
2.2155843029863074,38.294532202577074,4,6.66002221309862,0,2,0,0,6,0,1,1
10.650310616122852,30.24991203567367,1,5.6347293208242855,0,2,0,0,5,1,1,0
5.164448827625537,42.10500759329388,2,7.303928178691195,0,2,0,1,5,0,1,1
6.242049600890266,32.88642066948395,2,0.978227294851636,0,0,0,0,4,0,0,0
1.6240815833567153,69.4017197235463,2,6.979575837807767,0,1,0,0,5,0,0,1
0.0030591114033711453,31.977252185367675,2,2.7579896825988817,0,4,0,1,2,1,1,1
10.026333451176988,52.44568924724402,2,3.174553895100137,0,1,0,0,9,0,0,1
8.641793792063186,51.08607806652665,2,6.391704319106484,0,0,0,0,3,0,0,0
0.6573355552760709,68.91334895769822,2,6.85746137369415,0,1,0,0,1,0,0,1
2.3428643460064915,71.78736577916742,2,3.780583148826377,0,2,0,0,2,1,1,1
5.41378291273565,63.91939886562657,3,6.292385921504436,0,0,0,1,5,0,1,1
5.279357025916936,57.0585668658026,2,6.125863869872481,1,2,0,0,12,1,0,1
9.843091920386115,29.027077078118843,2,4.378705461108616,1,0,1,1,10,0,1,1
0.7556737710720254,28.622598245234848,3,5.307701720809394,0,0,0,0,5,0,0,1
2.810066090499231,33.08618360470102,2,9.161768096046984,0,1,1,0,11,0,0,1
0.5114064064401553,65.0384199925583,2,4.436863943895547,0,3,0,0,3,0,1,0
2.468165073509006,51.46659856501272,2,4.505816020146218,0,3,1,0,6,0,1,1
0.07611362787415168,67.37314481471125,3,5.300014285771079,0,1,1,0,4,1,1,1
11.427315822425875,70.05605468640167,3,4.634093207619091,1,0,0,0,2,0,1,1
3.7437645568381726,35.48096199401504,2,6.581004796168797,0,0,1,0,4,0,1,1
9.479012958559068,50.64148655114374,2,7.938487918838114,0,1,0,0,5,1,1,1
0.30887013472785485,49.740126426328196,2,4.506662521734208,0,1,0,1,6,0,1,0
1.290345228776935,43.4442462075157,3,3.2864297111369876,0,1,1,0,1,0,1,1
1.5013379964191196,39.303142909505766,3,8.94981588602201,1,2,0,0,7,0,0,1
2.444435991279484,73.69511006822114,2,5.239618952507763,0,1,0,0,1,0,1,1
8.119367337457094,51.03943453431002,2,1.5909445151973358,0,1,0,0,4,0,0,0
2.4433467649576985,50.26289577119536,1,8.724548255393799,0,1,0,0,10,0,0,1
1.1448872375027188,33.94444650262808,2,7.252375331309136,1,3,0,0,4,0,1,1
0.3359916649886186,63.50424860827009,3,8.202685045423564,0,0,0,0,1,0,0,0
0.41414657019614914,29.8978499832397,2,7.8684950481118285,0,1,1,1,9,1,1,1
7.136565332452646,59.098110576893646,2,10.0,0,2,0,0,9,0,0,1
2.942161285589371,59.64458720110324,3,2.926126595284366,0,1,0,1,3,0,1,1
6.476442101836657,41.74969901352863,2,3.4087038505906717,0,0,0,0,11,0,1,0
5.733036013442138,56.35304162366359,3,4.0154726398210965,0,3,0,0,4,0,1,1
0.7272244540248403,53.713391180889744,2,3.958307587108697,0,1,0,1,1,0,1,0
0.7709330184841225,49.21278750379701,2,5.24590236412639,1,4,0,0,1,0,1,0
7.039470125454846,50.25887960290465,3,4.02020259268283,1,5,1,1,3,0,1,1
6.387527926074297,51.23563646387043,3,2.6208987956718115,1,2,0,1,5,0,1,1
2.3743232594725723,52.59823345344096,2,3.251124953078326,0,2,1,0,9,0,1,1
0.402918196139383,51.20484062687413,3,4.412493830409418,0,1,1,0,9,0,1,1
0.0608589920076328,27.922716195757165,3,7.2886009014814945,0,2,0,0,2,0,1,0
1.6994891325336452,46.955780979887905,3,3.849379614695797,1,4,1,1,11,0,1,1
0.04632531013295883,55.29897202393744,3,6.619935638111134,0,3,0,0,10,0,1,1
1.307295408519312,51.94577457078583,2,2.3574421525226508,0,2,0,0,5,0,0,0
2.71933376486101,69.07500518790278,2,0.0,0,1,0,1,10,0,1,1
0.6472174563771111,62.401731789989086,3,4.733649805355052,0,0,0,0,3,0,0,0
0.5506245582311974,32.59180929893728,2,3.7799825370763207,1,2,1,0,6,0,1,1
11.33789681547679,46.6674578389121,3,3.236525605190134,0,0,0,0,3,0,0,0
4.403050003413705,43.77326693105624,2,3.0022994571439114,1,0,0,0,2,0,1,0
13.625144135583886,49.91303026745632,3,3.5849697056340113,0,2,1,0,10,0,1,1
2.121910791178358,49.940372003226,2,3.0253001369785393,0,4,0,0,3,0,1,1
5.652758894234027,62.230433384796974,2,3.2065279034016494,0,2,1,0,2,1,1,1
1.1451270442513173,53.546567262822876,3,2.2823052968233526,0,3,0,0,1,0,1,1
4.816129751896957,74.61090010417101,3,0.7411987377500333,1,3,0,1,7,0,1,1
0.6939300413264649,54.8200627532472,2,0.5811850237167429,0,0,0,0,6,0,0,0
0.010414033565366115,33.38818959325447,1,9.922178263672215,0,2,1,0,4,1,1,0
13.406929478338608,40.65438759663561,3,4.873506417732087,0,3,0,0,3,0,1,0
4.047218340354747,62.07578141463517,3,8.049084892608374,0,0,0,0,6,0,0,1
13.082416647029682,17.716634709886293,2,4.644817742754822,1,3,0,0,4,0,1,0
2.0310633650915153,23.082391704799097,2,4.711446883107137,0,0,0,0,6,0,0,0
1.9858931982987698,50.21394414250461,2,5.613341248264884,1,0,0,0,9,1,1,1
2.5595894484650508,69.01844237042332,4,6.280141296289381,0,1,0,0,7,1,0,1
6.121574612894839,76.14070863909755,2,2.5066610941599037,0,1,0,0,3,0,1,0
4.171349535050644,45.65788505956457,2,4.240450305803561,0,1,0,0,12,0,0,1
12.975052459539844,71.21657373971769,2,5.6095635229724525,0,1,0,0,4,0,0,1
0.1288505827503495,51.445358195377956,3,1.1329485217600164,0,2,0,0,9,0,1,0
6.158363612013678,19.37170035513539,3,7.594676641805911,0,1,0,0,6,0,1,1
2.0048338742338383,49.83846927043261,2,7.125514835485226,1,3,0,0,2,0,1,1
0.9936796028466652,37.621837507568976,2,0.7964472391205728,0,0,0,1,10,0,0,0
3.5707880344641008,68.36461760955481,2,3.2419990496764086,0,2,0,0,8,1,1,1
3.5166319082274944,49.486494792910264,2,5.209699483187657,1,1,0,1,3,0,1,1
0.7367668372855469,24.441737868870593,1,6.68368462000865,1,2,1,0,3,0,1,1
1.1275821727113333,20.005703781828817,3,8.05225439241458,0,3,0,0,5,0,1,1
2.6226341648030527,49.580400851710976,3,3.725317253570293,1,1,0,1,9,0,1,1
2.628101066551854,1.595650570805887,4,9.676341351614912,0,0,0,0,10,0,0,0
1.9103897090376287,39.636694203441984,2,4.9024813510688325,1,0,1,0,7,0,1,0
0.8040440306689717,54.62060651485683,2,4.551744195518004,0,0,0,0,8,0,0,1
0.021916358076782636,28.859669918892838,3,6.123449507831174,0,1,0,0,7,0,1,0
17.572120848711748,69.87974313810659,2,5.621581033393532,1,4,0,1,8,0,1,1
14.367505036819317,73.82013099501384,2,5.509767749786378,0,2,1,1,8,0,1,1
3.3048559160218325,29.665980944960964,2,8.99232228321786,1,1,1,1,2,0,1,1
20.0,44.039116516070266,4,5.494741217151144,0,0,0,0,2,0,0,1
5.598990621748754,69.89386302642943,3,3.031451439922363,0,2,0,0,9,0,0,1
0.356714962909273,49.97384931489822,2,3.3204902286991733,0,3,0,0,4,0,1,1
0.6262188591570215,22.110428438019603,1,7.945249364053584,1,1,0,0,6,0,1,1
12.39129460707229,47.13357862871294,3,6.367658307874215,0,1,1,0,7,0,1,1
4.971966850942231,32.94143355408322,3,1.8873020777187866,0,1,0,0,1,0,0,0
9.263398773446458,72.1639579285177,3,1.7889495393871222,0,1,0,0,8,0,0,1
11.4271479505171,62.11864188649177,2,5.050109102265807,0,2,0,0,11,1,0,1
2.970510930989782,43.72486109468744,2,6.2329767495763635,0,4,0,1,1,0,1,1
0.24871433501109427,52.84296025060081,3,3.6439047131072035,1,1,1,0,10,0,1,1
1.0430012784909088,23.837568460550273,4,1.639659501419278,1,0,1,0,8,0,1,0
0.3444569580155189,34.92445082884777,2,2.7496565301753844,0,2,0,1,1,0,1,1
1.0458324709181497,81.06558375384986,2,8.291502194615424,1,4,1,0,2,0,1,1
2.6426820772581867,51.070293051593346,2,5.993940024065168,1,0,0,0,2,0,1,1
0.6289319452424722,68.6017160958273,2,7.000164126756832,0,0,0,0,4,0,1,1
0.9120072867616558,54.64026176816057,2,7.329986635271069,0,1,0,0,2,1,0,0
2.951344754777732,76.28563686059049,3,3.7479875844912893,0,1,0,0,6,0,0,1
2.078872466260859,10.023249348015604,2,4.2539299994261395,0,1,1,0,7,0,1,0
3.152346861639996,46.23564831961987,2,4.663989228823569,0,2,0,0,1,1,1,0
2.8033369462633795,82.89563292432778,2,5.833369671496142,1,0,0,0,2,1,1,1
5.170841100297302,69.12346871121288,3,7.179009686858854,0,0,0,0,7,1,0,1
13.838169000899134,76.50744517580382,3,8.739762904776295,0,0,0,0,3,0,0,1
0.5706853551012913,49.864708126870184,1,6.628604339470396,1,0,0,0,5,0,0,1
0.5226939851897368,39.25787169173233,1,6.643171683360076,0,0,0,0,2,0,0,0
9.580022945561744,29.456710806241432,2,8.853261773322165,0,2,0,0,12,0,1,1
3.5301156513172263,28.061438166769793,2,4.589882475122591,0,4,1,0,3,0,1,0
7.27083266630597,66.14121124417038,2,7.378005931776952,1,3,0,0,11,0,1,1
1.2130458125299042,60.26422100841704,3,6.156565020253105,0,1,1,0,10,1,1,0
8.826441897794972,48.6685310133928,2,6.229904101280789,0,0,0,0,6,0,0,1
12.875029348009177,60.16381309703361,4,4.57094415145201,0,2,0,0,7,1,1,1
5.04591066019366,52.849035181041216,1,2.211534784267721,0,2,1,0,4,1,1,1
0.5595709511383966,69.24435402798967,2,5.689668618747222,1,2,0,0,10,0,1,1
11.283033159146342,69.0537350981634,2,5.698167204127544,0,0,0,0,8,1,0,0
7.862823979279586,28.68251799030315,2,3.8491138531798694,1,1,0,1,2,0,1,1
6.949058227884871,55.4729197493958,2,4.806530320089981,0,0,0,0,4,1,0,1
0.1870982624966547,16.62266499611836,3,3.2362130848524453,1,2,0,0,5,0,1,0
8.021319733967566,52.66041476181192,2,3.253178003715514,0,0,0,1,3,1,1,1
0.7422158876502283,62.08608559403171,1,4.038073173418423,0,1,0,0,4,1,1,1
1.257626242346742,23.725613104136784,3,2.3431235048914516,0,1,0,0,5,1,0,1
4.303509546531653,41.67074529078336,4,3.8330436859513943,1,3,1,1,5,0,1,1
1.5392931040734554,50.19052754439605,3,6.427469212346152,0,0,0,0,4,0,0,1
5.413914283757604,54.67829832746779,3,7.912235834666782,0,3,0,0,12,0,1,1
4.683365844300745,44.4279259355033,2,9.15087562278407,1,1,0,0,7,0,1,1
0.5722843562217645,26.55423695190656,2,4.199733246994255,0,0,0,0,2,1,0,0
5.335780025201762,48.919855961614836,2,7.400213647923355,1,2,0,0,5,0,1,1
12.882144114232775,16.95512866118044,4,5.672347854520946,0,0,0,0,3,1,1,0
0.8783778827474892,45.3471712663571,2,4.525291840924753,0,1,0,0,9,0,0,0
4.544863135001469,41.1725277260614,1,5.804406128004526,1,1,0,1,4,1,1,0
2.091728833325101,47.314686531211585,2,7.204251416202762,0,0,0,0,3,1,0,0
3.0773363576304624,38.81356045048634,1,4.003397850667005,0,1,0,0,11,0,1,0
1.6913705486526165,19.846383236875994,2,3.957359303523346,0,0,0,1,6,0,1,0
2.185790095489492,42.67313358820975,2,4.18043993824143,0,3,1,0,9,0,1,1
0.14669002291847696,68.61640250074637,2,3.7464519048820835,0,1,0,0,12,1,0,1
19.963925544938228,75.2292160797761,1,7.397765029580112,0,0,1,0,4,1,1,1
4.901479270774276,98.78668557438533,2,3.4723015898415115,0,0,0,0,2,0,0,1
3.4727967910067776,83.83300816795328,2,3.8247697073899873,0,0,0,0,8,0,0,1
2.4202316360730762,26.061241466637917,3,5.622406203214681,0,1,0,0,12,0,1,1
3.8758502913106057,41.83124797454681,2,5.46065160635673,0,1,0,0,11,0,1,1
2.391033906149738,49.54428730324446,3,4.180299916602509,1,1,0,0,2,1,1,1
2.2307162484230743,48.28880331532601,2,8.367242678152337,1,2,1,1,4,0,1,1
3.117606936456698,51.390666597924515,2,3.7387283746194617,1,1,0,1,2,1,1,1
1.6147022635759123,98.15182843095117,3,4.657828085457408,0,1,0,0,9,0,0,1
0.9925589709676291,28.35896908415205,2,1.1464989231750202,0,0,0,0,1,1,0,0
4.066481420270752,35.72937727571403,2,4.3900045923221835,0,0,0,0,1,0,0,0
9.250082756689366,82.87651860178187,4,2.3540868818298466,0,0,0,0,7,0,0,1
0.8292587253780058,37.680373138302954,2,3.16746989308435,0,1,0,0,7,0,0,1
0.16641047963604083,57.87161300671431,1,1.088280744760353,0,3,0,0,8,1,1,0
1.4172003799655084,70.69314739736417,4,3.21499134755103,1,2,0,0,3,0,0,1
19.49075914627086,59.729980334640594,1,4.8498775598488155,0,0,0,0,4,0,0,0
8.823389744488573,53.835312662049844,3,4.511636456775406,0,2,0,0,11,0,1,1
4.530044526499873,68.77221539387968,2,4.170455922946611,0,0,0,0,3,1,0,1
13.242937051619158,32.13862886990059,2,4.350192501035398,1,5,0,1,10,0,1,1
2.9464510247961595,40.072737410079974,2,3.9900191747787748,0,0,0,0,2,1,0,0
20.0,60.712751769303274,2,4.930792940481407,0,1,0,0,6,1,0,1
1.7570302812564669,8.61121481571498,3,4.779547213417652,0,2,0,0,3,0,0,0
1.3741961432078735,78.33167646689385,4,5.549961044373301,1,2,0,1,4,1,1,1
5.081221141808676,56.06784750395562,1,4.5980754990707995,0,0,0,0,1,0,0,1
2.375313768914789,53.060635055623,3,4.132680612887724,1,1,1,0,11,0,1,1
4.922386722414994,17.389742447178854,2,6.55644463387484,0,3,0,0,8,1,1,0
1.8191849247639604,24.26781749200524,1,6.205746958867407,0,0,0,0,2,0,0,0
4.810603529662421,42.028326713982764,4,4.935148616515475,1,2,0,1,9,0,1,1
1.6130673959553432,66.14859700591198,2,7.390206849533154,0,0,0,0,7,0,0,1
0.26158524290382923,8.467679756028296,2,5.165297984488199,0,2,0,0,7,0,1,0
12.159819991311732,65.76729601554712,2,4.677654711858675,0,3,0,1,1,0,1,1
10.736683730838275,42.79937351783266,2,4.862817021090186,0,1,0,0,2,0,0,1
17.667615953217588,45.53153054516696,2,5.3302345932518405,1,2,1,0,5,1,1,1
6.303195100483292,55.07185883381613,3,3.1655998744269316,0,2,0,0,11,0,1,1
5.7398716309607325,55.38634475692823,3,1.2527441501956873,1,0,0,0,3,0,0,0
4.093586825902273,35.751428201268055,1,5.56294227636564,0,5,0,0,8,0,1,1
0.6730451015837737,62.498201769376855,2,6.66807162299327,0,0,0,0,11,0,0,0
1.0488870805204833,3.612037202071228,1,2.9980831221824173,1,1,0,0,9,1,1,1
1.708718351940519,40.99162226864691,1,7.1461455340469975,0,1,0,0,4,0,1,0
11.043487011939355,53.07363526353808,4,1.7070883306783649,0,3,0,0,6,0,1,1
0.9495686704849661,43.101013695710506,4,3.88242345452277,0,3,1,1,9,0,1,1
12.811520637558926,13.461793920680364,3,8.412031644434984,1,2,0,0,5,1,1,1
3.6989484599767493,65.16054757520942,3,5.711872971742384,1,2,1,0,7,0,1,1
6.286334098899593,25.032243757458957,3,4.3950449152323285,0,3,0,0,2,0,1,0
0.5840427906475596,48.649719849434206,1,5.504571670596457,0,2,1,0,4,1,1,0
1.5669385732191405,53.06069194135246,2,7.392686398501519,1,1,0,0,9,1,1,1
15.912551711080948,50.39654307530734,2,2.109680155275607,0,0,1,1,10,0,1,1
1.5472527930366742,73.3802185172763,3,7.635719500557379,0,4,0,0,2,0,1,1
1.758591388303775,48.934748800126265,2,4.0199269378096405,0,2,0,0,4,0,0,0
1.1007239158429254,58.549108093938806,2,6.416769852592554,1,0,0,0,9,0,0,1
0.690989406297696,48.88191933697518,2,3.771552881566875,0,0,0,0,9,0,0,0
1.3280222103404178,62.25912168332549,3,8.367446643110632,0,0,0,0,6,1,1,1
5.140679078622447,77.86990594095046,3,4.93767399366782,0,2,0,0,6,1,0,1
3.038222262160695,52.75083658944388,2,2.3423665028543286,0,0,0,0,2,1,0,1
4.034445123010792,65.63700715165999,3,5.940152849910184,1,1,0,0,12,1,0,0
0.6526214710648888,79.10657869764395,2,7.602459963587499,1,0,1,0,3,0,1,1
8.100382691402878,77.14368493948542,3,7.376526350744736,0,0,0,0,1,0,0,1
7.664576980231517,42.29421192777579,2,5.187000740363596,0,1,0,0,9,0,0,1
0.10913191537360684,70.72864711490334,2,6.624150647113289,0,1,0,0,2,1,0,0
2.4186072043955558,54.97542320094386,2,4.156863841920489,0,2,0,0,6,1,1,1
0.3562481622756058,72.34459995467827,1,6.182075309102026,0,2,0,1,4,0,1,1
7.853629417591584,61.372691671259,3,5.725625832256555,0,3,0,0,10,0,1,1
6.683135920111916,55.51336152072376,4,0.0,0,1,0,0,3,1,1,0
11.613331604429797,58.679441606927085,2,2.9987889842374753,0,1,0,0,12,1,0,1
1.3485818586711709,55.104759120778624,2,5.415689202196949,0,1,0,1,10,1,1,0
3.046750414517185,55.886660902730206,3,5.3299894635127,0,1,0,0,10,1,1,1
1.0196949575330125,46.823352788361824,2,4.9418450179480375,0,1,1,0,5,0,1,0
2.319987983901455,44.96551318784965,2,5.178749237284603,1,1,0,0,11,0,1,1
3.6932678525640936,85.26349858745338,1,7.415335306840099,0,4,0,0,11,0,1,1
0.27402774854190753,59.55055822222368,3,5.708244437296696,0,0,0,0,12,1,0,1
6.274057513401634,38.533901555372005,3,0.3347476353223504,0,3,0,0,9,1,1,0
3.918570103123196,44.451651371407124,3,8.89541928494848,0,3,0,0,5,1,1,1
8.829260428799953,71.12516906895902,2,1.1869077920311586,0,0,0,0,6,1,1,0
1.5857638343875524,35.27626579822761,3,6.916285251417448,1,2,1,1,5,0,1,1
11.68180077727608,20.359446363779785,2,1.8713623230172667,1,3,0,0,9,1,1,1
20.0,21.83101718795911,2,7.846879953739642,0,0,0,0,7,0,0,0
12.58498676467638,15.420487995904246,3,4.444001907833699,0,0,0,0,5,1,0,1
7.522968356361068,24.02370283471084,4,5.768555112232187,0,1,0,0,9,0,0,0
8.366384801268389,26.382681203983793,3,1.0276801430560467,0,1,0,0,12,0,0,0
4.263578716244278,77.70474759216278,3,6.4591263305862805,1,4,0,0,7,0,1,1
1.0545550178616927,49.07641574681463,3,5.832604424153341,0,1,0,0,2,0,0,1
5.651144619513926,42.73472921726565,3,6.2346465335813015,1,0,0,0,8,1,0,1
6.237064066716647,21.131738739628524,3,6.899233247209655,0,0,0,0,7,1,0,0
20.0,47.1374720505732,2,5.357017738997269,1,2,1,0,2,0,1,1
3.8968087345973683,15.25343874871615,2,4.578583859943328,0,2,0,0,3,0,0,0
1.5829393429132141,42.6116565742727,3,3.378186306800837,0,0,0,0,8,1,0,0
5.754886391993383,91.2898877968735,4,4.1137715790461655,0,0,0,0,5,1,0,1
19.40645544477481,63.2760715741273,2,7.412989239043969,0,0,1,1,2,0,1,1
0.9752951246520971,45.804036792909386,3,3.324420752202969,0,1,0,0,10,0,0,0
1.972610399242449,63.96247210812713,2,1.3138084552533624,1,0,0,0,7,1,0,1
3.9031310119120417,39.569136437448634,4,3.0249341465358315,0,1,0,0,2,0,0,0
0.9329410393832336,33.986445142416244,3,6.212085359382072,1,1,0,0,3,0,1,1
0.11235618590289165,84.08259259065684,2,4.3942955127918,0,0,0,0,1,0,0,1
2.054774163861218,27.154506921594532,3,6.208987312617291,0,3,0,1,9,0,1,1
10.026154786851048,42.91757528645299,3,0.9990778391372297,0,0,0,0,5,1,1,0
0.22220726413022468,56.1206656472702,3,0.0,1,0,0,0,9,1,1,1
2.801209185714722,31.275315884851036,4,5.528217139412995,0,1,0,0,1,0,0,1
7.181642725253404,63.012099072628196,1,7.0093857734699965,1,3,1,0,10,0,1,1
15.307501421515683,43.868109507154955,2,1.5780095548059792,0,0,0,1,2,1,1,1
20.0,63.278206551337135,3,6.052086438679652,0,1,0,0,9,0,0,1
2.7406421849375517,61.719683595010366,4,7.380527147157421,0,0,0,0,8,0,0,0
15.017239248952897,45.1397573874834,2,4.991232916178259,0,2,0,0,1,1,1,1
0.1803072056242837,84.2131734518197,1,6.802181678672407,0,0,0,0,11,0,0,0
6.850470248339413,36.69328393133117,2,5.38081526830276,0,0,0,1,10,0,0,0
5.146541812688932,76.97740941097474,2,4.474131249452888,0,0,0,0,10,1,1,0
1.4352237618245745,73.49866485256081,3,6.642031082017757,1,2,0,0,6,0,1,1
3.5394617986021784,85.4176441532088,1,8.825595171164967,1,3,1,0,5,0,1,1
0.6937462687099909,53.481120786860416,2,3.8843177155642197,0,3,0,0,10,0,1,1
10.26291349560837,34.228285761440205,3,4.824536665967535,0,2,0,1,3,0,1,1
2.215041213174353,91.53593170659093,2,3.018629090413498,0,1,0,0,4,0,0,0
4.918091968129553,43.305970640472715,3,5.310427088892268,0,1,0,0,10,1,0,0
0.8644882260622127,33.72914854588929,2,4.687201261099166,1,1,0,0,9,1,1,0
1.1543972608759556,46.20426508190374,3,7.316903886740375,1,4,0,0,9,0,1,1
20.0,30.36618567685845,1,7.839496337329759,0,3,1,0,6,0,1,1
6.993583893029184,60.52297650246692,2,6.5759709065741525,0,3,1,0,9,0,1,1
16.347145620081882,37.88663236482975,2,7.093528688762775,1,3,1,0,12,0,1,1
1.753827660588054,44.250316601902554,3,3.5903275666424967,0,0,0,0,12,0,0,0
0.8990009502802372,69.35557723329924,2,3.0901361637996,0,0,0,0,12,0,0,1
3.496515079264616,62.47386420352383,1,5.873634751449033,0,3,0,1,8,1,1,1
3.4127009923642455,50.31169145139317,3,5.0400405145225715,0,1,0,0,8,0,0,1
0.961535314702237,53.41747057493964,1,8.998377762635297,0,2,0,1,4,0,1,1
6.6066465844325855,50.24510861263083,4,1.156711034142495,0,0,1,0,5,0,0,0
2.245341821570061,41.37689867165271,2,6.239161612407906,0,3,0,0,8,0,1,1
1.0312185015819868,49.94946678304426,2,6.206101570297884,0,2,1,0,3,0,1,1
2.017211236431634,59.81683250985887,1,3.4760844075005086,0,0,0,0,8,0,0,1
4.146652714290918,47.476757420423205,2,3.06484566999368,0,1,0,0,7,0,1,0
6.481736909458101,58.39535260460548,2,4.321476323522198,0,0,0,0,8,0,0,1
3.2878470711422905,33.26662443153906,2,1.716977569504769,0,4,0,0,2,0,1,1
3.7284693514217504,37.9221269770859,1,7.914665608270221,0,0,0,0,1,1,1,0
0.7479899217852546,35.31358993452049,3,10.0,1,2,0,1,12,1,1,1
12.307372187543852,38.69737256415188,3,4.3174313432595595,0,2,1,0,10,1,1,1
13.205991959714382,75.74362093412182,3,3.721409641600853,0,0,0,0,2,0,0,1
5.751000612424967,64.5207758622072,2,2.3782832990757914,0,5,1,1,11,0,1,1
0.08894346867579891,28.46153762631309,3,2.8077264889662787,0,0,0,0,5,1,0,0
3.850942656359928,58.749965928169104,2,3.821111156660459,0,0,0,0,9,1,0,0
4.96071805943474,42.1883537470286,4,7.417535881695269,0,0,0,0,8,0,0,1
20.0,36.352308290568686,2,10.0,0,1,1,0,7,0,1,1
20.0,20.285210685549863,3,3.554348071749761,0,0,0,0,4,0,0,0
9.745970914375695,69.43837387640488,3,3.1958932054034777,1,2,0,0,12,0,1,0
0.3297962736480522,22.72273700665723,3,2.664013580175116,1,2,0,0,11,0,1,0
15.317528456391825,48.96073643980251,3,5.9015788581516615,1,0,1,1,3,0,1,1
4.742278192369834,31.073775085502625,2,5.6884418236759,0,2,1,0,4,0,1,1
8.069408117527999,65.51687894139849,3,5.201851604628273,0,1,0,0,8,0,1,1
2.6144307156977953,43.31296347372099,2,4.111392565862244,0,1,0,0,8,0,0,0
1.9258826359636743,47.310746889593105,1,7.718409398327383,1,1,0,0,6,1,1,1
3.1110596747001766,47.98531474139934,2,6.528522058615559,1,1,0,0,12,0,1,1
0.7942431486497237,56.05140669871567,3,6.441727639697534,0,0,0,0,4,1,0,0
2.2085670984118866,50.26009527966619,2,5.7404772539916555,1,1,1,0,3,1,1,1
9.746190895936135,49.134536220777676,2,4.621222355160136,1,3,1,1,8,0,1,1
0.1934468002883042,39.63196049490444,2,3.5696634717286653,1,5,0,0,10,1,1,1
0.8177622983518584,18.50541253315814,3,6.039810031087059,0,1,0,0,2,1,0,0
0.6683207766111294,27.62898080916289,3,5.846325315209188,0,0,0,1,8,1,1,1
2.5798235539117593,64.3695947736129,2,6.134382273237637,1,3,1,0,5,0,1,1
20.0,43.88361073347404,2,1.8711320303382006,0,0,0,1,9,1,1,0
0.9519174161092471,36.71980444555041,2,5.678556285941987,0,1,0,0,10,0,0,1
0.7860923594607515,21.8854371116391,2,4.38266630531731,0,1,0,0,8,0,0,0
12.328799409729834,15.607057198192955,4,3.2428055874594808,1,2,0,0,12,0,0,1
10.687494280313679,35.93586239743603,1,6.456853888439978,1,0,0,0,3,1,1,1
0.1638576932662679,67.76105708090515,2,5.354540780597766,1,3,1,0,4,0,1,1
6.965707953500976,38.85859612755363,3,9.708246772787554,0,2,1,0,12,0,1,1
5.327808165917909,58.00971050482895,2,5.968964322198704,1,1,0,1,12,0,1,1
7.299506660036888,37.93880341204084,3,4.405558744167783,1,1,1,0,9,0,1,1
3.4110604835366667,62.77733392057698,3,4.783428995112203,1,4,0,1,6,1,1,1
20.0,42.96498396382662,2,2.656197460734372,1,2,1,0,9,1,1,1
0.2241867823203317,25.362315088990073,2,7.461696357039418,0,2,0,0,3,0,0,1
1.335291633421818,44.620938642011126,2,5.62997057141191,1,2,0,0,8,0,1,1
2.5254272090066667,86.68000836560815,2,5.664259360586289,0,0,0,0,9,0,0,1
2.9871666981496183,85.79768631101709,2,2.8715630716206504,0,3,1,0,12,1,1,1
12.714844707982373,59.73066605558729,3,6.558002365517254,1,3,0,0,1,0,1,1
4.10495235238212,47.25882369172595,3,3.1292040631330744,1,1,0,0,11,0,1,1
0.2308008546596958,56.07803604190167,1,3.892180977652986,0,2,1,0,9,0,1,0
2.6200859509287966,56.337046774665794,3,5.250875800526537,1,1,0,0,10,1,1,1
2.6934719807321086,49.20226495265797,1,3.8381090640759,0,1,0,1,11,0,1,0
16.832666677275437,58.818880398452336,3,3.4153393789488424,0,1,0,0,12,0,0,1
4.571427356532269,54.164537243071265,2,4.899729403135861,0,2,0,0,2,0,0,0
5.048216373938306,43.68055229271373,1,7.020013607468126,0,1,0,1,12,0,1,1
6.245775470439444,26.094864012327143,3,6.790152526645725,0,3,0,0,5,0,0,1
7.349234612094129,40.798815155596685,2,6.414831096555112,0,1,0,0,3,1,0,1
5.0399892677605855,65.99037698147194,2,5.97247966711561,0,0,0,0,1,0,0,1
1.35375999923985,49.37075551009271,2,4.048871881517272,0,0,0,0,5,0,0,1
10.359189189866758,56.0057378317501,1,7.241745165585245,0,2,1,0,12,0,1,1
6.5860770743524855,44.33968944591175,3,1.528194926092993,0,2,0,0,7,0,1,1
6.771469121350002,28.808049899787505,3,5.867578543275496,1,0,1,1,12,0,1,1
20.0,45.227405702563544,1,6.682589968231308,0,2,1,0,2,0,1,0
8.110755287027704,29.55088198501297,2,4.819416862197642,0,3,0,0,2,0,1,0
8.834887566222273,28.27421652792897,2,3.555416470494666,0,2,0,0,11,0,1,0
15.121226232474797,74.11273217738818,3,4.925881954560575,0,1,0,0,3,1,0,1
0.8192696884704194,41.59827990131567,2,3.4848099385704177,0,0,0,0,10,0,0,1
3.443061159786222,35.17030549079933,3,6.028521315366287,0,1,0,0,8,0,0,0
4.344257680100764,82.3591936876181,4,6.891467315985948,0,0,1,0,6,0,0,1
1.9969857464881855,66.29970070808483,2,5.8933795639373106,0,1,0,0,3,0,0,1
9.144296494735862,42.56981548996324,2,5.774271100645289,0,1,1,0,3,1,1,1
7.186246387939029,58.55272651104737,3,6.520635113617976,0,3,0,0,10,1,1,1
6.380622485845139,45.28423363478595,2,6.751778613177839,0,2,0,0,7,0,1,1
20.0,36.146406414408006,2,3.4434525809589998,0,1,0,0,3,1,0,0
1.5013473007079812,59.49382448970009,3,1.9240134467450671,1,5,1,0,2,0,1,1
6.648762106840992,43.51396229359594,3,5.55577331450801,0,0,0,0,5,1,0,0
4.008168161076445,51.50996017998806,2,6.848771395521536,0,2,1,0,8,0,1,1
1.8770262043887598,70.42726469799342,2,1.8382031033111135,1,0,0,0,1,0,1,0
0.8752614347056082,68.22426207590753,2,5.137664152699389,1,1,0,0,1,1,0,1
11.31124025946573,38.99813416287847,3,7.256671359455902,1,2,0,0,1,0,1,1
4.5249674671440765,59.72063204574172,3,4.7670838076600495,0,1,0,1,4,0,1,1
8.712956529426412,27.44287507708488,3,8.042268589479368,0,4,1,0,8,0,1,1
3.941081771059924,59.0082832263141,3,7.667677848290662,0,2,1,1,8,0,1,1
1.2421598797664817,52.96990611602211,2,4.634574906485443,0,1,0,0,6,1,0,1
2.059042019938549,57.57958724726861,2,4.26452059283549,0,2,0,1,7,0,1,1
2.4026044510533273,44.051104907115345,2,4.301328006673505,1,4,1,0,10,0,1,1
18.04753485563748,91.6814254730498,3,5.269709858051817,0,2,0,0,8,0,1,1
0.028246025677165713,31.974005847593716,2,2.652993074834807,0,0,0,0,7,0,0,0
20.0,69.43103421936922,3,2.283257870858503,1,1,0,1,2,0,1,1
19.676876580017534,29.36603360463337,3,0.4570104696737518,0,0,0,0,6,0,0,0
20.0,60.08688349258642,3,4.957694053574894,0,0,0,0,4,1,0,1
3.236933519832858,61.515799545035655,3,9.077769870310457,1,1,0,0,1,0,1,1
16.594719852192345,51.09951743124571,2,1.0189641021136895,1,1,0,0,11,1,0,0
2.517588474638321,40.09351178912591,2,4.631674245051445,0,1,0,0,12,0,0,1
0.13323160761246447,52.82269781490598,2,4.5715851983513245,0,2,0,0,10,0,1,1
1.2702513201635204,55.340206668603486,2,4.6958674989514995,0,1,0,0,1,1,1,0
14.529114617996608,85.79872972612566,2,7.513602498793385,0,0,0,0,5,0,0,1
0.06930152559241018,32.55319429399408,2,3.223194248513381,0,0,0,0,3,0,0,0
3.948225817268403,38.881730073719964,4,1.1074936139987286,1,2,0,0,9,1,1,1
0.39306059711144237,55.694711141386726,2,3.931433897008241,0,0,0,0,4,1,1,1
1.6871395146171506,44.87892419209496,3,3.664331327903305,0,0,0,0,1,0,0,1
0.4610855204094919,47.999179245388,2,0.5381739839184609,0,1,0,0,7,0,0,1
9.813757599747781,71.40703670727521,4,5.490973459007041,0,0,0,0,10,0,0,1
4.471065110548775,0.0,2,2.6279747455853997,0,3,0,0,6,1,1,0
11.619373878680538,38.04101309964378,2,4.833800970220395,0,0,0,0,4,0,0,1
5.82942391116731,15.152615474975015,2,4.274319882363663,0,1,1,0,10,0,1,0
17.707322397814124,26.08367126191859,3,2.8519680572206374,1,4,0,0,7,0,1,1
3.5655011744046607,98.0924898414494,2,6.781254352380367,0,0,0,1,11,0,0,1
5.090379646404504,61.96336267905512,3,4.437080192516986,0,0,0,0,4,0,0,1
4.2937521895998625,69.03129850116208,3,5.108543134057755,1,3,1,0,6,1,1,1
3.3107667456925682,48.38940700427137,2,6.172812513005557,1,1,0,1,3,0,1,1
9.35269425242071,65.1742764966382,1,5.577003291432286,0,0,0,0,5,1,0,1
5.171503686795647,14.668709849595018,3,5.290000225166356,1,1,0,1,12,0,1,1
8.080104284112657,70.76596823539202,2,3.351616072622452,0,0,0,0,1,0,0,1
7.717406750081443,33.603117628802,3,2.775509468691307,0,0,0,0,12,0,0,0
1.0600609314713765,39.37368361348174,2,5.315695023178355,1,1,0,1,11,1,1,0
5.251447347260082,60.103021409093046,3,3.0761689788055926,0,0,0,0,10,1,0,0
1.1135183602597365,56.328935171644304,3,6.588882217985456,1,0,0,0,6,1,0,1
4.377189428074349,51.692400967870974,3,4.740920517695748,0,0,1,0,9,0,0,1
5.657248172019139,22.738076928393625,2,6.297224049967754,0,0,0,0,3,0,0,0
20.0,51.99627337643284,3,3.028455727456108,0,1,0,0,1,0,0,1
0.1550905199941386,69.21122706966457,3,2.717603738011651,1,0,1,1,9,0,1,0
0.4783844027796045,39.35025807800412,2,8.357746245002875,0,3,0,1,6,1,1,1
0.40077484188350415,76.29874090680592,3,4.701062611195773,0,0,0,0,9,1,0,1
2.5404907856581156,32.54616128171981,2,6.82643251742723,1,3,1,0,3,1,1,1
8.618309113279674,50.13095783436748,4,2.1761591828515154,0,4,0,1,6,0,1,1
9.291302222787486,80.70655466753226,3,4.433943451139263,0,0,0,0,3,0,0,1
6.677618335022269,36.37200174600781,2,7.604721769803998,0,0,0,0,8,0,0,1
11.359224353740881,71.07970966754148,2,1.8707543074359716,0,2,1,0,6,0,1,1
1.9493857515799626,89.49304724443618,4,9.550630878861977,0,1,0,0,9,0,0,1
0.4614243467593694,53.420881378483,2,5.405077567602113,0,1,0,0,3,0,0,0
0.2995623384880111,39.45966025233386,4,3.3621302984454955,1,2,0,1,12,0,1,1
9.557200808638203,34.54522394099953,3,5.703897452821201,0,0,0,0,9,0,0,0
6.554752659900517,76.0920540669465,1,7.218271404745711,0,1,1,0,8,0,1,1
5.996838885643749,75.53388398679297,2,3.348879151206972,0,2,0,0,4,1,1,1
2.0751258401181563,78.9861824573735,2,3.6359423263159973,0,2,0,0,1,0,1,1
2.3894144552540357,49.343232986881056,3,5.498260102964469,1,2,0,0,5,1,1,1
15.863961948090237,70.7561388305421,2,5.926041596001445,0,1,1,1,10,1,1,1
0.32965608763464316,49.0232121774786,2,4.60312489122016,0,0,1,0,11,0,0,0
7.430169894714523,32.33889756783282,4,5.804679460313443,1,1,0,0,2,0,0,1
1.8526620381318082,72.48353570224705,1,6.707098446606029,0,0,0,0,5,0,1,1
0.19918853301829148,82.6774055655641,2,5.346615472972168,0,1,0,0,1,0,0,1
6.785039353399122,29.587960544373605,2,3.617049639654976,1,2,0,0,10,1,1,1
2.009197585156356,29.211380741986602,1,4.958126102526066,1,1,0,0,3,0,1,1
6.403324745460008,50.79963868460249,1,8.512479160593863,0,0,0,0,7,0,0,1
6.149092785903157,69.12257211482,2,5.6661404331619565,1,2,0,1,12,1,1,1
3.8262982299754515,27.32361612492093,2,7.4804714065498175,0,1,0,0,12,0,1,0
7.511290670430544,54.54031473911812,2,3.9713223797665735,0,1,0,0,7,1,0,0
4.349879145228706,38.191460918804964,3,5.525281940425755,1,4,0,0,4,0,1,1
1.6888233271760378,64.01658199650004,3,6.588630084903091,0,0,0,0,3,0,0,1
6.623462634103601,34.04226357008219,2,7.995515357462817,1,5,0,0,4,0,1,1
4.447511534895739,65.43606000548358,2,7.4551774594789855,0,2,1,0,4,0,1,1
0.06404483685384801,46.83570378364583,2,2.761465393769136,0,2,1,0,8,0,1,1
11.59581768408755,31.257189526379147,2,7.303704751713603,0,0,1,0,2,0,1,1
3.944367036066243,51.27379910853777,2,8.372000489626858,1,2,0,0,5,0,1,1
10.148583471534637,11.240533710232945,4,3.850211034326767,0,1,0,0,5,1,1,0
10.716673152344198,38.818108557901205,2,3.2110660405232467,0,0,0,0,11,1,0,1
2.9436354454275753,56.74802140649323,2,4.951130766876003,0,2,0,0,5,0,0,1
3.5429286852058626,14.564904419362094,3,5.3589954061661125,0,3,1,1,8,0,1,1
2.6871690775982837,0.0,3,4.299861676983779,0,4,0,1,9,0,1,1
2.984067399187222,3.212653603736655,4,2.626530355244868,0,3,1,0,1,1,1,1
11.275987129402205,76.5425711100074,2,7.944812028156356,0,0,0,0,6,1,0,0
7.759242731579471,48.46481974474541,1,3.28007860812903,0,1,0,0,8,1,0,0
0.676382722958617,39.350692119856255,2,3.9861448511965056,0,1,1,0,1,0,1,0
4.711990174318853,68.9030947133366,2,5.218250905530723,0,0,0,0,4,0,0,1
20.0,41.91100635061778,2,2.0550398058131485,1,3,0,0,12,0,1,0
4.526144466562242,55.36923799733464,3,1.9022117966084058,0,2,1,0,8,0,1,1
7.705897817052813,50.51510701846526,3,4.136628600136873,0,1,0,0,8,0,1,1
7.328018612046856,40.580011584940436,2,6.651260369218177,1,5,0,1,5,1,1,1
2.1563576839507532,55.88291767778212,2,5.376007026096787,0,3,1,0,4,0,1,1
2.3248758872672903,65.46522442840289,4,0.8812080809584826,1,1,0,0,11,0,1,1
6.438156710755955,46.301867659660246,2,7.778967015032718,0,2,0,0,10,0,0,0
3.465571221560099,40.788888536907706,4,6.5948187367438145,0,4,1,0,7,1,1,1
4.226490911904314,43.149751840010936,3,5.382027650921845,0,1,0,0,3,0,1,1
6.23972430259203,4.041749344285364,4,5.328388131222585,0,3,1,1,12,0,1,1
7.515827172080558,55.661190930178236,3,6.346832454836523,0,1,1,0,1,0,1,0
1.5839520479402593,25.817774220228973,2,9.652637715680548,0,2,1,1,9,0,1,1
0.7937698905451105,62.594374482378484,3,6.761048396614722,1,2,1,0,9,0,1,1
1.7251059017176429,48.19151798649412,2,5.592335119746172,0,1,0,1,5,0,1,1
3.5416931942188334,52.10242193060881,2,2.545797973823692,1,2,1,1,9,0,1,1
2.0938256932569246,64.00658341212404,2,5.329038064124264,1,2,0,0,9,0,1,1
4.200848815273009,31.469524673181304,2,6.546624348306249,1,3,0,0,11,1,1,1
0.27474047851659456,57.38496886701914,2,4.769631752508262,0,0,0,0,4,0,0,0
3.564203267528815,55.352421051253295,2,3.9544289822536998,0,1,0,0,5,0,0,0
2.294210018463795,46.30438334714414,2,6.107291568472935,1,2,1,0,8,0,1,1
3.8250073696291587,31.436275984729242,4,3.023884862898254,1,1,0,0,2,0,1,1
2.745522978153966,61.90476728110328,2,6.7359273748271455,1,3,1,0,12,0,1,1
1.671952978162646,64.06909088838633,2,4.12887312489452,0,1,0,0,9,0,1,0
11.722658674384183,52.272040519557684,2,0.7550739131892641,0,1,0,1,11,0,1,1
1.0213942477158895,28.593951685707104,2,4.09049206898062,1,2,1,1,2,0,1,1
5.718554191589139,39.45101934149092,3,4.885750504284665,1,0,1,0,7,0,1,1
12.927705924685407,48.79334555159867,3,6.104987716679197,0,1,0,0,4,0,0,0
3.868207847722834,63.76989099964187,2,5.874102397202094,0,1,0,0,2,0,1,0
10.453867070722506,18.33021197773767,2,2.4190988703469567,1,2,0,0,7,0,1,1
0.6668083404757807,38.723930713912466,3,5.24418806502692,0,3,1,1,6,0,1,1
3.404006233582837,41.946548801155956,1,3.931989920303478,0,0,0,0,1,0,0,0
3.0534625859357596,48.33556841193941,2,4.279557462199623,0,0,1,0,4,1,0,1
0.04075972013972223,23.973494319503065,3,3.003535809011705,1,1,1,0,7,0,1,0
2.928260795141458,45.64934443253333,3,4.898185992768141,0,1,0,0,7,0,0,0
2.3024828752651443,43.79032871374821,1,10.0,0,2,0,0,3,0,1,1
5.540264473050902,29.24816257020687,2,8.71288463116761,0,0,1,0,5,1,0,0
13.929770497641048,47.64064831662632,3,3.0025886282889376,0,0,0,0,10,1,0,0
0.4484808250236063,39.17661806428996,2,5.131888672008015,1,2,0,0,12,0,1,1
1.9835902771528438,59.911722850194145,3,4.372028793121843,0,0,0,0,4,1,0,0
2.9355171283643076,32.29344877991323,1,5.284053313931523,0,0,0,0,5,0,1,0
3.036548426815306,51.7966824425691,2,6.832618213006919,0,5,0,0,1,0,1,1
7.454047745111909,33.83222325541463,2,4.74135509514452,1,0,0,0,8,1,1,1
2.9295032153007767,38.00491523682375,4,3.575537850676369,0,1,0,0,11,0,0,0
0.1376849399169528,55.945832554108115,3,7.312968110237269,0,3,0,0,12,0,1,1
6.191166836551489,54.69435465684311,3,2.5319354950887,0,2,0,0,10,1,1,1
10.806716671552847,41.659556348432794,2,5.378607717240883,0,0,0,0,8,1,0,1
3.606753047936049,44.611787633346644,3,2.027793900857117,0,0,0,0,8,0,1,0
4.350716971369004,20.92787109780952,3,2.947853681252263,0,1,1,0,9,0,1,1
0.8892763613540364,78.055286211614,2,6.489577566728423,0,2,0,0,4,0,1,1
1.2464491829742566,63.74912795756056,4,3.641217129900096,0,5,1,0,3,0,1,1
1.3405100236177936,63.028961017422134,3,1.2468765803933244,0,0,0,0,4,0,1,0
2.817107382162127,18.099355660875695,4,3.5546190868175094,1,2,0,0,5,1,1,1
13.165540768233754,38.090200150214265,3,3.3404580587750976,0,1,0,0,5,0,0,1
3.6884718449831286,43.30907942152754,3,2.4752684546018004,0,0,0,0,10,0,0,0
1.0665703789261411,11.378770159319757,4,6.100173428150863,0,2,0,0,5,0,1,1
1.546828943343233,67.79900192152174,2,1.9063746368760723,0,2,0,0,5,1,1,0
2.422663573270211,79.07768977096272,3,3.8241250362467856,1,3,0,1,10,0,1,1
4.880986328807251,91.23869912007228,2,5.266815677527177,0,0,0,0,2,0,0,1
2.899388493991521,29.082323449645273,3,4.314420197954445,1,4,0,0,1,1,1,1
2.4915615820520873,52.34646993668547,3,4.191618772774092,1,1,0,0,4,0,1,1
4.158927676569208,76.45636538300843,3,3.554587728594491,0,1,0,0,10,0,0,1
1.3842711613650616,44.927630421060925,3,2.5624267537521934,0,1,0,1,1,0,1,1
0.41095111951684904,38.66024172314644,2,3.7264783303558646,0,4,0,0,7,0,1,1
0.12358642793762531,12.67964652911018,2,6.315118818742407,0,0,0,0,11,0,0,0
1.4468118399039618,72.65244915543498,1,4.1319096648502995,0,0,0,0,12,1,0,0
0.48030849841788675,49.6147848785327,2,5.333841765542674,0,1,0,0,11,1,1,1
2.049931354803474,35.413162820738755,3,7.234236108719545,0,0,0,0,11,1,0,0
7.412562653025169,55.6771457965772,2,6.199608253011721,1,1,1,0,2,0,1,1
6.2990897659122265,53.060107463573296,2,2.4474402763092784,0,0,0,0,2,0,0,0
4.719949464998837,53.36518204709183,2,5.895919764694975,1,3,1,0,9,0,1,1
9.569643783119123,45.65803875346649,2,7.095339030137977,0,1,0,0,2,0,0,1
1.6568994948580884,82.44716317526732,3,3.835601490462428,1,1,0,0,9,0,0,1
10.816453387722227,47.326805334751555,3,1.8287517206378436,0,1,0,0,2,1,0,1
2.5477918825585695,82.38644152646609,1,4.118608834708615,0,0,0,0,3,1,0,0
2.5615779850136744,61.282338528003955,3,5.376111424424715,0,2,0,0,12,0,1,1
2.598924976922248,57.02340285523463,2,6.18481598811845,0,2,1,0,12,0,1,1
0.5162269164244603,47.73450493443689,3,3.958507389651909,0,3,0,1,10,0,1,1
18.54347206696614,69.47913387091842,2,0.9290230885253834,0,0,0,0,3,0,0,1
0.7454404525740805,52.25983535155991,4,2.4471831544575307,0,0,0,0,2,0,0,1
2.0842917601535005,31.357375697729367,1,5.719841866985323,1,2,0,0,6,0,1,1
1.9231703455633875,30.69015618003929,3,8.98134937824289,0,0,0,0,6,0,0,0
0.3880752119519066,58.44969243868544,2,4.956107175918405,0,0,0,0,3,0,0,1
0.8259072372862601,31.852422296670085,1,7.625754588600579,0,0,0,0,4,0,0,0
0.22947805214832362,48.75537886055001,1,2.886089666061356,0,0,0,0,11,0,0,0
1.7294133357068242,71.14369077102182,2,3.7047224025144163,0,4,0,0,7,1,1,1
10.07414976714265,56.07940355788668,3,0.3194310898836923,0,1,1,0,12,0,1,1
2.0733532903581224,35.55730259342505,1,5.7392948719125965,1,4,1,0,2,0,1,1
0.6601873001593767,78.1997502323228,3,3.212750561660883,1,0,0,0,11,0,1,1
5.1879698048871,60.957504739894034,3,6.198202026166155,0,0,0,0,3,0,0,1
20.0,70.35585974408178,2,3.9953677979966553,0,0,0,0,5,0,0,0
1.3219361784308237,4.648833135813952,1,9.043626010270053,0,1,0,0,3,1,0,1
1.6395420926579347,56.617057565254925,4,8.586403292942615,1,1,0,0,3,0,0,1
17.850516431023614,66.84315672759786,2,0.3932585352951694,0,2,0,0,9,1,1,0
0.9847985944475901,84.00577284595984,2,6.182421635913937,1,3,0,0,12,0,1,1
3.5791532555991616,20.723628316979166,3,3.5134036955979937,0,1,0,1,10,0,1,0
1.3698961535390524,74.12229178389066,2,6.293773111627924,0,3,0,0,10,0,1,1
13.467179897352707,82.88760571402489,2,2.312506756192145,0,3,0,0,3,1,1,0
19.95560557795172,9.654220454420411,1,7.882467772887987,0,3,0,0,10,0,1,1
8.428837610065917,59.57182219739485,4,7.061384598194703,0,3,0,0,11,0,1,1
1.8901044657835988,62.35241628681404,2,2.1724954202260496,0,3,1,0,3,0,1,1
2.583275203247604,43.45984674696187,4,4.637378758264865,0,0,0,0,3,0,0,0
1.387376256412107,40.19811079867421,2,5.324792118509568,1,4,0,1,9,0,1,1
11.070946861164952,63.35707826575645,2,6.4386365658670375,0,4,1,0,5,0,1,1
12.29960372914604,37.70036493178736,4,4.976103755191076,1,4,0,0,12,0,1,1
2.7139096729574916,45.65501343163804,2,6.572744373560145,0,1,0,0,10,0,0,1
5.343322226627479,66.24869801647843,2,4.858468010781496,0,3,0,0,4,0,1,1
0.9049313221169143,85.08086100653728,1,6.223544570150734,0,1,1,0,7,0,1,1
2.854080517932532,60.759685450840365,4,2.264269731291527,1,1,1,0,5,0,0,1
4.991560715658986,52.66968990829023,1,4.948016905563276,1,2,0,0,6,0,1,1
2.4339435167991788,39.67205030678459,3,7.30024526076911,0,0,0,0,7,1,0,1
2.212716890018746,29.787999186978876,2,7.822174623013995,0,3,0,0,2,0,1,1
0.004997457961465903,72.19156483001899,1,5.34607926989134,1,0,1,1,1,0,1,1
8.155695029703393,46.931002977462306,1,4.801729742264706,0,0,1,0,12,1,1,0
11.006356311627986,73.01406549333457,4,7.7360686052364755,0,0,0,0,9,0,0,1
17.44416778557922,43.40896244009077,3,4.798143248525967,0,1,0,0,3,0,1,1
6.351834297409557,37.01422677277978,3,7.289054310878606,1,2,1,0,3,0,1,0
3.979137703780618,58.41597777655032,2,4.786713353730256,0,2,0,0,11,0,1,1
1.5686555749133582,48.469281214632,2,5.0799971465057725,1,1,1,1,5,0,1,1
20.0,25.889427907785247,3,2.790563253672778,1,2,1,0,9,0,1,1
4.454977535334353,86.34736659563696,3,2.501434885605994,0,0,0,0,5,0,0,1
5.715236391170962,37.46032452456725,3,6.956258915599644,0,0,0,0,9,1,0,1
5.734909757099535,68.55183042348428,2,8.445638150883715,1,2,0,0,7,0,1,1
9.329779858657457,66.83713258792963,4,5.21142503906679,1,2,1,0,8,0,1,1
0.048598108519795076,24.810744701712864,1,4.667616986477823,0,0,0,0,10,0,0,0
1.2438899986020893,29.95224710767031,1,7.045283155067828,0,3,0,1,6,0,1,1
5.476100246667185,43.96981320599744,4,5.674729998295598,0,3,0,0,7,0,1,1
11.275919313523222,32.68706910843367,3,0.20335482874563127,0,2,0,0,11,0,1,0
5.781293585413493,84.52912743757376,2,6.987344688923924,0,0,0,0,7,0,0,0
2.6678388136786064,45.99648726402977,3,2.3261914735833757,0,0,0,0,11,0,0,0
2.243602616468162,67.79498085628137,2,4.97655933277441,0,2,0,0,5,0,0,1
6.696061766206337,60.27274778000408,1,4.117027170369292,0,0,0,0,6,0,1,0
6.759226941185121,55.280448979927066,3,3.7186828477253266,0,2,0,0,4,1,1,1
4.67046620814585,50.806424214791754,2,5.093875102509613,1,1,0,0,7,0,0,1
1.7227933883516908,74.74261415577394,2,6.787255074991194,0,1,0,1,2,1,1,1
12.961667720718747,33.49814053329967,2,5.062642226022141,0,3,0,0,11,0,0,1
4.013470480633772,84.52670620913173,2,7.819789520107259,0,1,0,0,7,1,0,1
7.8149752729868585,24.2555363899181,1,8.068001756361515,1,2,1,0,10,0,1,0
1.2059537726276999,65.63023451244848,3,8.049741942518907,0,0,0,0,6,0,0,0
2.1082833486875945,21.896722801204348,2,4.888305174374847,1,3,1,0,12,0,1,1
10.380416589647062,43.685888955460804,2,4.043564262121796,0,0,0,0,7,0,0,0
0.25702981914608647,51.86619876121934,3,4.932604951590595,1,0,0,1,10,0,1,1
3.5904310579250143,40.266093023409724,3,7.25064434489132,0,5,0,1,1,0,1,1
3.286058132843028,46.36660860766218,3,7.130726883677854,0,2,0,0,1,0,0,0
6.956136317670812,22.26059104138413,2,0.0,0,0,0,0,12,0,0,0
1.65568884533094,30.25099062552897,2,5.611698547916737,1,0,1,1,1,0,1,1
1.2363284608107208,59.965294143917646,3,0.2639751009459541,0,2,0,1,3,1,1,1
13.027434587456618,50.5934364995489,2,4.96186348246534,0,1,0,1,1,1,1,1
4.239769650618235,36.189439483569856,1,3.9419926389427498,0,1,0,0,11,0,1,0
0.5529238488324801,76.48555526259344,3,3.3261603429887616,0,0,0,1,3,0,1,1
1.07238211195358,25.601382000195684,2,6.698511278300616,0,3,0,0,11,0,1,1
20.0,42.768190682718746,4,3.7054278131921654,0,3,1,0,3,1,1,0
1.08834902475248,39.88687443643057,3,4.9809907036432035,0,2,1,0,1,0,1,1
4.714142718208681,62.30075255522089,3,3.1352642959477732,0,3,1,1,8,0,1,1
2.7247401284090254,50.963273822743886,3,5.147443781369848,0,2,0,0,12,1,1,0
10.840231439579757,47.836695069308064,2,6.919460825836534,1,2,0,0,3,1,1,1
7.035927185632228,13.115665922655218,3,3.24424662503845,0,0,0,0,12,1,0,0
4.543490597491196,67.30068961264186,3,6.279873027664509,0,2,1,0,4,0,1,0
0.05398530421906465,45.64348370336526,1,5.112972488417788,0,1,0,0,12,0,0,1
10.592791932865978,52.3132203522084,4,5.094639476088011,1,1,0,0,10,0,0,1
2.9409409650671603,35.02873559812245,3,4.299184299056053,0,0,0,0,3,0,0,1
13.410278987285384,31.883424743658544,4,6.546814425417228,0,2,0,0,12,1,0,1
3.421323859596539,79.98575516951374,3,6.341835618875847,0,1,0,0,5,0,0,1
5.92452035522125,14.535228434751744,2,4.733130327562114,0,2,1,0,7,0,1,1
0.3590519498348622,28.916019444344563,2,5.4053565795617775,0,2,0,0,10,0,1,0
6.83543315226256,79.60984305338161,2,6.48595232244218,0,0,0,0,5,0,0,1
2.0624186403300175,62.814927619973076,2,6.083038433775273,1,1,1,1,3,1,1,1
2.1643794806377867,43.49074936515161,2,4.386726651892505,0,0,0,0,5,0,0,0
0.631535438399956,74.93192628577306,2,7.331415682204893,0,1,1,0,10,0,1,1
0.794141380784526,58.937202327920176,3,6.728275637291697,1,0,1,0,3,0,0,1
1.0274947851610416,54.65320183948839,2,9.2224780376011,0,0,0,1,9,0,1,0
1.9890189200032224,54.51124034204835,2,1.8608611578255982,0,0,1,1,3,0,1,0
11.126727526222835,59.30476434428987,2,6.403971278632311,1,1,0,1,4,0,1,1
2.2963886949347585,60.11385002594906,3,7.304179100500193,0,0,0,0,9,0,0,0
6.443347158687292,93.91946105791914,4,7.010334223185714,0,0,0,0,12,0,0,1
0.4318624722647596,46.10214376654656,3,4.494573886237498,0,1,0,1,4,0,1,1
4.47140857566293,46.71905623703592,1,2.273686804369249,0,0,0,0,12,0,0,0
3.2878504026130244,25.262136248585723,2,8.079309221668328,1,0,1,1,10,0,1,1
19.074015740755744,48.962052263579636,3,4.036511779236818,0,2,1,0,2,0,1,1
9.360763712779049,87.25773799089637,2,4.409110228035867,1,1,0,0,11,0,1,1
3.0332859446945264,69.68970004869313,4,9.133097588968923,0,2,1,0,10,1,1,1
7.461447925152816,39.12664512249344,1,2.4537715995495497,0,0,0,1,6,0,1,1
1.0723980921218175,50.6008272904257,2,6.637775920570416,0,3,0,0,5,0,1,0
4.131522671634655,24.071232488300108,2,3.4924246900579092,1,1,0,0,5,1,0,0
0.38774897215773146,30.617613114033873,3,3.448534353292073,0,1,0,0,12,0,0,1
2.1392363945644317,52.98882305227435,2,5.335305457448739,1,0,0,0,6,0,1,1
1.2800268066175962,40.110907943590945,2,6.352749597856512,0,2,0,0,11,0,1,0
6.345398596180316,29.108004212431634,2,6.900401410450186,1,1,0,0,6,1,1,1
3.3676119749359006,59.79681529475784,2,7.162946341060529,0,1,0,0,9,0,1,1
6.952927350826641,48.35499826693352,4,3.586824801558347,1,3,0,1,10,0,1,1
3.621078617036515,18.648992566179214,2,2.7129461189957835,1,4,0,0,12,0,1,0
0.45227436138206484,8.497060676644239,2,4.314712205345542,0,1,0,0,2,0,0,0
6.64706886874288,38.59977002851492,2,5.6949573160968585,0,0,0,0,3,1,0,0
8.955676240107453,18.234697131169444,2,4.588723715377916,1,1,1,0,4,0,1,0
11.69267953795255,12.621771870586926,2,0.0,1,2,1,0,4,1,1,1
4.243066321002862,72.57938402804172,2,1.3456403510276456,0,1,1,0,2,1,1,1
7.003698147215715,48.04578220269414,3,4.519053790739241,0,0,0,0,12,1,0,1
6.972526632761653,44.691072435489936,4,6.710401705839119,0,0,1,0,4,1,1,1
0.846531676011844,46.23188367698502,2,3.1907065841609557,1,1,0,0,9,0,1,0
0.8969534048057148,27.243356984140604,3,6.466142289930131,0,0,0,0,8,0,0,0
0.3676165160403045,58.21952330028337,4,2.007792675048905,1,1,1,1,12,0,1,1
1.92767740865047,47.38599346534919,2,5.511137042585482,0,1,0,0,10,1,1,1
3.207601292701528,34.851826880411764,2,5.525704085346831,1,0,1,0,7,0,1,1
20.0,37.84742630950001,3,5.937477896693319,0,3,1,0,5,1,1,1
2.8193157190692046,25.450825735754094,3,2.983437049810867,0,2,0,1,12,0,1,1
6.477564621361211,41.87514254196331,2,1.9047338844010038,0,1,0,0,3,0,1,1
5.911008067727917,45.20744238434972,2,6.452103849433623,0,3,1,0,12,1,1,1
1.1438087082235469,41.35433341740072,2,1.9476825765035808,1,1,0,0,12,0,1,0
0.3014426335887339,51.10309114683172,2,3.458180611018806,0,3,0,0,4,0,0,0
3.948364761353612,48.42976590476488,3,7.783365250319942,1,3,1,0,1,1,1,1
6.024959822707878,54.61537077329214,3,5.339777896433259,0,2,1,1,11,0,1,1
20.0,68.86194073843188,3,5.737507983632961,0,0,0,0,6,0,0,1
2.2205961168348973,61.86046954426161,2,6.249471478473351,0,0,0,0,2,0,0,1
11.334379713966598,69.09179681020672,2,6.178239316422675,0,0,0,0,6,0,0,1
2.4057876639331184,33.04531540347543,3,4.957433669727447,0,2,1,0,4,0,1,0
5.846435325742128,39.82770211822685,2,3.1971565790059944,1,1,0,1,6,0,1,1
4.5596628438541895,63.07193367891935,3,10.0,0,0,0,0,10,1,0,1
0.27216896245463434,63.429553428641725,3,4.414730574609092,0,0,0,0,8,0,0,1
0.4081571578920168,36.427587649262364,3,5.662093021941457,1,1,0,0,9,0,1,1
0.10491347410503293,62.23167851563485,3,5.880278331024996,0,0,0,0,4,1,0,0
2.3168014029222594,31.129357667081166,3,3.934099083525452,0,2,0,0,1,0,1,1
6.848190229933567,59.62111448283588,2,4.148622071189663,0,0,0,0,9,0,0,1
0.9482742629468538,49.47407598268718,4,7.976465434995596,0,0,0,0,6,0,0,1
4.655156313033433,22.31128792187327,2,3.52204498077608,0,0,0,0,5,1,0,0
1.7042032816571981,41.31852356481186,4,5.824859691255297,0,0,0,0,5,0,0,0
7.972564827609951,93.64535619390986,2,6.791707803041449,0,1,0,0,11,0,0,1
8.007253203998319,54.0556072560999,2,4.571714822167219,1,5,1,1,1,0,1,1
7.467494323092105,96.0089995343652,3,4.812232137117841,0,3,0,0,10,0,1,1
3.7204501954852613,21.121469402499272,3,6.9138102940718555,0,2,1,0,5,1,1,1
1.6743345997179724,65.01483585327685,3,4.725301056266066,0,1,1,0,7,0,1,1
8.289046973129482,0.0,1,0.8455834605044315,0,1,1,0,3,0,0,0
1.0295923053862368,49.99529030170434,3,8.007766690417832,0,4,0,1,12,1,1,1
1.710758887814789,62.624347553026425,2,3.049049040194608,0,4,0,0,4,0,1,0
1.0163842024197502,66.75780189992552,2,5.43095351883886,0,2,0,0,12,1,1,1
5.60751384633127,34.01460550839174,4,2.364443373331667,0,0,0,0,12,0,0,0
5.795571288129421,70.78180843953473,3,3.9782412934219686,0,4,0,0,5,0,1,1
5.285096853058152,39.325704799106106,2,4.127028207223199,0,4,1,0,9,0,1,1
2.6858605457205433,46.71805497775207,2,5.3483421885783295,1,2,0,0,3,0,1,0
0.5277527085661303,41.33355561286732,3,3.245735461067246,0,1,0,0,3,0,0,0
12.105130854533698,27.27221298535337,3,8.965669269829153,0,2,0,1,8,0,1,0
3.543649454143385,81.39439174841718,2,5.049064291192433,0,0,0,0,9,1,0,0
2.612569961161059,50.960356343161536,3,6.7620836382029434,0,2,0,0,5,0,1,1
4.443680523644358,71.74636757317256,3,4.982291182421815,1,2,0,0,9,0,1,1
1.0708598071205673,70.89422483529201,2,6.994536179315385,0,0,0,0,4,0,0,1
0.7109799912888332,30.641195714540338,1,0.7986999610804224,1,2,1,0,8,0,1,0
2.600384942035851,74.32254495343203,2,3.5905089981166225,0,3,0,1,8,0,1,1
1.288808872609812,60.06828487098645,3,3.956408154944754,0,2,0,0,12,0,1,1
1.4004898201384874,29.181962710542216,2,3.9402290019310957,0,2,0,0,7,0,1,0
11.151856500903852,58.97701662683009,3,6.037355675085761,0,2,0,0,7,0,1,1
3.7831958042112204,29.540642302638645,3,6.174329945729009,1,2,0,0,5,1,1,1
3.303100486959824,82.1291673595728,3,4.8518970358451385,0,5,0,0,3,1,1,1
5.8475282954363355,66.27573489844193,1,4.901407243713154,0,1,1,0,1,0,1,1
15.135920040013103,48.577028756179295,1,9.88102332414051,0,0,0,0,1,0,0,1
0.595035848160643,75.29607236434367,3,5.649186888402438,0,0,0,0,9,1,0,1
8.964838006907211,18.360247105929247,3,0.5495854620847211,1,0,0,0,11,0,1,1
4.385580626176577,35.01317399759917,2,6.540224797768127,0,1,1,0,1,0,1,0
0.7900886333567831,44.95160556519257,2,6.118930440145816,1,0,0,1,1,1,1,1
1.763054059250251,94.71369362851036,3,7.318689823288572,0,0,0,0,3,0,1,1
3.292389977110319,28.59034198253189,2,6.196796456393544,0,0,1,1,1,0,1,1
5.8749372494812215,15.853881165186529,3,3.1904907653903063,0,3,1,0,2,0,1,0
1.3893651404264302,21.112289710034588,2,6.780009106868775,0,1,1,0,5,1,1,1
3.827286477252531,68.12431738411202,3,5.198611911493636,0,4,0,0,1,0,1,1
5.770703652424444,38.116154589222866,2,7.092328628959086,0,4,0,0,5,0,1,0
2.977750369269568,46.81826671262773,3,8.095798093674258,1,1,0,0,12,0,0,1
9.939819341692205,65.25665283348968,2,4.756267474658257,1,0,0,0,9,0,1,1
10.18034356559539,46.83830744084177,2,6.75159393248086,0,0,0,0,9,0,0,1
3.1809165392581322,54.08293209016111,2,7.067306958983324,0,0,0,0,1,1,0,0
18.045853624975848,60.704302952193906,3,5.317499735592613,1,2,1,0,11,0,1,1
0.39297136966448853,41.38647216079569,2,8.916180460489407,1,1,1,0,5,1,1,1
0.01684021910095749,46.67365880140632,2,7.091086716770699,0,0,0,1,9,0,1,1
2.3955711354025926,54.83910804642023,4,3.8292239771528815,0,1,1,0,1,0,1,1
4.595185766352044,67.3635854610644,2,5.520158703630115,1,1,0,0,11,1,1,1
4.960464349560253,34.15261471638702,2,6.72033780600411,0,1,0,0,10,1,0,0
3.235572992221173,0.0,3,8.84017884085292,0,3,1,0,8,1,1,1
0.6669902260963934,63.59166298771294,3,6.241713179265772,0,5,1,0,8,0,1,1
0.9346459087931271,68.55431837500169,2,5.578920240282533,0,0,0,0,12,0,0,0
9.55771698167174,54.000683242603436,3,7.527628672943944,0,0,0,1,8,0,0,1
10.121401692617873,55.36586437913071,2,4.561091482377112,0,1,1,0,5,0,1,1
5.602733562412363,38.71380211719659,2,3.0200357899229484,1,1,0,0,5,0,0,0
5.456465282769194,60.00366843069848,2,6.4075127164563055,1,1,0,0,10,0,1,1
4.552563882617337,67.06333639368377,2,4.243663483484044,0,2,0,0,1,1,1,0
1.1340380646219554,51.12992682836969,2,10.0,0,1,1,0,8,0,1,1
2.7952733542294816,99.82496660014533,2,5.5059398681235185,1,1,0,0,2,0,1,1
5.95190548184288,18.72517824657241,2,6.419737975595659,0,0,0,0,9,0,0,0
3.852866186631481,53.25923341712694,2,3.743349807575587,0,2,0,0,9,0,1,1
0.09377558431526593,26.51294075365371,2,7.52920084566345,1,2,0,0,9,0,1,1
15.34762681552973,67.5969184791378,2,4.946101887138283,0,3,1,0,11,0,1,1
9.31572054051985,18.37049143915637,2,4.750927224339123,0,3,1,1,8,0,1,1
1.5092093484554023,23.32156914564603,2,4.798955777672439,1,2,0,0,7,0,1,1
4.7915429240518606,37.33626118901591,3,2.4171914000773427,0,1,0,1,10,0,1,1
12.83531789660386,55.31664339710799,3,4.498946758969703,0,0,0,0,3,0,0,1
0.5046905010290295,38.090572226767655,3,6.092331600582677,0,1,0,0,11,0,1,1
3.4961228607162615,38.291174748018136,3,1.9092275211251644,1,1,0,0,10,0,1,1
3.0462643531584637,46.382190901478296,2,7.043338047994171,1,3,1,0,2,0,1,1
2.639901345225651,45.15519681876987,3,4.463323091743753,1,2,0,0,9,1,1,1
9.026917548939759,79.74898776637048,3,5.489453468302521,1,3,0,0,6,0,1,1
2.395392582373062,63.718222393379364,1,0.5319712069198363,0,1,0,0,4,0,0,1
0.32890090233988306,43.508465204307115,4,5.449974121314765,1,1,0,0,9,0,0,1
0.3405256612433324,91.94023822427228,1,2.9137062354848813,1,1,0,1,10,0,1,1
0.21842527148513496,59.83322349712019,2,4.297083270058164,0,0,0,0,6,0,1,0
2.630926762772553,30.62075889372903,2,1.8650689149658444,0,0,0,0,5,1,0,0
6.336449739548337,55.13027479983688,3,3.236236873675815,0,3,1,1,4,0,1,1
1.1390374399557583,60.71025089730629,4,4.67288337045107,0,2,0,0,8,0,1,1
5.198913732486552,36.24750561877303,4,4.4564951532243455,0,1,0,1,3,0,1,1
5.809173934378544,28.949821783879216,2,6.769060700975312,0,1,0,0,7,0,0,1
1.473212024082882,51.72918180084884,3,1.2638577513502405,0,2,1,0,1,0,1,1
4.588429223716421,42.79556457387929,1,4.8972614089982,0,0,0,0,6,0,0,0
5.773823796560644,79.58255776910885,2,4.801834753132695,0,0,0,0,9,0,0,1
3.142546035609519,64.82311648169829,3,4.084385872563642,0,3,0,1,6,0,1,1
2.052764625231797,37.18449451826839,2,3.173588225937766,0,1,0,0,3,1,0,0
4.826768780745646,58.51876221897177,1,7.204354164359592,0,0,0,0,4,0,0,0
19.048931467656953,75.34256285449479,2,9.095427131932638,0,3,0,0,10,0,1,1
2.782964140409331,22.123911082007,2,1.5718776180754364,0,2,0,0,10,0,1,1
2.4857239750241575,29.544435180244957,2,3.15163002256738,1,3,0,0,11,1,1,1
3.1205959710913627,49.77662765440938,2,2.9912789246705707,1,0,0,0,11,0,1,0
0.3963979590966124,50.71203935810068,2,4.436956597271784,0,2,0,0,9,0,1,1
4.0278101500303585,48.95604989074279,2,7.511691346448396,1,0,0,0,8,0,1,1
1.9926762796058082,43.78445642424644,1,6.055340944549518,0,2,0,0,12,0,1,0
0.6472536341393313,43.4787935509596,3,4.692294854124345,0,3,0,0,4,0,0,1
3.139201721235792,57.68516273643258,3,5.032725123247248,0,1,1,0,7,0,1,1
0.016948626032524602,72.67885107278346,3,4.361974692032104,0,2,1,1,10,0,1,1
2.5690273384944935,40.38094540623146,3,6.47729365992652,1,1,1,0,12,0,1,1
0.5587671337806012,98.76798690341307,2,6.720670257148001,1,3,1,0,1,0,1,1
0.12296319286357472,89.21382871480634,3,6.182595830627755,1,3,0,1,11,1,1,1
8.699870297713826,76.58511259160163,4,0.6069174227424794,1,3,0,1,10,0,1,1
12.399524096082404,62.449666691231236,1,5.026281514512392,0,2,1,0,6,0,1,1
1.1639158699776684,90.15976212940312,1,4.626928599284692,0,0,0,0,8,0,0,0
3.8750221925437716,44.19769270001183,3,6.982607225148806,0,0,0,0,5,1,0,0
1.6283609382818813,33.34791176019531,2,5.478213092579041,1,4,1,0,1,0,1,1
3.4019192837974623,39.48055881192032,4,6.113477085864788,0,0,0,0,7,0,0,0
2.8691050886329252,29.94114393819837,3,4.009405907659124,0,0,1,1,2,0,0,1
1.5670583223142096,52.43602644626739,2,6.878796757876188,0,4,0,0,11,0,1,1
6.0264279888998065,55.996609282554864,2,7.467629459677613,0,2,0,0,1,1,0,1
0.6761839975669703,54.01679677362214,3,1.7460172449996354,0,2,0,0,12,1,0,1
0.27266522131591187,49.751372956364,2,2.407621959823894,0,4,1,1,4,0,1,1
7.298099447346801,52.663090563432306,3,6.524907394238381,0,1,1,0,8,1,1,1
5.482024102908082,84.72647617699778,1,4.655215410543514,0,3,1,0,5,0,1,1
3.4510188247686435,62.40103735278168,4,7.05742737326206,0,0,0,0,10,0,1,1
3.1535834970710974,68.45017593209643,2,5.4836415883752965,0,0,0,0,11,0,0,1
3.4399164768866157,53.81579873373576,3,6.38573542771206,0,0,1,0,1,0,1,0
2.8725920784882724,17.688226030638454,1,3.5055252405287973,0,1,0,0,1,1,0,1
2.4952453340563014,13.722350590609778,2,5.679587684053754,0,1,0,0,11,0,0,0
3.462642888531953,91.6561998041703,3,5.6852637930829095,0,1,0,0,12,0,0,1
3.759341768995321,39.363554495375574,1,3.6222120006814844,0,0,0,0,7,0,0,0
5.886691921138264,37.664973116961356,2,7.0033869535504065,0,2,1,0,6,0,1,0
6.2102283352812915,54.913264827544985,2,1.209356720366372,1,2,1,1,10,0,1,1
2.3710951489984806,61.00805956659855,2,5.415414073190518,0,1,0,0,1,1,0,0
2.6682585288118474,63.53724274668825,2,2.411845320993619,1,1,0,0,9,0,1,1
2.339606352192521,85.48837065760009,3,2.955396716489876,0,1,1,0,5,0,1,1
3.845130392279329,80.01472765315883,2,6.971973776592481,0,0,0,0,12,0,0,1
3.019765035570816,33.781335507223574,1,2.8001503268984815,1,0,0,0,1,0,0,0
11.018065544212343,69.37469146843578,2,2.7157219907457657,0,2,1,0,7,1,1,0
5.959583311358529,42.31818163578403,3,6.1606444134213945,0,1,0,0,3,0,0,0
11.446191976424661,47.24982511138447,3,2.7784318319564205,0,2,0,0,2,0,0,0
6.174514420130821,28.12021588097275,2,7.0364190537810645,0,3,0,0,12,0,1,0
17.700943725405697,16.13854292337181,3,6.2892103640572925,1,0,0,0,6,1,1,0
5.049392680106912,49.368765747354225,3,3.4447122752654016,0,0,0,0,10,0,0,0
16.559088055081318,30.880361677775085,2,6.960751364386114,0,1,1,0,2,0,1,1
0.8608852759029285,68.55627357144073,2,1.12286169795646,0,3,0,1,6,1,1,1
0.2695239322505923,44.37843512959757,2,5.944982762931157,0,1,1,0,8,0,1,0
4.327099207729025,56.171804378997464,2,2.50753695150862,0,1,0,0,6,0,0,0
20.0,77.35051507830863,3,3.9534011742689836,1,2,1,0,10,0,1,1
2.7030339596572626,20.294096364357838,2,4.082580133397947,0,3,0,0,11,1,1,0
1.191561094010086,35.507652229006254,2,7.562794636036238,0,2,0,1,3,0,1,1
3.6859284751253503,53.617672491316995,2,3.9974414829642093,0,0,0,0,8,0,0,1
5.23197750440858,56.25049631646521,3,4.842761204529019,1,2,0,1,3,0,1,1
1.8929867205925246,72.06995002544652,2,4.123653053174396,0,3,1,0,2,0,1,1
6.27228578785483,67.34306258081196,2,3.0347197063883193,0,2,0,0,3,0,0,1
18.467351287870503,51.93867251461479,4,2.9393975093211266,1,4,0,1,5,0,1,1
11.363341565948096,56.0680934119451,2,5.617456655061812,0,0,1,0,8,0,0,0
1.7236286303531154,56.621517819809796,2,4.947222092551938,1,1,0,0,10,0,0,1
1.9779972938894876,20.60575270652489,3,6.525033161079053,0,2,0,0,1,0,0,1
2.3224242245415194,46.87249045290077,3,4.515873114610566,1,1,1,0,6,0,1,1
2.5089394238259803,54.969464359941846,2,4.580682246804993,0,0,1,0,12,0,0,1
0.5285778889428436,59.17101717570213,3,6.531505880155565,0,0,0,0,9,0,0,0
7.176642391892365,31.512731198716814,4,4.255784817989808,0,0,1,0,8,0,0,1
2.273323481335069,24.62404174942218,2,2.120819203157893,1,1,0,0,2,0,1,0
10.593822331229442,45.30934814963839,2,6.695093977780374,0,1,0,0,8,0,0,1
13.082413932666162,89.34732222182987,3,3.6457179576049477,0,2,1,0,6,0,1,1
0.12367352758323302,33.615049745426624,2,5.133773120053568,1,4,0,0,5,0,1,1
20.0,73.47856494709619,2,3.7469724880041815,0,3,0,0,12,1,1,1
6.1897637177861835,81.6947928609024,3,3.0549965633022103,0,1,0,0,2,1,0,1
3.6739332330217818,50.90933052466387,2,1.2025565473170094,1,4,1,0,2,0,1,1
2.4676110450670667,36.40304130693098,1,5.678331310263028,1,3,0,0,11,0,1,1
3.654433535201048,60.25639127316451,2,0.0,0,0,0,0,6,0,0,0
1.962433890621099,53.89980584198992,3,7.596689552324538,1,3,0,0,2,0,1,1
4.873411769115085,32.81792039619383,2,7.064032187081752,0,1,0,0,1,1,0,1
0.48795541588539704,36.82394347256448,3,3.180995595959006,0,0,1,0,5,0,1,1
4.852713083832702,59.07159704290662,3,8.176505820135574,0,1,1,0,7,1,1,1
1.6102969632536532,68.66880816337095,2,9.121598385868428,1,0,0,0,5,1,0,1
0.08896087621664636,43.54419597369225,4,4.453367057587643,0,0,0,0,3,0,0,0
4.022693298339788,48.617328702238936,4,5.821940881038136,0,1,0,0,2,0,1,1
4.319057805331166,63.3727714102216,1,5.27253926905977,0,1,0,0,12,0,0,1
2.7805883586482505,46.55026231652129,2,8.02723196269322,0,1,1,1,3,1,1,1
0.37516017010799774,44.01346053408231,2,2.2147353108947425,1,5,1,1,6,1,1,1
11.1906837923123,34.893183605455484,2,4.545260854599285,0,5,0,0,8,0,1,1
4.726420113296317,34.54630753251938,2,6.8387957161213695,0,3,0,0,6,1,1,0
0.6148697358543306,100.0,2,6.627067750390802,1,2,0,0,9,0,1,1
3.576254147144782,46.075966798418364,1,4.914383643557017,0,1,0,0,9,0,1,1
3.4383541752371025,77.30116643024448,2,7.784622145938818,0,0,0,0,3,0,1,1
0.31151507561644864,83.67986675038142,1,5.466956656621604,1,1,0,0,7,0,1,0
4.667943712651842,46.328354210136816,1,5.227400366765054,1,0,1,0,8,0,1,1
8.259806739838481,57.368596168695376,2,6.394086047711356,0,1,0,0,3,0,1,1
6.911672145022799,52.04956964066064,2,4.878209356148276,0,1,0,0,5,0,0,0
1.1343111236136407,17.756352986826464,4,5.1005231330317775,0,1,0,1,3,1,0,1
9.913118115578449,18.960539755036756,2,3.425416008402152,0,0,0,1,7,0,1,0
2.096873236335167,50.97696933808546,4,10.0,0,0,0,0,5,0,0,1
14.641151204657435,41.50172922782808,1,4.053174247670825,0,0,0,0,1,0,0,0
0.3722599639794166,87.8316067678718,3,6.458488900936671,0,2,0,0,1,0,1,1
3.3296905238216317,45.26854122610763,2,8.817447698851606,0,2,0,0,9,1,1,0
4.545636964515401,89.0185799413625,3,2.3143602723089045,0,0,0,0,5,0,0,0
1.4227688433330576,40.472172077289116,1,6.22234912448548,1,2,0,0,11,0,1,1
7.378474339302141,88.24400841217867,4,5.046325402939215,0,1,0,0,10,0,0,1
4.929486098247503,60.12848993894693,1,8.589463217763145,0,0,0,0,2,0,0,1
0.091377100523453,61.265837915423944,2,3.1815777721470604,0,1,0,0,12,0,0,0
4.6871708196141135,39.764720865327014,2,3.495490517878191,0,0,0,0,4,1,0,0
3.3812363045300966,61.538343608073774,3,4.9001836649197665,0,3,0,0,5,1,1,1
1.0909616549476393,83.85426866162501,4,4.012971220180825,0,1,0,1,11,0,1,1
20.0,47.10345011879725,2,4.0814447601843025,0,0,0,0,9,0,0,1
11.37301119485517,43.21206369266764,3,9.05685864565164,0,3,0,0,2,0,1,1
1.7301426294502997,45.064749222798234,3,5.254085403645694,1,0,0,0,4,0,0,1
3.894297962017783,82.40223210012874,2,3.430629133004409,0,1,0,0,8,0,0,0
1.9026587681772813,67.10702414002174,3,4.219966498605419,0,0,0,0,3,0,0,1
7.469303241544239,78.95359980942237,1,5.8097831187003655,0,3,0,0,2,1,1,1
13.320030206826754,56.27245420968539,2,5.674735169462255,0,2,0,0,3,0,1,1
2.2222923694662775,50.78638713555664,3,3.8454724991679035,0,3,0,0,7,0,1,1
8.188781836571255,58.47888078141264,2,1.7439366172793602,0,1,1,0,9,0,1,1
3.449836635417574,71.4031706882508,3,4.898919481099587,0,0,0,0,5,0,0,1
2.52569711538287,45.0576351482427,3,4.8448101492540605,0,1,1,0,10,0,0,0
13.937241066207944,77.37353986713572,3,3.7077395578008217,0,1,0,0,2,0,0,1
3.570880622309428,57.31661114131754,2,7.559559532131643,0,2,0,0,11,1,1,1
3.1500216044382343,1.8744372393964355,2,6.149155801700424,0,0,1,0,11,0,1,0
5.580334723062216,67.6698685421039,1,5.269636729803414,0,0,0,0,7,1,0,0
1.5138716219502375,24.55389973476035,4,4.278577414939854,0,4,1,0,3,0,1,1
1.9636788854476903,67.18345521347975,2,8.466057246957421,1,0,1,1,7,0,1,1
13.444609317104359,68.03035996476332,2,2.6910543182916404,0,1,1,0,6,0,0,1
5.674252857273973,56.597851947624164,2,4.0068078721232,0,1,0,0,1,0,0,0
8.76184234626638,60.873617977533875,1,4.095263830723069,0,1,0,0,10,0,1,0
1.5811743363991893,71.97741575687974,2,5.597921226773919,1,0,0,0,5,0,0,1
3.924012327414484,40.087446523785445,1,6.321769660748938,0,1,0,0,11,0,1,1
17.771090224156183,65.86859319404957,2,2.326850762060161,0,1,0,0,1,0,0,1
1.9187913207151606,73.26046605914073,4,3.630779950691414,1,2,0,0,7,0,1,1
0.8746039089672284,85.20165195076956,3,5.895288786153428,1,0,0,1,11,0,1,1
3.5757985232932348,27.884394278805935,3,3.6697067874076956,0,0,0,0,6,0,0,0
2.4536535025379766,58.170321299755365,2,4.196447826674018,0,2,0,0,9,1,1,0
0.8692510972667179,30.770216018770707,3,5.345289404339882,0,0,0,0,11,0,0,0
10.970958128588679,29.921559645970042,4,3.0401490386201258,0,0,0,0,12,0,0,1
20.0,57.180555448119605,4,5.555222645425402,0,0,1,0,4,0,0,1
4.203391200541152,51.54911629592277,1,6.2251196734716565,0,1,0,0,9,0,0,1
7.451096613359435,72.9000295704397,3,5.076773557431661,1,0,0,0,5,0,1,1
9.796337750391919,43.07647100811582,2,7.85076763020076,0,0,0,0,5,0,0,1
6.036257634366096,47.318971276059784,2,6.450845024126139,1,2,0,0,5,0,1,1
0.22580305271417103,54.23008524676369,2,4.918156535609942,0,0,1,0,10,1,1,0
0.8577047746458764,32.76342297127088,3,4.357150435337061,1,0,0,0,5,0,0,1
0.36817452653721966,35.53860309968138,2,8.509438479211395,1,0,1,0,11,1,1,0
0.049643668974316754,72.32197331545106,2,3.6770857924847498,0,4,1,0,7,0,1,1
1.8263907189366653,39.020899174377824,3,4.455654888568181,0,1,0,0,1,0,1,0
2.4908301489186186,73.6495313289937,2,4.18036660924774,0,1,0,0,10,0,0,0
1.3789633769595047,62.14625161336589,1,5.795606779531686,0,1,0,0,7,0,0,0
0.33393001396099997,19.04937949022129,2,9.510312589026185,1,3,0,0,7,0,1,1
3.7736566530216336,60.60757383675576,2,5.4933454198177065,0,3,1,1,5,1,1,1
1.596340637952029,60.44959646188255,1,4.355851881350814,0,0,0,0,3,0,0,0
7.949087167050195,58.45857217022571,2,5.377343145346895,0,1,0,1,7,0,1,1
0.040426095487398644,47.16246547233978,4,2.374282783095911,0,0,1,0,5,0,1,1
9.242507948374708,31.198650892162963,3,4.624431184761855,0,1,0,0,4,0,1,1
15.478169574072629,76.9242553222524,2,8.408168578250097,1,5,1,1,9,1,1,1
6.296283642133712,47.968408225543286,2,6.323979995927889,0,0,0,0,4,0,1,1
6.614608820712196,32.331876793292636,2,7.461934641475315,0,1,0,0,5,0,0,0
13.557453935886233,59.14937372176017,2,7.0266928101839845,0,2,0,0,12,1,1,1
1.1727371787821181,35.14440058533486,2,3.5824007482593605,0,0,0,0,6,1,0,1
20.0,31.018279434297575,1,8.823976476394963,0,0,0,0,11,0,0,1
7.424636751055486,42.490547755951226,2,1.4479029097465834,0,0,0,0,6,0,0,0
6.483561109540716,36.69204471363851,2,5.6649947771233835,0,4,0,1,2,0,1,1
2.239962929092953,31.755154960308513,2,0.8806998784634503,0,2,1,0,11,1,1,1
3.945840403792649,66.12823524523517,4,1.5733847749001182,0,4,1,0,3,0,1,1
5.305394630009434,47.723443710752015,4,6.871130301682412,0,1,0,0,8,1,0,1
4.842433500867475,75.04559891031784,4,3.617334454927837,1,1,1,1,9,1,1,1
6.103639255203566,32.90981044540129,4,7.489771155471031,1,2,0,1,6,0,1,1
0.4298690631109876,15.44877924727328,1,0.65126510910578,1,2,1,0,1,0,1,0
2.197553950406858,52.975406984988325,3,4.822983598959319,1,2,0,1,12,0,1,1
2.8458061504979275,87.11957843612831,2,2.5681150832842934,0,2,1,1,12,1,1,1
1.5097792855751246,60.61973658724004,3,4.342957364999574,1,1,0,1,2,1,1,1
0.9474999224453522,100.0,3,8.096697230635085,0,2,0,0,3,0,1,1
0.7478827517894121,56.64118241898177,2,8.583604427057818,1,2,0,1,11,0,1,1
2.281556135545969,54.71104422576181,2,6.025857830499506,0,3,0,0,2,0,1,1
3.4005792968768183,6.892746578841653,2,1.8107607731042683,0,0,0,0,5,0,0,0
0.3252342656974926,58.55894881177056,2,2.586630228451482,0,1,0,0,10,1,1,0
14.63645326500756,53.373355200385824,4,5.320109924266555,0,2,0,1,6,1,1,1
7.2460285884031705,41.85157603590926,3,3.388182190940407,0,5,0,0,4,0,1,1
6.562465110453739,47.264422658818596,2,6.315945076524303,0,2,1,0,10,0,1,1
0.9489097320579982,48.637988513156415,2,8.351850253366706,0,0,0,0,1,0,0,0
4.6291904158263595,46.40141694135872,2,3.0346602119520587,1,2,0,0,10,0,1,1
3.7721876794809535,91.79429926251922,4,3.2098768804828586,0,1,0,0,7,1,0,0
20.0,42.58275944389982,4,2.6391296406894456,0,0,0,0,8,0,0,1
6.885122696528322,53.386274477077144,2,4.491482148431498,0,1,0,0,4,0,0,0
4.287301931883761,41.92197833227586,3,5.104454959729773,0,5,0,0,9,0,1,1
9.512762453643429,65.6686237328776,3,5.043162965963784,0,1,0,0,4,0,1,1
0.842651104986814,53.53527399944414,2,6.7953705745944815,1,0,0,0,3,1,0,1
0.07666744536502446,44.401788536590374,4,5.785943226193638,0,4,0,0,1,1,1,1
5.859679766745266,11.480641081856348,2,4.882571696615771,0,1,0,0,2,0,0,0
0.5174305907348544,54.866164505775004,1,5.081830816969199,0,0,0,0,12,0,0,0
0.6132887136991053,43.808474528404986,2,5.171024232954227,0,0,0,0,2,1,0,1
6.826202318757943,48.78518686225797,3,4.884391954417909,0,2,0,0,2,1,1,0
1.5772183828289734,26.350841055093333,2,3.645770669335336,0,0,0,0,8,0,0,0
4.952798409886525,78.66564345440392,3,2.5938587222715475,0,0,0,0,12,0,0,0
12.469147264863468,67.13486351687745,3,5.284554297119245,0,1,0,0,2,0,0,0
1.9024568091334115,78.61411995281264,3,4.001399555794845,0,3,0,1,1,0,1,1
1.224033547855591,72.93958601561908,3,6.050207838880429,0,4,0,1,12,0,1,1
0.5633966298819713,61.84634604254923,2,5.143965360795711,0,1,0,1,5,0,1,0
0.6989682925539752,27.154349825471144,2,5.029828899110818,0,0,1,1,6,0,1,1
0.3212138663968978,86.86774328143717,2,6.968947414131513,1,3,0,0,10,0,1,1
0.45861618646960917,31.44729698224979,2,2.1907766576893004,0,0,0,0,11,0,0,0
2.8282096959148784,44.63184751850076,4,8.538498295442338,0,2,1,0,12,0,1,1
1.9346770784258494,64.13804561253842,4,0.6300409376229537,0,0,0,0,3,1,0,1
6.130424325049464,65.1308157437481,2,7.901591390585178,1,1,0,0,6,0,1,1
10.21040734017742,61.44473453889116,3,5.401673994752566,0,4,0,0,5,0,1,1
7.680314688663703,41.994230373418205,3,3.951912855367617,1,3,0,1,6,0,1,1
3.781896847705454,37.861367452890505,4,2.05672726248309,0,4,0,0,3,0,1,1
0.540388331255418,100.0,2,3.8010207419371485,0,0,0,0,4,0,0,1
6.185361043203972,49.21372123000333,3,4.672645884298883,1,0,0,0,3,1,1,1
2.2535839078569455,46.76457230722328,2,5.389836107110328,0,0,0,0,9,0,0,0
0.44771139738138066,35.728870181224934,1,7.891194777228809,0,0,0,0,2,1,1,0
9.24058277960059,54.893406981419155,1,5.146828398429992,0,0,0,0,5,0,0,0
2.0640842088649864,53.96045601156141,2,5.639308049689512,1,1,0,0,5,0,1,1
1.2310939460795383,49.67547582591409,2,5.7002275846307,0,2,0,0,5,1,1,1
10.257267031112885,57.634532935757726,2,4.344924665314964,1,1,0,1,1,0,1,1
11.620773693537913,85.27075004884708,3,4.6155861482487115,0,2,0,0,7,0,1,1
2.0697866043879665,38.09894587418203,3,4.78609509918289,0,2,0,0,9,0,1,1
2.1909856624382313,50.861674844042405,4,6.252909218402174,0,0,0,0,9,0,0,0
4.33308250235987,37.043030948988886,2,3.174142499264633,0,1,0,0,11,0,0,0
6.610807620254713,55.89396721651256,4,3.986845775482969,0,0,0,0,11,1,0,1
0.3261562152399452,38.63060997251162,3,5.7126784540895725,1,3,0,0,2,0,1,1
4.498934083871084,39.491140171316204,2,2.847032988187525,0,1,1,0,3,1,1,1
15.268932572662683,20.80953251888748,3,5.227300374627714,0,1,1,0,9,1,1,1
1.519693472137463,51.955895656393494,3,3.9086448728617906,0,0,0,0,7,0,0,1
11.974994133088614,58.595392438099545,2,6.0105724598640435,1,1,0,0,5,1,0,1
14.995523846460138,87.20952706384591,3,7.747645965580258,0,1,0,0,1,0,0,1
1.5677601024505625,59.390049623796905,3,3.9107456158610225,0,2,1,0,3,0,0,0
7.016223364752083,41.00631753405361,4,6.515401682600405,0,5,1,0,2,0,1,1
1.3641315607448394,22.806418246278206,4,5.401206370662233,0,2,0,0,4,0,1,1
6.689638799529255,25.574259886690434,3,4.232358897435158,1,1,1,0,9,0,1,0
7.9831013349795565,24.087433210560555,3,5.013263459690158,0,3,0,0,6,1,1,1
1.4198163370050023,87.56084070898763,4,7.595913680470089,0,2,0,1,9,0,1,1
6.291608963556653,55.7562099385274,4,4.656360327814931,0,1,0,1,2,0,1,1
8.359347642986831,38.34067561476215,3,7.6182150417060495,0,0,0,0,2,1,0,1
2.2203452599475253,30.802807896934713,3,4.760067001782905,0,0,0,0,2,0,0,0
0.9178283077956162,32.87784319212157,2,2.1751457311001126,0,0,0,0,4,0,0,0
0.48235939182071896,37.81401210987243,3,4.706519244593531,0,0,0,0,10,0,0,1
4.282823198778454,76.32510432510304,2,2.019388629710901,1,1,1,0,3,0,1,1
19.10591384925992,49.40113105884501,2,4.364575810989956,1,1,1,0,10,1,1,1
8.656624539751887,21.050671654521018,2,4.2877631979937325,0,0,0,0,6,0,0,0
2.862083698837176,96.20918549460742,2,8.633711315815724,0,5,0,0,12,0,1,1
3.846048877931945,27.196777212682054,2,8.218735281834753,0,2,0,0,8,0,1,0
1.6392428357659274,38.18329380152265,3,5.170795566150121,1,2,0,0,4,1,1,1
0.8900495308259224,76.20288775267764,3,7.422712862941375,0,2,0,0,6,0,1,1
3.289683625608599,58.30299265218133,2,4.204515019948678,1,5,1,0,11,1,1,1
3.1134581807309285,40.60154000751581,3,2.14551209615148,1,4,0,0,7,0,1,0
3.6899900748770014,25.372661478123305,4,6.055653105495148,1,1,1,1,3,1,1,1
15.267292714442867,30.666197821499466,2,5.722765455602975,0,0,0,0,12,0,0,1
4.630383545498352,31.87007761847068,2,3.124940884003709,0,1,0,0,9,1,1,0
4.6541272121392945,50.14063595699099,2,3.213394780705817,0,3,1,1,12,0,1,1
0.6849712662642305,53.821236345626076,4,6.879133527784619,0,3,1,0,4,1,1,1
20.0,47.02690742737315,2,1.6329399940534488,1,3,0,0,12,0,1,1
7.410612148189848,49.21572372151341,4,6.116362151441184,0,1,0,0,8,0,0,1
10.486127478378817,28.985536096113584,2,4.3710484057056505,0,0,0,0,3,0,0,0
2.674741345149425,55.862722124477784,2,6.119127213460194,1,0,0,0,3,0,0,1
3.4870622774870035,75.61037273673992,2,6.976611454581407,0,3,1,0,8,0,1,1
3.6915994741938896,46.74416636500863,2,3.25135237064869,0,1,0,0,9,0,1,0
1.07894418879506,46.35426587141053,3,2.7196550364007925,0,4,0,0,3,1,1,1
5.847682274778943,51.660021041056964,2,7.932572842593483,1,4,1,0,4,0,1,1
11.664021832792834,72.36409719518782,2,4.885627211953027,1,0,0,1,9,0,1,1
0.8938741780902135,32.10554001122719,2,5.655495672106432,1,2,0,0,5,0,1,1
0.45136494307592867,79.0169467146427,3,6.821541406903685,0,3,1,0,1,0,1,1
6.7012332089486915,58.424444788704754,3,3.0774239474372473,1,0,0,0,11,0,0,1
1.5955323132588473,50.573613913977354,3,6.803923747384693,0,3,0,0,9,0,1,1
4.8890031079782394,74.2647767332864,4,6.280306412090085,0,0,0,0,4,0,0,1
5.949664762794102,26.358758522470886,2,7.940045730298226,0,0,0,0,1,0,1,0
1.9423819128328037,60.44091072489417,1,7.905165958628212,0,3,0,0,9,0,1,1
8.44090683612658,58.60619129013235,2,5.126873066964136,0,0,0,0,2,1,0,1
3.9924160616343767,31.290898712124143,2,6.506112353246388,1,2,0,0,9,1,0,1
10.162767181696555,59.212762459076416,2,5.0891024092754655,0,2,0,1,9,1,1,1
7.204672619804792,55.666103587609726,4,5.2904883111977785,1,2,0,0,8,0,1,1
10.146618706997492,46.42523760620132,3,2.742281645475585,1,3,0,1,2,1,1,1
0.10183698254272004,67.25635110460665,2,4.551009667454605,0,2,1,0,5,0,1,1
1.3953051085736656,38.564914952846706,2,1.410469597564954,1,0,1,0,10,0,0,1
0.4715970263703938,55.40642491686738,3,4.725039074198335,0,0,0,0,9,1,0,0
2.9177255199705994,47.36652435089362,4,7.64008552270313,0,1,0,0,12,0,0,0
11.034562240591441,37.70606353984665,1,6.555858503472754,0,3,0,0,5,0,1,1
3.1512399707398147,60.05769370237543,2,5.2244962756800035,0,3,0,0,3,0,0,1
9.4760438813921,45.84528505301697,4,4.595910286122214,0,2,0,1,8,0,1,1
1.9813741272654792,20.539870825809064,4,3.919360089982817,0,1,0,0,3,0,0,1
2.074321255965904,13.97867790564031,2,3.162979769047167,0,1,0,0,2,0,0,0
11.295795514764638,65.78114936166403,1,6.637337836259286,0,1,0,0,2,0,1,1
2.7740368665395865,25.587997855463385,2,1.929932165423466,1,1,1,0,11,0,1,1
7.7976582327533315,55.58768986801213,3,1.8839818517754972,1,0,0,0,12,0,1,1
1.3501509247149763,51.09903787256301,2,6.8087156258800245,0,5,0,0,1,1,1,1
14.860159758546445,42.629364460582,4,5.415706203428385,0,0,0,0,7,0,0,0
4.273371205089761,89.1333691443068,2,5.0896505976064415,0,2,0,0,6,0,1,1
7.121509279032803,53.59348036920892,3,5.41412116805947,0,2,1,0,4,0,1,1
0.46889311505393827,65.1126696536413,3,9.020171425600141,0,2,0,1,5,0,1,1
3.3929110906542497,55.69632430679618,2,5.112077643351082,0,0,0,0,6,1,0,1
11.565121852378857,45.36921153765038,2,5.586581077596503,1,3,0,0,1,0,1,1
10.47942515099334,49.61822499528117,2,9.116116070522304,0,0,0,0,1,0,0,0
0.23972588184069252,79.17085531320967,3,4.872817614706919,0,0,0,0,5,0,0,0
1.8098623922817056,71.7621058520086,2,8.452635886582584,0,1,0,0,7,0,0,1
2.9288236103463587,89.03972863377201,3,0.7859757965834859,1,2,0,0,1,0,1,1
0.94530999926353,54.43284185945768,3,2.6762396733005414,1,5,1,0,1,0,1,1
